epoch,train_loss,val_mae,val_rmse
1,17.13470580974392,2.1473278999328613,3.3388481931768146
2,10.517224129518203,2.4047412872314453,3.1633616483631712
3,10.212802893544493,2.41062593460083,3.1695072751434883
4,10.107226186822084,2.393374443054199,3.152035912062262
5,10.075099152972404,2.4239938259124756,3.1623519983452173
6,10.01473906157015,2.407425880432129,3.150281493915387
7,9.933646931987207,2.3914239406585693,3.1626528013203123
