epoch,train_loss,val_mae,val_rmse
1,18.11364548995619,2.1647000312805176,3.5760826712232676
2,11.230419607219583,2.7072510719299316,3.2424313373104527
3,10.550607724512,2.389765977859497,3.1729194913280905
4,10.365810179730783,2.4533469676971436,3.171658813926556
5,10.330334460256037,2.4193429946899414,3.169097887313132
6,10.21972152817647,2.422592878341675,3.167907337952843
7,10.265679849733951,2.4540457725524902,3.1716929416366635
