epoch,train_loss,val_mae,val_rmse
1,16.521271591186522,2.2795894145965576,3.508965589466024
2,10.862245121002196,1.7696770429611206,2.6841528697361468
3,7.697584953308105,2.0338988304138184,2.6317824887313854
4,7.5424630737304685,1.8018699884414673,2.605747099367438
5,7.474804801940918,1.8411455154418945,2.5904413284699417
6,7.400871887207031,1.8588359355926514,2.5872988157334578
7,7.4005705261230466,1.854128122329712,2.5839181258632307
8,7.321038227081299,1.8251951932907104,2.5829002776233403
