epoch,train_loss,val_mae,val_rmse
1,16.667017218653623,2.1193883419036865,3.345496033752398
2,10.51801728313754,2.48484468460083,3.1768113984010355
3,10.251772818687128,2.4396228790283203,3.1704639622364175
4,10.149967820830309,2.4488167762756348,3.162138026333292
5,10.069745124332488,2.431391954421997,3.1587763580442285
6,9.951409400126455,2.3872218132019043,3.1609501354287435
7,9.97581282379382,2.4455413818359375,3.1656538364192843
