epoch,train_loss,val_mae,val_rmse
1,11.492891937619673,1.5905494689941406,2.7458287595518818
2,7.436560813151213,1.9491180181503296,2.5863596407409513
3,6.7571278686220255,1.7056846618652344,2.517224105672984
4,6.62622760823532,1.71358323097229,2.499194778465746
5,6.512797778541097,1.7233073711395264,2.490426137683975
6,6.461581491877844,1.6841825246810913,2.4735639933799374
7,6.366405403017719,1.6684799194335938,2.4708451663715474
