epoch,train_loss,val_mae,val_rmse
1,7.124545419482211,1.4931150674819946,2.4583253590944776
2,6.4488262294881595,1.5989540815353394,2.472224723681305
3,6.40233943466465,1.5082180500030518,2.445633254784277
4,6.365906211359181,1.5700175762176514,2.453946601659785
5,6.348432408760513,1.5969855785369873,2.4588385456162434
6,6.318959613382122,1.523829698562622,2.449955733541624
7,6.2725133461545015,1.5316745042800903,2.4592732933176795
