epoch,train_loss,val_mae,val_rmse
1,11.521618361616245,1.5898367166519165,2.754386611058791
2,7.4045195553099035,1.9380249977111816,2.575624212511586
3,6.77594456199135,1.6901938915252686,2.517990989953753
4,6.622335379778926,1.7448941469192505,2.501075131977426
5,6.455620813920372,1.668775200843811,2.4788655544322453
6,6.471067452816159,1.6499266624450684,2.4725692757832616
7,6.331308729378786,1.6715508699417114,2.4688287070560273
