epoch,train_loss,val_mae,val_rmse
1,11.297498348951873,1.5830479860305786,2.7016311663256896
2,7.237150395551819,1.9159544706344604,2.561857747794378
3,6.703129008592536,1.6922341585159302,2.5135029437395247
4,6.547780685023348,1.728545904159546,2.4938887287454357
5,6.4681460865933,1.6747944355010986,2.4805093116147185
6,6.412164993046967,1.7097632884979248,2.475012068285563
7,6.318990414419145,1.6379367113113403,2.46930794507289
