epoch,train_loss,val_mae,val_rmse
1,11.490239451247263,1.585422158241272,2.7145365369680823
2,7.264527609576918,1.9127867221832275,2.561203139971611
3,6.727634715598468,1.6885786056518555,2.5181403054013427
4,6.610803141006052,1.7497247457504272,2.494959231637944
5,6.573807994198037,1.7029300928115845,2.480545162916276
6,6.490567776710475,1.659275770187378,2.482978188211887
7,6.401600881254292,1.677846908569336,2.469824158899781
