player_id,season,GW,pred_xgb,actual,pred_lstm
76.0,2022-23,6,1.3234193,6,1.3414551
76.0,2022-23,7,0.8010689,0,1.91806
76.0,2022-23,8,0.84037423,2,1.1687512
76.0,2022-23,9,0.91718066,6,1.4076045
76.0,2022-23,10,0.95403653,2,1.1403416
76.0,2022-23,11,0.80093366,8,2.053414
76.0,2022-23,12,0.31986463,5,1.4145621
76.0,2022-23,13,1.0668365,2,3.3002052
76.0,2022-23,14,1.368234,6,2.5436578
76.0,2022-23,15,0.5369614,2,2.0384128
76.0,2022-23,16,3.2050414,7,3.3495688
76.0,2022-23,17,2.6318023,6,3.4361327
76.0,2022-23,18,2.8496892,6,3.1561368
76.0,2022-23,19,3.2939727,6,2.3288796
76.0,2022-23,20,3.25489,6,1.8617731
76.0,2022-23,21,4.191043,6,2.4054725
76.0,2022-23,22,3.8829107,2,2.648226
76.0,2022-23,23,3.239078,2,3.5810115
76.0,2022-23,24,3.2589035,1,2.979737
76.0,2022-23,25,0.047606207,0,1.7950083
76.0,2022-23,26,0.058670357,0,1.2556001
76.0,2022-23,27,2.513178,2,0.6739281
76.0,2022-23,28,2.6167936,2,0.9810341
76.0,2022-23,29,2.8945792,6,0.870781
76.0,2022-23,29,2.8945792,6,1.1316738
76.0,2022-23,29,2.278331,5,0.870781
76.0,2022-23,29,2.278331,5,1.1316738
76.0,2022-23,30,2.3504076,2,1.5819483
76.0,2022-23,31,2.984405,0,2.4095204
76.0,2022-23,32,3.7906973,8,2.6362703
76.0,2022-23,33,3.3379788,2,1.4814132
76.0,2022-23,34,3.2751417,2,0.7222934
76.0,2022-23,35,2.584672,-2,1.2198695
76.0,2022-23,36,4.17215,1,2.1304579
76.0,2022-23,36,4.17215,1,1.4619768
76.0,2022-23,36,2.4416587,1,2.1304579
76.0,2022-23,36,2.4416587,1,1.4619768
76.0,2022-23,37,2.1612768,6,0.6196987
76.0,2022-23,38,3.216808,2,1.6639445
332.0,2022-23,6,0.0028466734,1,0.4061417
332.0,2022-23,7,0.08780201,0,0.41176653
332.0,2022-23,8,0.08780201,0,0.4378128
332.0,2022-23,9,0.5374203,1,0.45280838
332.0,2022-23,10,0.20504194,1,0.8603061
332.0,2022-23,11,0.1667968,0,0.87741846
332.0,2022-23,12,0.082970105,0,0.73505664
332.0,2022-23,13,-0.048618697,0,0.62913835
332.0,2022-23,14,-0.032612458,0,0.5054015
332.0,2022-23,15,-0.02764015,0,0.39899552
332.0,2022-23,16,-0.0029837438,0,0.37365097
332.0,2022-23,17,1.4660486,2,0.3717327
332.0,2022-23,18,1.8217186,2,0.93997115
332.0,2022-23,19,1.5616424,1,1.1453582
332.0,2022-23,20,2.1711557,0,0.69881266
332.0,2022-23,21,-0.07759169,0,0.4634602
332.0,2022-23,22,1.9024223,-1,0.2606153
332.0,2022-23,23,3.181644,7,1.0304475
332.0,2022-23,24,0.022656325,0,1.3592265
332.0,2022-23,25,3.6457894,6,1.0023022
332.0,2022-23,26,0.63295156,0,1.8389524
332.0,2022-23,27,0.30718622,0,0.7647516
332.0,2022-23,28,0.253259,0,0.5500159
332.0,2022-23,29,1.2337335,5,0.6138056
332.0,2022-23,30,0.003277059,0,1.0502286
332.0,2022-23,31,0.06680172,0,1.1688106
332.0,2022-23,32,0.006808921,0,0.7121894
332.0,2022-23,33,0.7321006,10,0.43518168
332.0,2022-23,34,-0.10794899,0,0.39499205
332.0,2022-23,35,0.004293329,0,0.64505494
332.0,2022-23,36,0.004293329,0,0.53463453
332.0,2022-23,37,0.038907435,0,0.38428795
332.0,2022-23,38,2.4021034,0,0.3167264
445.0,2022-23,27,1.964155,4,1.1032254
445.0,2022-23,28,3.1570735,1,0.8611545
445.0,2022-23,29,2.7851238,2,0.7647261
445.0,2022-23,29,2.7851238,2,0.92246455
445.0,2022-23,29,2.7931206,0,0.7647261
445.0,2022-23,29,2.7931206,0,0.92246455
445.0,2022-23,30,2.8550947,1,1.1002703
445.0,2022-23,31,2.9625905,1,0.94714457
445.0,2022-23,32,1.1060948,1,1.050739
445.0,2022-23,33,1.4616551,1,1.482341
445.0,2022-23,34,1.2519473,0,0.9076243
445.0,2022-23,35,2.2634902,1,0.90026283
445.0,2022-23,36,1.9590346,1,0.9940704
445.0,2022-23,37,1.6600124,9,0.44541347
445.0,2022-23,38,4.020736,0,2.1847215
448.0,2022-23,6,1.3108362,1,1.4545647
448.0,2022-23,7,0.48241007,0,0.97855407
448.0,2022-23,8,0.9390841,2,1.1423117
448.0,2022-23,9,0.1951791,1,1.5326023
448.0,2022-23,10,0.43458933,1,0.88962847
448.0,2022-23,11,0.9606575,8,0.69195974
448.0,2022-23,12,1.0633676,1,1.3278196
448.0,2022-23,13,1.680815,1,2.9410946
448.0,2022-23,14,0.71389854,4,1.5624368
448.0,2022-23,15,1.4180864,1,2.9506605
448.0,2022-23,16,4.743959,1,1.9676846
448.0,2022-23,17,3.3061178,1,1.401867
448.0,2022-23,18,4.0110784,1,3.1702745
448.0,2022-23,19,4.236133,10,2.5859792
448.0,2022-23,20,2.1056883,1,2.2134435
448.0,2022-23,20,2.1056883,1,0.9948961
448.0,2022-23,20,2.3343337,1,2.2134435
448.0,2022-23,20,2.3343337,1,0.9948961
448.0,2022-23,21,3.071073,6,0.79433423
448.0,2022-23,22,2.2984722,5,0.95700777
448.0,2022-23,23,2.817163,1,2.5989497
448.0,2022-23,24,3.3514326,0,1.2341222
448.0,2022-23,25,-0.0765301,0,1.3189901
448.0,2022-23,26,2.7307549,2,0.58326066
448.0,2022-23,27,-0.047058016,0,0.55775315
448.0,2022-23,28,2.1218092,6,0.6446838
448.0,2022-23,29,1.8821634,2,0.74398136
448.0,2022-23,30,2.546784,4,1.9476678
448.0,2022-23,31,2.2621553,3,3.645135
448.0,2022-23,32,2.6616762,-1,1.9234012
448.0,2022-23,33,2.9177606,1,2.3923147
448.0,2022-23,34,2.0042903,4,1.6809545
448.0,2022-23,35,-0.095723316,0,3.333264
448.0,2022-23,36,2.9509225,1,1.3530966
448.0,2022-23,37,3.0839267,1,0.7320292
458.0,2022-23,7,-0.17119966,0,0.9526078
458.0,2022-23,8,0.1580425,0,0.7002256
458.0,2022-23,9,-0.03184718,-1,0.6425553
458.0,2022-23,10,0.4191914,1,0.77397466
458.0,2022-23,11,-0.029108116,2,0.9689632
458.0,2022-23,12,-0.1258298,6,0.9590333
458.0,2022-23,13,1.2039621,6,1.0501219
458.0,2022-23,14,-0.23283276,0,1.29887
458.0,2022-23,15,-0.05450396,1,1.531607
461.0,2022-23,9,-0.017736046,0,0.4263656
461.0,2022-23,10,0.0046797027,0,0.3513953
461.0,2022-23,11,0.0046797027,0,0.3501194
461.0,2022-23,12,0.015195901,0,0.3489721
461.0,2022-23,13,-0.01385076,0,0.34811005
461.0,2022-23,14,-0.01385076,0,0.3460264
461.0,2022-23,15,-0.01385076,0,0.34422472
461.0,2022-23,16,-0.01385076,0,0.34306034
461.0,2022-23,17,0.34361336,1,0.34260374
461.0,2022-23,18,0.029126117,0,0.51803315
461.0,2022-23,19,0.029126117,0,0.51341057
461.0,2022-23,20,0.029126117,0,0.48332632
461.0,2022-23,21,-0.0016270465,0,0.40472576
461.0,2022-23,22,-0.0016270465,0,0.3402292
461.0,2022-23,23,0.015988786,0,0.34752485
461.0,2022-23,24,0.8528492,1,0.34752485
461.0,2022-23,25,0.07524088,0,0.53770965
461.0,2022-23,26,0.07524088,0,0.42715096
461.0,2022-23,27,1.773808,1,0.33321756
461.0,2022-23,28,1.3872563,1,0.47317615
461.0,2022-23,29,-0.048254475,0,0.70756227
461.0,2022-23,30,1.3108251,1,0.5916847
461.0,2022-23,31,-0.043150604,0,0.6096924
461.0,2022-23,32,-0.0053507197,0,0.5973857
461.0,2022-23,33,-0.032999173,0,0.7783842
461.0,2022-23,34,1.2326632,1,0.47247273
508.0,2022-23,7,0.02160508,0,0.5724616
508.0,2022-23,8,-0.04364682,0,0.40372333
508.0,2022-23,9,-0.04364682,0,0.3779347
508.0,2022-23,10,0.015195901,0,0.37978745
508.0,2022-23,11,0.0029236975,0,0.37510186
508.0,2022-23,12,0.0029236975,0,0.37020063
508.0,2022-23,13,0.20262434,1,0.36663347
508.0,2022-23,14,0.028333228,0,0.38430324
508.0,2022-23,15,0.028333228,0,0.3841709
508.0,2022-23,16,0.028333228,0,0.37359494
508.0,2022-23,17,-0.0024199334,0,0.35237458
508.0,2022-23,18,0.7682686,0,0.333989
508.0,2022-23,19,0.060990814,0,0.42759332
508.0,2022-23,20,0.060990814,0,0.4155782
508.0,2022-23,21,0.060990814,0,0.4015795
508.0,2022-23,22,-0.028613135,0,0.38267207
508.0,2022-23,23,0.66031027,1,0.3568321
508.0,2022-23,24,0.022862852,0,0.6998681
508.0,2022-23,25,0.022862852,0,0.48903984
508.0,2022-23,26,1.6300807,1,0.3536403
508.0,2022-23,27,1.152398,1,0.6989201
508.0,2022-23,28,1.8086593,1,0.61276007
508.0,2022-23,29,1.6754795,0,0.61087614
508.0,2022-23,29,1.6754795,0,0.8579993
508.0,2022-23,29,1.7818493,1,0.61087614
508.0,2022-23,29,1.7818493,1,0.8579993
508.0,2022-23,30,-0.00019264658,0,0.5991197
508.0,2022-23,31,1.4259477,1,0.50825864
508.0,2022-23,32,1.2037159,1,0.91876066
508.0,2022-23,33,1.8012463,1,1.0841974
508.0,2022-23,34,1.4284421,1,0.7347961
510.0,2022-23,7,-0.20740515,0,1.4980798
510.0,2022-23,8,-0.029020904,0,0.66438675
510.0,2022-23,9,0.23510715,1,0.43572628
510.0,2022-23,10,0.26230353,2,0.59968096
510.0,2022-23,11,-0.021677168,8,0.9945448
510.0,2022-23,12,-0.022941282,1,0.93808407
510.0,2022-23,13,-0.037759755,1,1.2643623
510.0,2022-23,14,0.2358606,7,1.2947501
510.0,2022-23,15,0.40717342,0,1.5750693
510.0,2022-23,16,1.9403498,0,1.3613889
510.0,2022-23,17,1.8092644,0,1.0513471
510.0,2022-23,18,2.0546424,6,1.0067161
510.0,2022-23,19,1.6368182,0,1.4512955
510.0,2022-23,20,0.09962111,0,1.1959301
510.0,2022-23,21,2.6211832,6,0.75637466
510.0,2022-23,22,0.14285314,0,1.1008269
510.0,2022-23,23,0.0986832,0,0.94607955
510.0,2022-23,24,0.26015216,0,0.5367792
510.0,2022-23,25,-0.028640786,0,0.34090686
510.0,2022-23,26,-0.0011996431,0,0.30623078
510.0,2022-23,27,1.034296,1,0.4411795
510.0,2022-23,28,1.3162633,0,0.8328045
510.0,2022-23,29,1.7156737,2,0.9468294
510.0,2022-23,30,2.099035,1,1.1053783
510.0,2022-23,31,1.744021,6,0.88312423
510.0,2022-23,32,1.8822155,7,0.89846665
510.0,2022-23,33,2.8022094,1,0.7147504
510.0,2022-23,34,4.0695057,1,1.3325752
510.0,2022-23,35,2.3825653,1,1.4536971
510.0,2022-23,36,2.7495039,7,3.0885222
510.0,2022-23,37,4.7868633,7,1.6937383
510.0,2022-23,38,4.6071577,2,1.9031987
528.0,2022-23,10,-0.05534546,0,0.51952904
528.0,2022-23,11,-0.013950862,0,0.3910408
528.0,2022-23,12,0.028511146,0,0.36856374
528.0,2022-23,13,0.039027344,0,0.36431774
528.0,2022-23,14,0.015195901,0,0.36118704
528.0,2022-23,15,-0.01385076,0,0.3565378
528.0,2022-23,16,-0.01385076,0,0.35059518
528.0,2022-23,17,-0.01385076,0,0.34586918
528.0,2022-23,18,0.5158425,1,0.34318012
528.0,2022-23,19,0.11964092,0,1.0047535
528.0,2022-23,20,2.2607315,2,0.71111983
528.0,2022-23,21,2.5970633,7,0.8199718
528.0,2022-23,22,2.330047,2,1.0378892
528.0,2022-23,23,2.4198947,2,0.96791226
528.0,2022-23,24,1.779843,1,0.71262366
528.0,2022-23,25,1.9428189,6,0.96574926
528.0,2022-23,26,2.3743043,1,1.2345628
528.0,2022-23,27,0.0015460534,0,1.0199951
528.0,2022-23,28,0.13054773,0,0.8161556
528.0,2022-23,29,0.11258219,0,0.51954055
528.0,2022-23,30,1.3516747,9,0.35461035
528.0,2022-23,31,0.06427313,0,1.0118043
528.0,2022-23,32,0.012856374,0,0.83022475
528.0,2022-23,33,-0.021745894,0,0.6556147
528.0,2022-23,34,0.8667766,1,0.5548368
528.0,2022-23,34,0.8667766,1,1.1758622
528.0,2022-23,34,2.6740246,1,0.5548368
528.0,2022-23,34,2.6740246,1,1.1758622
528.0,2022-23,35,1.4378239,6,1.189767
528.0,2022-23,36,1.2099695,1,0.9944075
528.0,2022-23,37,2.0828695,2,0.8554087
530.0,2022-23,14,-0.02973947,0,0.3456869
530.0,2022-23,15,-0.008717671,0,0.35897875
530.0,2022-23,16,-0.008717671,0,0.3576493
530.0,2022-23,17,0.91074026,-3,0.3555274
530.0,2022-23,18,0.03723323,0,0.39349157
530.0,2022-23,19,0.03723323,0,0.3484484
530.0,2022-23,20,2.0838175,1,0.29904443
530.0,2022-23,21,-0.0070141507,0,0.49839348
530.0,2022-23,22,-0.0070141507,0,0.3800984
530.0,2022-23,23,1.3370086,9,0.36633334
530.0,2022-23,24,0.16162129,0,0.40761596
530.0,2022-23,25,0.16162129,0,0.76184845
530.0,2022-23,26,0.2233519,0,0.87153345
530.0,2022-23,27,-0.032508586,0,0.55569017
530.0,2022-23,28,0.7937544,-1,0.3822726
530.0,2022-23,29,0.06937494,0,0.88867587
530.0,2022-23,30,0.06937494,0,0.74120444
530.0,2022-23,31,1.7425157,1,0.40124202
534.0,2022-23,6,0.23589253,0,1.5810045
534.0,2022-23,7,0.41524455,0,0.97495145
534.0,2022-23,8,0.2940443,2,0.6758706
534.0,2022-23,9,0.2837442,5,0.7699196
534.0,2022-23,10,0.06341129,2,1.0562748
534.0,2022-23,11,0.28675255,3,1.8717333
534.0,2022-23,12,0.43619117,2,1.8280318
534.0,2022-23,13,1.7300524,8,2.3843858
534.0,2022-23,14,0.5174645,2,2.3230164
534.0,2022-23,15,0.9847411,1,2.1458657
534.0,2022-23,16,3.1047301,1,1.7814397
534.0,2022-23,17,3.8755832,1,2.3994462
534.0,2022-23,18,4.5847845,1,2.6096528
534.0,2022-23,19,4.089178,1,1.6789654
534.0,2022-23,20,3.5691538,2,1.4371413
534.0,2022-23,21,0.54530317,0,1.2833844
534.0,2022-23,22,-0.15240388,0,1.1774162
534.0,2022-23,23,-0.049135152,0,0.7459715
534.0,2022-23,24,-0.013605633,0,0.66969395
534.0,2022-23,25,1.1884758,1,0.6112038
534.0,2022-23,26,1.070339,0,1.7501787
534.0,2022-23,27,0.9550825,0,0.87385064
534.0,2022-23,28,0.97076595,0,0.697439
534.0,2022-23,29,3.2702663,1,0.6297121
534.0,2022-23,30,2.1030622,8,1.3331803
534.0,2022-23,31,1.9249703,0,1.3721476
534.0,2022-23,32,2.5905082,12,2.0265589
534.0,2022-23,33,2.3912685,1,0.41519225
534.0,2022-23,34,2.5911596,1,1.4535893
534.0,2022-23,34,2.5911596,1,0.4600482
534.0,2022-23,34,1.3911955,1,1.4535893
534.0,2022-23,34,1.3911955,1,0.4600482
534.0,2022-23,35,1.7335106,6,0.55538064
534.0,2022-23,36,-0.28449085,0,1.0005344
534.0,2022-23,37,0.14488079,0,1.1997014
534.0,2022-23,38,3.093509,1,0.5977394
560.0,2022-23,6,1.0854278,5,1.6780521
560.0,2022-23,7,0.25944385,0,1.7591127
560.0,2022-23,8,0.18305981,1,1.0343848
560.0,2022-23,9,0.092329234,1,1.0545856
560.0,2022-23,10,0.7068418,1,1.1512629
560.0,2022-23,11,0.9413974,6,1.0599945
560.0,2022-23,12,0.5664222,0,1.2043401
560.0,2022-23,13,0.333447,0,0.9817398
560.0,2022-23,14,0.50112325,0,0.97512454
560.0,2022-23,15,0.42059785,0,0.6668651
560.0,2022-23,16,1.763284,0,0.6186783
560.0,2022-23,17,1.3087076,0,0.705818
560.0,2022-23,18,1.4132762,1,0.5625492
560.0,2022-23,19,2.0078979,0,0.68847495
560.0,2022-23,20,1.5373902,0,0.6552943
560.0,2022-23,21,1.48204,0,0.47872275
560.0,2022-23,22,0.78778195,1,0.35184312
560.0,2022-23,23,1.3903599,1,0.30555546
560.0,2022-23,24,2.1374185,0,0.43576705
560.0,2022-23,25,1.9122977,0,0.387675
560.0,2022-23,25,1.9122977,0,0.34769726
560.0,2022-23,25,1.5204581,0,0.387675
560.0,2022-23,25,1.5204581,0,0.34769726
560.0,2022-23,26,0.9677285,6,0.28315803
560.0,2022-23,27,1.3509241,2,0.8450226
560.0,2022-23,28,1.8564006,3,0.8068477
560.0,2022-23,29,2.5518966,0,0.62308425
560.0,2022-23,30,2.06681,0,0.41631216
560.0,2022-23,31,2.183201,0,0.20546564
560.0,2022-23,32,1.4494262,0,0.17635816
560.0,2022-23,33,0.66582763,0,0.22436023
560.0,2022-23,34,0.6246406,0,0.383632
560.0,2022-23,35,1.0597302,0,0.3365975
560.0,2022-23,36,0.82090867,0,0.33247718
560.0,2022-23,37,0.1584172,0,0.35330498
560.0,2022-23,38,0.34055737,0,0.2418956
579.0,2022-23,6,0.12616304,1,1.145886
579.0,2022-23,7,0.22763595,0,0.64467883
579.0,2022-23,8,0.13655695,0,0.5279016
579.0,2022-23,9,0.6105837,1,0.4885075
579.0,2022-23,10,0.21638526,6,0.8964298
579.0,2022-23,11,0.15491615,2,1.3467959
579.0,2022-23,12,0.23659639,0,1.5031075
579.0,2022-23,13,-0.014219586,0,1.1360914
579.0,2022-23,14,-0.02077213,0,0.82844836
579.0,2022-23,15,0.45316455,2,0.6380277
579.0,2022-23,16,0.05767114,0,0.7912129
579.0,2022-23,17,2.3573446,2,0.6360792
579.0,2022-23,18,2.6929343,2,2.4912212
579.0,2022-23,19,1.8083003,8,1.210254
579.0,2022-23,20,2.3100772,1,1.4397947
579.0,2022-23,20,2.3100772,1,1.5565413
579.0,2022-23,20,2.0614502,1,1.4397947
579.0,2022-23,20,2.0614502,1,1.5565413
579.0,2022-23,21,3.0765193,1,0.94465095
579.0,2022-23,22,2.9138494,2,0.58496547
579.0,2022-23,23,2.8953137,1,1.7114855
579.0,2022-23,23,2.8953137,1,0.71509457
579.0,2022-23,23,2.5741632,2,1.7114855
579.0,2022-23,23,2.5741632,2,0.71509457
579.0,2022-23,24,3.319994,1,0.4112578
579.0,2022-23,25,1.5487876,6,0.988092
579.0,2022-23,26,2.5615106,5,1.2056364
579.0,2022-23,27,3.5438757,6,3.1921065
579.0,2022-23,28,0.2527654,0,3.8699455
579.0,2022-23,29,3.0437105,2,2.6588738
579.0,2022-23,30,5.2288785,2,1.895973
579.0,2022-23,31,-0.024339305,0,0.8309934
579.0,2022-23,32,0.16601312,0,0.77307093
579.0,2022-23,33,0.22142912,0,0.72084206
579.0,2022-23,34,2.0637333,15,0.73946023
579.0,2022-23,35,2.5674953,1,1.8265575
579.0,2022-23,36,0.3321133,0,1.4334913
579.0,2022-23,37,0.3321133,0,1.2877501
579.0,2022-23,38,0.78184325,8,0.734566
585.0,2022-23,14,0.17231552,6,1.796322
585.0,2022-23,15,0.43075058,2,1.0910072
585.0,2022-23,16,2.598666,2,1.142424
585.0,2022-23,17,0.08320396,0,2.1500683
585.0,2022-23,18,2.2071118,1,1.1273203
585.0,2022-23,19,2.52179,1,1.1035677
585.0,2022-23,20,2.2336664,2,1.1931232
585.0,2022-23,21,2.7869802,0,1.0468855
585.0,2022-23,22,1.2259196,8,0.8699014
585.0,2022-23,23,2.1136374,1,1.2120548
585.0,2022-23,24,1.983507,15,1.3863837
585.0,2022-23,25,2.3947296,1,1.4399002
585.0,2022-23,25,2.3947296,1,0.67217416
585.0,2022-23,25,2.7245092,1,1.4399002
585.0,2022-23,25,2.7245092,1,0.67217416
585.0,2022-23,26,3.0441408,1,0.9575755
585.0,2022-23,27,3.1320097,5,1.1095192
585.0,2022-23,28,2.4759345,1,0.71362513
585.0,2022-23,29,2.3785615,2,1.8783449
585.0,2022-23,30,1.776604,1,1.8770407
585.0,2022-23,31,0.0165494,0,1.6203438
585.0,2022-23,32,0.014103132,0,1.3153821
585.0,2022-23,33,0.04220486,0,0.7430489
585.0,2022-23,34,1.1644162,0,0.47816905
586.0,2022-23,7,-0.13302319,0,2.8803446
586.0,2022-23,8,0.16747795,6,1.8163944
586.0,2022-23,9,1.2380788,0,2.4836814
586.0,2022-23,10,0.063372836,0,1.3556322
586.0,2022-23,11,0.18743035,0,0.9607249
586.0,2022-23,12,0.23194596,0,0.6116624
586.0,2022-23,13,0.10167467,0,0.5598406
586.0,2022-23,14,0.4429796,7,0.46508175
586.0,2022-23,15,0.5549181,2,0.6481538
586.0,2022-23,16,2.3394873,1,1.0440079
586.0,2022-23,17,2.896628,2,2.6775763
586.0,2022-23,18,4.6912684,2,2.6527858
586.0,2022-23,19,2.7219858,9,2.3893929
586.0,2022-23,20,2.85486,1,1.9389883
586.0,2022-23,21,3.1426728,8,1.0631908
586.0,2022-23,22,-0.14163345,0,0.6464365
586.0,2022-23,23,0.53222126,0,0.57423973
586.0,2022-23,24,0.9079404,0,0.46025234
586.0,2022-23,25,0.18805832,0,0.7236215
586.0,2022-23,26,0.16933459,0,0.7189416
586.0,2022-23,27,4.4013042,9,0.45323247
586.0,2022-23,28,0.3470358,0,1.0462235
586.0,2022-23,29,2.2125115,2,0.8247423
586.0,2022-23,30,2.9587526,0,1.8909026
586.0,2022-23,31,2.0588334,8,1.0775287
586.0,2022-23,32,0.03336417,0,1.8843298
586.0,2022-23,33,1.6158717,9,1.1909395
586.0,2022-23,34,3.2861786,2,0.847518
586.0,2022-23,34,3.2861786,2,0.6254982
586.0,2022-23,34,3.5068064,6,0.847518
586.0,2022-23,34,3.5068064,6,0.6254982
586.0,2022-23,35,0.4232384,0,1.2641941
586.0,2022-23,36,0.111593425,0,1.0956173
586.0,2022-23,37,1.6950574,1,0.6338986
586.0,2022-23,37,1.6950574,1,0.99198604
586.0,2022-23,37,1.2109984,2,0.6338986
586.0,2022-23,37,1.2109984,2,0.99198604
603.0,2022-23,6,-0.048708238,1,1.1301082
603.0,2022-23,7,0.07507104,0,0.70620066
603.0,2022-23,8,0.0033272828,0,0.5282852
603.0,2022-23,9,0.32216635,1,0.45777833
603.0,2022-23,10,0.022430629,0,0.5047177
603.0,2022-23,11,0.0016904648,0,0.4806555
603.0,2022-23,12,0.015759112,0,0.41004956
603.0,2022-23,13,-0.022105642,0,0.37247175
603.0,2022-23,14,-0.009631288,0,0.35183582
603.0,2022-23,15,0.04407354,2,0.37509418
603.0,2022-23,16,1.4854181,2,0.48361516
603.0,2022-23,17,1.9409411,2,0.9414367
603.0,2022-23,18,2.2972267,6,0.9570134
603.0,2022-23,19,1.9114805,0,1.1419337
603.0,2022-23,20,2.2947984,1,0.7079757
603.0,2022-23,20,2.2947984,1,0.92449605
603.0,2022-23,20,2.00949,2,0.7079757
603.0,2022-23,20,2.00949,2,0.92449605
603.0,2022-23,21,2.2610066,1,0.7615326
603.0,2022-23,22,1.265855,1,0.71946424
603.0,2022-23,23,1.7160271,2,1.1016607
603.0,2022-23,24,1.114854,2,0.8340555
603.0,2022-23,25,1.190963,5,0.9964562
603.0,2022-23,26,2.7318475,2,1.1316115
603.0,2022-23,27,1.690945,6,1.1120597
603.0,2022-23,27,1.690945,6,0.7394504
603.0,2022-23,27,2.9241796,2,1.1120597
603.0,2022-23,27,2.9241796,2,0.7394504
603.0,2022-23,28,0.63124084,0,0.66887444
603.0,2022-23,29,-0.04471244,0,0.5655842
603.0,2022-23,30,2.209165,1,0.38523257
631.0,2022-23,7,0.016653277,0,0.4135003
631.0,2022-23,8,0.37161824,5,0.42788583
631.0,2022-23,9,0.2147525,8,0.8889585
631.0,2022-23,10,0.17635866,11,1.4805756
631.0,2022-23,11,1.3294263,1,1.7697033
631.0,2022-23,12,1.0834861,1,1.0196269
631.0,2022-23,13,0.45013592,6,1.5162205
631.0,2022-23,14,0.3324816,0,1.5604863
631.0,2022-23,15,1.1485838,1,2.395416
631.0,2022-23,16,2.7011693,0,1.7163428
631.0,2022-23,17,2.572123,1,1.2017665
631.0,2022-23,18,2.4476705,7,1.5259107
631.0,2022-23,19,2.9925818,1,1.8118972
631.0,2022-23,20,2.5816624,2,1.6995989
631.0,2022-23,21,2.5242834,6,1.6257795
631.0,2022-23,22,2.6172955,0,1.5967404
631.0,2022-23,23,1.5503315,1,0.89523834
631.0,2022-23,24,-0.20098193,0,1.1853039
631.0,2022-23,25,-0.0688742,0,1.1253986
631.0,2022-23,26,-0.0870257,0,0.54655033
631.0,2022-23,27,0.68942124,1,0.35156894
631.0,2022-23,28,-0.048035763,0,0.643366
631.0,2022-23,29,1.6715683,6,0.6421419
631.0,2022-23,29,1.6715683,6,1.1536684
631.0,2022-23,29,1.641057,2,0.6421419
631.0,2022-23,29,1.641057,2,1.1536684
631.0,2022-23,30,2.989277,8,1.1900302
631.0,2022-23,31,2.0200245,6,0.89017266
631.0,2022-23,32,2.5176985,1,0.7760427
631.0,2022-23,33,2.516205,5,0.69085217
631.0,2022-23,34,2.5746324,2,1.089315
631.0,2022-23,35,2.9158766,2,1.8000495
631.0,2022-23,36,2.6679277,1,1.2939204
631.0,2022-23,37,2.3324041,0,1.445592
638.0,2022-23,6,0.41769665,2,1.9479129
638.0,2022-23,7,0.21807168,0,1.9162196
638.0,2022-23,8,0.077807955,0,0.8801201
638.0,2022-23,9,0.5818209,1,0.6338982
638.0,2022-23,10,0.08800889,0,0.76220655
638.0,2022-23,11,0.0030829727,0,0.74700475
638.0,2022-23,12,-0.048100892,0,0.47716612
638.0,2022-23,13,0.02521198,0,0.40988028
638.0,2022-23,14,0.017429465,0,0.37438774
638.0,2022-23,15,0.0029236975,0,0.39370203
638.0,2022-23,16,0.0029236975,0,0.37528247
638.0,2022-23,17,0.0029236975,0,0.35876417
638.0,2022-23,18,-0.01385076,0,0.35056764
638.0,2022-23,19,0.5587958,1,0.34728983
638.0,2022-23,20,1.5373152,1,0.5476343
638.0,2022-23,20,1.5373152,1,0.5820625
638.0,2022-23,20,1.867076,1,0.5476343
638.0,2022-23,20,1.867076,1,0.5820625
638.0,2022-23,21,-0.042241577,0,1.1115721
638.0,2022-23,22,1.9920167,1,0.6847918
638.0,2022-23,23,1.8761817,2,1.1696638
638.0,2022-23,23,1.8761817,2,1.289547
638.0,2022-23,23,1.4648985,1,1.1696638
638.0,2022-23,23,1.4648985,1,1.289547
638.0,2022-23,24,2.698791,2,0.8782039
638.0,2022-23,25,1.7744942,1,1.7160932
638.0,2022-23,26,2.1248484,6,0.5683604
638.0,2022-23,27,4.0929985,1,0.49364507
638.0,2022-23,28,-0.14740159,0,0.3877184
638.0,2022-23,29,-0.031890262,0,0.5218886
638.0,2022-23,30,3.0416198,1,0.42456955
638.0,2022-23,31,2.2758064,2,0.91447735
638.0,2022-23,32,0.23709531,0,1.6211216
638.0,2022-23,33,1.790756,2,1.1982636
638.0,2022-23,34,2.7042568,1,1.5491755
638.0,2022-23,34,2.7042568,1,0.7410643
638.0,2022-23,34,2.9692025,6,1.5491755
638.0,2022-23,34,2.9692025,6,0.7410643
638.0,2022-23,35,2.2821903,1,1.0932802
638.0,2022-23,36,1.4012264,6,0.9276832
638.0,2022-23,37,2.6113331,6,0.6629007
638.0,2022-23,37,2.6113331,6,0.6259692
638.0,2022-23,37,3.860332,2,0.6629007
638.0,2022-23,37,3.860332,2,0.6259692
638.0,2022-23,38,2.3137789,2,0.13965176
643.0,2022-23,6,0.27866977,2,1.9232136
643.0,2022-23,7,0.9385247,0,2.775667
643.0,2022-23,8,1.2331744,7,1.3434602
643.0,2022-23,9,0.952357,0,1.9493617
643.0,2022-23,10,1.2690421,6,1.9216623
643.0,2022-23,11,1.3887485,6,1.2565883
643.0,2022-23,12,1.4267101,1,2.072734
643.0,2022-23,13,1.1140544,1,1.7918063
643.0,2022-23,14,0.30441943,1,2.1729228
643.0,2022-23,15,0.88460547,1,1.0901225
643.0,2022-23,16,2.7004411,1,1.7222308
643.0,2022-23,17,2.161777,1,1.1258932
643.0,2022-23,18,0.032438412,0,1.5382136
643.0,2022-23,19,2.7136037,6,1.1233021
643.0,2022-23,20,1.6142021,1,1.7849642
643.0,2022-23,20,1.6142021,1,1.6056038
643.0,2022-23,20,3.6532764,0,1.7849642
643.0,2022-23,20,3.6532764,0,1.6056038
643.0,2022-23,21,3.0544226,6,1.3855072
643.0,2022-23,22,1.7094493,6,1.3243412
643.0,2022-23,23,3.2662232,-1,1.265479
643.0,2022-23,24,3.627664,7,1.5707239
643.0,2022-23,25,3.9042459,12,1.6477603
643.0,2022-23,26,-0.4279375,0,0.81429964
643.0,2022-23,27,2.584806,1,1.3974673
643.0,2022-23,28,3.9814715,1,1.8286628
643.0,2022-23,29,2.5841966,2,2.873998
643.0,2022-23,30,2.583666,2,1.9167916
643.0,2022-23,31,3.1563394,1,2.0863364
643.0,2022-23,32,1.8842157,-1,1.8682057
643.0,2022-23,33,1.8652593,1,1.905244
643.0,2022-23,34,1.6118783,0,1.2844523
643.0,2022-23,35,2.8185773,1,0.9264664
652.0,2022-23,6,-0.01354176,8,3.1468422
652.0,2022-23,7,1.1603342,0,2.8807142
652.0,2022-23,8,0.49594304,5,1.6968287
652.0,2022-23,9,0.07427232,7,2.2296977
652.0,2022-23,10,1.1487161,7,0.81702656
652.0,2022-23,11,1.0265247,6,0.97178775
652.0,2022-23,12,1.1252682,9,1.5094866
652.0,2022-23,13,0.30613494,2,1.7028348
652.0,2022-23,14,0.9562603,11,2.5025601
652.0,2022-23,15,0.0984817,12,2.2467287
652.0,2022-23,16,3.9143534,7,1.8204063
652.0,2022-23,17,4.356395,12,1.7786996
652.0,2022-23,18,4.0157027,8,1.8038634
652.0,2022-23,19,4.569516,8,1.6128535
652.0,2022-23,20,5.1053276,9,1.8449334
652.0,2022-23,21,5.082353,8,1.8890332
652.0,2022-23,22,4.8763666,2,2.8672183
652.0,2022-23,23,3.2555292,2,2.4643104
652.0,2022-23,24,4.782158,1,1.6111149
652.0,2022-23,25,-0.22300287,0,0.6733489
652.0,2022-23,26,2.65342,1,1.2030101
652.0,2022-23,27,3.3706377,5,1.499947
652.0,2022-23,28,3.2368634,2,1.6974767
652.0,2022-23,29,3.6108956,12,0.771825
652.0,2022-23,29,3.6108956,12,0.8241837
652.0,2022-23,29,2.2271411,2,0.771825
652.0,2022-23,29,2.2271411,2,0.8241837
652.0,2022-23,30,3.6475801,2,1.4572645
652.0,2022-23,31,3.6771097,1,2.8909538
652.0,2022-23,32,5.681542,2,1.4844085
652.0,2022-23,33,5.682183,2,1.7845584
652.0,2022-23,34,3.5765235,2,1.2501193
652.0,2022-23,35,3.564882,1,2.3137314
652.0,2022-23,36,6.285822,1,1.50094
652.0,2022-23,36,6.285822,1,2.6986701
652.0,2022-23,36,6.084421,10,1.50094
652.0,2022-23,36,6.084421,10,2.6986701
652.0,2022-23,37,5.7983313,9,2.0546346
652.0,2022-23,38,5.4825616,0,1.1035311
660.0,2022-23,5,0.9844018,0,2.6007886
660.0,2022-23,5,0.9844018,0,1.5977569
660.0,2022-23,5,0.47021523,1,2.6007886
660.0,2022-23,5,0.47021523,1,1.5977569
660.0,2022-23,6,-0.29474458,0,1.6794821
660.0,2022-23,7,-0.10521925,0,0.73066753
660.0,2022-23,8,-0.014683354,0,0.5688912
660.0,2022-23,9,0.1544647,0,0.46485436
660.0,2022-23,10,0.084416494,6,0.51002973
660.0,2022-23,11,0.5550833,6,0.646705
660.0,2022-23,12,0.36133835,0,1.1334592
660.0,2022-23,12,0.36133835,0,0.7439683
660.0,2022-23,12,0.057487987,1,1.1334592
660.0,2022-23,12,0.057487987,1,0.7439683
660.0,2022-23,13,0.9398688,1,1.228117
660.0,2022-23,14,0.48107842,0,0.88472563
660.0,2022-23,14,0.48107842,0,0.6908138
660.0,2022-23,14,-0.054352093,7,0.88472563
660.0,2022-23,14,-0.054352093,7,0.6908138
660.0,2022-23,15,0.6919548,0,1.679106
660.0,2022-23,15,0.6919548,0,1.2484324
660.0,2022-23,15,1.0762663,1,1.679106
660.0,2022-23,15,1.0762663,1,1.2484324
660.0,2022-23,16,3.4617436,0,0.8558393
660.0,2022-23,16,3.4617436,0,0.7006715
660.0,2022-23,16,1.7761056,7,0.8558393
660.0,2022-23,16,1.7761056,7,0.7006715
660.0,2022-23,17,1.6980839,0,0.72679156
660.0,2022-23,17,1.6980839,0,0.7230952
660.0,2022-23,17,1.0994531,1,0.72679156
660.0,2022-23,17,1.0994531,1,0.7230952
660.0,2022-23,18,1.3341503,0,0.37014264
660.0,2022-23,19,1.6981224,1,0.33173627
660.0,2022-23,20,1.2250211,1,0.23512617
660.0,2022-23,20,1.2250211,1,0.96432275
660.0,2022-23,20,2.157346,1,0.23512617
660.0,2022-23,20,2.157346,1,0.96432275
660.0,2022-23,21,2.0803242,7,1.0841479
660.0,2022-23,22,2.3253834,6,1.530727
660.0,2022-23,23,2.8714306,3,1.9337026
660.0,2022-23,24,3.1227033,11,0.62557954
660.0,2022-23,25,3.3562732,5,0.43653035
660.0,2022-23,26,1.896205,2,1.0707113
660.0,2022-23,27,2.1389751,0,2.4423704
660.0,2022-23,27,2.1389751,0,1.455006
660.0,2022-23,27,2.946867,2,2.4423704
660.0,2022-23,27,2.946867,2,1.455006
660.0,2022-23,28,2.8907802,1,0.8407292
660.0,2022-23,29,0.081860855,0,0.69132173
660.0,2022-23,30,0.19672434,0,1.2238017
660.0,2022-23,31,0.035696235,0,0.89072603
660.0,2022-23,32,0.06855374,0,0.67401505
660.0,2022-23,33,0.83900106,1,0.5315895
660.0,2022-23,34,1.9282944,0,0.8593268
660.0,2022-23,34,1.9282944,0,0.6561929
660.0,2022-23,34,1.2343739,0,0.8593268
660.0,2022-23,34,1.2343739,0,0.6561929
660.0,2022-23,35,1.5710576,0,0.8201991
660.0,2022-23,35,1.5710576,0,0.41959924
660.0,2022-23,35,2.1348104,5,0.8201991
660.0,2022-23,35,2.1348104,5,0.41959924
660.0,2022-23,36,2.2730715,1,1.049636
660.0,2022-23,37,2.9184587,0,1.1986003
660.0,2022-23,37,2.9184587,0,0.59320784
660.0,2022-23,37,3.047649,1,1.1986003
660.0,2022-23,37,3.047649,1,0.59320784
660.0,2022-23,38,2.7342696,0,1.1030362
660.0,2022-23,38,2.7342696,0,0.9265073
660.0,2022-23,38,2.078019,2,1.1030362
660.0,2022-23,38,2.078019,2,0.9265073
681.0,2022-23,6,-0.013446963,0,1.5450692
681.0,2022-23,7,0.028133005,0,0.5928231
681.0,2022-23,8,0.0949848,0,0.6047391
681.0,2022-23,9,-0.053203717,0,0.50409573
681.0,2022-23,10,0.4151624,5,0.50388575
681.0,2022-23,11,0.15026203,1,1.1982721
681.0,2022-23,12,0.42431262,9,1.0699404
681.0,2022-23,13,0.71107864,2,1.0453588
681.0,2022-23,14,0.65806025,0,1.1978438
681.0,2022-23,15,1.0431377,1,0.9506811
681.0,2022-23,16,2.1548831,1,1.4294146
681.0,2022-23,17,2.2574978,1,1.998981
681.0,2022-23,18,2.058658,1,1.096034
681.0,2022-23,19,2.1328156,2,2.1825528
681.0,2022-23,19,2.1328156,2,2.3355126
681.0,2022-23,19,2.378697,1,2.1825528
681.0,2022-23,19,2.378697,1,2.3355126
681.0,2022-23,20,1.9728758,1,1.7835292
681.0,2022-23,21,1.4123373,1,0.8348858
681.0,2022-23,22,1.5617458,1,0.84439194
681.0,2022-23,23,-0.0062841694,0,0.5600513
681.0,2022-23,24,2.5771372,2,0.43796846
681.0,2022-23,25,0.08057598,0,0.9479037
681.0,2022-23,26,0.060753297,0,0.7107227
681.0,2022-23,27,-0.019187877,0,0.49407083
681.0,2022-23,28,-0.02904715,0,0.57543826
681.0,2022-23,29,-0.014156422,0,0.47682673
681.0,2022-23,30,-0.0051300474,0,0.45015305
681.0,2022-23,31,-0.008646733,0,0.4322216
681.0,2022-23,32,-0.008646733,0,0.42346752
681.0,2022-23,33,0.36427018,-1,0.4173684
681.0,2022-23,34,1.108025,1,0.67733574
681.0,2022-23,35,2.5269542,1,0.9632221
681.0,2022-23,36,0.020929027,0,0.59909844
681.0,2022-23,37,0.6555567,2,0.37390596
681.0,2022-23,37,0.6555567,2,1.2544842
681.0,2022-23,37,1.4374956,0,0.37390596
681.0,2022-23,37,1.4374956,0,1.2544842
681.0,2022-23,38,1.6249257,2,0.8090587
759.0,2022-23,6,-0.12185057,1,0.8198885
759.0,2022-23,7,-0.21405886,0,0.525466
759.0,2022-23,8,-0.0506354,0,0.48262572
759.0,2022-23,9,0.047979135,0,0.48815012
759.0,2022-23,10,0.014765633,0,0.41944468
759.0,2022-23,11,0.4131395,6,0.42790815
759.0,2022-23,12,0.40116608,9,0.7465506
759.0,2022-23,13,-0.42325914,6,0.7095141
759.0,2022-23,14,0.35366863,2,0.75882065
759.0,2022-23,15,0.30161807,6,1.7064508
759.0,2022-23,16,2.1070082,7,1.9348079
759.0,2022-23,17,1.8078713,1,2.8507655
759.0,2022-23,18,2.137436,1,1.8179524
759.0,2022-23,19,3.0887063,2,2.1404867
759.0,2022-23,20,2.3588698,0,2.0090303
759.0,2022-23,21,2.596769,1,2.3180406
759.0,2022-23,22,0.20209046,0,1.9285399
759.0,2022-23,23,-0.12622762,0,1.4587514
759.0,2022-23,24,0.012262011,0,0.71859837
759.0,2022-23,25,-0.044359744,0,0.42038307
759.0,2022-23,26,-0.06252089,0,0.313772
759.0,2022-23,27,1.4526775,1,0.4020513
759.0,2022-23,28,1.6225169,2,0.3843351
759.0,2022-23,29,-0.033482715,0,1.033501
759.0,2022-23,30,2.9131296,2,0.7562541
766.0,2022-23,10,0.007612306,0,0.40024596
766.0,2022-23,11,0.03745831,1,0.39058393
766.0,2022-23,12,-0.0008152549,0,0.455047
766.0,2022-23,13,0.009700952,0,0.6154508
766.0,2022-23,14,0.47984594,1,0.6916608
766.0,2022-23,15,0.061669257,0,0.6431947
766.0,2022-23,16,0.061669257,0,0.51086193
766.0,2022-23,17,0.042064276,0,0.40280053
766.0,2022-23,18,-0.0024199334,0,0.37488234
766.0,2022-23,19,-0.0024199334,0,0.34538525
766.0,2022-23,20,0.015195901,0,0.35579222
766.0,2022-23,21,0.015195901,0,0.3524271
766.0,2022-23,22,0.015195901,0,0.34985417
766.0,2022-23,23,-0.01385076,0,0.34865198
766.0,2022-23,24,-0.01385076,0,0.34621125
766.0,2022-23,25,-0.01385076,0,0.3444496
766.0,2022-23,26,0.51673114,0,0.3431325
766.0,2022-23,27,0.030533114,0,0.91879815
766.0,2022-23,28,0.030533114,0,0.58543044
766.0,2022-23,29,0.030533114,0,0.39902198
766.0,2022-23,30,1.073467,1,0.32148862
766.0,2022-23,31,0.010486141,0,0.50996554
766.0,2022-23,32,1.581483,1,0.49173272
782.0,2022-23,6,0.5264038,10,0.9632184
782.0,2022-23,7,0.45663774,0,3.5091856
782.0,2022-23,8,0.50929123,0,1.7394134
782.0,2022-23,9,1.2755622,2,1.1084261
782.0,2022-23,10,0.24025565,0,0.86786216
782.0,2022-23,11,0.2315188,5,0.76471955
782.0,2022-23,12,-0.040724196,0,0.7999603
782.0,2022-23,13,0.2889062,2,0.7839125
782.0,2022-23,14,0.3726893,1,1.0052286
782.0,2022-23,15,0.24588554,0,0.96103656
782.0,2022-23,16,0.24588554,0,0.7448115
782.0,2022-23,17,0.47752392,0,0.5097885
782.0,2022-23,18,-0.015370587,0,0.4313562
782.0,2022-23,19,-0.011422202,0,0.4306503
782.0,2022-23,20,0.003590423,0,0.40135306
782.0,2022-23,21,0.003590423,0,0.38760334
782.0,2022-23,22,1.3108706,1,0.37590057
782.0,2022-23,23,0.69556713,1,0.5225213
782.0,2022-23,24,2.7958336,2,0.8229711
782.0,2022-23,25,1.654657,1,1.7293955
782.0,2022-23,26,2.5312417,10,2.4682937
782.0,2022-23,27,2.1700182,8,1.8888626
782.0,2022-23,28,2.078506,1,1.2919778
782.0,2022-23,29,3.2937093,0,2.1484978
782.0,2022-23,29,3.2937093,0,1.7962148
782.0,2022-23,29,3.4696305,9,2.1484978
782.0,2022-23,29,3.4696305,9,1.7962148
782.0,2022-23,30,3.696882,0,1.0242282
782.0,2022-23,31,2.698872,1,1.1440954
782.0,2022-23,32,0.675416,0,2.1800516
782.0,2022-23,33,1.9406,1,1.1754087
782.0,2022-23,34,1.4958304,1,0.91419786
782.0,2022-23,35,3.56414,2,0.78931385
804.0,2022-23,14,-0.014840699,2,0.61200845
804.0,2022-23,15,0.4565819,0,0.8045261
804.0,2022-23,16,2.2464767,0,0.8475707
804.0,2022-23,17,2.0049894,1,1.871013
804.0,2022-23,18,1.9546913,1,1.6096696
804.0,2022-23,19,2.0667562,1,0.99252164
804.0,2022-23,20,-0.033835527,0,0.9231644
804.0,2022-23,21,-0.0831276,0,0.694915
804.0,2022-23,22,1.7728744,12,0.422028
804.0,2022-23,23,2.5058722,3,1.2544571
804.0,2022-23,24,2.4048157,2,0.9192998
804.0,2022-23,25,3.169426,2,1.4645284
804.0,2022-23,25,3.169426,2,1.09415
804.0,2022-23,25,2.3753722,1,1.4645284
804.0,2022-23,25,2.3753722,1,1.09415
804.0,2022-23,26,3.2501578,8,1.1077864
804.0,2022-23,27,3.4065344,1,2.0005665
804.0,2022-23,28,3.8478172,0,1.8569893
804.0,2022-23,29,2.87565,2,2.2547061
804.0,2022-23,30,2.7379453,6,1.6816021
804.0,2022-23,31,2.4703646,8,2.172386
804.0,2022-23,32,1.9982077,1,1.0482849
804.0,2022-23,33,1.700693,6,1.953765
804.0,2022-23,34,1.263112,-1,1.8234274
804.0,2022-23,35,2.5442612,7,1.6952324
804.0,2022-23,36,2.4508898,0,2.113277
804.0,2022-23,37,2.206214,1,1.9533069
807.0,2022-23,6,0.15132351,0,1.3460237
807.0,2022-23,7,0.30362946,0,1.1593688
807.0,2022-23,8,0.035640042,-1,0.7546846
807.0,2022-23,9,0.4235568,6,0.78324956
807.0,2022-23,10,-0.13159871,1,1.139071
807.0,2022-23,11,0.27384833,0,2.0908499
807.0,2022-23,12,0.3329791,0,0.9921488
807.0,2022-23,13,0.43729073,0,0.5891736
807.0,2022-23,14,0.67488414,0,0.47561237
807.0,2022-23,15,0.21218282,0,0.3395246
807.0,2022-23,16,1.6057824,0,0.33378285
807.0,2022-23,17,1.9513526,0,0.4274472
807.0,2022-23,18,1.6257732,0,0.45675957
807.0,2022-23,19,0.59619147,0,0.3847885
807.0,2022-23,20,0.48489353,0,0.33263952
807.0,2022-23,21,0.39401767,0,0.23320408
807.0,2022-23,22,0.55559415,0,0.18374512
807.0,2022-23,23,0.57552457,0,0.1824069
807.0,2022-23,24,0.40608335,0,0.15706787
807.0,2022-23,25,0.53433365,0,0.22817688
807.0,2022-23,26,0.39894533,0,0.21052133
807.0,2022-23,27,0.2654532,1,0.21377155
807.0,2022-23,28,1.0590422,0,0.39732707
807.0,2022-23,29,1.118857,0,0.6898103
807.0,2022-23,29,1.118857,0,0.658128
807.0,2022-23,29,1.1860807,0,0.6898103
807.0,2022-23,29,1.1860807,0,0.658128
807.0,2022-23,30,0.8004858,0,0.49059796
807.0,2022-23,31,0.55749494,0,0.25603595
807.0,2022-23,32,0.67498136,0,0.2826353
807.0,2022-23,33,0.80586475,0,0.23553225
807.0,2022-23,34,0.43715224,0,0.22313884
807.0,2022-23,35,0.47270197,0,0.1718489
807.0,2022-23,36,0.56511384,1,0.193129
807.0,2022-23,37,0.89658564,6,0.5305444
807.0,2022-23,38,1.6135216,1,0.9010692
825.0,2022-23,6,-0.17781079,1,1.4841782
825.0,2022-23,7,0.07269212,0,1.1895167
825.0,2022-23,8,0.23292086,2,0.7296772
825.0,2022-23,9,0.35839045,8,0.66603404
825.0,2022-23,10,0.06441173,2,0.8808159
825.0,2022-23,11,0.03997837,1,1.3958472
825.0,2022-23,12,0.6630107,2,1.8422214
825.0,2022-23,13,0.5248946,1,1.8476698
825.0,2022-23,14,0.5815127,5,2.114032
825.0,2022-23,15,-0.05856115,0,2.3913844
825.0,2022-23,16,2.645382,8,2.3867242
825.0,2022-23,17,1.3368952,1,1.6478299
825.0,2022-23,18,2.9270813,1,2.6873844
825.0,2022-23,19,2.7496295,0,1.6992534
825.0,2022-23,20,-0.2157677,0,1.4581509
825.0,2022-23,21,2.1202235,2,1.4228245
825.0,2022-23,22,2.1953063,1,1.3137839
825.0,2022-23,23,1.6849375,1,1.1398959
825.0,2022-23,24,2.4359267,5,0.98434407
825.0,2022-23,25,1.8798784,-1,1.2098051
825.0,2022-23,26,1.2086047,1,0.8889975
825.0,2022-23,27,2.1005101,6,0.8100572
825.0,2022-23,28,2.215714,2,0.7537317
825.0,2022-23,29,2.5328488,2,0.69693106
825.0,2022-23,29,2.5328488,2,0.73362595
825.0,2022-23,29,2.1669242,1,0.69693106
825.0,2022-23,29,2.1669242,1,0.73362595
825.0,2022-23,30,2.7973309,5,0.96916276
825.0,2022-23,31,2.4273243,1,0.9381762
825.0,2022-23,32,2.4182286,1,0.83483857
825.0,2022-23,33,1.9087301,1,0.6332361
825.0,2022-23,34,2.9309208,1,0.6239427
825.0,2022-23,35,1.822514,1,0.6259864
825.0,2022-23,36,2.5158844,1,1.3825775
825.0,2022-23,37,1.6931783,2,1.1456741
825.0,2022-23,38,2.1032784,1,0.61337423
833.0,2022-23,6,0.29574195,5,1.8073586
833.0,2022-23,7,1.0836008,0,1.9148878
833.0,2022-23,8,1.4049299,0,1.2535907
833.0,2022-23,9,1.8365921,1,0.76298875
833.0,2022-23,10,0.63447756,1,1.264052
833.0,2022-23,11,1.0576462,8,1.1437958
833.0,2022-23,12,0.86472505,7,1.1689886
833.0,2022-23,13,-0.06911327,2,1.5248173
833.0,2022-23,14,1.3307606,1,3.419966
833.0,2022-23,15,1.0360886,2,2.9302568
833.0,2022-23,16,4.2342286,2,2.7056987
833.0,2022-23,17,3.2977018,9,3.264914
833.0,2022-23,18,2.3955562,2,1.4063545
833.0,2022-23,19,2.964047,0,1.2343092
833.0,2022-23,20,0.13442335,0,1.3330797
833.0,2022-23,21,0.032216582,0,1.2774613
833.0,2022-23,22,0.047341004,0,0.47866434
833.0,2022-23,23,-0.006210599,0,0.42100126
833.0,2022-23,24,1.4608421,6,0.36979592
833.0,2022-23,25,2.318279,9,1.2816535
833.0,2022-23,25,2.318279,9,0.6015365
833.0,2022-23,25,1.8587002,15,1.2816535
833.0,2022-23,25,1.8587002,15,0.6015365
833.0,2022-23,26,3.9127061,6,1.0109495
833.0,2022-23,27,3.6461747,2,1.1326844
833.0,2022-23,28,0.5640621,0,1.8298264
833.0,2022-23,29,2.0065532,0,1.49624
833.0,2022-23,30,1.8931489,0,1.9156638
833.0,2022-23,31,4.1145597,2,2.1760144
833.0,2022-23,32,3.920714,1,2.1390698
833.0,2022-23,33,2.1604364,2,2.2510936
833.0,2022-23,34,3.0297873,1,2.2401352
833.0,2022-23,34,3.0297873,1,1.6390265
833.0,2022-23,34,2.7149413,6,2.2401352
833.0,2022-23,34,2.7149413,6,1.6390265
833.0,2022-23,35,3.6017325,11,1.9151434
833.0,2022-23,36,3.0945566,6,1.3918706
833.0,2022-23,37,2.497803,2,1.4014076
847.0,2022-23,19,-0.0071546235,0,0.59098506
847.0,2022-23,20,-0.019921515,0,0.46717697
847.0,2022-23,21,-0.019921515,0,0.35414582
847.0,2022-23,22,0.008210522,0,0.3588285
847.0,2022-23,23,0.6669305,1,0.35666025
847.0,2022-23,24,0.028333228,0,0.65195423
847.0,2022-23,25,0.028333228,0,0.7238633
847.0,2022-23,26,1.2800179,1,0.63433367
847.0,2022-23,27,-0.0366849,0,0.69083863
847.0,2022-23,28,-0.0366849,0,0.40739614
847.0,2022-23,29,1.3803029,1,0.40179175
847.0,2022-23,30,1.317063,2,0.47147328
847.0,2022-23,31,0.13315403,0,1.1508458
847.0,2022-23,32,0.07875674,0,0.8117319
847.0,2022-23,33,1.5520704,1,0.49863726
847.0,2022-23,34,1.066841,2,0.7455301
884.0,2022-23,6,0.2011176,6,0.8509989
884.0,2022-23,7,-0.30114526,0,0.74684113
884.0,2022-23,8,0.21187133,2,0.8230714
884.0,2022-23,9,-0.18541923,1,1.2312428
884.0,2022-23,10,0.24999507,1,0.9631752
884.0,2022-23,11,0.033909574,1,0.7783803
884.0,2022-23,12,-0.0185216,0,0.6936252
884.0,2022-23,13,0.002110882,0,0.62788785
884.0,2022-23,14,0.48282826,1,0.50906736
884.0,2022-23,15,-0.0041756006,0,0.53818864
884.0,2022-23,16,1.5939866,1,0.5219564
884.0,2022-23,17,-0.039323244,0,0.92580503
884.0,2022-23,18,0.015025353,0,0.7192891
884.0,2022-23,19,-0.03250749,0,0.492355
884.0,2022-23,20,-0.019192297,0,0.36211824
884.0,2022-23,21,-0.019192297,0,0.3068927
884.0,2022-23,22,0.03497523,0,0.3559332
884.0,2022-23,23,0.015988786,0,0.35420734
884.0,2022-23,24,0.015988786,0,0.35172457
884.0,2022-23,25,-0.01385076,0,0.34971032
884.0,2022-23,26,0.51673114,1,0.34648487
884.0,2022-23,27,0.013560098,0,0.6159315
884.0,2022-23,28,0.013560098,0,0.52989846
884.0,2022-23,29,0.9771531,1,0.4454089
884.0,2022-23,30,-0.0015937892,0,0.5389173
884.0,2022-23,31,1.3014047,1,0.40547383
884.0,2022-23,32,-0.023818042,0,0.6503936
884.0,2022-23,33,1.6661264,5,0.5247447
884.0,2022-23,34,0.032987107,0,0.79250914
884.0,2022-23,35,1.302878,1,0.59204626
884.0,2022-23,36,1.2632242,1,0.65080345
884.0,2022-23,37,0.17486534,0,0.65748906
884.0,2022-23,38,1.4910146,2,0.78346986
885.0,2022-23,6,1.142926,2,2.3516357
885.0,2022-23,7,1.7421882,0,2.380834
885.0,2022-23,8,0.9749492,2,1.0900322
885.0,2022-23,9,0.6712107,1,1.0319028
885.0,2022-23,10,0.34643355,-1,1.4458199
885.0,2022-23,11,0.49880964,1,1.0453535
885.0,2022-23,12,0.01937596,6,1.2223355
885.0,2022-23,13,0.21255592,0,1.510146
885.0,2022-23,14,0.14294527,0,0.84798205
885.0,2022-23,15,0.17536744,0,0.5605277
885.0,2022-23,16,1.1957731,0,0.49074233
885.0,2022-23,17,1.2186351,1,0.6478092
885.0,2022-23,18,2.0137856,1,0.9744793
885.0,2022-23,19,2.408262,2,1.0989852
885.0,2022-23,20,2.5131502,2,1.3678805
885.0,2022-23,21,2.3696828,2,1.6749246
885.0,2022-23,22,1.313377,0,0.91484016
885.0,2022-23,23,2.8225236,0,0.6868696
885.0,2022-23,24,1.548347,0,0.30210721
885.0,2022-23,25,1.4352279,1,0.32143235
885.0,2022-23,26,1.7874547,6,0.44123065
885.0,2022-23,27,1.0690554,8,1.1587775
885.0,2022-23,27,1.0690554,8,1.2145702
885.0,2022-23,27,2.508939,1,1.1587775
885.0,2022-23,27,2.508939,1,1.2145702
885.0,2022-23,28,3.0629098,1,1.0188287
885.0,2022-23,29,2.4569,2,0.96672696
885.0,2022-23,30,2.288168,0,0.9542126
885.0,2022-23,31,2.9034147,1,0.57878834
885.0,2022-23,32,1.7059203,0,0.38999885
885.0,2022-23,33,3.1230288,2,0.17545672
885.0,2022-23,34,1.6210294,0,0.7046862
885.0,2022-23,35,2.5259254,0,0.4490232
885.0,2022-23,36,3.449765,1,0.8656448
885.0,2022-23,37,2.2564735,1,1.872007
885.0,2022-23,38,2.221347,0,1.6015154
935.0,2022-23,6,0.5352806,1,1.2249291
935.0,2022-23,7,0.29170454,0,1.4778945
935.0,2022-23,8,0.248818,2,1.2182214
935.0,2022-23,9,0.97048503,6,1.637274
935.0,2022-23,10,0.8353036,2,0.95613426
935.0,2022-23,11,0.49958533,0,1.1692231
935.0,2022-23,12,0.23532647,2,0.8543829
935.0,2022-23,13,0.5452943,15,1.1353706
935.0,2022-23,14,0.9725316,2,2.5525067
935.0,2022-23,15,1.4986882,1,1.8285273
935.0,2022-23,16,3.1956434,1,1.9017287
935.0,2022-23,17,0.85606134,0,1.0579634
935.0,2022-23,18,0.6050672,0,0.9445818
935.0,2022-23,19,0.1516223,0,0.6328019
935.0,2022-23,20,0.11862866,0,0.38041818
935.0,2022-23,21,1.3240037,11,0.3472314
935.0,2022-23,22,0.2596925,0,1.6992879
935.0,2022-23,23,0.17704332,0,1.5774606
935.0,2022-23,24,0.2021216,0,0.9675037
935.0,2022-23,25,0.26047117,0,0.58628625
935.0,2022-23,26,1.4422076,0,0.45033997
935.0,2022-23,27,1.8960165,2,0.59771186
935.0,2022-23,28,0.22679158,0,1.0653745
935.0,2022-23,29,2.5272617,6,0.8554567
935.0,2022-23,29,2.5272617,6,1.0109928
935.0,2022-23,29,2.0023692,6,0.8554567
935.0,2022-23,29,2.0023692,6,1.0109928
935.0,2022-23,30,3.3224554,6,1.7758335
935.0,2022-23,31,2.4961667,1,1.3812023
935.0,2022-23,32,2.7507017,6,1.1115614
935.0,2022-23,33,2.715555,1,1.117161
935.0,2022-23,34,2.339868,1,1.0106677
935.0,2022-23,35,0.015966434,0,0.5232486
935.0,2022-23,36,0.01987018,0,0.40453386
935.0,2022-23,37,1.6460646,1,0.1992062
983.0,2022-23,7,0.013896741,0,0.56433296
983.0,2022-23,8,0.04064215,0,0.40829968
983.0,2022-23,9,0.361638,0,0.488316
983.0,2022-23,10,0.10221271,0,0.49794054
983.0,2022-23,11,0.10221271,0,0.46487758
983.0,2022-23,12,0.022862852,0,0.4068681
983.0,2022-23,13,-0.022015229,0,0.37363672
983.0,2022-23,14,-0.022015229,0,0.34872597
983.0,2022-23,15,0.03535649,1,0.36541513
985.0,2022-23,6,-0.0716339,0,1.2083088
985.0,2022-23,7,-0.11075078,0,0.82033473
985.0,2022-23,8,0.062594436,0,0.78430283
985.0,2022-23,9,0.15280801,0,0.9086919
985.0,2022-23,10,0.14434156,0,0.44550782
985.0,2022-23,11,0.00952099,0,0.44048727
985.0,2022-23,12,-0.006613253,0,0.4279604
985.0,2022-23,13,-0.01385076,0,0.41000396
985.0,2022-23,14,-0.01385076,0,0.38140315
985.0,2022-23,15,-0.01385076,0,0.35840285
985.0,2022-23,16,-0.01385076,0,0.34533346
985.0,2022-23,17,-0.01385076,0,0.34126362
985.0,2022-23,18,-0.01385076,0,0.34275573
985.0,2022-23,19,-0.01385076,0,0.34275573
985.0,2022-23,20,-0.01385076,0,0.34275573
985.0,2022-23,21,-0.01385076,0,0.34275573
985.0,2022-23,22,-0.01385076,0,0.34275573
985.0,2022-23,23,-0.01385076,0,0.34275573
985.0,2022-23,24,-0.01385076,0,0.34275573
985.0,2022-23,25,0.38253325,0,0.34275573
985.0,2022-23,26,0.022862852,0,0.5012587
985.0,2022-23,27,0.022862852,0,0.4040058
985.0,2022-23,28,0.022862852,0,0.33712992
985.0,2022-23,29,-0.022015229,0,0.30130953
985.0,2022-23,30,-0.022015229,0,0.29246938
985.0,2022-23,31,-0.00579334,0,0.347717
985.0,2022-23,32,1.1950516,3,0.347717
985.0,2022-23,33,0.1735012,0,0.9556864
985.0,2022-23,34,0.20141761,0,0.59150404
985.0,2022-23,35,0.20141761,0,0.42519444
985.0,2022-23,36,0.8209126,0,0.351867
985.0,2022-23,37,3.23294,1,0.33164123
987.0,2022-23,7,-0.11039576,0,1.1483294
987.0,2022-23,8,-0.2788026,0,1.0422826
987.0,2022-23,9,-0.12530966,0,0.7299671
987.0,2022-23,10,0.075348794,0,0.7144182
987.0,2022-23,11,0.5039338,8,0.8460949
987.0,2022-23,12,0.5399209,6,0.7966301
987.0,2022-23,13,-0.11923283,1,1.3857121
987.0,2022-23,14,0.24470107,1,1.8065001
987.0,2022-23,15,0.2699238,1,2.2792807
987.0,2022-23,16,2.1818008,2,1.3843719
987.0,2022-23,17,2.033241,1,1.9915386
987.0,2022-23,18,1.6650147,1,0.82309204
987.0,2022-23,19,0.023507586,0,0.69056314
987.0,2022-23,20,2.4051564,1,0.79635745
987.0,2022-23,21,2.2624454,7,0.8687262
987.0,2022-23,22,2.0892696,0,1.084859
987.0,2022-23,23,2.7894092,8,1.2953826
987.0,2022-23,24,1.53605,6,0.80770665
987.0,2022-23,25,0.21411197,0,1.2605441
987.0,2022-23,26,0.0047091898,0,1.3685416
987.0,2022-23,27,-0.024766989,0,0.77010214
987.0,2022-23,28,-0.053392105,0,0.74334306
987.0,2022-23,29,1.5437614,6,0.88863844
987.0,2022-23,30,0.0021816175,0,1.4816102
987.0,2022-23,31,0.08699017,0,1.1656625
987.0,2022-23,32,0.035699632,0,0.68752
987.0,2022-23,33,-0.0013625632,0,0.43484664
987.0,2022-23,34,-0.0013625632,0,0.35358804
987.0,2022-23,35,0.015988786,0,0.46422708
987.0,2022-23,36,0.015988786,0,0.4253769
987.0,2022-23,37,0.015988786,0,0.40155983
987.0,2022-23,38,0.72049385,0,0.38563752
1006.0,2022-23,6,0.095447205,0,0.38529932
1006.0,2022-23,7,0.08285956,0,0.38933003
1006.0,2022-23,8,0.12630653,0,0.3838684
1006.0,2022-23,9,0.17727749,0,0.38186872
1006.0,2022-23,10,0.030801242,2,0.4284004
1006.0,2022-23,11,0.3796213,6,0.619928
1006.0,2022-23,12,0.61758155,7,1.4370626
1006.0,2022-23,13,0.020340037,5,2.170379
1006.0,2022-23,14,0.65747315,6,2.6230624
1006.0,2022-23,15,-0.12092997,3,1.9381415
1006.0,2022-23,16,1.5374802,2,2.958491
1006.0,2022-23,17,3.586044,8,2.0171556
1006.0,2022-23,18,4.1298223,9,1.8875087
1006.0,2022-23,19,2.9861898,15,1.3189791
1006.0,2022-23,20,3.993585,2,2.1030324
1006.0,2022-23,20,3.993585,2,3.0970259
1006.0,2022-23,20,3.9525435,2,2.1030324
1006.0,2022-23,20,3.9525435,2,3.0970259
1006.0,2022-23,21,3.1667225,0,1.5623876
1006.0,2022-23,22,4.372808,5,1.6206934
1006.0,2022-23,22,4.372808,5,1.0740385
1006.0,2022-23,22,4.185542,1,1.6206934
1006.0,2022-23,22,4.185542,1,1.0740385
1006.0,2022-23,23,3.393834,12,1.0728966
1006.0,2022-23,24,2.883105,6,0.9393036
1006.0,2022-23,25,-0.41459626,0,1.0050114
1006.0,2022-23,26,2.6667511,-1,1.7217396
1006.0,2022-23,27,3.6329353,5,1.4002413
1006.0,2022-23,28,-0.052761327,0,1.6747081
1006.0,2022-23,29,2.3429744,1,1.5199462
1006.0,2022-23,29,2.3429744,1,0.7165637
1006.0,2022-23,29,2.8124888,0,1.5199462
1006.0,2022-23,29,2.8124888,0,0.7165637
1006.0,2022-23,30,-0.1499108,0,0.49238884
1006.0,2022-23,31,-0.019775352,0,0.4820596
1006.0,2022-23,32,0.15930875,0,0.5235659
1006.0,2022-23,33,1.7684643,1,0.3885341
1006.0,2022-23,34,1.6354926,7,0.94123083
1006.0,2022-23,34,1.6354926,7,1.303662
1006.0,2022-23,34,1.6219804,1,0.94123083
1006.0,2022-23,34,1.6219804,1,1.303662
1006.0,2022-23,35,4.0205493,2,1.6590308
1006.0,2022-23,36,4.432511,8,1.8627723
1006.0,2022-23,37,3.925335,9,1.4786972
1006.0,2022-23,37,3.925335,9,0.924558
1006.0,2022-23,37,2.735182,1,1.4786972
1006.0,2022-23,37,2.735182,1,0.924558
1024.0,2022-23,7,-0.011918684,0,0.95432585
1024.0,2022-23,8,0.21855864,9,0.6267174
1024.0,2022-23,9,-0.07818505,6,0.8603672
1024.0,2022-23,10,0.14617674,2,1.4463805
1024.0,2022-23,11,0.9829391,1,1.390299
1024.0,2022-23,12,0.45349497,-2,1.9110985
1024.0,2022-23,13,0.82316566,10,2.0061097
1024.0,2022-23,14,-0.18602708,0,2.8028834
1024.0,2022-23,15,0.6996542,1,2.7224648
1024.0,2022-23,16,3.897383,1,2.3208802
1024.0,2022-23,17,3.2672532,1,2.14305
1024.0,2022-23,18,2.4302588,5,1.9344696
1024.0,2022-23,19,2.7588992,7,1.4574852
1024.0,2022-23,20,2.923548,2,0.69403714
1024.0,2022-23,21,2.0109334,6,1.140715
1024.0,2022-23,22,2.1146495,0,1.3210245
1024.0,2022-23,23,-0.10479366,0,1.2868674
1024.0,2022-23,24,2.4026432,0,1.419953
1024.0,2022-23,25,2.5729854,7,0.79330164
1024.0,2022-23,26,3.074288,8,1.5869924
1024.0,2022-23,27,1.734995,2,0.8376984
1024.0,2022-23,28,2.9034123,12,1.2389787
1024.0,2022-23,29,3.5983307,8,1.5090504
1024.0,2022-23,29,3.5983307,8,2.1055915
1024.0,2022-23,29,3.393647,2,1.5090504
1024.0,2022-23,29,3.393647,2,2.1055915
1024.0,2022-23,30,5.369663,6,1.9391099
1024.0,2022-23,31,3.231061,6,1.806676
1024.0,2022-23,32,2.3606946,2,1.679468
1024.0,2022-23,33,2.412347,15,2.4906766
1024.0,2022-23,34,2.6925209,2,2.838942
1024.0,2022-23,35,2.721853,1,2.7210534
1024.0,2022-23,36,3.1780689,2,3.2732508
1024.0,2022-23,37,2.2739487,1,3.0172794
1024.0,2022-23,38,2.4736924,1,2.425886
1078.0,2022-23,16,0.1463422,0,0.5844242
1078.0,2022-23,17,0.11702022,0,0.5742181
1078.0,2022-23,18,0.03555332,0,0.5021292
1078.0,2022-23,19,0.82234496,1,0.39396417
1245.0,2022-23,6,0.23010048,1,0.36490068
1245.0,2022-23,7,0.04573848,0,0.43103564
1245.0,2022-23,8,0.058844917,1,0.44727814
1245.0,2022-23,9,0.30050373,1,0.45629632
1245.0,2022-23,10,0.10792912,1,0.8671129
1245.0,2022-23,11,0.03647976,1,1.2574991
1245.0,2022-23,12,0.24339882,0,1.3567804
1245.0,2022-23,13,0.6118091,0,1.0430218
1245.0,2022-23,14,0.3064633,0,0.6666598
1245.0,2022-23,15,0.6249733,0,0.4115877
1245.0,2022-23,16,1.3864346,0,0.38355815
1245.0,2022-23,17,1.3337231,0,0.4551499
1245.0,2022-23,18,1.1587662,1,0.4152574
1245.0,2022-23,19,2.684775,0,0.607427
1245.0,2022-23,20,2.6607573,0,0.6857967
1245.0,2022-23,21,3.7208169,6,0.4946757
1245.0,2022-23,22,1.664362,2,1.194503
1245.0,2022-23,23,1.8796812,10,1.7136307
1245.0,2022-23,24,1.8801633,1,1.0722773
1245.0,2022-23,25,2.5802035,0,1.5822322
1245.0,2022-23,26,2.112405,0,0.6246348
1245.0,2022-23,27,1.765649,2,0.7442973
1245.0,2022-23,28,-0.047562025,0,1.0391195
1245.0,2022-23,29,1.9453958,6,0.7172033
1245.0,2022-23,29,1.9453958,6,0.8051863
1245.0,2022-23,29,1.9385849,-1,0.7172033
1245.0,2022-23,29,1.9385849,-1,0.8051863
1245.0,2022-23,30,1.7999698,0,0.5327413
1245.0,2022-23,31,1.6629056,0,0.29450446
1245.0,2022-23,32,1.4613385,0,0.32187665
1245.0,2022-23,33,0.8945528,0,0.3215081
1245.0,2022-23,34,0.8294754,0,0.16079777
1245.0,2022-23,34,0.8294754,0,0.2722632
1245.0,2022-23,34,2.61522,1,0.16079777
1245.0,2022-23,34,2.61522,1,0.2722632
1245.0,2022-23,35,1.1927841,1,0.9312964
1245.0,2022-23,36,1.2301211,1,0.6595223
1245.0,2022-23,37,3.0521722,2,1.0238996
1245.0,2022-23,38,2.3711603,1,1.2502122
1376.0,2022-23,6,1.5961295,2,1.6016155
1376.0,2022-23,7,1.0065662,0,2.205076
1376.0,2022-23,8,0.29683453,0,1.0551883
1376.0,2022-23,9,0.051810354,0,0.6725669
1376.0,2022-23,10,0.6508521,8,0.5415235
1376.0,2022-23,11,-0.14290741,0,0.92237717
1376.0,2022-23,12,-0.14416893,6,0.95400715
1376.0,2022-23,13,-0.32791787,0,1.3040107
1376.0,2022-23,14,0.005295702,0,1.0469636
1376.0,2022-23,15,0.07825638,0,0.77397305
1376.0,2022-23,16,1.2189915,1,0.51019776
1376.0,2022-23,17,1.8831179,6,0.93443257
1376.0,2022-23,18,2.4989464,2,1.7720702
1376.0,2022-23,19,2.4160914,1,1.4857957
1376.0,2022-23,19,2.4160914,1,1.6205102
1376.0,2022-23,19,2.9417486,9,1.4857957
1376.0,2022-23,19,2.9417486,9,1.6205102
1376.0,2022-23,20,4.0093093,1,0.8796949
1376.0,2022-23,21,0.45704275,0,0.27021658
1376.0,2022-23,22,0.37874973,0,0.63691896
1376.0,2022-23,23,-0.0048158,0,0.4196062
1376.0,2022-23,24,2.0932348,0,0.2552669
1376.0,2022-23,25,1.6644661,1,0.42708784
1376.0,2022-23,26,1.8499901,8,1.2836167
1376.0,2022-23,27,2.900652,5,0.95140636
1376.0,2022-23,28,2.4835978,0,0.79157144
1376.0,2022-23,29,2.28042,1,1.1337817
1376.0,2022-23,29,2.28042,1,2.0880175
1376.0,2022-23,29,3.110295,8,1.1337817
1376.0,2022-23,29,3.110295,8,2.0880175
1376.0,2022-23,30,4.0994654,2,1.7187155
1376.0,2022-23,31,-0.07754696,0,1.3704759
1376.0,2022-23,32,-0.009743243,0,1.2674054
1376.0,2022-23,33,0.14409743,0,0.7834343
1376.0,2022-23,34,-0.052972127,0,0.5386629
1376.0,2022-23,35,-0.10457201,0,0.39021403
1376.0,2022-23,36,0.02817836,0,0.44422966
1376.0,2022-23,37,0.91407746,1,0.42123088
1653.0,2022-23,9,-0.017736046,0,0.37424135
1653.0,2022-23,10,0.0046797027,0,0.35886973
1653.0,2022-23,11,0.0046797027,0,0.35610068
1653.0,2022-23,12,0.015195901,0,0.35387582
1653.0,2022-23,13,-0.01385076,0,0.35226095
1653.0,2022-23,14,-0.01385076,0,0.34882358
1653.0,2022-23,15,-0.01385076,0,0.34562293
1653.0,2022-23,16,-0.01385076,0,0.34349442
1653.0,2022-23,17,-0.01385076,0,0.34260517
1653.0,2022-23,18,-0.01385076,0,0.34275573
1653.0,2022-23,19,-0.01385076,0,0.34275573
1653.0,2022-23,20,-0.01385076,0,0.34275573
1653.0,2022-23,21,-0.01385076,0,0.34275573
1653.0,2022-23,22,-0.01385076,0,0.34275573
1653.0,2022-23,23,-0.01385076,0,0.34275573
1653.0,2022-23,24,-0.01385076,0,0.34275573
1653.0,2022-23,25,0.38253325,0,0.34275573
1653.0,2022-23,26,1.6967796,5,0.5833659
1653.0,2022-23,27,2.7050657,6,1.1668993
1653.0,2022-23,28,2.461756,1,1.3135072
1653.0,2022-23,29,2.5770664,10,1.2017953
1653.0,2022-23,30,1.9092954,1,1.9438251
1653.0,2022-23,31,2.5528727,1,2.195306
1653.0,2022-23,32,3.1156476,6,2.7021906
1653.0,2022-23,33,2.3977485,0,1.2051156
1653.0,2022-23,34,2.8266392,1,0.6071986
1653.0,2022-23,35,-0.057101708,0,0.8555502
1653.0,2022-23,36,0.069272965,0,0.578202
1653.0,2022-23,37,2.0644033,7,0.19027662
1654.0,2022-23,6,1.5104134,1,1.9158765
1654.0,2022-23,7,1.1244587,0,1.8015231
1654.0,2022-23,8,0.5984769,1,1.1029763
1654.0,2022-23,9,0.29858115,7,1.1660024
1654.0,2022-23,10,0.46810406,1,1.426605
1654.0,2022-23,11,0.6239676,6,1.2546731
1654.0,2022-23,12,0.5807704,6,1.6869907
1654.0,2022-23,13,-0.005680657,0,1.7445501
1654.0,2022-23,14,0.6225193,11,1.3840933
1654.0,2022-23,15,0.30215397,1,2.2246995
1654.0,2022-23,16,2.4052463,5,1.6883216
1654.0,2022-23,17,2.6021516,1,1.9714707
1654.0,2022-23,18,2.5972323,6,1.2983214
1654.0,2022-23,19,2.4367018,2,1.6630967
1654.0,2022-23,20,3.0108495,7,1.3437515
1654.0,2022-23,21,3.413341,6,1.5430402
1654.0,2022-23,22,3.4723392,13,2.1392758
1654.0,2022-23,23,2.2457929,2,1.7971083
1654.0,2022-23,24,3.1924477,1,2.002556
1654.0,2022-23,25,0.26657802,0,2.5350053
1654.0,2022-23,26,3.5274699,1,1.972366
1654.0,2022-23,27,3.4418845,2,1.8649817
1654.0,2022-23,27,3.4418845,2,2.1608174
1654.0,2022-23,27,3.6445885,7,1.8649817
1654.0,2022-23,27,3.6445885,7,2.1608174
1654.0,2022-23,28,3.18309,2,1.8641268
1654.0,2022-23,29,3.0319679,1,2.0602138
1654.0,2022-23,29,3.0319679,1,2.9675333
1654.0,2022-23,29,2.5289297,2,2.0602138
1654.0,2022-23,29,2.5289297,2,2.9675333
1654.0,2022-23,30,1.9453883,1,2.3011405
1654.0,2022-23,31,1.8492951,1,2.1352077
1654.0,2022-23,32,2.0885286,2,1.3259131
1654.0,2022-23,33,2.3178859,6,1.1744988
1654.0,2022-23,34,2.6488135,2,0.8314624
1654.0,2022-23,35,1.171051,2,0.6603548
1654.0,2022-23,36,3.0168405,11,0.8024125
1654.0,2022-23,37,4.0946426,2,0.95990235
1654.0,2022-23,38,2.91377,6,2.2402437
1665.0,2022-23,6,0.5867405,6,2.089943
1665.0,2022-23,7,0.1581085,0,1.771381
1665.0,2022-23,8,-0.23516798,8,1.1197084
1665.0,2022-23,9,-0.32805914,2,1.8641094
1665.0,2022-23,10,0.62647563,1,2.3882217
1665.0,2022-23,11,0.41051143,1,2.8497741
1665.0,2022-23,12,0.76850957,1,2.162471
1665.0,2022-23,13,1.4293127,5,2.3237529
1665.0,2022-23,14,0.44749248,6,1.7911776
1665.0,2022-23,15,0.26215145,1,1.9777097
1665.0,2022-23,16,3.8011565,1,2.091957
1665.0,2022-23,17,2.924119,3,2.7501636
1665.0,2022-23,18,3.8844347,1,2.5266144
1665.0,2022-23,19,4.0668087,0,3.6079018
1665.0,2022-23,20,3.7058692,1,2.1166673
1665.0,2022-23,21,3.9682992,0,0.9334331
1665.0,2022-23,22,2.5513766,15,0.95927614
1665.0,2022-23,23,2.8390636,1,2.127996
1665.0,2022-23,24,3.297602,8,2.6177013
1665.0,2022-23,25,3.3137352,1,2.4145129
1665.0,2022-23,25,3.3137352,1,2.908944
1665.0,2022-23,25,3.4146192,-1,2.4145129
1665.0,2022-23,25,3.4146192,-1,2.908944
1665.0,2022-23,26,4.2710586,0,2.3290625
1665.0,2022-23,27,3.8218596,8,3.3967707
1665.0,2022-23,28,2.8731863,4,3.4542687
1665.0,2022-23,29,2.9352798,2,2.4935799
1665.0,2022-23,30,2.3661582,1,2.2180405
1665.0,2022-23,31,3.714859,1,2.8343737
1665.0,2022-23,32,2.8336806,6,2.0937765
1665.0,2022-23,33,2.7207294,0,2.6297352
1665.0,2022-23,34,2.9832118,1,2.1800218
1665.0,2022-23,35,1.9438733,2,2.0455303
1665.0,2022-23,36,2.1119509,1,2.1165662
1665.0,2022-23,37,3.5997634,2,1.3422215
1665.0,2022-23,38,3.1662273,8,0.82373315
1687.0,2022-23,6,0.6615155,0,0.3731973
1687.0,2022-23,7,0.16212422,0,0.37859374
1687.0,2022-23,8,0.16491014,0,0.37972614
1687.0,2022-23,9,0.17180271,0,0.3657509
1687.0,2022-23,10,-0.030822681,0,0.3472779
1687.0,2022-23,11,-0.022015229,0,0.33748472
1687.0,2022-23,12,-0.00579334,0,0.3601753
1687.0,2022-23,13,-0.00579334,0,0.35124275
1687.0,2022-23,14,0.3945487,6,0.34582955
1687.0,2022-23,15,-0.11747986,0,0.6695587
1687.0,2022-23,16,-0.11747986,0,0.5851283
1687.0,2022-23,17,1.8677899,1,0.49231464
1687.0,2022-23,18,1.4861012,1,0.87757176
1687.0,2022-23,19,1.5796895,7,0.6945204
1687.0,2022-23,20,1.1099632,1,0.8751828
1687.0,2022-23,21,0.19254602,0,0.25414425
1687.0,2022-23,22,2.192089,1,0.27371255
1687.0,2022-23,23,1.5298355,7,0.4818998
1687.0,2022-23,24,0.07530204,0,0.8149169
1687.0,2022-23,25,0.15325275,0,0.6841067
1687.0,2022-23,26,0.18942884,0,0.5929743
1687.0,2022-23,27,1.7567835,1,0.45525116
1687.0,2022-23,28,0.014050268,0,0.81795865
1687.0,2022-23,29,0.042209674,0,0.94843477
1687.0,2022-23,30,1.9554474,6,0.81728023
1687.0,2022-23,31,1.9510745,5,1.9699947
1687.0,2022-23,32,0.04458816,0,1.0715823
1687.0,2022-23,33,-0.11377508,0,0.64904344
1687.0,2022-23,34,1.5343543,1,0.40049577
1687.0,2022-23,35,0.21762702,0,0.89022356
1687.0,2022-23,36,2.3545284,1,0.75289196
1687.0,2022-23,37,0.003172587,0,0.79703254
1687.0,2022-23,38,2.3987916,2,0.51113975
1688.0,2022-23,6,1.1313273,1,2.1763074
1688.0,2022-23,7,0.67399365,0,1.7807287
1688.0,2022-23,8,0.72840905,0,1.2330081
1688.0,2022-23,9,-0.22582418,0,0.7793567
1688.0,2022-23,10,0.53129625,0,0.38848835
1688.0,2022-23,11,0.7037196,6,0.5202742
1688.0,2022-23,12,0.60530955,1,0.9606121
1688.0,2022-23,13,0.29080537,2,1.0724655
1688.0,2022-23,14,0.35342318,7,1.0777769
1688.0,2022-23,15,0.86604536,2,1.6485683
1688.0,2022-23,16,3.3574796,9,1.9096541
1688.0,2022-23,17,3.6348183,8,2.1881337
1688.0,2022-23,18,5.0515,2,1.696592
1688.0,2022-23,19,3.5517204,1,1.9259824
1688.0,2022-23,20,5.114048,1,1.0992247
1688.0,2022-23,21,3.4839823,6,1.5683244
1688.0,2022-23,22,3.2710652,1,2.043854
1688.0,2022-23,23,4.307512,5,1.9473144
1688.0,2022-23,24,2.1973746,8,1.7077641
1688.0,2022-23,25,5.058532,5,2.0456991
1688.0,2022-23,26,2.136943,9,2.974836
1688.0,2022-23,27,2.9911878,2,2.1694233
1688.0,2022-23,28,0.4016181,0,1.0748094
1688.0,2022-23,29,1.7216685,1,0.8211364
1688.0,2022-23,29,1.7216685,1,1.1743362
1688.0,2022-23,29,1.9852308,1,0.8211364
1688.0,2022-23,29,1.9852308,1,1.1743362
1688.0,2022-23,30,1.9258734,0,1.7776337
1688.0,2022-23,31,3.4481945,2,1.3073583
1688.0,2022-23,32,2.9948108,4,0.811956
1688.0,2022-23,33,1.9834111,6,1.8394328
1688.0,2022-23,34,5.6839314,1,1.5879883
1688.0,2022-23,34,5.6839314,1,1.8959529
1688.0,2022-23,34,6.040879,1,1.5879883
1688.0,2022-23,34,6.040879,1,1.8959529
1688.0,2022-23,35,2.322084,6,0.65660644
1688.0,2022-23,36,4.149652,6,1.0392486
1688.0,2022-23,37,3.0251985,2,0.9107195
1719.0,2022-23,20,-0.017736046,0,0.3723359
1719.0,2022-23,21,0.0046797027,0,0.3547882
1719.0,2022-23,22,0.0046797027,0,0.35274538
1719.0,2022-23,23,0.015195901,0,0.35110658
1719.0,2022-23,24,-0.01385076,0,0.34990966
1719.0,2022-23,25,-0.01385076,0,0.34723777
1719.0,2022-23,26,-0.01385076,0,0.34483147
1719.0,2022-23,27,-0.01385076,0,0.34324995
1719.0,2022-23,28,-0.01385076,0,0.3426053
1719.0,2022-23,29,0.25742564,1,0.34275573
1719.0,2022-23,30,-0.012990055,0,0.59501475
1719.0,2022-23,31,-0.012990055,0,0.6128886
1719.0,2022-23,32,1.3040255,1,0.6029445
1719.0,2022-23,33,0.043348182,0,1.178717
1719.0,2022-23,34,0.043348182,0,0.62957734
1719.0,2022-23,35,0.06674069,0,0.3588645
1719.0,2022-23,36,1.1060798,1,0.29480815
1735.0,2022-23,6,-0.034907207,0,0.56693065
1735.0,2022-23,7,-0.0263335,0,0.40332156
1735.0,2022-23,8,0.032432176,1,0.36338332
1735.0,2022-23,9,0.028333228,0,0.42283714
1735.0,2022-23,10,0.028333228,0,0.5747387
1735.0,2022-23,11,0.028333228,0,0.6629891
1735.0,2022-23,12,-0.0024199334,0,0.55777985
1735.0,2022-23,13,-0.0024199334,0,0.41602427
1735.0,2022-23,14,0.4345788,1,0.34783158
1735.0,2022-23,15,0.028333228,0,0.45160043
1735.0,2022-23,16,1.1544803,6,0.6463367
1735.0,2022-23,17,-0.01534178,0,3.4568353
1735.0,2022-23,18,-0.019375091,0,1.1470999
1735.0,2022-23,19,-0.019375091,0,0.56128365
1735.0,2022-23,20,-0.009518959,0,0.34324232
1735.0,2022-23,21,1.5805463,2,0.32491094
1735.0,2022-23,22,0.013534551,0,1.0528847
1735.0,2022-23,23,1.6665379,1,0.66998106
1735.0,2022-23,24,2.1492193,7,0.8298858
1735.0,2022-23,25,1.5911117,0,1.0220991
1735.0,2022-23,26,1.1279567,1,0.87434274
1735.0,2022-23,27,1.7963885,6,1.5837201
1735.0,2022-23,28,1.6321638,0,1.2590989
1735.0,2022-23,29,2.042785,2,1.539627
1735.0,2022-23,29,2.042785,2,1.0970682
1735.0,2022-23,29,2.1121035,1,1.539627
1735.0,2022-23,29,2.1121035,1,1.0970682
1735.0,2022-23,30,3.3145592,6,1.2314271
1735.0,2022-23,31,3.8363235,0,0.7653558
1735.0,2022-23,32,3.729458,0,1.1233038
1749.0,2022-23,9,0.10311164,0,0.62857085
1749.0,2022-23,10,0.10791154,0,0.46536627
1749.0,2022-23,11,0.030064214,1,0.35792807
1749.0,2022-23,12,-0.033207376,0,0.3720243
1749.0,2022-23,13,-0.026387312,0,0.38439766
1749.0,2022-23,14,0.028333228,0,0.3878578
1749.0,2022-23,15,0.0055763605,1,0.37775728
1749.0,2022-23,16,0.028333228,0,0.42086107
1749.0,2022-23,17,0.028333228,0,0.5601412
1749.0,2022-23,18,1.0579385,1,0.6516241
1749.0,2022-23,19,0.028333228,0,0.76280934
1749.0,2022-23,20,0.028333228,0,0.5469811
1749.0,2022-23,21,1.1339179,1,0.43132466
1749.0,2022-23,22,0.028333228,0,0.7341485
1749.0,2022-23,23,0.028333228,0,0.7274884
1749.0,2022-23,24,1.3008872,1,0.62671834
1749.0,2022-23,25,0.031264205,0,0.36320102
1749.0,2022-23,26,0.031264205,0,0.2419684
1749.0,2022-23,27,0.031264205,0,0.37366748
1749.0,2022-23,28,1.7115598,2,0.3291257
1749.0,2022-23,29,1.934833,2,1.7689767
1749.0,2022-23,30,2.258803,1,1.1247061
1749.0,2022-23,31,1.4184058,1,0.7723282
1749.0,2022-23,32,1.9814833,1,0.6107162
1749.0,2022-23,33,1.0177882,6,0.29712746
1749.0,2022-23,34,2.8500075,1,0.5506656
1791.0,2022-23,6,1.2592351,1,1.9916538
1791.0,2022-23,7,1.6330612,0,2.4557736
1791.0,2022-23,8,1.3178148,0,1.4182814
1791.0,2022-23,9,1.1082004,0,0.9981716
1791.0,2022-23,10,1.3585322,0,1.0473093
1791.0,2022-23,11,0.48289436,1,0.81938964
1791.0,2022-23,12,0.5818629,8,0.76171964
1791.0,2022-23,13,0.36534378,1,0.8379181
1791.0,2022-23,14,0.41268983,2,1.2634674
1791.0,2022-23,15,0.7330264,2,1.4190327
1791.0,2022-23,16,2.6788116,2,1.5161813
1791.0,2022-23,17,3.5593681,2,3.0934503
1791.0,2022-23,18,2.5554836,8,3.3852673
1791.0,2022-23,19,2.9218295,5,1.7401744
1791.0,2022-23,20,5.3142624,0,1.9476255
1791.0,2022-23,21,4.967602,1,0.9753095
1791.0,2022-23,22,2.761189,1,0.6074141
1791.0,2022-23,23,4.6822534,6,1.5489131
1791.0,2022-23,24,3.23759,12,1.7577447
1791.0,2022-23,25,4.728739,6,1.9325958
1791.0,2022-23,25,4.728739,6,1.8561785
1791.0,2022-23,25,3.5739481,7,1.9325958
1791.0,2022-23,25,3.5739481,7,1.8561785
1791.0,2022-23,26,3.7805119,6,0.98982984
1791.0,2022-23,27,2.7725773,2,1.5776249
1791.0,2022-23,28,-0.6075,0,1.7463468
1791.0,2022-23,29,2.019165,0,1.3190674
1791.0,2022-23,30,2.6423533,5,1.560513
1791.0,2022-23,31,5.9535203,9,0.91945404
1791.0,2022-23,32,4.7149463,5,1.5648326
1791.0,2022-23,33,3.7954772,5,2.4701207
1791.0,2022-23,34,6.0016894,4,2.7369015
1791.0,2022-23,34,6.0016894,4,1.9299246
1791.0,2022-23,34,5.7095766,7,2.7369015
1791.0,2022-23,34,5.7095766,7,1.9299246
1791.0,2022-23,35,4.502734,7,2.298996
1791.0,2022-23,36,3.0773532,13,1.6978713
1791.0,2022-23,37,4.3816833,1,2.3855824
1791.0,2022-23,38,3.7503717,4,2.6835275
1801.0,2022-23,6,0.24468066,1,0.6886045
1801.0,2022-23,7,-0.05702789,0,0.770957
1801.0,2022-23,8,0.46729738,1,0.6583151
1801.0,2022-23,9,0.10174884,6,0.7528219
1801.0,2022-23,10,-0.06974322,0,0.8959353
1801.0,2022-23,11,-0.017190652,0,0.73176634
1801.0,2022-23,12,0.0050678174,0,0.5627728
1801.0,2022-23,13,-0.020596972,0,0.43250865
1801.0,2022-23,14,-0.0024199334,0,0.39111942
1801.0,2022-23,15,0.015195901,0,0.39830568
1801.0,2022-23,16,0.015195901,0,0.39806393
1801.0,2022-23,17,0.015195901,0,0.39460987
1801.0,2022-23,18,0.3446481,1,0.38657203
1801.0,2022-23,19,0.028333228,0,0.55579895
1801.0,2022-23,20,0.028333228,0,0.5663751
1801.0,2022-23,21,0.028333228,0,0.5569082
1801.0,2022-23,22,-0.0024199334,0,0.43843392
1801.0,2022-23,23,-0.0024199334,0,0.34313035
1801.0,2022-23,24,0.015195901,0,0.34743446
1801.0,2022-23,25,0.015195901,0,0.34743446
1801.0,2022-23,26,0.015195901,0,0.34743446
1801.0,2022-23,27,0.34867245,1,0.34743446
1801.0,2022-23,28,1.4000698,1,0.47459823
1801.0,2022-23,29,1.0515012,7,0.6229902
1801.0,2022-23,29,1.0515012,7,1.0923564
1801.0,2022-23,29,2.3952653,2,0.6229902
1801.0,2022-23,29,2.3952653,2,1.0923564
1801.0,2022-23,30,1.8606285,1,0.743467
1823.0,2022-23,6,0.88411987,1,1.6664256
1823.0,2022-23,7,0.29711357,0,1.2987877
1823.0,2022-23,8,0.73894334,7,0.8325483
1823.0,2022-23,9,0.14559567,0,1.0416651
1823.0,2022-23,10,0.13872153,0,0.8183918
1823.0,2022-23,11,0.18380374,0,0.6252202
1823.0,2022-23,12,0.0027704083,0,0.5893989
1823.0,2022-23,13,0.026956482,0,0.5143063
1823.0,2022-23,14,0.056345735,1,0.42753005
1823.0,2022-23,15,0.46984184,10,0.43816838
1823.0,2022-23,16,1.9198202,2,1.3067209
1823.0,2022-23,17,2.134387,1,1.35887
1823.0,2022-23,18,2.359996,7,1.2061516
1823.0,2022-23,19,3.2873642,2,0.5415638
1823.0,2022-23,20,3.1053414,1,1.1284742
1823.0,2022-23,21,0.039904382,0,0.25540513
1823.0,2022-23,22,2.271435,0,0.2873983
1823.0,2022-23,23,1.1728011,-1,0.26468024
1823.0,2022-23,24,1.7594969,0,0.6864983
1823.0,2022-23,25,1.8500144,6,0.80463654
1823.0,2022-23,26,2.9168303,1,1.0852408
1823.0,2022-23,27,1.9285928,1,1.3120817
1823.0,2022-23,28,-0.11876976,0,1.0076576
1823.0,2022-23,29,1.6874303,0,0.60127276
1823.0,2022-23,29,1.6874303,0,0.89798003
1823.0,2022-23,29,1.79779,1,0.60127276
1823.0,2022-23,29,1.79779,1,0.89798003
1823.0,2022-23,30,-0.030999979,0,0.8633003
1823.0,2022-23,31,0.02313489,0,0.46847832
1823.0,2022-23,32,1.4031178,1,0.41132063
1823.0,2022-23,33,2.0234215,1,1.1126053
1823.0,2022-23,34,2.215665,1,0.508986
1823.0,2022-23,35,2.149582,1,0.50642127
1823.0,2022-23,36,0.07818274,0,0.5610114
1823.0,2022-23,37,1.9031572,0,0.5063517
1823.0,2022-23,38,1.6524605,2,0.5700927
2163.0,2022-23,6,0.055862293,0,2.3083384
2163.0,2022-23,7,0.50963235,0,1.5659018
2163.0,2022-23,8,0.19178009,0,1.1186129
2163.0,2022-23,9,0.11360873,0,0.59047997
2163.0,2022-23,10,0.20743737,0,0.4530595
2163.0,2022-23,11,0.20013143,0,0.44147867
2163.0,2022-23,12,0.03535649,1,0.41148838
2163.0,2022-23,13,0.2154741,0,0.58454645
2163.0,2022-23,14,0.058844686,0,0.5099454
2163.0,2022-23,15,0.08365228,0,0.437532
2163.0,2022-23,16,-0.03840225,0,0.3954826
2163.0,2022-23,17,0.9200518,1,0.3811193
2245.0,2022-23,7,0.15980388,0,2.046679
2245.0,2022-23,8,0.34591642,0,1.2138708
2245.0,2022-23,9,0.12071415,0,0.84878135
2245.0,2022-23,10,0.037044987,1,0.763333
2245.0,2022-23,11,0.4564398,6,0.5219046
2245.0,2022-23,12,0.48032334,6,1.5578158
2245.0,2022-23,13,0.048984934,1,2.7088158
2245.0,2022-23,14,0.1002839,0,1.8821747
2245.0,2022-23,15,0.072023116,0,0.9557726
2245.0,2022-23,16,0.019878395,0,0.5916988
2245.0,2022-23,17,1.528878,6,0.45414156
2245.0,2022-23,18,1.9352909,6,1.6749662
2245.0,2022-23,19,-0.036832083,0,1.587504
2245.0,2022-23,20,1.2246807,2,1.0177579
2245.0,2022-23,20,1.2246807,2,1.1993015
2245.0,2022-23,20,2.6282222,2,1.0177579
2245.0,2022-23,20,2.6282222,2,1.1993015
2245.0,2022-23,21,2.6152709,1,1.291005
2245.0,2022-23,22,3.49458,2,1.2815436
2245.0,2022-23,22,3.49458,2,1.335271
2245.0,2022-23,22,3.3245296,-1,1.2815436
2245.0,2022-23,22,3.3245296,-1,1.335271
2245.0,2022-23,23,-0.011677087,0,0.94708353
2245.0,2022-23,24,-0.019932147,0,0.71753836
2245.0,2022-23,25,-0.052400738,0,0.68232393
2245.0,2022-23,26,1.0617986,-1,0.7121
2245.0,2022-23,27,2.6007113,6,1.0305936
2245.0,2022-23,28,0.05427953,0,1.392888
2245.0,2022-23,29,1.8220469,2,0.8876993
2245.0,2022-23,29,1.8220469,2,1.1576505
2245.0,2022-23,29,2.1664805,7,0.8876993
2245.0,2022-23,29,2.1664805,7,1.1576505
2245.0,2022-23,30,0.28558388,0,0.60383743
2245.0,2022-23,31,0.44481024,0,0.3857685
2245.0,2022-23,32,-0.05430616,0,0.2036924
2245.0,2022-23,33,-0.04124788,0,0.20384149
2245.0,2022-23,34,0.0182279,0,0.32696098
2245.0,2022-23,35,0.008299222,0,0.45982292
2245.0,2022-23,36,1.8960713,6,0.43997526
2245.0,2022-23,37,2.0934966,6,1.8004495
2245.0,2022-23,37,2.0934966,6,1.4207867
2245.0,2022-23,37,2.5323496,2,1.8004495
2245.0,2022-23,37,2.5323496,2,1.4207867
2379.0,2022-23,6,0.58055955,2,3.2118714
2379.0,2022-23,7,0.10085202,0,3.2830474
2379.0,2022-23,8,0.56978124,9,1.6043049
2379.0,2022-23,9,1.735145,1,2.5918071
2379.0,2022-23,10,0.7825111,18,2.7006645
2379.0,2022-23,11,0.40073362,2,3.0398114
2379.0,2022-23,12,0.55853695,0,3.6752594
2379.0,2022-23,13,1.2182689,2,1.8625761
2379.0,2022-23,14,1.2712988,6,1.7207664
2379.0,2022-23,15,2.0012393,-2,2.0466843
2379.0,2022-23,16,4.6127687,1,1.378901
2379.0,2022-23,17,3.0977151,1,1.0587901
2379.0,2022-23,18,0.6144934,0,0.8843868
2379.0,2022-23,19,1.8069928,1,0.9875909
2379.0,2022-23,20,1.9165369,1,0.97072625
2379.0,2022-23,21,0.114800766,0,1.5059911
2379.0,2022-23,22,2.3658872,0,0.92637724
2379.0,2022-23,23,0.037709586,0,0.85646814
2379.0,2022-23,24,1.8758296,0,0.5655457
2379.0,2022-23,25,-0.03402214,0,0.38448286
2379.0,2022-23,26,-0.009665884,0,0.47000128
2379.0,2022-23,27,1.3854978,0,0.36040092
2379.0,2022-23,28,-0.016378902,0,0.49956274
2379.0,2022-23,29,0.44569832,0,0.37557697
2379.0,2022-23,30,0.5506521,0,0.47023422
2379.0,2022-23,31,0.3911049,0,0.36235756
2379.0,2022-23,32,-0.01385076,0,0.26197243
2379.0,2022-23,33,-0.01385076,0,0.22108683
2379.0,2022-23,34,0.52949065,0,0.19613975
2379.0,2022-23,35,0.654561,0,0.28056523
2498.0,2022-23,14,0.2429587,6,0.48128885
2498.0,2022-23,15,0.13024275,0,0.78939897
2498.0,2022-23,16,2.5123813,1,0.6667727
2498.0,2022-23,17,0.08525482,0,2.4019377
2498.0,2022-23,18,0.10778074,0,1.3381327
2498.0,2022-23,19,0.105388716,0,0.66222006
2498.0,2022-23,20,0.06074593,0,0.4312976
2498.0,2022-23,21,1.6901313,8,0.41589773
2498.0,2022-23,22,-0.050823964,0,1.4459978
2498.0,2022-23,23,1.4833918,2,0.9696966
2498.0,2022-23,24,2.8545296,2,1.8820201
2498.0,2022-23,25,0.27175513,0,1.4418741
2498.0,2022-23,26,0.27175513,0,1.4165485
2498.0,2022-23,27,0.16053104,0,0.7868153
2498.0,2022-23,28,0.05197768,0,0.6015504
2498.0,2022-23,29,0.12024276,0,0.5949208
2498.0,2022-23,30,0.042165555,0,0.47959203
2498.0,2022-23,31,2.0095308,2,0.4546944
2498.0,2022-23,32,0.064909324,0,1.4090439
2498.0,2022-23,33,0.04338074,0,0.76047635
2498.0,2022-23,34,0.04338074,0,0.41527277
2498.0,2022-23,35,1.4774911,2,0.2911648
2498.0,2022-23,36,1.1253271,7,1.2395324
2498.0,2022-23,37,2.2162495,6,0.89238244
2498.0,2022-23,38,1.1117681,2,1.1409279
2674.0,2022-23,8,0.22932425,2,0.6782269
2674.0,2022-23,9,0.29536465,10,0.67292035
2674.0,2022-23,10,0.16416524,1,1.8985994
2674.0,2022-23,11,0.94141436,3,3.0839024
2674.0,2022-23,12,0.5977233,2,1.3838605
2674.0,2022-23,13,0.9256725,6,2.723334
2674.0,2022-23,14,0.44020757,1,2.226813
2674.0,2022-23,15,0.48968774,1,2.2305713
2674.0,2022-23,16,3.316762,1,2.5456278
2674.0,2022-23,17,2.8556523,1,1.8079426
2674.0,2022-23,18,0.13915694,0,1.6084243
2674.0,2022-23,19,2.780392,1,1.1097988
2674.0,2022-23,20,0.062071323,0,0.96410835
2674.0,2022-23,21,0.14827533,0,0.6856772
2674.0,2022-23,22,1.6898321,1,0.4991917
2674.0,2022-23,23,1.3658811,2,0.6436097
2674.0,2022-23,24,1.6809326,1,1.127706
2674.0,2022-23,25,0.10578438,0,1.0783024
2674.0,2022-23,26,0.08301974,0,0.64627194
2674.0,2022-23,27,1.8706148,2,0.3840043
2674.0,2022-23,28,-0.054352745,0,1.3770714
2674.0,2022-23,29,1.8127682,11,0.6623245
2674.0,2022-23,29,1.8127682,11,0.780678
2674.0,2022-23,29,2.2843149,1,0.6623245
2674.0,2022-23,29,2.2843149,1,0.780678
2674.0,2022-23,30,-0.015878048,0,0.6716792
2674.0,2022-23,31,1.5508188,4,1.4617338
2674.0,2022-23,32,1.3542031,1,1.3290188
2674.0,2022-23,33,0.07617837,0,1.2012773
2674.0,2022-23,34,1.7223499,1,2.0542912
2674.0,2022-23,35,0.87618154,6,1.295325
2674.0,2022-23,36,-0.1949035,0,1.1295365
2674.0,2022-23,37,2.7240636,1,1.0536287
2674.0,2022-23,38,2.4277778,1,0.77665025
2958.0,2022-23,6,0.44714627,1,1.0571392
2958.0,2022-23,7,0.31106514,0,0.96842074
2958.0,2022-23,8,0.3131287,0,0.7872649
2958.0,2022-23,9,0.94427437,2,0.5840116
2958.0,2022-23,10,0.11133274,0,0.89912325
2958.0,2022-23,11,0.016578922,0,0.7801329
2958.0,2022-23,12,0.15224636,0,0.6354288
2958.0,2022-23,13,-0.026659837,0,0.52288276
2958.0,2022-23,14,-0.026659837,0,0.42723796
2958.0,2022-23,15,0.083654,7,0.37427515
2958.0,2022-23,16,1.7443141,7,0.45085764
2958.0,2022-23,17,2.3616219,1,1.9652075
2958.0,2022-23,18,1.9109781,1,0.6427731
2958.0,2022-23,19,2.512289,5,1.120191
2958.0,2022-23,20,3.642544,6,2.842981
2958.0,2022-23,21,3.2991185,1,3.2839904
2958.0,2022-23,22,3.3737576,1,3.1748307
2958.0,2022-23,23,3.9707944,2,2.378129
2958.0,2022-23,23,3.9707944,2,1.4585296
2958.0,2022-23,23,3.0472383,1,2.378129
2958.0,2022-23,23,3.0472383,1,1.4585296
2958.0,2022-23,24,3.970698,7,1.3802545
2958.0,2022-23,25,4.793265,7,2.34578
2958.0,2022-23,25,4.793265,7,5.023312
2958.0,2022-23,25,6.2903976,11,2.34578
2958.0,2022-23,25,6.2903976,11,5.023312
2958.0,2022-23,26,4.6709266,1,2.9115033
2958.0,2022-23,27,3.9687936,6,5.2907243
2958.0,2022-23,28,4.1247487,2,1.4070412
2958.0,2022-23,29,3.7924774,2,2.1775887
2958.0,2022-23,30,2.721442,1,2.0071816
2958.0,2022-23,31,-0.120174594,0,1.635341
2958.0,2022-23,32,2.7102716,0,1.6503544
2958.0,2022-23,33,1.0876241,0,1.2350115
2958.0,2022-23,34,2.3356705,2,0.94295335
2958.0,2022-23,35,1.9226248,6,1.0671467
3203.0,2022-23,9,0.42881078,1,0.45372462
3203.0,2022-23,10,0.009480199,0,0.6043491
3203.0,2022-23,11,0.40232304,9,0.5748833
3203.0,2022-23,12,0.5310454,6,2.4370735
3203.0,2022-23,13,0.29878962,0,1.4178816
3203.0,2022-23,14,0.6364289,7,0.988993
3203.0,2022-23,15,0.778545,1,0.86530715
3203.0,2022-23,16,2.7091548,1,1.4640896
3203.0,2022-23,17,2.889646,6,2.1922383
3203.0,2022-23,18,3.3684235,2,2.3964064
3203.0,2022-23,19,3.4297745,1,1.848735
3203.0,2022-23,20,2.6229603,2,1.4612987
3203.0,2022-23,21,3.2937582,2,1.3302524
3203.0,2022-23,22,2.671042,8,1.594045
3203.0,2022-23,23,2.017168,6,1.3857175
3203.0,2022-23,24,2.7204251,6,1.3173035
3203.0,2022-23,25,2.6691773,2,1.279152
3203.0,2022-23,26,2.2789729,1,1.3798484
3203.0,2022-23,27,-0.03369682,0,2.1709166
3203.0,2022-23,28,0.15195659,0,1.4771342
3203.0,2022-23,29,1.8432659,1,0.7097118
3203.0,2022-23,30,0.057447415,0,0.9947368
3203.0,2022-23,31,0.038708277,0,0.7852625
3203.0,2022-23,32,0.009453765,0,0.5738956
3203.0,2022-23,33,-0.053326983,0,0.43113953
3203.0,2022-23,34,0.67071646,2,0.36845484
3203.0,2022-23,34,0.67071646,2,1.4399587
3203.0,2022-23,34,1.2259897,2,0.36845484
3203.0,2022-23,34,1.2259897,2,1.4399587
3203.0,2022-23,35,1.7967945,2,1.0128825
3203.0,2022-23,36,2.4781551,8,0.6182814
3203.0,2022-23,37,1.7632383,1,0.5183565
3203.0,2022-23,38,1.0101519,1,0.3966303
3288.0,2022-23,6,0.35624513,8,1.8995129
3288.0,2022-23,7,0.35409036,0,1.8788068
3288.0,2022-23,8,-0.20413011,0,1.6912996
3288.0,2022-23,9,-0.100571156,6,1.2070212
3288.0,2022-23,10,-0.00068538793,0,1.8487805
3288.0,2022-23,11,0.16369788,7,1.2342542
3288.0,2022-23,12,0.024708554,0,0.8790771
3288.0,2022-23,13,0.6458637,2,0.9249298
3288.0,2022-23,14,0.1970782,0,1.4909483
3288.0,2022-23,15,0.41298765,2,1.246601
3288.0,2022-23,16,1.7889743,2,1.5405773
3288.0,2022-23,17,2.4194174,6,1.8998251
3288.0,2022-23,18,2.6076403,2,1.6532627
3288.0,2022-23,19,2.3336284,2,1.8105955
3288.0,2022-23,19,2.3336284,2,2.2842512
3288.0,2022-23,19,2.7093468,1,1.8105955
3288.0,2022-23,19,2.7093468,1,2.2842512
3288.0,2022-23,20,2.7357655,8,1.2450191
3288.0,2022-23,21,2.2856333,6,1.2184405
3288.0,2022-23,22,3.389499,6,1.5782784
3288.0,2022-23,23,2.6716955,2,1.9077884
3288.0,2022-23,24,0.09185633,0,2.4042985
3288.0,2022-23,25,2.4748666,1,1.7389016
3288.0,2022-23,26,0.19102713,0,1.0057203
3288.0,2022-23,27,-0.014838102,0,0.72829026
3288.0,2022-23,28,0.14809638,0,0.61597717
3288.0,2022-23,29,0.005682864,0,0.49019587
3288.0,2022-23,30,-0.0026762062,0,0.38149428
3288.0,2022-23,31,-0.0016845369,0,0.40808594
3288.0,2022-23,32,0.008516562,0,0.39066032
3288.0,2022-23,33,0.914304,1,0.37498564
3288.0,2022-23,34,1.2223032,1,1.3144808
3288.0,2022-23,35,2.6035323,2,1.7156527
3288.0,2022-23,36,4.4709573,0,1.3727226
3288.0,2022-23,37,1.0912081,2,1.3969673
3288.0,2022-23,38,1.5897617,2,1.0175778
3298.0,2022-23,14,-0.021916144,0,0.332056
3298.0,2022-23,15,-0.016309548,0,0.34848124
3298.0,2022-23,16,-0.016309548,0,0.34924284
3298.0,2022-23,17,-0.00579334,0,0.34858882
3298.0,2022-23,18,-0.01385076,0,0.34792253
3298.0,2022-23,19,-0.01385076,0,0.34604597
3298.0,2022-23,20,0.40593055,1,0.34406057
3298.0,2022-23,21,0.0031829614,0,0.67479855
3298.0,2022-23,22,1.4385815,1,0.49864239
3303.0,2022-23,28,1.8920306,3,1.5414065
3303.0,2022-23,29,2.9372528,7,0.9574941
3303.0,2022-23,29,2.9372528,7,1.682099
3303.0,2022-23,29,2.1129625,1,0.9574941
3303.0,2022-23,29,2.1129625,1,1.682099
3303.0,2022-23,30,3.0851285,1,0.2256619
3303.0,2022-23,31,-0.24903396,0,0.028846905
3303.0,2022-23,32,-0.3036014,0,0.19620143
3303.0,2022-23,33,0.18643132,0,0.295007
3303.0,2022-23,34,0.05673994,0,0.41021028
3303.0,2022-23,35,-0.12190554,0,0.5540131
3303.0,2022-23,36,1.3856432,0,0.7767747
3303.0,2022-23,37,-0.09677994,0,1.4212865
3303.0,2022-23,38,1.8455036,1,0.76603025
3600.0,2022-23,14,-0.21961138,0,1.2296845
3600.0,2022-23,15,0.028000467,1,1.2265505
3600.0,2022-23,16,2.413345,7,1.5178989
3600.0,2022-23,17,1.664255,1,2.2678807
3600.0,2022-23,18,1.9735658,10,3.0419142
3600.0,2022-23,19,4.312778,8,1.5673996
3600.0,2022-23,20,3.6940997,8,1.3176949
3600.0,2022-23,21,2.272873,2,1.1795477
3600.0,2022-23,22,2.6322932,1,3.2501476
3600.0,2022-23,23,4.9408956,0,1.5308355
3600.0,2022-23,24,3.5078356,2,2.2027671
3600.0,2022-23,25,0.2956383,0,1.0371808
3600.0,2022-23,26,3.041215,1,1.9667177
3600.0,2022-23,27,2.4520445,1,1.3701278
3600.0,2022-23,28,2.6148212,1,1.4255447
3600.0,2022-23,29,0.5424024,0,1.3183453
3600.0,2022-23,30,0.039109204,0,1.7663914
3600.0,2022-23,31,0.026182342,0,0.9337246
3600.0,2022-23,32,-0.040111974,0,0.45313308
3600.0,2022-23,33,0.6424042,2,0.26529673
3600.0,2022-23,34,1.023175,1,1.7035364
3600.0,2022-23,35,1.8305312,1,1.0796341
3600.0,2022-23,36,1.6477144,1,0.61136967
3600.0,2022-23,37,1.6449804,6,0.77780086
3600.0,2022-23,38,1.6808246,2,0.8220512
4120.0,2022-23,25,2.4726543,1,1.9073251
4120.0,2022-23,26,2.8265698,5,0.35872138
4120.0,2022-23,27,1.8478332,8,0.28742993
4120.0,2022-23,28,3.1790178,6,0.37290287
4120.0,2022-23,29,3.9044166,6,2.1031046
4120.0,2022-23,29,3.9044166,6,2.4736216
4120.0,2022-23,29,2.4054155,2,2.1031046
4120.0,2022-23,29,2.4054155,2,2.4736216
4120.0,2022-23,30,4.9985023,5,1.0307255
4120.0,2022-23,31,2.3678532,10,2.2129188
4120.0,2022-23,32,2.6121476,2,2.1720052
4120.0,2022-23,33,2.8178394,7,2.01965
4120.0,2022-23,34,2.8298204,2,1.1711656
4120.0,2022-23,35,2.7140377,2,1.9226314
4120.0,2022-23,36,3.054344,2,1.4792672
4120.0,2022-23,37,1.7393794,1,1.7112949
4120.0,2022-23,38,2.3844473,0,2.137957
5050.0,2022-23,6,0.5413585,2,0.3601477
5050.0,2022-23,7,0.022991937,0,0.70210487
5050.0,2022-23,8,0.32353818,1,0.6408054
5050.0,2022-23,9,0.03494788,1,0.95112634
5050.0,2022-23,10,0.039035913,0,1.0142293
5050.0,2022-23,11,0.039035913,0,0.71040934
5050.0,2022-23,12,0.007596873,0,0.43503362
5050.0,2022-23,13,0.46341234,5,0.39383304
5050.0,2022-23,14,0.11627309,1,1.5145651
5050.0,2022-23,15,1.0857395,1,2.270773
5050.0,2022-23,16,2.6524618,0,2.4718618
5050.0,2022-23,17,2.1043622,6,1.8916496
5050.0,2022-23,18,3.090483,0,1.5891031
5050.0,2022-23,19,1.7972639,6,0.85069954
5050.0,2022-23,20,1.9466552,0,0.7002233
5050.0,2022-23,20,1.9466552,0,0.3993032
5050.0,2022-23,20,3.5940278,1,0.7002233
5050.0,2022-23,20,3.5940278,1,0.3993032
5050.0,2022-23,21,-0.26742345,0,0.7272035
5050.0,2022-23,22,-0.15700626,0,1.1535667
5050.0,2022-23,23,-0.1331176,0,0.5246232
5050.0,2022-23,24,2.070796,6,0.42022687
5050.0,2022-23,25,2.1216547,6,1.5394695
5050.0,2022-23,26,2.5876021,2,1.6619235
5050.0,2022-23,27,2.9719555,2,1.9875213
5050.0,2022-23,28,3.4808164,1,1.776708
5050.0,2022-23,29,2.7374692,8,2.102322
5050.0,2022-23,30,2.8794222,2,1.1741506
5050.0,2022-23,31,2.5340307,1,1.3394142
5050.0,2022-23,32,-0.25199646,0,0.52466303
5050.0,2022-23,33,1.6745493,1,0.78944325
5050.0,2022-23,34,0.059889346,0,0.70240384
5050.0,2022-23,35,2.7692003,5,0.65910107
5050.0,2022-23,36,2.6171336,1,0.95724416
5050.0,2022-23,37,3.2902658,1,1.1594373
5050.0,2022-23,38,3.68578,2,1.5476683
5136.0,2022-23,8,0.36917242,0,0.9493836
5136.0,2022-23,9,0.23985794,0,0.8449349
5136.0,2022-23,10,0.6231728,2,1.4803511
5136.0,2022-23,11,0.1746078,1,1.0991503
5136.0,2022-23,12,0.3869492,0,1.1076773
5136.0,2022-23,13,-0.16025588,0,0.85533416
5136.0,2022-23,14,0.40311974,7,0.7340912
5136.0,2022-23,15,0.7400361,1,2.702264
5136.0,2022-23,16,3.8940372,1,2.2985537
5136.0,2022-23,17,3.113692,2,0.78866166
5136.0,2022-23,18,3.1433814,0,1.4754204
5136.0,2022-23,19,1.9752787,2,1.2433032
5136.0,2022-23,20,1.8623275,6,2.038196
5136.0,2022-23,21,2.579683,9,1.5161427
5136.0,2022-23,22,3.052061,6,1.277019
5136.0,2022-23,23,4.415771,7,1.478269
5136.0,2022-23,24,1.7784518,8,2.3369753
5136.0,2022-23,25,-0.103484854,0,2.2283092
5136.0,2022-23,26,4.237243,6,2.2599924
5136.0,2022-23,27,2.711504,1,2.1806815
5136.0,2022-23,27,2.711504,1,2.4889553
5136.0,2022-23,27,3.8637686,8,2.1806815
5136.0,2022-23,27,3.8637686,8,2.4889553
5136.0,2022-23,28,-0.0028362477,0,1.7414037
5136.0,2022-23,29,2.6511915,1,2.7532446
5136.0,2022-23,29,2.6511915,1,1.8855405
5136.0,2022-23,29,4.3306212,6,2.7532446
5136.0,2022-23,29,4.3306212,6,1.8855405
5136.0,2022-23,30,5.067411,1,2.149483
5136.0,2022-23,31,3.8649485,2,2.390263
5136.0,2022-23,32,0.37789074,0,2.1889596
5136.0,2022-23,33,4.51757,1,1.3643601
5136.0,2022-23,34,3.5617118,9,2.128035
5136.0,2022-23,34,3.5617118,9,2.437976
5136.0,2022-23,34,2.104617,7,2.128035
5136.0,2022-23,34,2.104617,7,2.437976
5136.0,2022-23,35,2.4566686,0,1.950037
5136.0,2022-23,36,2.0072715,17,2.641648
5136.0,2022-23,36,2.0072715,17,2.6745534
5136.0,2022-23,36,1.9216617,0,2.641648
5136.0,2022-23,36,1.9216617,0,2.6745534
5136.0,2022-23,37,4.6272445,2,3.7781138
5136.0,2022-23,37,4.6272445,2,1.945016
5136.0,2022-23,37,2.846618,2,3.7781138
5136.0,2022-23,37,2.846618,2,1.945016
5136.0,2022-23,38,3.835072,1,1.5541422
5264.0,2022-23,19,-0.03501763,0,0.37198013
5264.0,2022-23,20,-0.003925591,0,0.36991423
5264.0,2022-23,21,-0.003925591,0,0.36982864
5264.0,2022-23,22,1.0309741,0,0.3663168
5264.0,2022-23,23,0.022862852,0,0.42747897
5264.0,2022-23,24,0.022862852,0,0.37265855
5264.0,2022-23,25,0.022862852,0,0.333816
5264.0,2022-23,26,-0.022015229,0,0.31007445
5264.0,2022-23,27,-0.022015229,0,0.30254406
5264.0,2022-23,28,-0.00579334,0,0.34326935
5264.0,2022-23,29,-0.00579334,0,0.34326935
5264.0,2022-23,30,-0.00579334,0,0.34326935
5264.0,2022-23,31,0.4030318,0,0.34326935
5264.0,2022-23,32,1.646997,2,1.3177433
5264.0,2022-23,33,2.8981242,2,1.4945617
5264.0,2022-23,34,2.1520462,10,1.8112731
5264.0,2022-23,35,4.1042805,0,1.7312433
5584.0,2022-23,8,-0.017736046,0,0.3593077
5584.0,2022-23,9,0.0046797027,0,0.35408813
5584.0,2022-23,10,0.0046797027,0,0.35210863
5584.0,2022-23,11,0.015195901,0,0.35055643
5584.0,2022-23,12,-0.01385076,0,0.34942985
5584.0,2022-23,13,-0.01385076,0,0.3469593
5584.0,2022-23,14,-0.01385076,0,0.34476107
5584.0,2022-23,15,-0.01385076,0,0.3432861
5584.0,2022-23,16,-0.01385076,0,0.3426477
5584.0,2022-23,17,0.39526108,6,0.34275573
5584.0,2022-23,18,2.672331,9,2.0039039
5584.0,2022-23,19,2.1713698,6,0.9602405
5584.0,2022-23,20,2.08131,2,1.0308644
5584.0,2022-23,20,2.08131,2,1.620668
5584.0,2022-23,20,3.1895306,2,1.0308644
5584.0,2022-23,20,3.1895306,2,1.620668
5584.0,2022-23,21,2.7303584,1,1.3917754
5584.0,2022-23,22,3.561651,2,2.4107122
5584.0,2022-23,23,4.136497,1,1.2332481
5584.0,2022-23,24,3.7163703,1,1.6125365
5584.0,2022-23,25,-0.16715407,0,1.3058841
5584.0,2022-23,26,-0.10783841,0,1.5605525
5584.0,2022-23,27,2.976808,6,0.8452993
5584.0,2022-23,28,-0.030350074,0,1.8245693
5584.0,2022-23,29,0.06593499,0,1.1792593
5584.0,2022-23,30,2.560944,6,0.63553756
5584.0,2022-23,31,2.358906,6,0.5103003
5584.0,2022-23,32,-0.17313665,0,1.316429
5584.0,2022-23,33,3.0959122,1,1.0725741
5584.0,2022-23,34,2.168861,2,1.1613704
5584.0,2022-23,35,2.963084,1,2.112224
5584.0,2022-23,36,3.3437274,6,1.6026491
5584.0,2022-23,37,2.940513,6,1.1773882
5584.0,2022-23,37,2.940513,6,1.912141
5584.0,2022-23,37,3.505048,2,1.1773882
5584.0,2022-23,37,3.505048,2,1.912141
5590.0,2022-23,6,-0.047833327,1,1.6491443
5590.0,2022-23,7,0.1301431,0,1.3718663
5590.0,2022-23,8,-0.044818997,7,0.81654817
5590.0,2022-23,9,1.1826227,0,1.2795625
5590.0,2022-23,10,0.7978942,1,1.0218471
5590.0,2022-23,11,0.19852789,0,0.93005246
5590.0,2022-23,12,0.6313501,0,0.6244638
5590.0,2022-23,13,0.48064852,1,0.49294317
5590.0,2022-23,14,0.11061772,0,0.6681014
5590.0,2022-23,15,0.09328326,0,0.6523665
5590.0,2022-23,16,0.079146646,0,0.58483595
5590.0,2022-23,17,-0.020696793,0,0.5333314
5590.0,2022-23,18,1.0879011,1,0.47150284
5590.0,2022-23,19,2.0374992,6,0.7050258
5590.0,2022-23,19,2.0374992,6,1.6268791
5590.0,2022-23,19,2.5032284,1,0.7050258
5590.0,2022-23,19,2.5032284,1,1.6268791
5590.0,2022-23,20,1.9966027,1,1.402661
5590.0,2022-23,21,0.034620527,0,0.43171895
5590.0,2022-23,22,0.00059388444,0,0.2129998
5590.0,2022-23,23,-0.059886,0,0.34128484
5590.0,2022-23,24,-0.029731583,0,0.3184925
5590.0,2022-23,25,-0.014921969,0,0.34257662
5590.0,2022-23,26,0.0026938657,0,0.4107023
5590.0,2022-23,27,0.96665394,1,0.40929085
5590.0,2022-23,28,0.08275906,0,1.5489019
5590.0,2022-23,29,0.08275906,0,0.85992426
5590.0,2022-23,30,2.2534976,2,0.46785748
5590.0,2022-23,31,2.3560374,1,0.94779295
5590.0,2022-23,32,3.2964232,2,1.7812012
5590.0,2022-23,33,1.8642062,2,1.7875724
5590.0,2022-23,34,1.3192594,1,2.492979
5590.0,2022-23,34,1.3192594,1,1.4007869
5590.0,2022-23,34,1.3135705,2,2.492979
5590.0,2022-23,34,1.3135705,2,1.4007869
5590.0,2022-23,35,1.5080371,1,1.4341286
5590.0,2022-23,36,3.2184958,6,0.796054
5590.0,2022-23,37,3.0539985,0,0.98375064
5590.0,2022-23,38,0.878071,1,0.87992173
5613.0,2022-23,6,0.19289556,1,2.4762726
5613.0,2022-23,7,0.85246056,0,2.1187534
5613.0,2022-23,8,2.0055826,6,1.5948575
5613.0,2022-23,9,1.4101521,2,1.7118477
5613.0,2022-23,10,0.853913,1,1.7498158
5613.0,2022-23,11,0.35564765,8,1.5543016
5613.0,2022-23,12,0.33826134,0,1.8101481
5613.0,2022-23,13,0.26317412,2,1.9987737
5613.0,2022-23,14,0.849909,6,2.027448
5613.0,2022-23,15,0.13607205,15,1.9566908
5613.0,2022-23,16,2.7405074,5,2.7668843
5613.0,2022-23,17,3.7965946,2,2.0264766
5613.0,2022-23,18,2.591065,0,1.63598
5613.0,2022-23,19,2.747703,6,1.7184082
5613.0,2022-23,20,2.875825,5,1.1864388
5613.0,2022-23,21,2.6711786,1,2.3023784
5613.0,2022-23,22,3.0714471,2,2.3015013
5613.0,2022-23,23,3.141433,2,2.817304
5613.0,2022-23,23,3.141433,2,2.0294409
5613.0,2022-23,23,2.3766692,1,2.817304
5613.0,2022-23,23,2.3766692,1,2.0294409
5613.0,2022-23,24,3.068298,1,1.9747199
5613.0,2022-23,25,2.7495978,9,1.6997827
5613.0,2022-23,25,2.7495978,9,1.9965738
5613.0,2022-23,25,4.883074,6,1.6997827
5613.0,2022-23,25,4.883074,6,1.9965738
5613.0,2022-23,26,4.152056,1,1.374327
5613.0,2022-23,27,3.3249192,14,2.3361394
5613.0,2022-23,28,2.6446085,2,2.5585718
5613.0,2022-23,29,3.1972616,2,2.3806293
5613.0,2022-23,30,3.9624958,1,2.5853822
5613.0,2022-23,31,3.0675035,1,1.6469678
5613.0,2022-23,32,2.8996458,1,0.9145152
5613.0,2022-23,33,1.2554703,0,1.5843676
5613.0,2022-23,34,3.3509552,2,1.0428666
5613.0,2022-23,35,2.490462,7,1.2403729
5613.0,2022-23,36,3.6239438,1,1.6886289
5613.0,2022-23,37,5.1659856,1,1.2343768
5613.0,2022-23,38,3.5494764,6,1.537478
5712.0,2022-23,6,0.17822902,0,0.46822178
5712.0,2022-23,7,0.17687526,0,0.34137228
5712.0,2022-23,8,0.14031988,0,0.38745427
5712.0,2022-23,9,0.1508361,0,0.38953352
5712.0,2022-23,10,0.15955314,0,0.3860712
5712.0,2022-23,11,-0.01385076,0,0.37921244
5712.0,2022-23,12,-0.01385076,0,0.36563545
5712.0,2022-23,13,-0.01385076,0,0.35316086
5712.0,2022-23,14,-0.01385076,0,0.34539664
5712.0,2022-23,15,-0.01385076,0,0.3426981
5712.0,2022-23,16,-0.01385076,0,0.34275573
5712.0,2022-23,17,-0.01385076,0,0.34275573
5712.0,2022-23,18,-0.01385076,0,0.34275573
5712.0,2022-23,19,-0.01385076,0,0.34275573
5712.0,2022-23,20,-0.01385076,0,0.34275573
5712.0,2022-23,21,-0.01385076,0,0.34275573
5712.0,2022-23,22,-0.01385076,0,0.34275573
5712.0,2022-23,23,-0.01385076,0,0.34275573
5712.0,2022-23,24,-0.01385076,0,0.34275573
5712.0,2022-23,25,-0.01385076,0,0.34275573
5712.0,2022-23,26,-0.01385076,0,0.34275573
5712.0,2022-23,27,-0.01385076,0,0.34275573
5712.0,2022-23,28,-0.01385076,0,0.34275573
5712.0,2022-23,29,-0.01385076,0,0.34275573
5712.0,2022-23,30,-0.01385076,0,0.34275573
5712.0,2022-23,31,-0.01385076,0,0.34275573
5712.0,2022-23,32,-0.01385076,0,0.34275573
5712.0,2022-23,33,-0.01385076,0,0.34275573
5712.0,2022-23,34,-0.01385076,0,0.34275573
5712.0,2022-23,35,0.5176004,1,0.34275573
5973.0,2022-23,6,-0.20894755,3,1.6252867
5973.0,2022-23,7,0.07546864,0,1.6881257
5973.0,2022-23,8,-0.05073308,3,0.64157534
5973.0,2022-23,9,0.8685343,0,1.5005482
5973.0,2022-23,10,0.34019712,0,0.7708679
5973.0,2022-23,11,0.18033019,0,0.5888798
5973.0,2022-23,12,0.18707612,0,0.43003684
5973.0,2022-23,13,0.18361045,0,0.44085896
5973.0,2022-23,14,0.8298073,1,0.43281454
5973.0,2022-23,15,0.038807027,0,0.48868752
5973.0,2022-23,16,0.044592693,0,0.73061424
5973.0,2022-23,17,1.3739624,6,0.73213553
5973.0,2022-23,18,2.3814821,5,2.2263207
5973.0,2022-23,19,2.8785744,5,2.4688737
5973.0,2022-23,19,2.8785744,5,1.2669264
5973.0,2022-23,19,2.1206348,2,2.4688737
5973.0,2022-23,19,2.1206348,2,1.2669264
5973.0,2022-23,20,2.2521126,2,1.5868558
5973.0,2022-23,21,3.2774413,2,1.0721501
5973.0,2022-23,22,2.6288772,6,1.7782307
5973.0,2022-23,23,3.22141,6,2.5598533
5973.0,2022-23,24,2.526601,6,1.7640668
5973.0,2022-23,25,2.6347146,2,2.3621876
5973.0,2022-23,26,2.4890776,1,1.2934363
5973.0,2022-23,27,2.6258252,1,1.910349
5973.0,2022-23,28,-0.00701191,0,2.1681385
5973.0,2022-23,29,2.4462712,0,1.9804289
5973.0,2022-23,30,2.7426755,1,1.1827222
5973.0,2022-23,31,2.9953885,2,0.8535847
5973.0,2022-23,32,2.78076,2,1.0356095
5973.0,2022-23,33,2.342537,2,1.4077947
5973.0,2022-23,34,1.0588611,0,1.4290072
5973.0,2022-23,35,1.9156315,4,0.9309583
5973.0,2022-23,36,1.9386349,6,0.8005344
5973.0,2022-23,37,3.012223,1,1.2331041
5973.0,2022-23,38,1.2903917,8,0.9548542
5989.0,2022-23,6,0.16965376,0,0.53549445
5989.0,2022-23,7,0.23434423,0,0.40021265
5989.0,2022-23,8,0.16130914,0,0.41628855
5989.0,2022-23,9,0.17182533,0,0.41484755
5989.0,2022-23,10,0.17182533,0,0.40834486
5989.0,2022-23,11,-0.01385076,0,0.39960533
5989.0,2022-23,12,-0.01385076,0,0.3792227
5989.0,2022-23,13,-0.01385076,0,0.35994717
5989.0,2022-23,14,-0.01385076,0,0.34715104
5989.0,2022-23,15,-0.01385076,0,0.34216756
5989.0,2022-23,16,-0.01385076,0,0.34275573
5989.0,2022-23,17,-0.01385076,0,0.34275573
5989.0,2022-23,18,-0.01385076,0,0.34275573
5989.0,2022-23,19,-0.01385076,0,0.34275573
5989.0,2022-23,20,-0.01385076,0,0.34275573
5989.0,2022-23,21,-0.01385076,0,0.34275573
5989.0,2022-23,22,-0.01385076,0,0.34275573
5989.0,2022-23,23,-0.01385076,0,0.34275573
5989.0,2022-23,24,-0.01385076,0,0.34275573
5989.0,2022-23,25,-0.01385076,0,0.34275573
5989.0,2022-23,26,-0.01385076,0,0.34275573
5989.0,2022-23,27,-0.01385076,0,0.34275573
5989.0,2022-23,28,0.42818913,1,0.34275573
5989.0,2022-23,29,1.5823026,2,0.7084102
5989.0,2022-23,29,1.5823026,2,0.740953
5989.0,2022-23,29,1.8598797,1,0.7084102
5989.0,2022-23,29,1.8598797,1,0.740953
5989.0,2022-23,30,1.597803,1,0.7449936
5989.0,2022-23,31,1.8690572,1,0.7831716
5989.0,2022-23,32,0.6578159,1,0.6641938
5989.0,2022-23,33,1.1380334,1,1.0919766
5989.0,2022-23,34,0.85905486,1,0.5046606
5989.0,2022-23,35,2.0218098,1,0.676514
5989.0,2022-23,36,2.074194,1,0.75079936
5989.0,2022-23,37,2.265844,5,0.6973093
5989.0,2022-23,38,3.8945951,2,1.4137536
6042.0,2022-23,6,-0.06306499,0,0.40374222
6042.0,2022-23,7,-0.04133888,0,0.34854573
6042.0,2022-23,8,-0.025117,0,0.3837968
6042.0,2022-23,9,0.026549043,1,0.38366327
6042.0,2022-23,10,0.20646548,0,0.4800912
6042.0,2022-23,11,-0.024880668,0,0.47293884
6042.0,2022-23,12,0.016269166,1,0.4586264
6042.0,2022-23,13,0.14551903,0,0.49850672
6042.0,2022-23,14,0.14551903,0,0.47478342
6042.0,2022-23,15,0.38477966,0,0.4109068
6042.0,2022-23,16,-0.026099695,0,0.40502876
6042.0,2022-23,17,-0.026099695,0,0.39266533
6042.0,2022-23,18,1.1352711,1,0.362424
6042.0,2022-23,19,0.021653887,0,0.52283174
6042.0,2022-23,20,0.021653887,0,0.43618587
6042.0,2022-23,21,0.029126117,0,0.371832
6042.0,2022-23,22,0.7447926,1,0.3292802
6042.0,2022-23,23,1.7691505,-1,0.8289869
6042.0,2022-23,24,1.6341063,7,0.87707144
6042.0,2022-23,25,2.5017474,2,1.1518111
6042.0,2022-23,26,2.8173997,7,0.83033335
6042.0,2022-23,27,1.1953124,6,0.6607281
6042.0,2022-23,27,1.1953124,6,1.0324512
6042.0,2022-23,27,2.9141524,0,0.6607281
6042.0,2022-23,27,2.9141524,0,1.0324512
6042.0,2022-23,28,2.34175,1,0.70349747
6042.0,2022-23,29,1.6831143,1,0.61905986
6042.0,2022-23,30,1.5622891,0,1.0078686
6042.0,2022-23,31,2.1816175,0,0.8592908
6042.0,2022-23,32,1.3414762,1,1.0957063
6042.0,2022-23,33,2.2441561,2,1.148096
6042.0,2022-23,34,1.7532356,0,1.2347623
6042.0,2022-23,35,1.78534,0,1.2405847
6042.0,2022-23,36,2.226999,1,1.2797998
6042.0,2022-23,37,1.7242385,0,1.0071306
6042.0,2022-23,38,2.4077163,0,1.1138787
6047.0,2022-23,6,0.011792403,0,0.90098614
6047.0,2022-23,7,-0.012936132,0,0.578496
6047.0,2022-23,8,-0.012936132,0,0.40930837
6047.0,2022-23,9,0.015195901,0,0.3547391
6047.0,2022-23,10,0.020801099,1,0.35316074
6047.0,2022-23,11,0.028333228,0,0.41322422
6047.0,2022-23,12,0.028333228,0,0.5614045
6047.0,2022-23,13,0.033938434,1,0.6498759
6047.0,2022-23,14,0.028333228,0,0.5628707
6047.0,2022-23,15,0.028333228,0,0.6408982
6047.0,2022-23,16,0.028333228,0,0.6504878
6047.0,2022-23,17,-0.0024199334,0,0.5571584
6047.0,2022-23,18,-0.0024199334,0,0.42012805
6047.0,2022-23,19,0.015195901,0,0.35194936
6047.0,2022-23,20,0.015195901,0,0.35037297
6047.0,2022-23,21,0.015195901,0,0.34879765
6047.0,2022-23,22,-0.01385076,0,0.34769356
6047.0,2022-23,23,-0.01385076,0,0.34563935
6047.0,2022-23,24,-0.01385076,0,0.3442141
6047.0,2022-23,25,-0.01385076,0,0.34308362
6047.0,2022-23,26,-0.01385076,0,0.34260374
6047.0,2022-23,27,-0.01385076,0,0.34275573
6047.0,2022-23,28,-0.01385076,0,0.34275573
6047.0,2022-23,29,-0.01385076,0,0.34275573
6047.0,2022-23,30,-0.01385076,0,0.34275573
6047.0,2022-23,31,-0.01385076,0,0.34275573
6047.0,2022-23,32,-0.01385076,0,0.34275573
6047.0,2022-23,33,-0.01385076,0,0.34275573
6047.0,2022-23,34,-0.01385076,0,0.34275573
6047.0,2022-23,35,0.44321322,0,0.34275573
6048.0,2022-23,6,0.26695502,1,2.318466
6048.0,2022-23,7,0.5449923,0,2.8341165
6048.0,2022-23,8,0.44944337,0,1.2404792
6048.0,2022-23,9,0.4502334,1,0.8157127
6048.0,2022-23,10,0.7319512,2,0.8201845
6048.0,2022-23,11,0.2260203,1,1.0736558
6048.0,2022-23,12,0.40906337,8,1.3048187
6048.0,2022-23,13,0.6014015,1,1.6865395
6048.0,2022-23,14,0.88552487,2,1.3096789
6048.0,2022-23,15,0.43620676,1,1.8780782
6048.0,2022-23,16,4.213398,1,2.3809543
6048.0,2022-23,17,3.2958245,2,3.5442283
6048.0,2022-23,18,3.4016628,3,1.5536869
6048.0,2022-23,19,2.7964878,2,1.2151562
6048.0,2022-23,20,1.9862778,5,1.5625684
6048.0,2022-23,21,2.2691483,1,1.0394979
6048.0,2022-23,22,2.2534828,6,1.1974516
6048.0,2022-23,23,4.276724,2,0.9632703
6048.0,2022-23,24,2.2914882,2,2.1943102
6048.0,2022-23,25,-0.30218825,0,1.7756182
6048.0,2022-23,26,3.4452822,6,1.2146279
6048.0,2022-23,27,3.3877769,1,2.2447417
6048.0,2022-23,27,3.3877769,1,1.837547
6048.0,2022-23,27,3.44644,7,2.2447417
6048.0,2022-23,27,3.44644,7,1.837547
6048.0,2022-23,28,0.14784616,0,0.9938795
6048.0,2022-23,29,2.6935396,1,1.5225961
6048.0,2022-23,29,2.6935396,1,2.5623772
6048.0,2022-23,29,3.8657882,6,1.5225961
6048.0,2022-23,29,3.8657882,6,2.5623772
6048.0,2022-23,30,3.2635438,8,1.7568464
6048.0,2022-23,31,2.8229508,2,1.2848954
6048.0,2022-23,32,1.0912446,0,2.250471
6048.0,2022-23,33,3.4606345,1,2.1835396
6048.0,2022-23,34,3.036136,6,2.1541593
6048.0,2022-23,34,3.036136,6,1.2538497
6048.0,2022-23,34,1.8879744,5,2.1541593
6048.0,2022-23,34,1.8879744,5,1.2538497
6048.0,2022-23,35,2.819947,-1,0.99187344
6048.0,2022-23,36,0.8992893,6,1.4101467
6048.0,2022-23,36,0.8992893,6,1.4225403
6048.0,2022-23,36,1.4094719,0,1.4101467
6048.0,2022-23,36,1.4094719,0,1.4225403
6048.0,2022-23,37,2.5003335,2,1.075518
6080.0,2022-23,14,0.010986973,0,0.545545
6080.0,2022-23,15,0.021819815,1,0.46979612
6080.0,2022-23,16,1.5066288,2,0.4970157
6080.0,2022-23,17,0.07607064,0,1.2770628
6080.0,2022-23,18,0.039385755,0,0.7655837
6080.0,2022-23,19,2.091399,6,0.56616664
6080.0,2022-23,20,-0.057547588,0,1.9444811
6080.0,2022-23,21,-0.052773386,0,0.9667594
6080.0,2022-23,22,2.2826025,1,0.58378094
6080.0,2022-23,22,2.2826025,1,0.89650136
6080.0,2022-23,22,1.5574783,1,0.58378094
6080.0,2022-23,22,1.5574783,1,0.89650136
6080.0,2022-23,23,-0.041668948,0,1.0396651
6080.0,2022-23,24,1.9838071,7,0.70725965
6080.0,2022-23,25,-0.0915753,0,1.2210215
6080.0,2022-23,26,-0.07722094,0,0.73999184
6080.0,2022-23,27,0.029476214,0,0.43478268
6080.0,2022-23,28,0.033956442,0,0.34739786
6080.0,2022-23,29,0.9938943,1,0.31812453
6080.0,2022-23,29,0.9938943,1,0.47243828
6080.0,2022-23,29,1.5766221,1,0.31812453
6080.0,2022-23,29,1.5766221,1,0.47243828
6080.0,2022-23,30,0.042554736,0,0.892657
6080.0,2022-23,31,1.719722,7,0.8382595
6080.0,2022-23,32,0.060552724,0,1.7054642
6080.0,2022-23,33,2.517466,0,0.65496653
6080.0,2022-23,34,2.006514,6,0.8466413
6080.0,2022-23,34,2.006514,6,1.8825384
6080.0,2022-23,34,2.0480962,2,0.8466413
6080.0,2022-23,34,2.0480962,2,1.8825384
6080.0,2022-23,35,3.0172348,2,1.6187013
6080.0,2022-23,36,3.9927156,7,1.1351005
6080.0,2022-23,37,3.915337,6,1.1882572
6080.0,2022-23,37,3.915337,6,1.219965
6080.0,2022-23,37,3.0014336,2,1.1882572
6080.0,2022-23,37,3.0014336,2,1.219965
6080.0,2022-23,38,3.6620183,2,1.1932943
6083.0,2022-23,14,-0.021916144,0,0.36191115
6083.0,2022-23,15,-0.016309548,0,0.34520784
6083.0,2022-23,16,0.7657554,1,0.3469544
6083.0,2022-23,17,0.006824684,0,0.46406913
6083.0,2022-23,18,0.028333228,0,0.4024781
6083.0,2022-23,19,1.085917,1,0.35679775
6083.0,2022-23,20,0.39188647,0,0.7724643
6083.0,2022-23,21,0.39188647,0,0.61812425
6083.0,2022-23,22,0.3941461,0,0.47716355
6083.0,2022-23,23,-0.0053873956,0,0.3681544
6083.0,2022-23,24,-0.0053873956,0,0.32268792
6083.0,2022-23,25,0.041353907,0,0.37599277
6083.0,2022-23,26,1.5367018,0,0.3739363
6157.0,2022-23,6,1.0254138,0,1.0765647
6157.0,2022-23,7,0.15230677,0,0.7358864
6157.0,2022-23,8,0.3040944,2,0.62639695
6157.0,2022-23,9,1.1424322,8,1.2840003
6157.0,2022-23,10,0.2595275,7,0.6827796
6157.0,2022-23,11,0.5283706,6,0.86741066
6157.0,2022-23,12,1.1958605,6,2.2299094
6157.0,2022-23,13,1.5819633,12,2.3874762
6157.0,2022-23,14,0.7906426,2,1.817
6157.0,2022-23,15,0.71686906,6,3.18311
6157.0,2022-23,16,1.6101955,6,2.479221
6157.0,2022-23,17,2.5280192,1,2.7119002
6157.0,2022-23,18,2.6272557,1,3.0973203
6157.0,2022-23,19,3.7074537,1,2.1645203
6157.0,2022-23,20,3.9982512,1,3.5229075
6157.0,2022-23,21,2.963328,1,3.0861013
6157.0,2022-23,22,3.9548655,0,2.6948206
6157.0,2022-23,23,3.6668518,5,1.9783512
6157.0,2022-23,24,1.4748341,1,1.9622372
6157.0,2022-23,25,1.9529445,2,1.1000967
6157.0,2022-23,26,2.8392985,2,0.9432518
6157.0,2022-23,27,3.0765774,1,1.2869161
6157.0,2022-23,28,1.5172446,2,1.3632578
6157.0,2022-23,29,2.3178108,6,1.46841
6157.0,2022-23,29,2.3178108,6,1.2515236
6157.0,2022-23,29,2.9947062,0,1.46841
6157.0,2022-23,29,2.9947062,0,1.2515236
6157.0,2022-23,30,3.4074233,2,1.1891441
6157.0,2022-23,31,0.61566085,1,1.0894089
6157.0,2022-23,32,3.1493134,10,1.4874063
6157.0,2022-23,33,3.9886277,2,2.1338756
6157.0,2022-23,34,3.272235,1,3.138909
6157.0,2022-23,35,4.459278,0,1.4682992
6157.0,2022-23,36,4.020821,1,1.5952495
6157.0,2022-23,37,1.4843658,6,0.91046494
6157.0,2022-23,38,3.841599,2,1.1167608
6163.0,2022-23,7,-0.20350692,0,0.8895913
6163.0,2022-23,8,0.33891997,1,0.6315304
6163.0,2022-23,9,-0.043261148,1,0.56387514
6163.0,2022-23,10,-0.0056486097,1,0.7143779
6163.0,2022-23,11,0.12100295,1,0.91572297
6163.0,2022-23,12,-0.06293779,1,0.85147095
6163.0,2022-23,13,0.23765002,0,1.0954524
6163.0,2022-23,14,0.04230773,5,1.0898846
6163.0,2022-23,15,0.36168253,-3,1.7528405
6163.0,2022-23,16,2.3167539,2,1.5028851
6163.0,2022-23,17,1.5166347,2,1.362037
6163.0,2022-23,18,1.4110415,5,1.7664353
6163.0,2022-23,19,1.5163182,2,0.84529155
6163.0,2022-23,20,2.3106046,7,0.84498245
6163.0,2022-23,21,1.2084407,1,0.7172299
6163.0,2022-23,22,2.7441278,6,1.4901396
6163.0,2022-23,23,2.0683155,1,1.0204377
6163.0,2022-23,24,3.6156895,2,1.5515698
6163.0,2022-23,25,3.7238634,2,1.2784833
6163.0,2022-23,25,3.7238634,2,1.8218575
6163.0,2022-23,25,2.9919617,0,1.2784833
6163.0,2022-23,25,2.9919617,0,1.8218575
6163.0,2022-23,26,3.3351817,6,1.9681076
6163.0,2022-23,27,3.0287042,0,1.6747528
6163.0,2022-23,28,3.284785,-1,1.4702386
6163.0,2022-23,29,2.5290802,1,1.0680681
6163.0,2022-23,30,1.8606722,9,0.9674785
6163.0,2022-23,31,2.4573913,6,1.7685633
6163.0,2022-23,32,2.868731,1,1.273239
6163.0,2022-23,33,1.6213274,6,1.5906857
6163.0,2022-23,34,1.709888,-1,1.3953524
6163.0,2022-23,35,2.1431108,5,1.6511166
6163.0,2022-23,36,2.5846944,1,1.1341025
6163.0,2022-23,37,1.8376354,1,1.1360713
6163.0,2022-23,38,2.449177,0,1.2437042
6249.0,2022-23,8,0.6797739,0,1.0337934
6249.0,2022-23,9,0.42516223,1,1.1815104
6249.0,2022-23,10,0.3305994,0,0.70256776
6249.0,2022-23,11,0.6803183,1,0.5421735
6249.0,2022-23,12,0.1857822,1,0.5879343
6249.0,2022-23,13,0.5030469,1,0.67300934
6249.0,2022-23,14,0.14750464,0,1.3447464
6249.0,2022-23,15,0.052092124,0,1.19486
6249.0,2022-23,16,1.6018019,1,0.680357
6249.0,2022-23,17,1.638269,1,1.2983744
6249.0,2022-23,18,0.025265798,0,1.0973381
6249.0,2022-23,19,0.015466776,0,0.69979733
6249.0,2022-23,20,-0.044715043,0,0.47543654
6249.0,2022-23,21,-0.01911014,0,0.3566931
6249.0,2022-23,22,1.244277,1,0.38940114
6249.0,2022-23,23,1.7528175,1,0.7340728
6249.0,2022-23,24,-0.027253734,0,0.78726774
6249.0,2022-23,25,0.04709373,0,0.48703796
6249.0,2022-23,26,0.05536889,0,0.3236717
6249.0,2022-23,27,0.02242811,0,0.2807251
6249.0,2022-23,28,0.02242811,0,0.3260908
6249.0,2022-23,29,0.8643809,1,0.3568815
6249.0,2022-23,30,0.028333228,0,0.46559608
6249.0,2022-23,31,1.6699901,0,0.40848792
6249.0,2022-23,32,1.1150775,2,0.49249744
6249.0,2022-23,33,0.06163205,0,1.0182045
6249.0,2022-23,34,0.06163205,0,0.52544636
6249.0,2022-23,35,0.027722858,0,0.33465183
6249.0,2022-23,36,-0.022656951,0,0.27795067
6249.0,2022-23,37,1.2279881,1,0.3046292
6249.0,2022-23,38,1.7913599,2,1.1315227
6273.0,2022-23,6,0.44898683,0,2.21808
6273.0,2022-23,7,0.47606647,0,1.2113398
6273.0,2022-23,8,0.2274436,0,0.8128791
6273.0,2022-23,9,0.663197,5,0.59420806
6273.0,2022-23,10,0.12658243,0,0.8201646
6273.0,2022-23,11,0.5083339,2,0.9648585
6273.0,2022-23,12,0.26638734,-3,1.2134978
6273.0,2022-23,13,0.6577122,1,0.8926773
6273.0,2022-23,14,0.052674484,2,1.1271596
6273.0,2022-23,15,0.28345737,1,1.0523498
6273.0,2022-23,16,2.239572,0,1.8680423
6273.0,2022-23,17,2.5916448,1,1.7576691
6273.0,2022-23,18,2.1607356,6,1.1082883
6273.0,2022-23,19,2.265564,1,1.3087533
6273.0,2022-23,20,2.0878382,0,1.0132539
6273.0,2022-23,21,2.2589648,5,1.0109729
6273.0,2022-23,22,1.9432667,1,0.8914915
6273.0,2022-23,23,1.8969291,1,1.1164689
6273.0,2022-23,24,2.2273483,2,0.8462139
6273.0,2022-23,25,3.582894,8,0.8540155
6273.0,2022-23,26,2.846431,2,1.0592288
6273.0,2022-23,27,2.747826,1,1.3448256
6273.0,2022-23,28,3.1304238,1,1.5634347
6273.0,2022-23,29,1.5789511,0,1.6227635
6273.0,2022-23,29,1.5789511,0,1.8486098
6273.0,2022-23,29,3.1459706,2,1.6227635
6273.0,2022-23,29,3.1459706,2,1.8486098
6273.0,2022-23,30,2.4328303,0,1.184434
6273.0,2022-23,31,3.2243404,-1,0.965386
6273.0,2022-23,32,3.0261812,1,0.6747738
6273.0,2022-23,33,2.3832283,2,0.56738997
6273.0,2022-23,34,1.7929752,0,0.7693647
6273.0,2022-23,35,-0.15441234,0,0.4560091
6273.0,2022-23,36,1.7245508,1,0.5222339
6273.0,2022-23,37,2.3310294,0,0.8140454
6273.0,2022-23,38,1.8385987,0,0.38979203
6314.0,2022-23,6,-0.22160366,7,1.8502122
6314.0,2022-23,7,-0.39608258,0,2.2418935
6314.0,2022-23,8,0.3119221,0,1.6384903
6314.0,2022-23,9,-0.00024941628,0,0.9167632
6314.0,2022-23,10,0.6856948,2,0.54602945
6314.0,2022-23,11,0.19714451,5,1.2584218
6314.0,2022-23,12,0.8358218,2,0.9992131
6314.0,2022-23,13,0.8530094,1,1.5086249
6314.0,2022-23,14,1.4382255,6,1.5144902
6314.0,2022-23,15,0.9426182,2,2.0927498
6314.0,2022-23,16,3.3182225,2,1.6895965
6314.0,2022-23,17,2.988908,1,2.151057
6314.0,2022-23,18,3.1541052,5,1.4543349
6314.0,2022-23,19,2.8840528,0,1.8331354
6314.0,2022-23,20,2.7329729,1,1.1303896
6314.0,2022-23,21,0.03082788,0,0.7416852
6314.0,2022-23,22,0.23004901,0,0.6184196
6314.0,2022-23,23,-0.056082286,0,0.42171067
6314.0,2022-23,24,0.9387401,1,0.33488423
6314.0,2022-23,25,1.6951102,5,0.6555862
6314.0,2022-23,26,3.2318978,0,1.0228328
6314.0,2022-23,27,1.4245,1,1.0370253
6314.0,2022-23,27,1.4245,1,1.0293686
6314.0,2022-23,27,2.013532,2,1.0370253
6314.0,2022-23,27,2.013532,2,1.0293686
6314.0,2022-23,28,-0.013769534,0,0.9262375
6314.0,2022-23,29,1.1841916,2,0.5908853
6314.0,2022-23,30,2.3397233,2,1.9127039
6314.0,2022-23,31,2.1780255,5,1.5679153
6314.0,2022-23,32,2.3190603,6,1.8700696
6314.0,2022-23,33,2.430777,-1,1.3379501
6314.0,2022-23,34,4.1971455,1,1.1455253
6314.0,2022-23,35,2.7092035,1,0.6941042
6314.0,2022-23,36,2.5288477,6,0.753899
6314.0,2022-23,37,3.0011656,1,1.1011999
6314.0,2022-23,38,3.0365343,2,1.3942047
6326.0,2022-23,15,0.023413789,2,0.37083754
6326.0,2022-23,16,0.030202739,0,0.44233638
6326.0,2022-23,17,0.030202739,0,0.42514846
6326.0,2022-23,18,0.030202739,0,0.40801787
6326.0,2022-23,19,0.89137346,-1,0.3958174
6326.0,2022-23,20,2.1335537,1,1.2319027
6326.0,2022-23,21,2.4296575,6,1.4447093
6326.0,2022-23,22,0.17618562,0,1.4626087
6326.0,2022-23,23,0.126787,0,0.83800524
6326.0,2022-23,24,0.014907001,0,0.44785833
6326.0,2022-23,25,1.238968,6,0.29432857
6326.0,2022-23,26,2.1703005,6,1.57143
6326.0,2022-23,27,2.3469393,1,1.9799548
6326.0,2022-23,28,0.034043856,0,2.306372
6326.0,2022-23,29,1.1580259,0,1.3077704
6326.0,2022-23,29,1.1580259,0,1.4172652
6326.0,2022-23,29,2.024861,6,1.3077704
6326.0,2022-23,29,2.024861,6,1.4172652
6326.0,2022-23,30,2.1899292,1,1.4898545
6326.0,2022-23,31,3.2218208,2,0.718597
6326.0,2022-23,32,2.8247452,1,1.1386664
6326.0,2022-23,33,-0.27187908,0,1.6771325
6326.0,2022-23,34,2.7869534,0,0.6350906
6326.0,2022-23,34,2.7869534,0,1.2747705
6326.0,2022-23,34,2.219461,6,0.6350906
6326.0,2022-23,34,2.219461,6,1.2747705
6326.0,2022-23,35,2.57236,5,0.57296664
6326.0,2022-23,36,2.410319,5,0.34018087
6326.0,2022-23,37,3.5259383,1,0.65920275
6329.0,2022-23,27,2.4350142,1,1.0806105
6329.0,2022-23,28,1.3113148,2,0.6102257
6329.0,2022-23,29,2.501883,0,0.5746381
6329.0,2022-23,29,2.501883,0,1.1076723
6329.0,2022-23,29,2.0151002,1,0.5746381
6329.0,2022-23,29,2.0151002,1,1.1076723
6329.0,2022-23,30,0.19300525,0,1.4445629
6329.0,2022-23,31,0.56151456,1,0.1733869
6329.0,2022-23,32,0.08700961,0,1.3230675
6329.0,2022-23,33,0.028491577,0,0.5395881
6329.0,2022-23,34,0.12093506,0,0.21799862
6329.0,2022-23,35,-0.01720695,0,0.037756607
6329.0,2022-23,36,1.3016189,1,0.05519493
6329.0,2022-23,37,0.9109632,6,0.41940665
6424.0,2022-23,6,0.043225016,0,0.61621493
6424.0,2022-23,7,-0.0009918956,0,0.52164173
6424.0,2022-23,8,-0.050376315,0,0.46422815
6424.0,2022-23,9,-0.013204828,0,0.40411168
6424.0,2022-23,10,0.0075063384,0,0.39591485
6424.0,2022-23,11,0.05163586,2,0.38934863
6424.0,2022-23,12,0.058875557,2,0.47992027
6424.0,2022-23,13,0.36842617,7,0.7620831
6424.0,2022-23,14,0.19749534,0,1.0232601
6424.0,2022-23,15,0.23943686,0,1.0547966
6424.0,2022-23,16,0.14246888,0,0.80539817
6424.0,2022-23,17,-0.06222215,0,0.61042154
6424.0,2022-23,18,0.025532175,0,0.45644623
6424.0,2022-23,19,0.03987089,0,0.42565167
6424.0,2022-23,20,0.00850943,0,0.42565167
6424.0,2022-23,21,1.3327668,1,0.420185
6424.0,2022-23,22,0.81214637,1,0.6957435
6424.0,2022-23,23,1.603179,1,0.9101495
6424.0,2022-23,24,1.319106,1,1.117825
6424.0,2022-23,25,1.5021642,6,0.9308036
6424.0,2022-23,26,1.3520584,0,1.7197392
6424.0,2022-23,27,-0.020627884,0,1.1920661
6424.0,2022-23,28,0.036260467,0,0.71655273
6424.0,2022-23,29,0.028596934,0,0.4272321
6424.0,2022-23,30,-0.016773013,0,0.31819937
6424.0,2022-23,31,-0.02458221,0,0.33568558
6424.0,2022-23,32,-0.0031925875,0,0.43057346
6424.0,2022-23,33,-0.0031925875,0,0.41812274
6424.0,2022-23,34,2.0152645,0,0.40573007
6424.0,2022-23,35,1.1564513,1,0.74230736
6424.0,2022-23,36,1.3240294,1,0.6952964
6424.0,2022-23,37,2.6545198,1,0.8983088
6485.0,2022-23,14,-0.072248235,0,0.66052026
6485.0,2022-23,15,-0.07026387,0,0.58577424
6485.0,2022-23,16,-0.0556734,0,0.5483231
6485.0,2022-23,17,-0.045157205,0,0.48263887
6485.0,2022-23,18,-0.029731942,0,0.37421754
6485.0,2022-23,19,-0.029731942,0,0.36823532
6485.0,2022-23,20,1.2127713,1,0.3630997
6485.0,2022-23,21,0.029126117,0,0.54774064
6485.0,2022-23,22,1.2896527,1,0.5335539
6485.0,2022-23,22,1.2896527,1,0.7961212
6485.0,2022-23,22,1.3118409,0,0.5335539
6485.0,2022-23,22,1.3118409,0,0.7961212
6485.0,2022-23,23,1.4456496,0,0.95724213
6485.0,2022-23,24,1.3266757,2,0.86024654
6485.0,2022-23,25,3.007658,15,0.96657383
6485.0,2022-23,26,1.0580018,2,1.5138818
6485.0,2022-23,27,1.6184118,0,0.8924768
6485.0,2022-23,28,2.9932456,0,0.460764
6485.0,2022-23,29,2.3735857,0,0.2250984
6485.0,2022-23,29,2.3735857,0,0.38026878
6485.0,2022-23,29,3.603545,5,0.2250984
6485.0,2022-23,29,3.603545,5,0.38026878
6485.0,2022-23,30,2.9571369,-1,1.3967985
6485.0,2022-23,31,3.3328638,-1,0.4808835
6485.0,2022-23,32,0.018360058,0,1.4404165
6485.0,2022-23,33,1.2830865,2,1.8231987
6485.0,2022-23,34,-0.23774336,0,1.691211
6485.0,2022-23,35,0.9286114,4,0.81033003
6485.0,2022-23,36,1.6934568,-2,1.1514761
6485.0,2022-23,37,-0.033135153,0,0.70308554
6485.0,2022-23,38,1.6527578,0,0.8063216
6490.0,2022-23,13,1.0319116,2,1.2108488
6490.0,2022-23,14,0.41380093,6,1.3403871
6490.0,2022-23,15,0.7153587,2,1.4992019
6490.0,2022-23,16,3.6578858,5,1.6418859
6490.0,2022-23,17,3.027195,2,1.3702921
6490.0,2022-23,18,3.044061,2,1.9674045
6490.0,2022-23,19,2.1705174,1,1.4020644
6490.0,2022-23,20,2.547655,1,1.3579518
6490.0,2022-23,20,2.547655,1,1.5053557
6490.0,2022-23,20,2.049478,1,1.3579518
6490.0,2022-23,20,2.049478,1,1.5053557
6490.0,2022-23,21,2.5588257,6,1.6741277
6490.0,2022-23,22,3.8201675,2,1.6803328
6490.0,2022-23,23,2.8950293,1,1.3098725
6490.0,2022-23,23,2.8950293,1,1.0004994
6490.0,2022-23,23,2.684353,1,1.3098725
6490.0,2022-23,23,2.684353,1,1.0004994
6490.0,2022-23,24,0.18359679,0,1.5187087
6490.0,2022-23,25,1.8183384,1,1.5609916
6490.0,2022-23,26,1.9939026,6,2.005027
6490.0,2022-23,27,3.3627129,9,2.1188183
6490.0,2022-23,28,-0.078479625,0,0.6407702
6490.0,2022-23,29,1.8945967,2,0.4921021
6490.0,2022-23,30,3.4290848,2,1.859336
6490.0,2022-23,31,2.728406,1,0.8263227
6490.0,2022-23,32,0.037783023,0,0.58077973
6490.0,2022-23,33,1.7213267,2,0.5179866
6490.0,2022-23,34,3.3848495,2,1.6622514
6490.0,2022-23,34,3.3848495,2,1.4866165
6490.0,2022-23,34,3.7014978,1,1.6622514
6490.0,2022-23,34,3.7014978,1,1.4866165
6490.0,2022-23,35,3.112673,2,0.77093387
6490.0,2022-23,36,2.0864944,6,1.5223058
6490.0,2022-23,37,3.2826405,1,0.84162784
6500.0,2022-23,6,0.4148524,2,2.2170641
6500.0,2022-23,7,0.59058934,0,2.4750264
6500.0,2022-23,8,0.6029072,1,1.3983003
6500.0,2022-23,9,0.62353253,1,1.0494903
6500.0,2022-23,10,0.043558326,0,1.1165688
6500.0,2022-23,11,0.40203875,8,1.2068523
6500.0,2022-23,12,0.38895088,11,3.0654995
6500.0,2022-23,13,1.0690815,2,1.8050678
6500.0,2022-23,14,0.56810087,2,2.6240175
6500.0,2022-23,15,1.2711095,6,2.9839323
6500.0,2022-23,16,4.452721,1,2.3307064
6500.0,2022-23,17,4.1346974,-2,3.4502108
6500.0,2022-23,18,3.9576583,1,2.0271375
6500.0,2022-23,19,4.242867,1,1.3156213
6500.0,2022-23,20,2.5208225,1,1.029775
6500.0,2022-23,21,1.9276267,1,1.602883
6500.0,2022-23,22,1.3309795,1,1.2718362
6500.0,2022-23,23,2.42896,2,1.2244825
6500.0,2022-23,24,1.882407,5,1.0039351
6500.0,2022-23,25,2.3355541,6,1.2655935
6500.0,2022-23,26,0.0036816243,0,1.3212756
6500.0,2022-23,27,1.2093117,6,0.7754515
6500.0,2022-23,27,1.2093117,6,1.1690629
6500.0,2022-23,27,1.9613628,1,0.7754515
6500.0,2022-23,27,1.9613628,1,1.1690629
6500.0,2022-23,28,2.234212,1,1.0144517
6500.0,2022-23,29,2.163504,2,1.0220201
6500.0,2022-23,30,1.6773747,1,1.7403481
6500.0,2022-23,31,0.10728398,0,0.7105996
6500.0,2022-23,32,1.4654244,0,0.9251686
6500.0,2022-23,33,1.7989044,1,0.69071245
6521.0,2022-23,6,-0.021916144,0,0.35381195
6521.0,2022-23,7,-0.016309548,0,0.36021692
6521.0,2022-23,8,-0.016309548,0,0.36103088
6521.0,2022-23,9,-0.00579334,0,0.3588394
6521.0,2022-23,10,-0.01385076,0,0.35684812
6521.0,2022-23,11,-0.01385076,0,0.35176167
6521.0,2022-23,12,-0.01385076,0,0.3467029
6521.0,2022-23,13,-0.01385076,0,0.34348896
6521.0,2022-23,14,-0.01385076,0,0.34235245
6521.0,2022-23,15,-0.01385076,0,0.34275573
6521.0,2022-23,16,-0.01385076,0,0.34275573
6521.0,2022-23,17,0.39526108,11,0.34275573
6521.0,2022-23,18,0.18383086,0,1.8596934
6521.0,2022-23,19,0.18383086,0,0.98869056
6521.0,2022-23,20,0.18383086,0,0.57019174
6521.0,2022-23,21,0.9396406,1,0.34908924
6521.0,2022-23,22,-0.030531934,0,0.4416182
6521.0,2022-23,23,-0.0033356017,0,0.66173106
6521.0,2022-23,24,-0.0033356017,0,0.54463696
6521.0,2022-23,25,0.0048266565,0,0.47718042
6521.0,2022-23,26,0.03437546,0,0.4641813
6521.0,2022-23,27,0.02181861,0,0.43562776
6521.0,2022-23,28,0.02181861,0,0.40414566
6521.0,2022-23,29,0.02181861,0,0.38492495
6521.0,2022-23,30,-0.01385076,0,0.38183337
6521.0,2022-23,31,-0.01385076,0,0.38307983
6521.0,2022-23,32,-0.01385076,0,0.37193918
6521.0,2022-23,33,-0.01385076,0,0.35890317
6521.0,2022-23,34,-0.01385076,0,0.3481347
6521.0,2022-23,35,0.2432158,1,0.34275573
6521.0,2022-23,36,0.7995869,1,0.8960161
6521.0,2022-23,37,2.4787648,10,0.7610373
6521.0,2022-23,38,3.1659577,8,0.5364455
6615.0,2022-23,9,-0.019614825,0,0.4552349
6615.0,2022-23,10,0.6912784,6,0.36689156
6615.0,2022-23,11,0.42943186,6,1.2192777
6615.0,2022-23,12,0.5180332,6,1.1632279
6615.0,2022-23,13,1.3181692,2,1.058646
6615.0,2022-23,14,0.6102982,-2,1.5342821
6615.0,2022-23,15,0.79963475,1,1.8284203
6615.0,2022-23,16,2.6269271,2,1.507786
6615.0,2022-23,17,3.2669475,1,2.2353299
6615.0,2022-23,18,-0.04906556,0,0.9120868
6615.0,2022-23,19,2.191415,0,0.8604983
6615.0,2022-23,20,2.2361357,6,1.3964475
6615.0,2022-23,21,1.5900607,5,1.6098039
6615.0,2022-23,22,-0.07010377,0,1.349511
6615.0,2022-23,23,-0.08408796,0,0.95846254
6615.0,2022-23,24,2.3191745,1,0.5022333
6615.0,2022-23,25,-0.05326054,0,0.5415056
6615.0,2022-23,26,1.6444585,1,0.42953002
6615.0,2022-23,27,1.9141964,1,0.8470802
6615.0,2022-23,28,1.8202137,1,1.0701264
6615.0,2022-23,29,0.0048930836,0,0.7243458
6615.0,2022-23,30,1.5202161,1,0.6207991
6615.0,2022-23,31,1.301815,0,0.63832706
6615.0,2022-23,32,0.06083483,0,1.0418117
6615.0,2022-23,33,1.8730298,1,0.55498576
6615.0,2022-23,34,1.2949473,1,1.3400129
6615.0,2022-23,35,2.1723366,2,0.6517582
6615.0,2022-23,36,3.7682364,2,0.7526682
6615.0,2022-23,37,1.3657572,2,1.1853961
6615.0,2022-23,37,1.3657572,2,0.7766108
6615.0,2022-23,37,2.1795175,0,1.1853961
6615.0,2022-23,37,2.1795175,0,0.7766108
6615.0,2022-23,38,2.3666701,1,0.33602387
6656.0,2022-23,9,0.48742157,3,0.44409972
6656.0,2022-23,10,1.0247663,1,2.017108
6656.0,2022-23,11,0.036683653,0,1.0416704
6656.0,2022-23,12,0.105302006,0,0.7220283
6656.0,2022-23,13,-0.07009412,0,0.53583735
6656.0,2022-23,14,-0.022939743,0,0.43362305
6656.0,2022-23,15,-0.03345272,0,0.37312546
6656.0,2022-23,16,0.0074613956,0,0.39563757
6656.0,2022-23,17,0.0074613956,0,0.39276773
6656.0,2022-23,18,0.015195901,0,0.3898645
6656.0,2022-23,19,-0.01385076,0,0.37856525
6656.0,2022-23,20,-0.01385076,0,0.36325446
6656.0,2022-23,21,-0.01385076,0,0.35066116
6656.0,2022-23,22,-0.01385076,0,0.3438928
6656.0,2022-23,23,-0.01385076,0,0.34261978
6656.0,2022-23,24,-0.01385076,0,0.34275573
6656.0,2022-23,25,0.3916715,1,0.34275573
6656.0,2022-23,26,0.103942394,0,0.5251441
6656.0,2022-23,27,0.103942394,0,0.4858516
6656.0,2022-23,28,0.103942394,0,0.4333759
6656.0,2022-23,29,-0.042681433,0,0.38524246
6656.0,2022-23,30,1.5253003,1,0.3536734
6656.0,2022-23,31,1.4570816,1,0.50705427
6656.0,2022-23,32,0.032351438,0,0.6323127
6656.0,2022-23,33,0.032351438,0,0.48851722
6656.0,2022-23,34,0.023165496,0,0.34856907
6656.0,2022-23,35,-0.007587667,0,0.28078568
6656.0,2022-23,36,0.641399,1,0.28202453
6656.0,2022-23,37,1.2878336,7,0.49328452
6656.0,2022-23,37,1.2878336,7,1.7921014
6656.0,2022-23,37,2.13195,1,0.49328452
6656.0,2022-23,37,2.13195,1,1.7921014
6656.0,2022-23,38,1.4223269,2,1.1129854
6674.0,2022-23,6,0.8486642,6,1.012274
6674.0,2022-23,7,0.8102121,0,2.0741158
6674.0,2022-23,8,1.1770684,1,1.294867
6674.0,2022-23,9,0.233734,1,1.1516532
6674.0,2022-23,10,0.37379277,1,1.4544488
6674.0,2022-23,11,0.4527907,6,0.9817397
6674.0,2022-23,12,0.18211727,0,1.6051644
6674.0,2022-23,13,0.19650011,0,1.2387697
6674.0,2022-23,14,0.30100504,0,0.8576601
6674.0,2022-23,15,0.76503915,1,0.52245516
6674.0,2022-23,16,0.3275236,0,0.53020656
6674.0,2022-23,17,1.8635869,6,0.5134208
6674.0,2022-23,18,1.6298498,1,0.8599456
6674.0,2022-23,19,1.9780453,1,0.60029685
6674.0,2022-23,20,2.0116348,1,0.6194065
6674.0,2022-23,21,1.6822627,1,1.0076858
6674.0,2022-23,22,2.1869054,6,1.0092901
6674.0,2022-23,23,2.059979,0,1.7360903
6674.0,2022-23,24,2.624839,0,1.1405761
6674.0,2022-23,25,1.6774191,1,0.82605547
6674.0,2022-23,26,0.0899319,0,1.0097082
6674.0,2022-23,27,1.8534596,1,0.6675165
6674.0,2022-23,28,0.062715776,0,0.66142184
6674.0,2022-23,29,0.032128807,0,0.40929198
6674.0,2022-23,30,0.032128807,0,0.35865176
6674.0,2022-23,31,-0.02270377,0,0.3827924
6674.0,2022-23,32,-0.021910883,0,0.3475678
6674.0,2022-23,33,0.0037165836,0,0.38083524
6674.0,2022-23,34,0.015195901,0,0.36793482
6674.0,2022-23,35,0.015195901,0,0.35849074
6674.0,2022-23,36,-0.01385076,0,0.35443586
6674.0,2022-23,37,-0.01385076,0,0.34850445
6674.0,2022-23,38,0.34055737,0,0.3445627
6837.0,2022-23,6,0.6742395,5,0.71317965
6837.0,2022-23,7,1.2778951,0,1.0878644
6837.0,2022-23,8,1.9075495,1,0.914246
6837.0,2022-23,9,1.3349092,1,1.5636944
6837.0,2022-23,10,0.47150722,6,1.0571505
6837.0,2022-23,11,0.47034785,0,1.0878485
6837.0,2022-23,12,0.3568793,1,0.72463506
6837.0,2022-23,13,0.40587872,0,0.582801
6837.0,2022-23,14,0.58422905,6,1.0641288
6837.0,2022-23,15,0.46710825,1,2.2000575
6837.0,2022-23,16,-0.22697034,0,2.4911869
6837.0,2022-23,17,0.7052353,0,1.8764775
6837.0,2022-23,18,2.3973477,1,1.1986774
6837.0,2022-23,19,1.3881565,1,0.88227874
6837.0,2022-23,20,1.0518234,0,1.084495
6837.0,2022-23,20,1.0518234,0,0.8046054
6837.0,2022-23,20,2.480474,1,1.084495
6837.0,2022-23,20,2.480474,1,0.8046054
6837.0,2022-23,21,0.35602745,0,0.6307201
6837.0,2022-23,22,1.6485703,1,0.7716704
6850.0,2022-23,13,-0.048853055,0,0.34532744
6850.0,2022-23,14,-0.016309548,0,0.34860042
6850.0,2022-23,15,-0.016309548,0,0.35124603
6850.0,2022-23,16,0.95232415,8,0.35069036
6850.0,2022-23,17,1.5804067,1,1.2806396
6850.0,2022-23,18,2.0399756,8,1.064634
6850.0,2022-23,19,2.364049,7,0.2816318
6850.0,2022-23,20,-0.15115058,0,0.39520913
6850.0,2022-23,21,1.8139378,2,0.7427277
6850.0,2022-23,22,2.5454903,6,1.2768192
6850.0,2022-23,23,2.951314,1,1.0588354
6850.0,2022-23,24,0.19566707,0,0.9570813
6850.0,2022-23,25,0.0064493963,0,0.7681362
6850.0,2022-23,26,-0.065850906,0,0.513429
6850.0,2022-23,27,0.05995284,0,0.39547288
6850.0,2022-23,28,-0.0024199334,0,0.47153822
6850.0,2022-23,29,0.015195901,0,0.45715505
6850.0,2022-23,30,0.015195901,0,0.42664385
6850.0,2022-23,31,0.015195901,0,0.3994168
6850.0,2022-23,32,-0.01385076,0,0.3763197
6850.0,2022-23,33,-0.01385076,0,0.3601378
6850.0,2022-23,34,-0.01385076,0,0.3465677
6850.0,2022-23,35,0.41780353,1,0.34184378
6850.0,2022-23,36,0.028333228,0,0.47011018
6850.0,2022-23,37,1.3604634,1,0.473539
6850.0,2022-23,38,1.7107775,2,0.7639217
6851.0,2022-23,7,-0.40735546,0,1.7628909
6851.0,2022-23,8,0.7438085,5,1.1985472
6851.0,2022-23,9,0.3163509,9,1.5388632
6851.0,2022-23,10,1.1573447,1,1.3315221
6851.0,2022-23,11,0.3907711,1,1.4984211
6851.0,2022-23,12,0.35012734,2,1.52704
6851.0,2022-23,13,0.2191055,6,1.8915744
6851.0,2022-23,14,-0.017850192,7,2.2249177
6851.0,2022-23,15,0.5165743,1,1.8910398
6851.0,2022-23,16,1.9524173,1,2.0833592
6851.0,2022-23,17,0.11841815,0,2.2243657
6851.0,2022-23,18,2.9617703,2,1.743122
6851.0,2022-23,19,3.035618,0,1.8053042
6851.0,2022-23,20,3.0213077,1,1.3572003
6851.0,2022-23,21,3.0462592,1,1.2330068
6851.0,2022-23,22,1.4490079,6,1.1024934
6851.0,2022-23,23,1.911351,0,1.3598112
6851.0,2022-23,24,2.3528788,6,1.4993638
6851.0,2022-23,25,2.6438572,1,1.0648948
6851.0,2022-23,26,-0.014872407,0,0.6696267
6851.0,2022-23,27,-0.19866055,0,0.66242266
6851.0,2022-23,28,0.01741232,0,0.5234556
6851.0,2022-23,29,0.021974707,0,0.35728398
6851.0,2022-23,30,0.003960681,0,0.28478682
6851.0,2022-23,31,0.00583726,0,0.41099203
6851.0,2022-23,32,0.030088387,0,0.40732014
6851.0,2022-23,33,-0.0050004483,0,0.39812666
6851.0,2022-23,34,-0.01385076,0,0.38190842
6851.0,2022-23,35,-0.01385076,0,0.36847442
6851.0,2022-23,36,0.5201771,1,0.3588453
6851.0,2022-23,37,0.022314671,0,0.9095258
6851.0,2022-23,38,1.570078,6,0.5288361
6852.0,2022-23,6,-0.017736046,0,0.3711625
6852.0,2022-23,7,0.0046797027,0,0.35550565
6852.0,2022-23,8,0.0046797027,0,0.35310894
6852.0,2022-23,9,0.020801099,1,0.35133392
6852.0,2022-23,10,0.07648454,6,0.36626214
6852.0,2022-23,11,0.27017552,6,0.4919361
6852.0,2022-23,12,0.5114087,1,1.5053617
6852.0,2022-23,13,1.4439383,1,1.4858254
6852.0,2022-23,14,0.91404366,0,0.9157347
6852.0,2022-23,15,0.93901527,1,0.69557446
6852.0,2022-23,16,1.983591,1,0.7797716
6852.0,2022-23,17,2.1910324,1,2.0028317
6852.0,2022-23,18,3.0508459,1,1.292437
6852.0,2022-23,19,2.856328,14,2.1092827
6852.0,2022-23,20,2.0229788,1,1.2084575
6852.0,2022-23,21,0.137623,0,2.777095
6852.0,2022-23,22,-0.005139496,0,2.5344408
6852.0,2022-23,23,-0.24179015,0,1.0534298
6852.0,2022-23,24,-0.08131645,0,0.3201607
6852.0,2022-23,25,0.034553837,0,0.24755636
6852.0,2022-23,26,2.4751773,0,0.6106962
6888.0,2022-23,6,-0.4029363,0,3.1170247
6888.0,2022-23,7,-0.015229045,0,3.533129
6888.0,2022-23,8,1.8990726,15,2.1863105
6888.0,2022-23,9,0.9994318,1,3.4433484
6888.0,2022-23,10,1.1939474,1,1.6461911
6888.0,2022-23,11,0.61776775,5,1.8925465
6888.0,2022-23,12,0.087836,0,1.6148647
6888.0,2022-23,13,0.6662258,2,1.1275767
6888.0,2022-23,14,0.60905933,7,1.044323
6888.0,2022-23,15,-0.20272861,8,1.1793377
6888.0,2022-23,16,1.8852545,6,1.2778678
6888.0,2022-23,17,1.9009603,2,2.2666132
6888.0,2022-23,18,3.2332122,1,2.4172814
6888.0,2022-23,19,2.577266,7,2.3856082
6888.0,2022-23,20,3.0119095,6,2.8601959
6888.0,2022-23,21,2.593467,1,2.7685268
6888.0,2022-23,22,3.1631413,2,3.059673
6888.0,2022-23,23,3.1875699,2,1.954727
6888.0,2022-23,23,3.1875699,2,1.4050465
6888.0,2022-23,23,1.8828043,1,1.954727
6888.0,2022-23,23,1.8828043,1,1.4050465
6888.0,2022-23,24,3.1796327,1,1.6358055
6888.0,2022-23,25,3.6603444,6,1.8871678
6888.0,2022-23,25,3.6603444,6,1.84594
6888.0,2022-23,25,3.679491,6,1.8871678
6888.0,2022-23,25,3.679491,6,1.84594
6888.0,2022-23,26,2.7475564,1,1.8416544
6888.0,2022-23,27,2.4084215,7,1.4671174
6891.0,2022-23,10,0.36836076,1,0.38226762
6891.0,2022-23,11,0.06236883,1,0.47004575
6891.0,2022-23,12,0.3540879,2,0.54104346
6891.0,2022-23,13,0.16958445,1,0.8912278
6891.0,2022-23,14,0.56730264,1,0.9284825
6891.0,2022-23,15,0.28953782,1,0.7770209
6891.0,2022-23,16,0.031606514,0,0.8372781
6891.0,2022-23,17,0.08527338,0,0.6477763
6891.0,2022-23,18,0.04245184,0,0.49857372
6891.0,2022-23,19,0.022598691,0,0.43554443
6891.0,2022-23,20,-0.031160144,0,0.44422644
6891.0,2022-23,21,-0.0011209082,0,0.3940767
6891.0,2022-23,22,-0.003755647,0,0.38291883
6891.0,2022-23,23,1.0194832,1,0.3707221
6891.0,2022-23,24,0.028333228,0,0.7429657
6891.0,2022-23,25,1.3820115,1,0.49978524
6891.0,2022-23,26,1.2570792,0,0.68500394
6891.0,2022-23,27,1.5092156,1,0.5493508
6912.0,2022-23,28,2.3428233,7,3.405694
6912.0,2022-23,29,2.640263,2,1.8200812
6912.0,2022-23,30,3.520653,2,5.6879783
6912.0,2022-23,31,3.341177,1,2.779607
6912.0,2022-23,32,2.8932354,-1,2.394389
6912.0,2022-23,33,3.013137,7,1.9794513
6912.0,2022-23,34,1.960983,1,1.3247882
6912.0,2022-23,35,3.9877553,12,3.432792
6912.0,2022-23,36,2.5633752,1,3.3293407
6912.0,2022-23,37,4.65329,1,3.3039293
6912.0,2022-23,38,2.6346655,13,1.1318588
6923.0,2022-23,6,0.11651599,2,2.6465423
6923.0,2022-23,7,0.23628153,0,1.2976815
6923.0,2022-23,8,0.15211372,2,0.7517224
6923.0,2022-23,9,0.043703824,0,0.6772382
6923.0,2022-23,10,0.07578807,0,0.5227078
6923.0,2022-23,11,0.38768542,2,0.59388304
6923.0,2022-23,12,0.14512734,8,0.8227208
6923.0,2022-23,13,0.6091814,2,0.87168187
6923.0,2022-23,14,0.04686054,1,1.2254801
6923.0,2022-23,15,0.46669832,3,1.8623519
6923.0,2022-23,16,2.4818113,0,3.4836872
6923.0,2022-23,17,2.2076461,1,1.8483826
6923.0,2022-23,18,2.676226,1,1.0395429
6923.0,2022-23,19,2.8061123,2,1.2393044
6923.0,2022-23,20,3.0633557,2,1.2098318
6923.0,2022-23,21,2.647476,2,1.4269851
6923.0,2022-23,22,2.4404662,0,1.3904212
6923.0,2022-23,23,3.10841,1,1.2435509
6923.0,2022-23,24,0.60935915,0,0.69429946
6923.0,2022-23,25,0.15418561,0,0.37352437
6923.0,2022-23,26,0.019909572,0,0.08550604
6923.0,2022-23,27,0.242042,0,-0.023627296
6923.0,2022-23,28,1.5974991,1,-0.012558058
6935.0,2022-23,6,-0.02356168,0,0.29358494
6935.0,2022-23,7,-0.024366966,0,0.30743083
6935.0,2022-23,8,-0.01876176,0,0.30120543
6935.0,2022-23,9,0.20262434,0,0.31877458
6935.0,2022-23,10,0.20262434,0,0.31177595
6935.0,2022-23,11,-0.008245552,0,0.32569796
6935.0,2022-23,12,-0.008245552,0,0.31359226
6935.0,2022-23,13,0.20262434,0,0.3049453
6935.0,2022-23,14,-0.008245552,0,0.29162332
6935.0,2022-23,15,0.20262434,0,0.30514324
6935.0,2022-23,16,0.39526108,2,0.318385
6935.0,2022-23,17,1.5611483,0,1.2115846
6935.0,2022-23,18,1.820387,0,1.0016938
6935.0,2022-23,19,2.8854787,0,0.57231253
6935.0,2022-23,20,1.5277342,1,0.44346806
6935.0,2022-23,21,2.1613324,6,0.67388195
6935.0,2022-23,22,2.365277,1,0.87836415
6935.0,2022-23,23,2.006761,2,1.2678784
6935.0,2022-23,24,2.332414,1,2.1992698
6935.0,2022-23,25,1.9085865,6,1.8688778
6935.0,2022-23,26,1.3828493,0,1.8750621
6935.0,2022-23,27,1.4143584,2,0.8742638
6935.0,2022-23,28,-0.43666798,0,0.655278
6935.0,2022-23,29,2.8220558,15,0.15315002
6935.0,2022-23,29,2.8220558,15,0.07620835
6935.0,2022-23,29,3.1966822,0,0.15315002
6935.0,2022-23,29,3.1966822,0,0.07620835
6935.0,2022-23,30,2.560894,0,0.4116922
6935.0,2022-23,31,3.155281,0,0.19375873
6935.0,2022-23,32,1.4750646,5,0.14709035
6935.0,2022-23,33,1.8448315,1,0.58471465
6935.0,2022-23,34,2.4363515,6,0.5874342
6935.0,2022-23,34,2.4363515,6,0.4270754
6935.0,2022-23,34,2.0400522,0,0.5874342
6935.0,2022-23,34,2.0400522,0,0.4270754
6935.0,2022-23,35,1.7987115,8,0.649764
6935.0,2022-23,36,2.0963244,1,1.4713235
6935.0,2022-23,37,2.9379773,0,1.9181077
6935.0,2022-23,38,3.0310285,1,1.3547038
7007.0,2022-23,14,0.4182565,2,1.0733556
7007.0,2022-23,15,0.53823,1,1.7105137
7007.0,2022-23,16,2.5618827,-1,1.7389156
7007.0,2022-23,17,0.17166138,0,2.0898418
7007.0,2022-23,18,0.039947424,0,0.76285607
7007.0,2022-23,19,1.8777068,1,0.51567924
7007.0,2022-23,20,1.7413025,2,0.9188778
7007.0,2022-23,21,1.9413911,2,1.3653555
7007.0,2022-23,22,-0.13484505,0,1.0766426
7007.0,2022-23,23,0.4762712,0,0.7526436
7007.0,2022-23,24,-0.0678215,0,0.47738895
7007.0,2022-23,25,-0.019340374,0,0.30671033
7007.0,2022-23,26,-0.013630468,0,0.2757833
7007.0,2022-23,27,0.0025914267,0,0.39812255
7007.0,2022-23,28,0.0029236975,0,0.40195966
7007.0,2022-23,29,0.7971759,1,0.40017685
7007.0,2022-23,30,0.030172113,0,0.8479492
7007.0,2022-23,31,0.030172113,0,0.5093509
7007.0,2022-23,32,1.182856,6,0.33921283
7007.0,2022-23,33,2.6776752,2,0.22205569
7134.0,2022-23,6,1.1956517,1,2.0319502
7134.0,2022-23,7,0.50655323,0,2.2385666
7134.0,2022-23,8,0.23672308,0,1.0764059
7134.0,2022-23,9,0.2231147,0,0.7210374
7134.0,2022-23,10,0.76314753,7,0.53608686
7134.0,2022-23,11,0.09122679,1,0.86921054
7134.0,2022-23,12,0.19773608,6,0.94151324
7134.0,2022-23,13,0.3707809,1,1.6700515
7134.0,2022-23,14,-0.103602916,1,2.0235236
7134.0,2022-23,15,0.4131761,2,1.494763
7134.0,2022-23,16,2.4068244,1,1.088247
7134.0,2022-23,17,2.6678865,6,1.357983
7134.0,2022-23,18,2.1975975,2,1.4499472
7134.0,2022-23,19,1.8070803,2,1.684732
7134.0,2022-23,19,1.8070803,2,1.3207955
7134.0,2022-23,19,1.9317957,1,1.684732
7134.0,2022-23,19,1.9317957,1,1.3207955
7134.0,2022-23,20,0.24987984,0,1.1469017
7134.0,2022-23,21,1.5500165,6,0.64778644
7134.0,2022-23,22,1.7956172,6,1.3616983
7134.0,2022-23,23,2.3419886,2,1.1611336
7134.0,2022-23,24,-0.13587406,0,1.6715564
7134.0,2022-23,25,0.04999367,0,1.0330168
7134.0,2022-23,26,0.0013690456,0,0.5418807
7134.0,2022-23,27,1.3951609,1,0.34539708
7134.0,2022-23,28,-0.06827049,0,1.0395445
7134.0,2022-23,29,2.1725838,1,0.7293145
7134.0,2022-23,29,2.1725838,1,1.2123263
7134.0,2022-23,29,2.350537,6,0.7293145
7134.0,2022-23,29,2.350537,6,1.2123263
7134.0,2022-23,30,3.1768212,1,0.8302351
7184.0,2022-23,6,0.08808355,1,1.4481177
7184.0,2022-23,7,-0.35460526,0,1.1814405
7184.0,2022-23,8,-0.014337895,1,0.72035164
7184.0,2022-23,9,0.40050286,0,0.807844
7184.0,2022-23,10,0.20714816,1,1.0584173
7184.0,2022-23,11,0.5752395,0,1.1132749
7184.0,2022-23,12,0.56937224,8,1.4945763
7184.0,2022-23,13,0.5282511,1,1.2706438
7184.0,2022-23,14,0.9140041,6,1.4406729
7184.0,2022-23,15,0.021078372,1,1.9058577
7184.0,2022-23,16,2.8621292,1,1.777836
7184.0,2022-23,17,3.0298727,14,2.7461703
7184.0,2022-23,18,3.3960822,2,1.9452025
7184.0,2022-23,19,3.7611997,9,0.6865425
7184.0,2022-23,19,3.7611997,9,0.68949276
7184.0,2022-23,19,2.2705762,2,0.6865425
7184.0,2022-23,19,2.2705762,2,0.68949276
7184.0,2022-23,20,2.2866316,1,0.35460848
7184.0,2022-23,21,3.77306,2,0.42726183
7184.0,2022-23,22,2.7422516,8,2.0084577
7184.0,2022-23,23,2.5257173,9,2.4479725
7184.0,2022-23,24,1.5181764,6,1.5958258
7184.0,2022-23,25,1.8532454,2,2.2304976
7184.0,2022-23,26,1.7974119,1,2.0960922
7184.0,2022-23,27,1.6207488,1,2.6410239
7184.0,2022-23,28,-0.2256256,0,2.1035478
7184.0,2022-23,29,2.487488,1,1.3537688
7184.0,2022-23,30,2.7402906,2,1.1896616
7184.0,2022-23,31,3.339923,2,1.3901175
7184.0,2022-23,32,2.5772831,2,1.4081701
7184.0,2022-23,33,1.586501,2,1.3840958
7184.0,2022-23,34,1.0505391,1,1.4844011
7218.0,2022-23,6,0.61994934,1,0.57705784
7218.0,2022-23,7,0.5590049,0,1.058219
7218.0,2022-23,8,0.9693479,1,0.717344
7218.0,2022-23,9,0.4828041,1,0.62612194
7218.0,2022-23,10,0.25676125,8,0.6877531
7218.0,2022-23,11,0.37479916,6,0.77491444
7218.0,2022-23,12,-0.170961,1,1.2245721
7218.0,2022-23,13,-0.093862474,0,1.3420527
7218.0,2022-23,14,-0.03942177,0,1.0997008
7218.0,2022-23,15,-0.082231306,0,0.9051493
7218.0,2022-23,16,-0.06330633,0,0.65344197
7218.0,2022-23,17,-0.03525425,0,0.4898845
7218.0,2022-23,18,2.228449,0,0.45355892
7218.0,2022-23,19,1.956538,6,1.0914396
7218.0,2022-23,20,1.8436216,0,1.406871
7218.0,2022-23,20,1.8436216,0,1.3115792
7218.0,2022-23,20,2.174817,-1,1.406871
7218.0,2022-23,20,2.174817,-1,1.3115792
7218.0,2022-23,21,2.5907435,5,1.0156956
7218.0,2022-23,22,1.9021404,3,0.5740697
7218.0,2022-23,23,0.14437512,0,0.5503179
7218.0,2022-23,24,2.6959028,6,0.7504689
7218.0,2022-23,25,3.5010796,6,1.2946302
7218.0,2022-23,26,3.5119798,2,1.0052023
7218.0,2022-23,27,4.125786,2,1.7927431
7218.0,2022-23,28,3.5222788,1,1.2732915
7218.0,2022-23,29,3.276601,4,2.0004485
7218.0,2022-23,30,2.1286073,1,1.8925296
7218.0,2022-23,31,2.6036723,1,1.2519721
7218.0,2022-23,32,1.0871377,-2,1.2699517
7218.0,2022-23,33,1.6020687,1,1.2188107
7218.0,2022-23,34,1.1412624,3,1.0247376
7218.0,2022-23,35,4.2820563,7,0.9695841
7218.0,2022-23,36,2.966672,0,0.769014
7240.0,2022-23,23,2.6758056,1,1.9470206
7240.0,2022-23,24,3.5603774,2,3.4958546
7240.0,2022-23,25,3.1541069,0,2.9651065
7240.0,2022-23,26,3.2394135,6,1.7273079
7240.0,2022-23,27,3.0917077,1,1.5173935
7240.0,2022-23,28,2.7789834,1,1.4134661
7240.0,2022-23,29,3.361126,0,1.0101112
7240.0,2022-23,29,3.361126,0,0.59048116
7240.0,2022-23,29,2.425932,0,1.0101112
7240.0,2022-23,29,2.425932,0,0.59048116
7240.0,2022-23,30,3.006656,0,0.14164908
7240.0,2022-23,31,1.2085718,1,0.3679133
7240.0,2022-23,32,0.1597364,0,0.586814
7240.0,2022-23,33,1.8488041,0,0.4514317
7240.0,2022-23,34,0.9749345,0,0.29665112
7240.0,2022-23,35,1.1283063,7,0.24178714
7240.0,2022-23,36,3.2336235,1,0.19588828
7240.0,2022-23,37,0.85926276,0,1.0651561
7240.0,2022-23,37,0.85926276,0,0.9549462
7240.0,2022-23,37,1.407897,0,1.0651561
7240.0,2022-23,37,1.407897,0,0.9549462
7240.0,2022-23,38,1.3797064,0,0.77127504
7280.0,2022-23,6,0.014065972,0,0.3635587
7280.0,2022-23,7,-0.016309548,0,0.3476587
7280.0,2022-23,8,-0.016309548,0,0.34866792
7280.0,2022-23,9,-0.00579334,0,0.34814262
7280.0,2022-23,10,-0.01385076,0,0.34755638
7280.0,2022-23,11,0.20262434,0,0.34577656
7280.0,2022-23,12,-0.01385076,0,0.34167582
7280.0,2022-23,13,0.20262434,0,0.33170086
7280.0,2022-23,14,-0.01385076,0,0.3182455
7280.0,2022-23,15,-0.01385076,0,0.30743083
7280.0,2022-23,16,-0.01385076,0,0.30120543
7280.0,2022-23,17,-0.01385076,0,0.31877458
7280.0,2022-23,18,-0.01385076,0,0.3166716
7280.0,2022-23,19,-0.01385076,0,0.34275573
7280.0,2022-23,20,-0.01385076,0,0.34275573
7280.0,2022-23,21,-0.01385076,0,0.34275573
7280.0,2022-23,22,-0.01385076,0,0.34275573
7280.0,2022-23,23,-0.01385076,0,0.34275573
7280.0,2022-23,24,0.40065733,0,0.34275573
7280.0,2022-23,25,0.30345404,0,0.447052
7280.0,2022-23,26,-0.01385076,0,0.42552322
7280.0,2022-23,27,0.55962443,0,0.33473065
7280.0,2022-23,28,0.39568874,0,0.35688907
7280.0,2022-23,29,0.2924429,0,0.28301936
7280.0,2022-23,30,0.5901018,0,0.2497393
7280.0,2022-23,31,-0.01385076,0,0.23833722
7280.0,2022-23,32,0.17136368,0,0.18078451
7280.0,2022-23,33,-0.01385076,0,0.19058388
7280.0,2022-23,34,0.26841024,0,0.20204395
7280.0,2022-23,35,-0.01385076,0,0.2284025
7280.0,2022-23,36,-0.01385076,0,0.29557037
7280.0,2022-23,37,0.30846813,0,0.2557253
7281.0,2022-23,6,0.735567,2,1.7179927
7281.0,2022-23,7,0.09677645,0,1.5290133
7281.0,2022-23,8,0.5627209,0,1.4200417
7281.0,2022-23,9,0.48096228,-2,1.0018061
7281.0,2022-23,10,0.4847341,2,1.9247001
7281.0,2022-23,11,0.9604814,9,1.0610005
7281.0,2022-23,12,0.40671855,6,1.1310956
7281.0,2022-23,13,0.3736799,2,3.335696
7281.0,2022-23,14,0.32886806,9,2.6808383
7281.0,2022-23,15,1.047681,0,2.2683558
7281.0,2022-23,16,2.446123,0,3.5286272
7281.0,2022-23,17,2.9446025,0,1.2743267
7281.0,2022-23,18,2.4196725,0,1.0712878
7281.0,2022-23,19,2.308352,1,1.1702855
7281.0,2022-23,20,2.1400285,0,0.7072541
7281.0,2022-23,20,2.1400285,0,0.5527035
7281.0,2022-23,20,2.5747614,0,0.7072541
7281.0,2022-23,20,2.5747614,0,0.5527035
7281.0,2022-23,21,1.7281039,0,0.716425
7281.0,2022-23,22,1.1803864,0,0.776295
7281.0,2022-23,22,1.1803864,0,0.6982093
7281.0,2022-23,22,1.2440274,6,0.776295
7281.0,2022-23,22,1.2440274,6,0.6982093
7281.0,2022-23,23,2.855729,6,0.6031406
7281.0,2022-23,24,2.8151407,6,1.1224352
7281.0,2022-23,25,0.022712434,0,1.2406715
7281.0,2022-23,26,1.9867867,-1,1.0329999
7281.0,2022-23,27,4.023846,0,1.659207
7281.0,2022-23,28,0.05165367,0,0.97398585
7281.0,2022-23,29,2.0370033,1,0.4062963
7281.0,2022-23,29,2.0370033,1,0.28798223
7281.0,2022-23,29,1.9660414,6,0.4062963
7281.0,2022-23,29,1.9660414,6,0.28798223
7281.0,2022-23,30,4.0262046,0,0.8007764
7281.0,2022-23,31,3.2924428,14,0.04968375
7281.0,2022-23,32,0.3783503,0,0.2795193
7281.0,2022-23,33,3.0792716,1,0.25549552
7281.0,2022-23,34,3.2997997,9,1.0081602
7281.0,2022-23,34,3.2997997,9,1.3406445
7281.0,2022-23,34,1.9475211,1,1.0081602
7281.0,2022-23,34,1.9475211,1,1.3406445
7281.0,2022-23,35,3.3423367,1,1.3713688
7281.0,2022-23,36,3.796307,0,0.5576068
7281.0,2022-23,37,2.376802,0,0.5124238
7281.0,2022-23,37,2.376802,0,0.2145145
7281.0,2022-23,37,3.0031612,0,0.5124238
7281.0,2022-23,37,3.0031612,0,0.2145145
7281.0,2022-23,38,1.6557984,2,0.5731542
7282.0,2022-23,10,-0.039511494,0,0.38898155
7282.0,2022-23,11,-0.010451453,0,0.35566348
7282.0,2022-23,12,-0.0048462474,1,0.3534026
7298.0,2022-23,6,0.5372585,1,1.9120685
7298.0,2022-23,7,0.096558005,0,2.6198869
7298.0,2022-23,8,-0.0060230014,6,1.6857866
7298.0,2022-23,9,0.39292884,5,1.732283
7298.0,2022-23,10,1.17649,1,3.1658947
7298.0,2022-23,11,0.65531045,6,1.5925777
7298.0,2022-23,12,-0.14223361,0,1.4322807
7298.0,2022-23,13,-0.05404428,6,1.334689
7298.0,2022-23,14,1.2418058,6,2.1253386
7298.0,2022-23,15,-0.015516945,5,1.2076689
7298.0,2022-23,16,1.8145739,8,2.0381114
7298.0,2022-23,17,2.5709429,2,1.7371209
7298.0,2022-23,18,2.76061,1,3.0856788
7298.0,2022-23,19,3.230104,7,1.3966724
7298.0,2022-23,20,3.2461498,8,0.5972129
7298.0,2022-23,21,1.839418,0,0.34402558
7298.0,2022-23,22,2.6137106,2,1.42462
7298.0,2022-23,23,3.5218577,2,2.0891604
7298.0,2022-23,23,3.5218577,2,1.5317715
7298.0,2022-23,23,2.8511245,1,2.0891604
7298.0,2022-23,23,2.8511245,1,1.5317715
7298.0,2022-23,24,3.1589575,1,0.96224827
7298.0,2022-23,25,3.730913,7,1.2969326
7298.0,2022-23,25,3.730913,7,1.0524445
7298.0,2022-23,25,5.468537,6,1.2969326
7298.0,2022-23,25,5.468537,6,1.0524445
7298.0,2022-23,26,4.1213737,7,1.0536345
7298.0,2022-23,27,3.8936794,6,1.9231063
7298.0,2022-23,28,4.1080713,5,2.0706468
7298.0,2022-23,29,4.388056,8,2.2817268
7298.0,2022-23,30,4.5229483,0,1.6127316
7298.0,2022-23,31,4.4669695,6,2.341505
7298.0,2022-23,32,3.5859623,4,2.2327044
7298.0,2022-23,33,2.622426,0,3.0520668
7298.0,2022-23,34,4.175241,2,2.462043
7298.0,2022-23,35,2.332868,6,2.210796
7298.0,2022-23,36,3.2057147,1,2.317156
7298.0,2022-23,37,5.11489,2,2.0044909
7298.0,2022-23,38,3.0823016,6,1.9702867
7332.0,2022-23,6,0.37714309,6,1.7288301
7332.0,2022-23,7,0.19571634,0,2.378155
7332.0,2022-23,8,0.8469832,1,1.3620349
7332.0,2022-23,9,0.11559581,1,1.9389774
7332.0,2022-23,10,0.16319251,1,2.1417074
7332.0,2022-23,11,0.77384263,6,1.1202897
7332.0,2022-23,12,0.030432737,1,1.2542049
7332.0,2022-23,13,0.38838753,0,1.2930957
7332.0,2022-23,14,0.20721515,2,1.6969925
7332.0,2022-23,15,0.6693265,1,1.154192
7332.0,2022-23,16,2.6220856,1,1.3874823
7332.0,2022-23,17,2.399449,1,1.5445207
7332.0,2022-23,18,2.0884254,2,1.2047546
7332.0,2022-23,19,1.9030541,1,0.91402346
7332.0,2022-23,20,2.7111824,9,1.1273695
7332.0,2022-23,21,2.58916,0,0.9085118
7332.0,2022-23,22,2.683727,11,1.2709953
7332.0,2022-23,23,2.4143512,2,0.7687927
7332.0,2022-23,24,2.6657605,2,1.470924
7332.0,2022-23,25,2.978338,2,1.7818764
7332.0,2022-23,25,2.978338,2,1.9686438
7332.0,2022-23,25,2.725885,1,1.7818764
7332.0,2022-23,25,2.725885,1,1.9686438
7332.0,2022-23,26,2.7438889,7,1.6344782
7332.0,2022-23,27,2.8292062,1,1.7546667
7332.0,2022-23,28,2.9594882,0,1.6216973
7332.0,2022-23,29,3.0231152,2,2.34463
7332.0,2022-23,30,3.070871,7,2.3116949
7332.0,2022-23,31,2.8287735,6,2.3640273
7332.0,2022-23,32,2.6727664,1,1.4896315
7332.0,2022-23,33,2.4628878,6,1.8104737
7332.0,2022-23,34,2.2034452,-1,1.8151761
7332.0,2022-23,35,3.507824,7,2.1628094
7332.0,2022-23,36,2.5019236,1,1.7438807
7332.0,2022-23,37,-0.5371206,0,2.3951924
7332.0,2022-23,38,2.2453437,0,1.6687423
7366.0,2022-23,24,3.5913181,1,2.057077
7366.0,2022-23,25,3.4668553,7,1.0391351
7366.0,2022-23,26,2.9141502,2,1.6472999
7366.0,2022-23,27,2.8031597,1,1.785522
7366.0,2022-23,28,3.5495372,1,2.095348
7366.0,2022-23,29,-0.3964607,0,2.3026085
7366.0,2022-23,30,0.21616206,0,1.2919943
7366.0,2022-23,31,0.0025964305,0,0.60794574
7366.0,2022-23,32,1.7968063,0,0.34891868
7366.0,2022-23,33,0.06646444,0,0.6760272
7366.0,2022-23,34,2.2384806,0,0.8020062
7366.0,2022-23,35,1.0430982,1,1.0280385
7366.0,2022-23,36,1.2402327,1,1.3852402
7366.0,2022-23,37,2.1331604,1,0.9612343
7366.0,2022-23,38,1.4168736,-1,0.82415885
7382.0,2022-23,6,0.5104306,1,2.621742
7382.0,2022-23,7,0.13527134,0,1.7313662
7382.0,2022-23,8,0.6240763,1,0.7463538
7382.0,2022-23,9,-0.014970911,6,0.85953933
7382.0,2022-23,10,0.3958518,2,1.6155006
7382.0,2022-23,11,0.31764385,5,1.077418
7382.0,2022-23,12,0.98001105,6,1.419259
7382.0,2022-23,13,0.5642877,2,2.5727806
7382.0,2022-23,14,0.90358055,6,2.3334322
7382.0,2022-23,15,0.10946205,2,1.5389043
7382.0,2022-23,16,3.0138342,6,1.704054
7382.0,2022-23,17,2.7788217,6,2.970757
7382.0,2022-23,18,2.8135736,6,1.7971929
7382.0,2022-23,19,2.5674624,6,1.5670203
7382.0,2022-23,20,2.6405625,9,1.4324397
7382.0,2022-23,21,3.5040371,6,1.8644689
7382.0,2022-23,22,2.6684618,2,2.6922688
7382.0,2022-23,23,3.2564478,2,2.756771
7382.0,2022-23,24,2.6202505,1,2.515152
7382.0,2022-23,25,0.3274119,0,2.2683687
7382.0,2022-23,26,1.3760713,0,1.2846291
7382.0,2022-23,27,3.366438,2,1.3743259
7382.0,2022-23,28,3.3738894,1,0.9273334
7382.0,2022-23,29,2.3466806,6,0.7631011
7382.0,2022-23,29,2.3466806,6,0.9474352
7382.0,2022-23,29,2.2232246,2,0.7631011
7382.0,2022-23,29,2.2232246,2,0.9474352
7382.0,2022-23,30,2.9702203,2,1.1175042
7382.0,2022-23,31,3.0881565,1,1.0857254
7382.0,2022-23,32,2.91026,2,1.1070796
7382.0,2022-23,33,3.0162766,1,1.1228285
7382.0,2022-23,34,2.4223633,2,0.55735743
7382.0,2022-23,35,1.8567196,0,0.81240416
7382.0,2022-23,36,3.3989787,1,0.57568324
7382.0,2022-23,36,3.3989787,1,0.093426794
7382.0,2022-23,36,2.5937831,8,0.57568324
7382.0,2022-23,36,2.5937831,8,0.093426794
7382.0,2022-23,37,2.2577174,8,-0.043800697
7382.0,2022-23,38,3.8093557,1,1.6256665
7384.0,2022-23,6,0.43187976,1,1.4094625
7384.0,2022-23,7,0.02562499,0,1.1584202
7384.0,2022-23,8,1.8208534,2,0.98047775
7384.0,2022-23,9,0.3325397,6,1.148984
7384.0,2022-23,10,0.3954598,2,1.5128039
7384.0,2022-23,11,-0.11649624,1,1.2446911
7384.0,2022-23,12,-0.07466798,1,1.0964473
7384.0,2022-23,13,0.068060264,0,1.3110332
7384.0,2022-23,14,0.6205134,1,1.4251485
7384.0,2022-23,15,-0.097109854,-1,1.9859325
7384.0,2022-23,16,0.18434474,0,1.6200982
7384.0,2022-23,17,0.24689691,0,0.841508
7384.0,2022-23,18,0.033592686,0,0.5281739
7384.0,2022-23,19,1.0582982,1,0.45714194
7384.0,2022-23,20,1.4761224,1,1.0992289
7384.0,2022-23,21,-0.038193587,0,0.8311084
7384.0,2022-23,22,1.2973456,2,0.45079577
7384.0,2022-23,23,1.370579,1,0.7247056
7384.0,2022-23,24,1.8857045,1,0.71964014
7384.0,2022-23,25,1.05247,-3,0.5939894
7384.0,2022-23,26,0.58572006,0,0.6091224
7384.0,2022-23,27,-0.189564,0,1.0227553
7384.0,2022-23,28,-0.09793018,0,0.6205575
7384.0,2022-23,29,0.07751113,0,0.3469819
7384.0,2022-23,30,0.75757986,8,0.23390593
7384.0,2022-23,31,2.3103888,1,1.056039
7384.0,2022-23,32,3.261481,0,1.8780528
7384.0,2022-23,33,4.0683575,6,1.634344
7384.0,2022-23,34,-0.23389804,0,1.0994164
7384.0,2022-23,35,-0.06824303,0,0.61804944
7384.0,2022-23,36,2.4797573,1,0.21485834
7430.0,2022-23,6,1.4946259,2,3.128023
7430.0,2022-23,7,0.90024686,0,2.0706947
7430.0,2022-23,8,0.894398,1,1.4124597
7430.0,2022-23,9,-4.9291702e-05,-2,1.1028582
7430.0,2022-23,10,0.26218328,0,0.9089154
7430.0,2022-23,11,0.7564511,0,0.6318369
7430.0,2022-23,12,0.2697401,0,0.5166691
7430.0,2022-23,13,0.62976235,0,0.43808216
7430.0,2022-23,14,0.09318965,1,0.6513677
7430.0,2022-23,15,0.7113718,1,0.76139313
7430.0,2022-23,16,2.1182256,0,1.0255939
7430.0,2022-23,17,1.7406603,0,1.4295416
7430.0,2022-23,18,1.9185363,1,1.9161729
7430.0,2022-23,19,1.6668779,1,1.4151524
7430.0,2022-23,20,1.3346528,0,0.73291355
7430.0,2022-23,20,1.3346528,0,0.8205175
7430.0,2022-23,20,1.8744788,7,0.73291355
7430.0,2022-23,20,1.8744788,7,0.8205175
7430.0,2022-23,21,2.5594978,9,0.12262997
7430.0,2022-23,22,2.9099753,6,0.054843083
7430.0,2022-23,23,2.892199,1,0.007910296
7430.0,2022-23,24,3.956859,15,0.027656585
7430.0,2022-23,25,4.091867,7,1.0878013
7430.0,2022-23,26,3.254171,1,1.1427678
7430.0,2022-23,27,3.5647948,0,0.90940017
7430.0,2022-23,28,2.891181,1,0.65504843
7430.0,2022-23,29,2.077911,0,0.5835779
7430.0,2022-23,30,3.262837,0,1.1264889
7430.0,2022-23,31,2.5768452,0,1.1821742
7430.0,2022-23,32,1.2999568,0,0.96915585
7430.0,2022-23,33,0.8291568,0,0.9670029
7430.0,2022-23,34,0.71708256,0,0.55728275
7430.0,2022-23,35,1.0229685,6,0.4118755
7430.0,2022-23,36,1.8673005,1,0.9074996
7430.0,2022-23,37,2.3006923,1,1.0861626
7430.0,2022-23,38,2.3105268,2,1.495428
7589.0,2022-23,6,0.57902807,2,0.4625665
7589.0,2022-23,7,0.14866972,0,0.6497334
7589.0,2022-23,8,0.14393303,0,0.5568039
7589.0,2022-23,9,0.21280178,2,0.4653381
7589.0,2022-23,10,0.15248449,0,0.5527798
7589.0,2022-23,11,0.003923053,0,0.49292797
7589.0,2022-23,12,0.017420199,0,0.46755782
7589.0,2022-23,13,-0.026323859,0,0.43064022
7589.0,2022-23,14,-0.026323859,0,0.40876752
7589.0,2022-23,15,0.0029236975,0,0.38124204
7589.0,2022-23,16,0.0029236975,0,0.37572384
7589.0,2022-23,17,0.0029236975,0,0.36845458
7589.0,2022-23,18,-0.01385076,0,0.36317843
7589.0,2022-23,19,-0.01385076,0,0.35511488
7589.0,2022-23,20,-0.01385076,0,0.34897014
7589.0,2022-23,21,-0.01385076,0,0.34404275
7589.0,2022-23,22,-0.01385076,0,0.34212416
7589.0,2022-23,23,-0.01385076,0,0.34275573
7589.0,2022-23,24,0.47912836,1,0.34275573
7589.0,2022-23,25,1.4639609,1,0.6050394
7589.0,2022-23,26,1.6252295,14,1.0527251
7589.0,2022-23,27,2.5868804,1,1.4283055
7589.0,2022-23,28,3.0767624,2,1.2576731
7589.0,2022-23,29,3.4484973,7,1.0453242
7589.0,2022-23,30,3.6378894,2,0.95045465
7589.0,2022-23,31,2.7198265,1,1.2193675
7589.0,2022-23,32,0.06526294,0,1.2723963
7589.0,2022-23,33,2.3834114,0,0.79195905
7589.0,2022-23,34,1.2736039,1,0.86826724
7589.0,2022-23,35,0.00097195,0,1.1474807
7589.0,2022-23,36,0.010507852,0,0.96899474
7589.0,2022-23,37,1.0437876,2,0.5281563
7589.0,2022-23,37,1.0437876,2,1.4095606
7589.0,2022-23,37,1.531833,0,0.5281563
7589.0,2022-23,37,1.531833,0,1.4095606
7589.0,2022-23,38,1.3679061,1,0.926632
7603.0,2022-23,6,0.07042594,6,1.4699212
7603.0,2022-23,7,0.26137856,0,2.0901666
7603.0,2022-23,8,0.2384111,0,0.9103488
7603.0,2022-23,9,0.31497,1,0.48353916
7603.0,2022-23,10,0.34097552,1,0.67256284
7603.0,2022-23,11,0.18422116,7,0.96880156
7603.0,2022-23,12,0.26112708,1,1.0300274
7603.0,2022-23,13,0.073910475,0,1.3672218
7603.0,2022-23,14,0.2999366,6,1.2473329
7603.0,2022-23,15,-0.16000907,2,1.4991486
7603.0,2022-23,16,2.1502762,1,1.4786696
7603.0,2022-23,17,0.4773439,0,1.6876627
7603.0,2022-23,18,2.4820583,6,0.88163215
7603.0,2022-23,19,2.974252,0,1.4957861
7603.0,2022-23,20,2.790899,1,1.1626385
7603.0,2022-23,20,2.790899,1,0.9120549
7603.0,2022-23,20,2.3090901,2,1.1626385
7603.0,2022-23,20,2.3090901,2,0.9120549
7603.0,2022-23,21,2.8733788,5,0.997425
7603.0,2022-23,22,1.5771987,1,1.1008395
7603.0,2022-23,23,2.1835215,2,1.325467
7603.0,2022-23,24,1.822787,2,1.0346266
7603.0,2022-23,25,2.4017816,6,1.632115
7603.0,2022-23,26,3.595111,2,1.284958
7603.0,2022-23,27,2.2695563,2,1.1181637
7603.0,2022-23,27,2.2695563,2,0.7458231
7603.0,2022-23,27,2.9938881,2,1.1181637
7603.0,2022-23,27,2.9938881,2,0.7458231
7603.0,2022-23,28,1.5948837,0,1.4121579
7603.0,2022-23,29,2.3059206,1,1.2647783
7603.0,2022-23,30,2.9302766,8,1.2801305
7603.0,2022-23,31,2.7897735,7,1.1753414
7603.0,2022-23,32,2.1037717,6,1.4023472
7603.0,2022-23,33,2.9796102,1,1.3114433
7603.0,2022-23,34,4.621995,1,2.1864243
7603.0,2022-23,35,2.9861217,2,1.6086158
7603.0,2022-23,36,3.3545916,6,2.2868288
7603.0,2022-23,37,3.7749403,1,2.331477
7603.0,2022-23,38,3.135105,2,1.9154242
7689.0,2022-23,6,-0.017736046,0,0.339257
7689.0,2022-23,7,0.0046797027,0,0.3546671
7689.0,2022-23,8,0.0046797027,0,0.35286626
7689.0,2022-23,9,0.015195901,0,0.35127476
7689.0,2022-23,10,-0.01385076,0,0.35008484
7689.0,2022-23,11,-0.01385076,0,0.34728387
7689.0,2022-23,12,-0.01385076,0,0.34473914
7689.0,2022-23,13,-0.01385076,0,0.3431236
7689.0,2022-23,14,-0.01385076,0,0.3425334
7689.0,2022-23,15,-0.01385076,0,0.34275573
7689.0,2022-23,16,-0.01385076,0,0.34275573
7689.0,2022-23,17,0.39526108,1,0.34275573
7689.0,2022-23,18,1.5368235,2,0.26780212
7689.0,2022-23,19,0.0056888703,0,0.7718062
7689.0,2022-23,20,1.7370988,1,0.761082
7689.0,2022-23,21,-0.039471507,0,0.7880022
7689.0,2022-23,22,0.09847623,0,0.83014506
7689.0,2022-23,23,0.0077212444,0,0.1638161
7689.0,2022-23,24,-0.003336911,0,0.07371253
7689.0,2022-23,25,1.084279,-1,-0.005651638
7689.0,2022-23,26,2.1716807,0,0.11412336
7689.0,2022-23,27,1.7403693,6,0.4429587
7689.0,2022-23,28,1.5318232,1,0.9597483
7689.0,2022-23,29,1.820238,5,0.5805523
7689.0,2022-23,30,1.3480626,1,0.15862784
7689.0,2022-23,31,1.7395152,0,0.4509896
7689.0,2022-23,32,0.8248514,1,0.73670006
7689.0,2022-23,33,1.7328805,0,0.6784676
7691.0,2022-23,14,-0.022903778,0,0.38218385
7691.0,2022-23,15,0.0046797027,0,0.35677993
7691.0,2022-23,16,0.0046797027,0,0.35410583
7691.0,2022-23,17,0.015195901,0,0.35214686
7691.0,2022-23,18,-0.01385076,0,0.3507542
7691.0,2022-23,19,-0.01385076,0,0.34789425
7691.0,2022-23,20,-0.01385076,0,0.34529787
7691.0,2022-23,21,-0.01385076,0,0.34351146
7691.0,2022-23,22,-0.01385076,0,0.3426914
7691.0,2022-23,23,-0.01385076,0,0.34275573
7691.0,2022-23,24,-0.01385076,0,0.34275573
7691.0,2022-23,25,-0.01385076,0,0.34275573
7691.0,2022-23,26,-0.01385076,0,0.34275573
7691.0,2022-23,27,-0.01385076,0,0.34275573
7691.0,2022-23,28,-0.01385076,0,0.34275573
7691.0,2022-23,29,-0.01385076,0,0.34275573
7691.0,2022-23,30,-0.01385076,0,0.34275573
7691.0,2022-23,31,-0.01385076,0,0.34275573
7691.0,2022-23,32,-0.01385076,0,0.34275573
7691.0,2022-23,33,-0.01385076,0,0.34275573
7691.0,2022-23,34,-0.01385076,0,0.34275573
7691.0,2022-23,35,-0.01385076,0,0.34275573
7691.0,2022-23,36,-0.01385076,0,0.34275573
7691.0,2022-23,37,-0.01385076,0,0.34275573
7691.0,2022-23,38,0.47329554,1,0.34275573
7699.0,2022-23,6,1.2387489,1,1.8808914
7699.0,2022-23,7,0.018837854,0,1.897693
7699.0,2022-23,8,-0.11646149,0,0.9580179
7699.0,2022-23,9,0.005621564,-1,0.65125066
7699.0,2022-23,10,0.69879556,2,0.72857183
7699.0,2022-23,11,0.056710847,1,1.1266146
7699.0,2022-23,12,0.90030766,6,1.0644825
7699.0,2022-23,13,0.5554422,1,1.4931141
7699.0,2022-23,14,0.08485096,2,1.3814723
7699.0,2022-23,15,0.27509826,1,2.2081838
7699.0,2022-23,16,0.53487355,0,1.8361124
7699.0,2022-23,17,0.21647385,0,1.1203396
7699.0,2022-23,18,0.21846177,0,0.61744964
7699.0,2022-23,19,0.18493922,0,0.5061081
7699.0,2022-23,20,1.3147362,1,0.49101585
7699.0,2022-23,21,0.13901328,0,0.34660178
7699.0,2022-23,22,1.9939111,1,0.6047108
7699.0,2022-23,23,2.074822,2,1.1958028
7699.0,2022-23,24,1.7919712,6,1.6482295
7699.0,2022-23,25,0.2560568,0,3.74659
7699.0,2022-23,26,3.0476515,6,1.4223262
7699.0,2022-23,27,2.769174,1,2.1662471
7699.0,2022-23,27,2.769174,1,1.6051027
7699.0,2022-23,27,3.9634118,1,2.1662471
7699.0,2022-23,27,3.9634118,1,1.6051027
7699.0,2022-23,28,0.01694914,0,0.387394
7699.0,2022-23,29,2.124592,9,0.38671795
7699.0,2022-23,30,2.3506038,1,1.0484998
7699.0,2022-23,31,1.7022567,2,0.55009395
7699.0,2022-23,32,-0.07074347,0,1.2697971
7699.0,2022-23,33,0.030061573,0,1.2820834
7699.0,2022-23,34,2.4448621,6,0.74975985
7699.0,2022-23,34,2.4448621,6,1.5537164
7699.0,2022-23,34,1.4639188,5,0.74975985
7699.0,2022-23,34,1.4639188,5,1.5537164
7699.0,2022-23,35,2.5576804,0,1.633355
7699.0,2022-23,36,0.49899426,0,1.7324892
7699.0,2022-23,37,0.23677534,0,1.7482065
7699.0,2022-23,38,2.2889824,1,0.6433853
7726.0,2022-23,6,0.37221432,2,1.6479417
7726.0,2022-23,7,-0.049331643,0,1.4170393
7726.0,2022-23,8,0.3167261,7,0.7758506
7726.0,2022-23,9,0.022681903,6,0.81266266
7726.0,2022-23,10,-0.042339694,1,1.0303056
7726.0,2022-23,11,0.030614195,1,1.0375886
7726.0,2022-23,12,-0.1063082,1,1.4327868
7726.0,2022-23,13,-0.13000567,6,1.5553919
7726.0,2022-23,14,-0.29219016,0,1.3055297
7726.0,2022-23,15,-0.091671236,2,1.7617
7726.0,2022-23,16,3.4589307,2,1.811409
7726.0,2022-23,17,2.5301604,1,2.1179528
7726.0,2022-23,18,2.347081,5,1.3240013
7726.0,2022-23,19,2.6134236,2,1.1348778
7726.0,2022-23,20,2.5882106,2,0.9257372
7726.0,2022-23,21,2.9222708,7,0.9869824
7726.0,2022-23,22,2.8463728,0,1.1819288
7726.0,2022-23,23,2.7280514,0,1.2433729
7726.0,2022-23,24,2.8421974,0,1.2565033
7726.0,2022-23,25,3.280821,7,1.0500033
7726.0,2022-23,26,3.539691,7,1.9006617
7726.0,2022-23,27,2.1657147,2,1.2992573
7726.0,2022-23,28,3.07183,6,2.4007742
7726.0,2022-23,29,3.4945357,6,1.8668164
7726.0,2022-23,29,3.4945357,6,2.6764734
7726.0,2022-23,29,3.643324,2,1.8668164
7726.0,2022-23,29,3.643324,2,2.6764734
7726.0,2022-23,30,5.299497,5,1.6849953
7726.0,2022-23,31,2.8101048,6,2.309117
7726.0,2022-23,32,2.3875325,2,1.41139
7726.0,2022-23,33,2.8244815,8,1.6241311
7726.0,2022-23,34,3.721046,2,1.3149536
7726.0,2022-23,35,3.0544865,2,2.329088
7726.0,2022-23,36,3.3140998,2,2.8737717
7726.0,2022-23,37,2.5129871,1,3.073962
7726.0,2022-23,38,2.480858,2,2.459356
7753.0,2022-23,6,-0.46430674,0,1.3005786
7753.0,2022-23,7,0.27340537,0,1.4859517
7753.0,2022-23,8,-0.04780575,2,0.7874427
7753.0,2022-23,9,0.46878317,6,2.2624378
7753.0,2022-23,10,-0.112992756,1,1.2403036
7753.0,2022-23,11,0.30546698,6,1.3304807
7753.0,2022-23,12,-0.091917045,7,1.1769413
7753.0,2022-23,13,-0.20888247,6,1.6902128
7753.0,2022-23,14,0.17417066,2,2.1643047
7753.0,2022-23,15,-0.21270956,7,2.085174
7823.0,2022-23,7,0.0024445711,0,0.4132501
7823.0,2022-23,8,0.03745831,1,0.53401697
7823.0,2022-23,9,-0.0036915175,0,0.68318427
7823.0,2022-23,10,0.42172307,1,0.70159906
7823.0,2022-23,11,0.0643153,1,0.6384431
7823.0,2022-23,12,0.023165496,0,0.49479985
7823.0,2022-23,13,0.023165496,0,0.62658834
7823.0,2022-23,14,0.023165496,0,0.6448613
7823.0,2022-23,15,0.033562176,1,0.5145972
7823.0,2022-23,16,0.054355618,0,0.4611808
7823.0,2022-23,17,1.4057386,0,0.39063525
7823.0,2022-23,18,0.07397911,0,0.50936264
7823.0,2022-23,19,1.4844459,0,0.42321095
7823.0,2022-23,20,1.3462054,1,0.50641596
7823.0,2022-23,21,0.23962082,0,0.59560627
7823.0,2022-23,22,0.23962082,0,0.41763514
7823.0,2022-23,23,0.01769512,0,0.3410948
7823.0,2022-23,24,-0.02639007,0,0.29352143
7823.0,2022-23,25,-0.02639007,0,0.3034633
7823.0,2022-23,26,-0.0050004483,0,0.36810827
7823.0,2022-23,27,-0.0050004483,0,0.36505157
7823.0,2022-23,28,-0.0050004483,0,0.3628934
7823.0,2022-23,29,-0.01385076,0,0.3614903
7823.0,2022-23,30,-0.01385076,0,0.35545743
7823.0,2022-23,31,-0.01385076,0,0.34905678
7823.0,2022-23,32,-0.01385076,0,0.34436518
7823.0,2022-23,33,-0.01385076,0,0.34255362
7823.0,2022-23,34,0.3986967,1,0.34275573
7931.0,2022-23,7,-0.08816237,0,1.1357735
7931.0,2022-23,8,-0.04991348,1,0.9185224
7931.0,2022-23,9,0.4814707,1,0.6566519
7931.0,2022-23,10,0.5334509,1,0.6761611
7931.0,2022-23,11,0.11026395,6,1.398569
7931.0,2022-23,12,-0.04674362,0,2.1311817
7931.0,2022-23,13,-0.07034487,2,1.1478907
7931.0,2022-23,14,0.3533129,6,0.97188
7931.0,2022-23,15,0.26398832,0,1.5737394
7931.0,2022-23,16,0.30497354,0,1.1953565
7931.0,2022-23,17,0.0141732795,0,0.8648495
7931.0,2022-23,18,1.389863,0,0.6354617
7931.0,2022-23,19,2.2571847,1,0.7249422
7931.0,2022-23,20,2.1142054,1,0.89807886
7931.0,2022-23,21,1.7215377,4,0.8199868
7931.0,2022-23,22,1.8895054,1,1.4475468
7931.0,2022-23,23,2.4981396,0,0.8926276
7931.0,2022-23,24,2.6955316,1,1.5781575
7931.0,2022-23,25,1.9614041,1,1.0259836
7931.0,2022-23,26,2.3166766,1,0.34015515
7931.0,2022-23,27,2.2878158,1,1.0936579
8067.0,2022-23,6,0.8996359,1,2.3490303
8067.0,2022-23,7,0.34320065,0,3.4941132
8067.0,2022-23,8,0.46348655,0,1.5147516
8067.0,2022-23,9,1.0280583,2,0.9914008
8067.0,2022-23,10,0.712682,1,0.680984
8067.0,2022-23,11,0.112778805,0,0.65587294
8067.0,2022-23,12,0.2001351,0,0.55440116
8067.0,2022-23,13,-0.0024213453,0,0.49067134
8067.0,2022-23,14,-0.060008414,0,0.44472933
8067.0,2022-23,15,-0.010655804,0,0.3759334
8067.0,2022-23,16,-0.0022168427,0,0.3916195
8067.0,2022-23,17,1.1542016,1,0.38150573
8067.0,2022-23,18,0.4454879,0,1.1337811
8067.0,2022-23,19,0.46014863,0,0.7837258
8067.0,2022-23,20,0.46014863,0,0.55611706
8067.0,2022-23,21,0.10643986,0,0.43175432
8067.0,2022-23,22,1.6171149,1,0.38301468
8067.0,2022-23,23,1.7035093,2,0.88216287
8067.0,2022-23,24,-0.07071605,0,1.3967186
8067.0,2022-23,25,2.096993,1,0.68020797
8067.0,2022-23,26,0.057345066,0,1.2851022
8067.0,2022-23,27,0.02146407,0,0.7068651
8067.0,2022-23,28,1.9167267,3,0.48270923
8067.0,2022-23,29,2.5291233,1,1.4186217
8067.0,2022-23,29,2.5291233,1,1.0989608
8067.0,2022-23,29,2.1105852,6,1.4186217
8067.0,2022-23,29,2.1105852,6,1.0989608
8067.0,2022-23,30,3.5548863,2,1.6156119
8067.0,2022-23,31,4.177909,1,3.340569
8089.0,2022-23,6,0.41333193,0,3.0201738
8089.0,2022-23,7,0.5406801,0,1.3774216
8089.0,2022-23,8,0.33931187,6,0.7815893
8089.0,2022-23,9,0.3251671,1,0.8867407
8089.0,2022-23,10,0.3299278,1,0.7805765
8089.0,2022-23,11,-0.0087688705,1,0.83275205
8089.0,2022-23,12,0.10399532,0,0.79040533
8089.0,2022-23,13,0.2004707,1,0.66407603
8089.0,2022-23,14,0.5380123,1,0.50098795
8089.0,2022-23,15,0.025722228,1,0.54741204
8089.0,2022-23,16,0.04686007,0,0.5952252
8089.0,2022-23,17,1.599935,2,0.57950044
8089.0,2022-23,18,1.4342959,0,1.3756657
8089.0,2022-23,19,0.029532012,0,1.0361376
8089.0,2022-23,20,1.9029651,1,0.5508622
8089.0,2022-23,21,0.04088299,0,0.45749682
8089.0,2022-23,22,0.029619943,0,0.3504454
8089.0,2022-23,23,0.01766277,0,0.3546645
8089.0,2022-23,24,1.0653569,1,0.35616153
8089.0,2022-23,25,1.9649217,1,0.4957978
8089.0,2022-23,26,-0.028101133,0,0.84000355
8089.0,2022-23,27,1.34371,1,0.73437387
8089.0,2022-23,28,1.9136612,4,0.7739125
8089.0,2022-23,29,2.3524997,1,1.600496
8089.0,2022-23,30,2.2942173,1,1.1935164
8089.0,2022-23,31,1.4492401,1,0.5206117
8089.0,2022-23,32,-0.1242588,0,0.6642723
8089.0,2022-23,33,0.077233166,0,0.7036545
8089.0,2022-23,34,2.2764986,1,0.85524446
8089.0,2022-23,35,1.5387043,1,3.1910226
8089.0,2022-23,36,1.6081214,1,1.5011702
8089.0,2022-23,37,2.6812243,1,1.0092207
8089.0,2022-23,38,2.9749098,1,0.902801
8090.0,2022-23,6,-0.18478501,4,2.0726352
8090.0,2022-23,7,-0.16097058,0,1.3248245
8090.0,2022-23,8,-0.017724765,0,0.81950283
8090.0,2022-23,9,0.123131126,0,0.5428895
8090.0,2022-23,10,-0.012619237,0,0.5823063
8090.0,2022-23,11,0.049385764,0,0.45669916
8090.0,2022-23,12,-0.0006091595,0,0.43714428
8090.0,2022-23,13,-0.0006091595,0,0.41597033
8090.0,2022-23,14,0.0019531038,0,0.40685517
8090.0,2022-23,15,-0.01385076,0,0.39960104
8090.0,2022-23,16,-0.01385076,0,0.37670612
8090.0,2022-23,17,0.34361336,1,0.3568645
8090.0,2022-23,18,1.3990101,0,0.6546496
8090.0,2022-23,19,1.5550098,1,0.91143
8090.0,2022-23,20,1.458106,1,0.89902157
8090.0,2022-23,21,1.7584597,1,0.8442008
8090.0,2022-23,22,0.09003388,0,0.8390743
8090.0,2022-23,23,0.11671036,0,0.5878143
8090.0,2022-23,24,0.027553838,0,0.33753693
8090.0,2022-23,25,-0.06668495,0,0.2585734
8090.0,2022-23,26,-0.043913815,0,0.27266863
8090.0,2022-23,27,0.8273948,6,0.40746054
8090.0,2022-23,28,1.4851626,1,1.6469673
8090.0,2022-23,29,1.9730853,2,1.0178454
8090.0,2022-23,29,1.9730853,2,0.8321003
8090.0,2022-23,29,2.0226355,1,1.0178454
8090.0,2022-23,29,2.0226355,1,0.8321003
8090.0,2022-23,30,2.256236,5,0.97248954
8090.0,2022-23,31,2.9110441,1,1.1191894
8090.0,2022-23,32,2.9875941,1,0.7804497
8090.0,2022-23,33,2.4380317,8,0.78806233
8090.0,2022-23,34,4.25221,2,1.2229224
8090.0,2022-23,35,3.303624,1,0.9772658
8090.0,2022-23,36,2.690591,1,1.0961444
8090.0,2022-23,37,2.4808357,2,1.693607
8090.0,2022-23,38,2.682195,2,2.0145502
8204.0,2022-23,6,0.75665915,4,3.039368
8204.0,2022-23,7,0.4411334,0,3.4651024
8204.0,2022-23,8,1.5236708,1,1.4926261
8204.0,2022-23,9,0.87792856,-1,1.5038208
8204.0,2022-23,10,1.2501987,1,0.91218954
8204.0,2022-23,11,0.7458191,2,0.867114
8204.0,2022-23,12,0.048082482,6,0.76791376
8204.0,2022-23,13,0.2160877,6,0.92058355
8204.0,2022-23,14,-0.04927584,1,1.3404545
8204.0,2022-23,15,0.1968925,1,1.1106539
8204.0,2022-23,16,2.1098115,1,1.4499824
8204.0,2022-23,17,1.9426631,1,0.8949545
8204.0,2022-23,18,2.1251912,1,1.0984235
8204.0,2022-23,19,1.3849137,1,0.9111158
8204.0,2022-23,20,1.6990982,1,1.1421926
8204.0,2022-23,21,1.5570176,1,1.3458557
8204.0,2022-23,22,1.7209525,5,1.4281873
8204.0,2022-23,23,0.041177005,0,1.2447671
8204.0,2022-23,24,1.8993075,1,0.85527945
8204.0,2022-23,25,1.7882581,0,1.1790948
8204.0,2022-23,26,-0.010743004,0,0.8273492
8204.0,2022-23,27,1.9865906,1,0.52929425
8204.0,2022-23,28,1.713088,1,0.7026232
8204.0,2022-23,29,1.8847128,2,0.59723
8204.0,2022-23,29,1.8847128,2,1.4322183
8204.0,2022-23,29,2.0787153,0,0.59723
8204.0,2022-23,29,2.0787153,0,1.4322183
8204.0,2022-23,30,1.8693129,1,1.1584876
8204.0,2022-23,31,2.35658,0,1.0188416
8204.0,2022-23,32,0.34694237,6,0.71789604
8204.0,2022-23,33,1.4761913,2,1.7468597
8214.0,2022-23,6,0.05501118,6,0.9293289
8214.0,2022-23,7,-0.06861978,0,1.0184604
8214.0,2022-23,8,0.13457917,0,0.8937127
8214.0,2022-23,9,0.5494838,1,0.5385005
8214.0,2022-23,10,0.61112607,1,0.64103746
8214.0,2022-23,11,0.050646998,1,0.82869786
8214.0,2022-23,12,0.42792872,2,0.75885916
8214.0,2022-23,13,0.09980811,1,1.0303562
8214.0,2022-23,14,0.45583704,11,1.1023898
8214.0,2022-23,15,0.15061267,2,1.3981873
8214.0,2022-23,16,2.3075454,0,2.7061627
8214.0,2022-23,17,2.8328786,-3,2.131873
8214.0,2022-23,18,0.44587973,0,1.0842245
8214.0,2022-23,19,-0.13104941,0,1.5826675
8214.0,2022-23,20,1.5278914,2,0.613874
8214.0,2022-23,20,1.5278914,2,1.3478907
8214.0,2022-23,20,1.5060805,2,0.613874
8214.0,2022-23,20,1.5060805,2,1.3478907
8214.0,2022-23,21,2.5142815,7,0.9584599
8214.0,2022-23,22,1.9202838,0,0.9991349
8214.0,2022-23,23,1.9514474,1,1.3116565
8214.0,2022-23,24,1.6227355,6,1.2707267
8214.0,2022-23,25,1.5768125,6,1.9683471
8214.0,2022-23,26,3.153438,2,0.947658
8214.0,2022-23,27,1.7424822,2,0.86231786
8214.0,2022-23,27,1.7424822,2,0.7356033
8214.0,2022-23,27,2.4003377,2,0.86231786
8214.0,2022-23,27,2.4003377,2,0.7356033
8214.0,2022-23,28,1.4306517,0,1.5638205
8214.0,2022-23,29,2.197458,2,1.4909669
8214.0,2022-23,30,3.4643695,2,1.5971631
8214.0,2022-23,31,2.568498,6,1.6011759
8214.0,2022-23,32,2.667925,5,1.8494959
8214.0,2022-23,33,4.1009774,1,2.1956315
8214.0,2022-23,34,5.3768716,1,1.9072294
8214.0,2022-23,35,2.4963953,2,1.5649563
8214.0,2022-23,36,4.0462193,8,1.9963831
8214.0,2022-23,37,4.1521072,1,1.5163153
8214.0,2022-23,38,3.7898788,2,2.044494
8222.0,2022-23,22,-0.027083876,0,0.31175274
8222.0,2022-23,23,0.7286297,1,0.36160538
8222.0,2022-23,24,0.013195348,0,0.6691402
8222.0,2022-23,25,0.013195348,0,0.4682385
8222.0,2022-23,26,0.013195348,0,0.34873304
8222.0,2022-23,27,-0.02639007,0,0.2984837
8222.0,2022-23,28,-0.02639007,0,0.2943479
8222.0,2022-23,29,-0.0050004483,0,0.3590182
8222.0,2022-23,30,0.55163956,1,0.35812247
8222.0,2022-23,31,0.020520814,0,0.6199928
8222.0,2022-23,32,0.028333228,0,0.59165376
8222.0,2022-23,33,0.99404687,1,0.47675848
8226.0,2022-23,6,0.41799203,1,0.57857734
8226.0,2022-23,7,0.039201416,0,0.56524116
8226.0,2022-23,8,0.032130245,0,0.78818125
8226.0,2022-23,9,0.059647497,1,0.8300683
8226.0,2022-23,10,0.539514,1,0.724103
8226.0,2022-23,11,0.037855446,0,0.6425358
8226.0,2022-23,12,0.53130877,0,0.78110176
8226.0,2022-23,13,0.036220513,1,1.153647
8226.0,2022-23,14,0.43881443,1,0.9082324
8226.0,2022-23,15,0.4082907,0,0.7858501
8226.0,2022-23,16,1.7090505,1,0.6485269
8226.0,2022-23,17,1.4856709,1,0.8396335
8226.0,2022-23,18,1.8623139,0,0.7700666
8226.0,2022-23,19,1.6737201,1,1.9828851
8226.0,2022-23,20,1.8912028,1,1.6929084
8226.0,2022-23,21,2.0537324,1,0.6360107
8226.0,2022-23,22,2.467793,6,0.56804115
8226.0,2022-23,23,3.1697898,1,1.1073872
8226.0,2022-23,24,2.0912213,1,1.2057786
8226.0,2022-23,25,0.0928886,0,1.3732116
8226.0,2022-23,26,2.3774066,1,0.9148442
8228.0,2022-23,7,0.08638033,0,0.40844664
8228.0,2022-23,8,0.14617798,0,0.3835786
8228.0,2022-23,9,0.14617798,0,0.38053554
8228.0,2022-23,10,6.475317e-05,0,0.37461436
8228.0,2022-23,11,-0.01385076,0,0.37002397
8228.0,2022-23,12,-0.01385076,0,0.36080515
8228.0,2022-23,13,-0.01385076,0,0.35188633
8228.0,2022-23,14,-0.01385076,0,0.3456341
8228.0,2022-23,15,-0.01385076,0,0.34271622
8228.0,2022-23,16,0.39526108,1,0.34275573
8430.0,2022-23,7,0.07600596,0,1.2090968
8430.0,2022-23,8,0.007702622,0,0.6308574
8430.0,2022-23,9,-0.021419793,0,0.38836998
8430.0,2022-23,10,0.010486029,0,0.3736387
8430.0,2022-23,11,0.0065906118,0,0.36902028
8430.0,2022-23,12,-0.00579334,0,0.3629607
8430.0,2022-23,13,-0.01385076,0,0.3559451
8430.0,2022-23,14,-0.01385076,0,0.34923795
8430.0,2022-23,15,-0.01385076,0,0.3445154
8430.0,2022-23,16,-0.01385076,0,0.3427322
8430.0,2022-23,17,0.39526108,0,0.3425968
8430.0,2022-23,18,0.022862852,0,0.5039501
8430.0,2022-23,19,0.022862852,0,0.39850783
8430.0,2022-23,20,1.1841259,2,0.31164634
8430.0,2022-23,21,1.5305595,6,0.9621585
8430.0,2022-23,22,1.431989,1,0.9837287
8430.0,2022-23,23,-0.014204622,0,0.98038334
8430.0,2022-23,24,0.7672511,1,1.0280815
8430.0,2022-23,25,-0.13673124,0,0.8727605
8430.0,2022-23,26,-0.04226447,0,0.75769454
8430.0,2022-23,27,0.027938528,0,0.5235774
8430.0,2022-23,28,-0.031953875,0,0.18048158
8430.0,2022-23,29,-0.08801809,0,0.12724313
8430.0,2022-23,30,-0.02557025,0,0.23382795
8430.0,2022-23,31,0.015195901,0,0.22360209
8430.0,2022-23,32,0.015195901,0,0.245588
8430.0,2022-23,33,0.53828984,1,0.30102623
8562.0,2022-23,10,-0.038303167,0,0.39534175
8562.0,2022-23,11,-0.03536952,0,0.35473806
8562.0,2022-23,12,-0.016309548,0,0.33375266
8562.0,2022-23,13,0.03535649,1,0.3446412
8562.0,2022-23,14,0.006824684,0,0.39665866
8562.0,2022-23,15,0.028333228,0,0.4850458
8562.0,2022-23,16,1.0525925,6,0.51466715
8562.0,2022-23,17,1.8283858,1,1.3561581
8562.0,2022-23,18,1.9938962,1,1.114954
8562.0,2022-23,19,2.3375814,2,1.2128991
8562.0,2022-23,20,3.0246463,2,0.7309421
8562.0,2022-23,21,1.7026807,4,0.6759647
8562.0,2022-23,22,3.186221,1,0.6614449
8562.0,2022-23,23,-0.23535779,0,0.6511242
8562.0,2022-23,24,-0.27780727,0,0.56703943
8562.0,2022-23,25,0.062231075,0,0.45900702
8562.0,2022-23,26,0.009073253,0,0.35049933
8562.0,2022-23,27,-0.03344274,0,0.42216682
8562.0,2022-23,28,0.007873292,0,0.49246782
8562.0,2022-23,29,1.0136768,1,0.46436876
8562.0,2022-23,30,0.030919986,0,0.7668726
8562.0,2022-23,31,0.74157697,1,0.52444506
8562.0,2022-23,32,0.08932549,0,0.8860951
8562.0,2022-23,33,0.08886574,0,0.51286244
8562.0,2022-23,34,2.0162904,0,0.34860703
8562.0,2022-23,35,1.7919598,1,0.63745713
8562.0,2022-23,36,1.7774745,0,0.6894887
8562.0,2022-23,37,0.81101483,6,0.6400549
8562.0,2022-23,38,1.6261406,2,1.2745823
8635.0,2022-23,6,0.12233414,6,1.3822209
8635.0,2022-23,7,0.9168874,0,2.0072243
8635.0,2022-23,8,0.7360949,0,1.2560974
8635.0,2022-23,9,0.8584121,5,0.74605954
8635.0,2022-23,10,1.2634609,2,1.2110394
8635.0,2022-23,11,0.74328583,7,1.6710824
8635.0,2022-23,12,1.1577498,7,1.1573337
8635.0,2022-23,13,0.66347015,2,1.5393342
8635.0,2022-23,14,0.099096105,6,3.0341763
8635.0,2022-23,15,0.093053676,2,2.0253441
8635.0,2022-23,16,1.3726809,7,2.968314
8635.0,2022-23,17,2.1027727,6,2.5250251
8635.0,2022-23,18,2.6794124,6,2.3966136
8635.0,2022-23,19,3.0141885,6,2.2070081
8635.0,2022-23,20,2.4368758,6,1.86797
8635.0,2022-23,21,3.4642315,6,2.1571333
8635.0,2022-23,22,2.9958825,2,2.2204072
8635.0,2022-23,23,2.1931474,1,2.0478108
8635.0,2022-23,24,2.2756531,1,1.9207637
8635.0,2022-23,25,-0.362722,0,1.5605695
8635.0,2022-23,26,1.2815429,1,1.4797359
8635.0,2022-23,27,3.497326,2,1.9440004
8635.0,2022-23,28,3.168375,2,1.4683834
8635.0,2022-23,29,2.667405,7,1.3454248
8635.0,2022-23,29,2.667405,7,1.7632564
8635.0,2022-23,29,2.2411225,2,1.3454248
8635.0,2022-23,29,2.2411225,2,1.7632564
8635.0,2022-23,30,3.4725044,1,1.7076508
8635.0,2022-23,31,3.0694382,1,2.8397062
8635.0,2022-23,32,3.452259,2,2.5579975
8635.0,2022-23,33,2.8098762,2,2.3995035
8635.0,2022-23,34,3.3602586,5,1.2763072
8635.0,2022-23,35,2.2236426,1,0.33697465
8635.0,2022-23,36,3.996182,1,0.5973527
8635.0,2022-23,36,3.996182,1,0.7933437
8635.0,2022-23,36,2.7411227,2,0.5973527
8635.0,2022-23,36,2.7411227,2,0.7933437
8635.0,2022-23,37,2.2851174,8,1.7663742
8635.0,2022-23,38,3.2404315,3,1.2961807
8646.0,2022-23,13,0.05080433,5,2.0707211
8646.0,2022-23,14,0.20741819,2,2.5092993
8646.0,2022-23,15,0.094976835,6,2.1152823
8646.0,2022-23,16,2.8338072,6,2.4530964
8646.0,2022-23,17,3.2286396,1,1.9518262
8646.0,2022-23,18,3.2244813,-3,1.331647
8646.0,2022-23,19,3.1162019,2,1.6675923
8646.0,2022-23,20,3.1841052,1,1.9238183
8646.0,2022-23,21,2.6234515,1,2.4790456
8646.0,2022-23,22,4.1777854,1,2.5562637
8646.0,2022-23,23,3.909811,1,1.9201704
8646.0,2022-23,24,2.3069105,0,1.1879362
8646.0,2022-23,25,2.3669882,2,1.4000617
8646.0,2022-23,26,3.5101125,2,1.1364596
8646.0,2022-23,27,3.8854809,-2,1.0039881
8646.0,2022-23,28,0.25467786,0,0.87894136
8646.0,2022-23,29,3.3627365,1,0.8009482
8646.0,2022-23,29,3.3627365,1,1.1915487
8646.0,2022-23,29,3.0396864,5,0.8009482
8646.0,2022-23,29,3.0396864,5,1.1915487
8646.0,2022-23,30,3.6200285,2,0.904528
8646.0,2022-23,31,0.7422057,1,0.9995925
8646.0,2022-23,32,2.777705,2,0.8453574
8646.0,2022-23,33,2.1029394,2,0.98928624
8646.0,2022-23,34,3.1609426,4,1.2620399
8646.0,2022-23,35,3.059922,0,0.40555966
8646.0,2022-23,36,2.8833282,1,0.7997231
8646.0,2022-23,37,0.8868986,6,0.8374236
8646.0,2022-23,38,2.5165281,10,0.9244867
8716.0,2022-23,11,0.061458226,0,0.4846233
8716.0,2022-23,12,0.0010360938,0,0.49181414
8716.0,2022-23,13,0.502559,1,0.45494252
8716.0,2022-23,14,0.22560674,1,0.66187096
8716.0,2022-23,15,0.5966353,1,0.57661194
8716.0,2022-23,16,2.279801,0,0.66231465
8716.0,2022-23,17,1.6592383,1,1.1267478
8716.0,2022-23,18,1.807954,5,1.0158252
8716.0,2022-23,19,1.6283305,1,0.9934719
8716.0,2022-23,20,2.0146284,1,0.81842905
8716.0,2022-23,21,3.2127593,8,1.8667
8716.0,2022-23,22,3.5549483,2,0.9017219
8716.0,2022-23,22,3.5549483,2,1.6855401
8716.0,2022-23,22,2.9181828,1,0.9017219
8716.0,2022-23,22,2.9181828,1,1.6855401
8716.0,2022-23,23,3.556152,1,1.358386
8716.0,2022-23,24,3.561776,2,1.0739527
8716.0,2022-23,25,4.187906,6,2.0459006
8716.0,2022-23,26,2.6828518,2,2.7749398
8716.0,2022-23,27,2.8214514,1,3.5153675
8716.0,2022-23,28,2.7645016,6,3.1327417
8716.0,2022-23,29,2.979583,0,2.3065083
8716.0,2022-23,29,2.979583,0,3.4805691
8716.0,2022-23,29,3.5311399,2,2.3065083
8716.0,2022-23,29,3.5311399,2,3.4805691
8716.0,2022-23,30,3.500449,0,2.7643392
8716.0,2022-23,31,-0.10558929,0,2.0572007
8716.0,2022-23,32,-0.031273775,0,1.2543226
8716.0,2022-23,33,1.6040305,1,0.7993257
8716.0,2022-23,34,2.0301425,0,1.4616238
8716.0,2022-23,35,1.4532554,1,0.5887265
8716.0,2022-23,36,2.276429,9,0.69051015
8716.0,2022-23,37,2.3932567,1,0.56957483
8716.0,2022-23,38,2.9233851,0,2.8315582
8717.0,2022-23,6,-0.1356919,0,1.8328431
8717.0,2022-23,7,0.18504189,0,4.5005946
8717.0,2022-23,8,0.4450135,0,1.5607871
8717.0,2022-23,9,0.5397145,6,1.1254803
8717.0,2022-23,10,0.14886174,6,1.8474927
8717.0,2022-23,11,0.7409968,2,1.92983
8717.0,2022-23,12,0.537346,0,1.7103997
8717.0,2022-23,13,0.7040369,1,1.3311206
8717.0,2022-23,14,0.7552503,2,1.5455042
8717.0,2022-23,15,0.5878833,4,1.5131263
8717.0,2022-23,16,1.8579935,0,2.3239772
8717.0,2022-23,17,2.2139113,7,2.0346506
8717.0,2022-23,18,3.522048,5,1.6512254
8717.0,2022-23,19,3.3713732,1,2.311491
8717.0,2022-23,20,2.303936,1,1.8804373
8717.0,2022-23,21,2.3181436,6,1.7160919
8717.0,2022-23,22,3.0058029,1,1.2013817
8717.0,2022-23,22,3.0058029,1,1.1491625
8717.0,2022-23,22,1.7200824,1,1.2013817
8717.0,2022-23,22,1.7200824,1,1.1491625
8717.0,2022-23,23,-0.102953576,0,0.94530386
8717.0,2022-23,24,-0.054817367,0,0.92801833
8717.0,2022-23,25,-0.025266113,0,0.7623079
8717.0,2022-23,26,-0.10346661,0,0.7763645
8717.0,2022-23,27,0.018419178,0,0.9424965
8717.0,2022-23,28,1.3465548,1,0.4198854
8717.0,2022-23,29,1.3714164,0,0.5993746
8717.0,2022-23,29,1.3714164,0,1.2549522
8717.0,2022-23,29,2.2385793,2,0.5993746
8717.0,2022-23,29,2.2385793,2,1.2549522
8717.0,2022-23,30,1.9925846,0,1.1039584
8717.0,2022-23,31,2.3497515,-1,1.1351031
8717.0,2022-23,32,0.4920468,0,0.99344873
8717.0,2022-23,33,0.29315847,0,1.0205948
8717.0,2022-23,34,0.10412605,0,0.41181654
8717.0,2022-23,35,1.3094311,1,0.30430013
8717.0,2022-23,36,1.218947,1,0.63236177
8717.0,2022-23,37,2.1649203,1,0.8218296
8717.0,2022-23,38,1.286767,-1,0.6738222
8780.0,2022-23,6,0.44792354,1,2.238354
8780.0,2022-23,7,-0.14234072,0,3.0769334
8780.0,2022-23,8,0.26973602,0,1.6798168
8780.0,2022-23,9,0.3664599,1,0.70188874
8780.0,2022-23,10,0.7385786,1,0.7700908
8780.0,2022-23,11,0.1022863,1,0.99957055
8780.0,2022-23,12,1.0883415,7,1.2080773
8780.0,2022-23,13,0.6630252,1,1.6162021
8780.0,2022-23,14,0.29892173,0,1.2482531
8780.0,2022-23,15,0.30361658,1,0.9570706
8780.0,2022-23,16,1.8006432,1,0.68926847
8780.0,2022-23,17,1.6842093,5,0.68514764
8780.0,2022-23,18,-0.008503264,0,2.6418054
8780.0,2022-23,19,1.7429612,6,1.7643669
8780.0,2022-23,20,1.5055658,1,2.8253422
8780.0,2022-23,21,1.4255334,1,0.70741004
8780.0,2022-23,22,1.6311085,5,0.6907054
8780.0,2022-23,23,3.0738225,2,1.5000664
8780.0,2022-23,24,1.9470402,2,1.2655591
8780.0,2022-23,25,-0.32908237,0,0.75891286
8780.0,2022-23,26,3.5919075,13,1.7717026
8780.0,2022-23,27,3.7334976,1,2.102035
8780.0,2022-23,27,3.7334976,1,2.3644402
8780.0,2022-23,27,5.544465,6,2.102035
8780.0,2022-23,27,5.544465,6,2.3644402
8780.0,2022-23,28,0.42747107,0,2.5675325
8780.0,2022-23,29,2.7162263,1,1.8412822
8780.0,2022-23,29,2.7162263,1,1.9906594
8780.0,2022-23,29,3.7442343,6,1.8412822
8780.0,2022-23,29,3.7442343,6,1.9906594
8780.0,2022-23,30,3.2479367,1,1.7341998
8780.0,2022-23,31,2.5707257,0,1.3446194
8780.0,2022-23,32,0.12369688,0,1.111143
8780.0,2022-23,33,0.3073327,0,0.54938644
8780.0,2022-23,34,2.1869195,5,0.42211306
8780.0,2022-23,35,-0.012804198,0,0.95370966
8780.0,2022-23,36,0.15194687,0,0.63612086
8780.0,2022-23,37,2.036447,1,0.57483506
8780.0,2022-23,37,2.036447,1,0.8970515
8780.0,2022-23,37,2.2468626,0,0.57483506
8780.0,2022-23,37,2.2468626,0,0.8970515
8780.0,2022-23,38,2.2878191,0,1.2399188
8816.0,2022-23,14,0.09645109,2,2.1112595
8816.0,2022-23,15,0.65443766,7,1.5273123
8816.0,2022-23,16,2.9852204,0,2.7953134
8816.0,2022-23,17,2.289751,1,1.6034955
8816.0,2022-23,18,2.3653069,7,0.9607475
8816.0,2022-23,19,2.538333,0,1.2699562
8816.0,2022-23,20,2.6282609,1,0.58120084
8816.0,2022-23,21,0.03290991,0,1.5593761
8816.0,2022-23,22,2.637495,2,0.96526605
8816.0,2022-23,23,0.12903255,0,1.718248
8816.0,2022-23,24,0.22007833,0,1.150198
8816.0,2022-23,25,0.05794625,0,0.7165929
8816.0,2022-23,26,-0.004012936,0,0.3196477
8816.0,2022-23,27,-0.053040143,0,0.25806764
8816.0,2022-23,28,0.0020657538,0,0.29934138
8816.0,2022-23,29,0.61645555,1,0.33766448
8816.0,2022-23,30,0.020520814,0,0.63827986
8816.0,2022-23,31,0.028333228,0,0.45442098
8816.0,2022-23,32,1.4159766,0,0.3473681
8816.0,2022-23,33,1.2082133,1,0.7514329
8816.0,2022-23,34,1.9463832,0,0.9031881
8816.0,2022-23,35,0.032375395,0,0.67285043
8816.0,2022-23,36,0.06705716,0,0.40913683
8816.0,2022-23,37,0.059284925,0,0.27786285
8816.0,2022-23,38,0.75590926,-1,0.24344718
8852.0,2022-23,7,0.33296314,0,0.93184775
8852.0,2022-23,8,0.26135504,0,0.70728403
8852.0,2022-23,9,0.734579,0,0.5687724
8852.0,2022-23,10,0.22887915,1,0.9343943
8852.0,2022-23,11,0.73656183,1,1.2447765
8852.0,2022-23,12,0.372443,9,0.9259334
8852.0,2022-23,13,0.149917,0,3.097286
8852.0,2022-23,14,0.15118729,0,2.218118
8852.0,2022-23,15,0.24662994,0,1.3139958
8852.0,2022-23,16,1.8184011,1,0.7801891
8852.0,2022-23,17,-0.111739404,0,0.5434252
8852.0,2022-23,18,2.2621193,1,0.47875905
8852.0,2022-23,19,1.197315,0,1.1103175
8852.0,2022-23,20,-0.1626451,0,1.1758648
8852.0,2022-23,21,-0.007899206,0,2.2034698
8852.0,2022-23,22,2.7981265,1,0.9390171
8852.0,2022-23,23,0.066508375,0,0.71853673
8852.0,2022-23,24,0.07681902,0,0.50552547
8852.0,2022-23,25,1.4775363,11,0.5884759
8852.0,2022-23,26,-0.14889222,0,2.370365
8852.0,2022-23,27,-0.12799828,0,1.1316606
8852.0,2022-23,28,0.24009365,0,0.68815994
8852.0,2022-23,29,1.0516555,1,0.7372276
8852.0,2022-23,29,1.0516555,1,1.8145529
8852.0,2022-23,29,1.1589576,5,0.7372276
8852.0,2022-23,29,1.1589576,5,1.8145529
8852.0,2022-23,30,-0.061880488,0,0.9061185
8852.0,2022-23,31,-0.061880488,0,0.5408127
8852.0,2022-23,32,-0.055454694,0,0.3355415
8852.0,2022-23,33,-0.009409171,0,0.29614002
8852.0,2022-23,34,0.9327059,6,0.37208873
8852.0,2022-23,35,1.8140734,1,1.3392905
8852.0,2022-23,36,0.012534114,0,1.0296776
8852.0,2022-23,37,2.0934255,1,0.635751
8852.0,2022-23,38,2.4821644,-1,0.6743642
8864.0,2022-23,6,0.34803754,0,1.7798848
8864.0,2022-23,7,-0.10469962,0,0.8717249
8864.0,2022-23,8,0.15438607,0,0.5825314
8864.0,2022-23,9,0.19503544,0,0.46049744
8864.0,2022-23,10,0.028374538,2,0.41374496
8864.0,2022-23,11,0.3002508,1,0.47631085
8864.0,2022-23,12,-0.11761325,0,0.7838403
8864.0,2022-23,13,0.17015362,6,0.6097477
8864.0,2022-23,14,0.19826517,0,1.7560266
8864.0,2022-23,15,0.65680665,2,1.4209554
8864.0,2022-23,16,2.3696449,1,1.4901522
8864.0,2022-23,17,1.722635,0,2.2536714
8864.0,2022-23,18,1.6638097,1,1.0219097
8864.0,2022-23,19,2.0342703,2,0.8822169
8864.0,2022-23,20,2.469066,0,1.5820659
8864.0,2022-23,21,2.4552517,1,1.121335
8864.0,2022-23,22,2.3551404,1,0.57405907
8864.0,2022-23,23,1.7233515,1,0.762514
8864.0,2022-23,24,1.7021854,3,0.6411177
8864.0,2022-23,25,1.7191662,6,0.6415249
8864.0,2022-23,26,2.3949816,12,1.0608428
8864.0,2022-23,27,2.6157985,2,0.57872045
8864.0,2022-23,28,3.5760314,6,1.4111248
8864.0,2022-23,29,3.382424,0,1.0629101
8864.0,2022-23,29,3.382424,0,0.6267937
8864.0,2022-23,29,2.1750548,0,1.0629101
8864.0,2022-23,29,2.1750548,0,0.6267937
8864.0,2022-23,30,3.222404,0,0.78711003
8864.0,2022-23,31,1.6134636,0,0.56626886
8864.0,2022-23,32,1.6324877,0,0.6334327
8864.0,2022-23,33,3.6713176,0,0.8298065
8864.0,2022-23,34,1.6845287,0,0.63119894
8864.0,2022-23,35,2.4938405,0,0.5156684
8864.0,2022-23,36,0.42423722,1,0.42284143
8864.0,2022-23,37,1.3162528,2,0.6089453
8864.0,2022-23,38,1.5934892,1,1.348226
8940.0,2022-23,6,-0.078716196,1,2.0636969
8940.0,2022-23,7,-0.2661874,0,1.1807586
8940.0,2022-23,8,-0.11288589,0,0.64074504
8940.0,2022-23,9,-0.06967993,0,0.49016297
8940.0,2022-23,10,-0.029010184,1,0.4309098
8940.0,2022-23,11,0.23930416,1,0.56395966
8940.0,2022-23,12,0.53491485,6,0.8496186
8940.0,2022-23,13,0.36590827,0,1.4940326
8940.0,2022-23,14,0.6470691,6,2.037739
8940.0,2022-23,15,-0.2367617,0,2.014616
8940.0,2022-23,16,2.1909232,1,2.362575
8940.0,2022-23,17,1.8068208,6,2.3466134
8940.0,2022-23,18,3.2233691,2,1.9400607
8940.0,2022-23,19,3.5316103,7,1.3408215
8940.0,2022-23,19,3.5316103,7,1.3734473
8940.0,2022-23,19,3.020954,1,1.3408215
8940.0,2022-23,19,3.020954,1,1.3734473
8940.0,2022-23,20,-0.08310311,0,1.3697585
8940.0,2022-23,21,3.3105013,2,1.8570799
8940.0,2022-23,22,2.615099,6,1.3805993
8940.0,2022-23,23,2.5696933,8,1.4386171
8940.0,2022-23,24,3.1994169,5,0.8650859
8940.0,2022-23,25,2.3660734,7,1.7403685
8940.0,2022-23,26,2.3013663,1,0.987503
8940.0,2022-23,27,2.544695,1,1.8828319
8940.0,2022-23,28,-0.4506799,0,1.4854156
8940.0,2022-23,29,2.2714405,0,2.2379339
8940.0,2022-23,30,3.0763676,2,2.3600593
8940.0,2022-23,31,3.7872899,2,1.3964663
8940.0,2022-23,32,3.2258022,2,2.234576
8940.0,2022-23,33,1.8879575,2,2.086393
8940.0,2022-23,34,1.4811137,1,1.842145
8940.0,2022-23,34,1.4811137,1,1.2766254
8940.0,2022-23,34,1.3644654,2,1.842145
8940.0,2022-23,34,1.3644654,2,1.2766254
8940.0,2022-23,35,1.9809289,4,1.7459607
8940.0,2022-23,36,1.8232015,6,1.1144121
8940.0,2022-23,37,2.2530437,0,1.1344708
8940.0,2022-23,38,1.0903223,1,0.7208135
8942.0,2022-23,6,0.2127153,0,1.2424625
8942.0,2022-23,7,0.32255656,0,1.2662723
8942.0,2022-23,8,0.472298,1,0.72358024
8942.0,2022-23,9,0.17517094,0,1.0059001
8942.0,2022-23,10,0.15564564,3,0.7292232
8942.0,2022-23,11,0.5316443,0,1.2830583
8942.0,2022-23,12,0.33484128,0,0.8787717
8942.0,2022-23,13,0.10898775,0,0.5762105
8942.0,2022-23,14,0.01849611,0,0.38558865
8942.0,2022-23,15,0.034424476,0,0.3399316
8942.0,2022-23,16,-0.013908837,0,0.38694316
8942.0,2022-23,17,0.0021552632,0,0.3817042
8942.0,2022-23,18,0.010760557,0,0.3770034
8942.0,2022-23,19,-0.01385076,0,0.37219256
8942.0,2022-23,20,-0.01385076,0,0.3610353
8942.0,2022-23,21,-0.01385076,0,0.35039806
8942.0,2022-23,22,0.40152574,6,0.34469604
8942.0,2022-23,23,0.08734022,0,1.131806
8942.0,2022-23,24,1.716353,2,0.6954032
8942.0,2022-23,25,0.11363513,0,1.1020311
8942.0,2022-23,26,2.1305676,5,0.7161188
8942.0,2022-23,27,1.4329773,2,0.82287294
8942.0,2022-23,27,1.4329773,2,1.4772588
8942.0,2022-23,27,2.4291513,5,0.82287294
8942.0,2022-23,27,2.4291513,5,1.4772588
8942.0,2022-23,28,2.7266164,4,1.1902516
8942.0,2022-23,29,2.2539682,0,0.6890557
8942.0,2022-23,29,2.2539682,0,0.92286104
8942.0,2022-23,29,2.0670304,1,0.6890557
8942.0,2022-23,29,2.0670304,1,0.92286104
8942.0,2022-23,30,1.2200818,1,0.75836176
8942.0,2022-23,31,1.9150045,1,1.091208
8942.0,2022-23,32,2.2440808,2,1.0008847
8942.0,2022-23,33,2.5112963,1,1.3040847
8942.0,2022-23,34,2.3367548,2,1.0263778
8942.0,2022-23,35,1.5762832,2,1.760235
8942.0,2022-23,36,2.066813,5,2.3960717
8942.0,2022-23,37,2.4504054,5,1.7927336
8942.0,2022-23,38,2.0031328,6,2.1485126
8961.0,2022-23,6,0.74955404,2,2.3679798
8961.0,2022-23,7,0.5633255,0,2.4739294
8961.0,2022-23,8,0.60414356,6,1.4220902
8961.0,2022-23,9,0.34564102,0,1.5538977
8961.0,2022-23,10,0.57183975,6,1.1250588
8961.0,2022-23,11,0.49435243,2,1.3596205
8961.0,2022-23,12,0.27333823,0,1.244728
8961.0,2022-23,13,0.68644744,2,1.2103397
8961.0,2022-23,14,-0.0075562666,1,1.5137345
8961.0,2022-23,15,0.4177633,1,1.2681668
8961.0,2022-23,16,0.027910829,0,0.805831
8961.0,2022-23,17,0.04069397,0,0.928205
8961.0,2022-23,18,0.04069397,0,0.8607697
8961.0,2022-23,19,-0.022954047,0,0.672427
8961.0,2022-23,20,1.1596383,1,0.46530312
8961.0,2022-23,21,-0.039323244,0,0.9411624
8961.0,2022-23,22,-0.039323244,0,0.95395035
8961.0,2022-23,23,1.1880243,0,0.9054505
8961.0,2022-23,23,1.1880243,0,1.7722967
8961.0,2022-23,23,1.8353125,2,0.9054505
8961.0,2022-23,23,1.8353125,2,1.7722967
8961.0,2022-23,24,1.7024152,2,0.8103455
8961.0,2022-23,25,2.1969743,2,0.7447707
8961.0,2022-23,26,1.9471296,7,2.3031795
8961.0,2022-23,27,4.0547013,5,1.7577568
8961.0,2022-23,28,-0.07814175,0,1.708284
8961.0,2022-23,29,2.6618767,2,1.0621176
8961.0,2022-23,30,3.924076,2,2.2914534
8961.0,2022-23,31,3.0411952,2,0.9804234
8961.0,2022-23,32,0.18968062,0,1.760954
8961.0,2022-23,33,1.9541984,1,0.93883973
8961.0,2022-23,34,3.7656977,2,2.0312684
8961.0,2022-23,34,3.7656977,2,0.8962509
8961.0,2022-23,34,2.371152,6,2.0312684
8961.0,2022-23,34,2.371152,6,0.8962509
8961.0,2022-23,35,-0.20297618,0,1.0204778
8961.0,2022-23,36,1.053894,6,0.9610197
8965.0,2022-23,6,-0.095181115,1,1.8890337
8965.0,2022-23,7,-0.09593587,0,1.166762
8965.0,2022-23,8,-0.10484574,2,0.7664018
8965.0,2022-23,9,-0.094966285,0,0.8595354
8965.0,2022-23,10,0.045852393,0,0.7121982
8965.0,2022-23,11,0.08493153,1,0.5675591
8965.0,2022-23,12,-0.14138305,0,0.59360594
8965.0,2022-23,13,0.2799393,4,0.49574167
8965.0,2022-23,14,-0.023223964,0,0.5763421
8965.0,2022-23,15,0.026256753,0,0.082448795
8965.0,2022-23,16,0.026256753,0,-0.040791646
8965.0,2022-23,17,1.9420663,0,-0.012858704
8965.0,2022-23,18,1.7445583,0,0.31885278
8965.0,2022-23,19,2.7050548,2,1.1181238
8965.0,2022-23,20,1.9998255,2,0.7406871
8965.0,2022-23,21,2.618233,6,1.2630428
8965.0,2022-23,22,2.6373267,2,1.4266976
8965.0,2022-23,23,3.174358,1,2.4879224
8965.0,2022-23,24,2.8851478,1,1.9790357
8965.0,2022-23,25,2.5814116,1,1.6156645
8965.0,2022-23,26,-0.03260676,0,0.7373871
8965.0,2022-23,27,0.028935364,0,0.501526
8965.0,2022-23,28,-0.020035645,0,0.3221585
8965.0,2022-23,29,1.195647,0,0.43149596
8965.0,2022-23,30,2.057411,6,1.5823375
8965.0,2022-23,31,1.647782,1,1.1503724
8965.0,2022-23,32,1.9716499,11,0.57284147
8965.0,2022-23,33,2.1976137,1,0.6483185
8965.0,2022-23,34,1.4492077,-1,1.4364982
8965.0,2022-23,34,1.4492077,-1,1.3257058
8965.0,2022-23,34,1.9268367,2,1.4364982
8965.0,2022-23,34,1.9268367,2,1.3257058
8965.0,2022-23,35,-0.17534944,0,0.89933354
8965.0,2022-23,36,-0.042084016,0,1.3730186
8965.0,2022-23,37,2.4968464,2,0.63087106
8965.0,2022-23,38,2.2128255,1,1.4425136
9512.0,2022-23,6,-0.02356168,0,0.29913926
9512.0,2022-23,7,-0.024366966,0,0.2925603
9512.0,2022-23,8,-0.01876176,0,0.3049453
9512.0,2022-23,9,0.20262434,0,0.2989223
9512.0,2022-23,10,-0.008245552,0,0.31177595
9512.0,2022-23,11,0.20262434,0,0.33160383
9512.0,2022-23,12,-0.008245552,0,0.318385
9512.0,2022-23,13,0.20262434,0,0.30743083
9512.0,2022-23,14,-0.008245552,0,0.29358494
9512.0,2022-23,15,0.20262434,0,0.30743083
9512.0,2022-23,16,0.34361336,0,0.29358494
9512.0,2022-23,17,0.39526108,0,0.38093513
9512.0,2022-23,18,0.38223454,0,0.34916303
9512.0,2022-23,19,0.4619036,0,0.30603868
9512.0,2022-23,20,0.2845054,0,0.219416
9512.0,2022-23,21,0.43676493,0,0.19280934
9512.0,2022-23,22,0.34062907,0,0.1998783
9512.0,2022-23,23,0.5250931,0,0.22122793
9512.0,2022-23,24,0.40065733,0,0.17989051
9512.0,2022-23,25,0.30345404,0,0.20817624
9512.0,2022-23,26,0.3970488,0,0.20533074
9512.0,2022-23,27,0.55962443,0,0.20732516
9512.0,2022-23,27,0.55962443,0,0.24636056
9512.0,2022-23,27,0.5635531,0,0.20732516
9512.0,2022-23,27,0.5635531,0,0.24636056
9512.0,2022-23,28,0.39568874,0,0.22581398
9512.0,2022-23,29,0.2924429,0,0.16121493
9512.0,2022-23,30,0.5901018,0,0.15078306
9512.0,2022-23,31,0.30980298,0,0.18140037
9512.0,2022-23,32,0.17136368,0,0.17684475
9512.0,2022-23,33,0.5097286,0,0.17907025
9512.0,2022-23,34,0.26841024,0,0.13689573
9512.0,2022-23,35,0.442676,0,0.14993683
9512.0,2022-23,36,0.48014784,0,0.18598944
9512.0,2022-23,37,0.30846813,1,0.18312272
9512.0,2022-23,38,1.4692261,1,0.24187571
9677.0,2022-23,13,0.1409351,0,1.0814291
9677.0,2022-23,14,0.5176811,2,1.0234516
9677.0,2022-23,15,0.15739682,0,1.2394713
9677.0,2022-23,16,0.24553561,0,0.9333057
9677.0,2022-23,17,0.20217933,0,0.54568654
9677.0,2022-23,18,-0.016592167,0,0.44870192
9677.0,2022-23,19,-0.010999312,0,0.38405293
9677.0,2022-23,20,0.8687544,6,0.4062659
9677.0,2022-23,21,2.6056402,6,1.4853538
9677.0,2022-23,22,-0.0020471334,0,1.2710884
9677.0,2022-23,23,1.5907804,2,0.69392693
9678.0,2022-23,15,0.2187306,1,2.501797
9678.0,2022-23,16,2.6878471,2,2.3728695
9678.0,2022-23,17,3.4796753,1,2.7317016
9678.0,2022-23,18,3.438605,7,1.6907443
9678.0,2022-23,19,3.2966058,2,1.788777
9678.0,2022-23,20,3.6822755,6,1.004791
9678.0,2022-23,21,3.427413,6,2.3873851
9678.0,2022-23,22,3.443914,6,1.4059652
9678.0,2022-23,23,1.7320364,2,1.0878229
9678.0,2022-23,24,2.6997228,2,0.49819404
9678.0,2022-23,25,-0.23335256,0,1.21487
9678.0,2022-23,26,3.4656165,7,1.2329286
9678.0,2022-23,27,2.34872,2,1.786355
9678.0,2022-23,27,2.34872,2,1.4679283
9678.0,2022-23,27,3.063847,6,1.786355
9678.0,2022-23,27,3.063847,6,1.4679283
9678.0,2022-23,28,3.1846535,2,1.827222
9678.0,2022-23,29,2.3006032,7,2.6579232
9678.0,2022-23,29,2.3006032,7,1.8796448
9678.0,2022-23,29,3.0615394,2,2.6579232
9678.0,2022-23,29,3.0615394,2,1.8796448
9678.0,2022-23,30,1.7882264,1,2.6749218
9678.0,2022-23,31,2.705112,1,2.5151143
9678.0,2022-23,32,3.5056002,2,2.788924
9678.0,2022-23,33,3.5942338,6,2.6134946
9678.0,2022-23,34,2.9787817,2,3.0156088
9678.0,2022-23,35,2.7780929,2,3.3780425
9678.0,2022-23,36,4.4618483,7,3.1621735
9678.0,2022-23,37,3.6510339,2,2.7395668
9678.0,2022-23,38,2.61165,15,2.862462
9679.0,2022-23,6,1.9189483,1,3.076063
9679.0,2022-23,7,0.23801407,0,1.8359407
9679.0,2022-23,8,0.8034341,1,0.97750455
9679.0,2022-23,9,0.27183148,6,1.5849978
9679.0,2022-23,10,0.13720101,0,1.351646
9679.0,2022-23,11,0.22218187,6,1.2051145
9679.0,2022-23,12,0.05870093,6,1.3558749
9679.0,2022-23,13,0.5773635,0,2.0701208
9679.0,2022-23,14,0.21129775,2,1.7739698
9679.0,2022-23,15,0.26530713,1,1.7934211
9679.0,2022-23,16,2.619149,2,1.6897727
9679.0,2022-23,17,2.3944528,1,2.2467272
9679.0,2022-23,18,2.7936392,6,1.6656727
9679.0,2022-23,19,2.9587536,2,1.5273176
9679.0,2022-23,20,0.19700931,0,1.1121933
9679.0,2022-23,21,3.031456,6,0.77419335
9679.0,2022-23,22,2.7874997,11,0.9713002
9679.0,2022-23,23,2.4458191,2,0.59173506
9679.0,2022-23,24,3.6518981,2,2.6013515
9679.0,2022-23,25,0.08288529,0,1.4193043
9679.0,2022-23,26,3.5708604,1,1.0742548
9679.0,2022-23,27,2.5450149,2,2.6975932
9679.0,2022-23,27,2.5450149,2,1.6787652
9679.0,2022-23,27,3.5851502,6,2.6975932
9679.0,2022-23,27,3.5851502,6,1.6787652
9679.0,2022-23,28,3.382728,2,1.5716685
9679.0,2022-23,29,2.7062984,1,2.8972127
9679.0,2022-23,29,2.7062984,1,3.4338963
9679.0,2022-23,29,2.570397,2,2.8972127
9679.0,2022-23,29,2.570397,2,3.4338963
9679.0,2022-23,30,0.89244175,5,2.351878
9679.0,2022-23,31,2.0293138,1,1.5115231
9679.0,2022-23,32,2.3431704,2,0.71493566
9679.0,2022-23,33,3.5134416,5,1.4408947
9679.0,2022-23,34,3.3675005,0,1.7660924
9679.0,2022-23,35,1.5914056,1,1.7145706
9679.0,2022-23,36,2.7175229,6,1.1598282
9679.0,2022-23,37,2.8345704,1,1.2174746
9679.0,2022-23,38,2.5133426,7,1.6210977
9683.0,2022-23,6,0.011792403,0,0.77158546
9683.0,2022-23,7,0.017817033,0,0.7549085
9683.0,2022-23,8,-0.012936132,0,0.5856503
9683.0,2022-23,9,-0.0024199334,0,0.41380775
9683.0,2022-23,10,0.015195901,0,0.3598562
9683.0,2022-23,11,0.015195901,0,0.35667613
9683.0,2022-23,12,0.015195901,0,0.35247087
9683.0,2022-23,13,-0.01385076,0,0.34920698
9683.0,2022-23,14,-0.01385076,0,0.34587243
9683.0,2022-23,15,-0.01385076,0,0.34397805
9683.0,2022-23,16,-0.01385076,0,0.34308362
9683.0,2022-23,17,-0.01385076,0,0.34260374
9683.0,2022-23,18,-0.01385076,0,0.34275573
9683.0,2022-23,19,0.41433793,1,0.34275573
9685.0,2022-23,7,-0.022903778,0,0.4003377
9685.0,2022-23,8,0.0046797027,0,0.39161277
9685.0,2022-23,9,0.0046797027,0,0.39563102
9685.0,2022-23,10,0.015195901,0,0.39019465
9685.0,2022-23,11,0.20262434,1,0.3847456
9685.0,2022-23,12,0.8352577,6,0.43996158
9685.0,2022-23,13,0.21632507,0,0.9552035
9685.0,2022-23,14,0.8627627,1,0.8354672
9685.0,2022-23,15,-0.089568384,1,0.6594976
9685.0,2022-23,16,1.875639,2,0.98289686
9685.0,2022-23,17,1.8384587,1,2.177395
9685.0,2022-23,18,2.6240337,6,1.6611882
9685.0,2022-23,19,2.1668856,2,1.7102932
9685.0,2022-23,20,2.6360722,1,1.250907
9685.0,2022-23,21,2.795029,6,0.78653973
9685.0,2022-23,22,2.3318899,1,1.5250741
9685.0,2022-23,23,1.1613293,2,1.1697329
9685.0,2022-23,24,0.066275686,0,1.2067327
9685.0,2022-23,25,0.0466495,0,1.2158275
9685.0,2022-23,26,2.3710942,1,0.7405214
9685.0,2022-23,27,0.029435469,0,0.89499867
9685.0,2022-23,28,0.021891084,0,0.8061558
9685.0,2022-23,29,1.7629756,2,0.69215876
9685.0,2022-23,30,0.034428537,0,1.1265116
9685.0,2022-23,31,0.032839373,0,0.7397571
9685.0,2022-23,32,0.025752256,0,0.43790054
9685.0,2022-23,33,0.85593766,6,0.3188813
9685.0,2022-23,34,0.017882964,0,0.81734204
9685.0,2022-23,35,0.012450758,0,0.5980524
9685.0,2022-23,36,1.9026004,1,0.40366328
9685.0,2022-23,37,1.9046865,1,0.5997944
9685.0,2022-23,38,1.9580629,1,0.9350038
9710.0,2022-23,7,0.48821312,0,2.1867266
9710.0,2022-23,8,0.31609482,2,0.98780715
9710.0,2022-23,9,0.4816707,1,0.9019253
9710.0,2022-23,10,0.07367789,0,1.1123757
9710.0,2022-23,11,0.9619987,1,0.9715392
9710.0,2022-23,12,0.3118115,0,0.9960434
9710.0,2022-23,13,0.2107678,0,0.70249516
9710.0,2022-23,14,0.1471074,0,0.49069488
9710.0,2022-23,15,0.5612352,1,0.4026724
9710.0,2022-23,16,1.7317591,1,0.70031756
9710.0,2022-23,17,0.6095611,0,1.5213033
9710.0,2022-23,18,2.0614784,1,0.75532705
9710.0,2022-23,19,1.7666984,1,1.0104373
9710.0,2022-23,20,-0.119141586,0,0.5830867
9710.0,2022-23,21,-0.07575201,0,0.40578663
9710.0,2022-23,22,0.00855274,0,0.2821643
9710.0,2022-23,23,-0.041676655,0,0.25052693
9710.0,2022-23,24,0.9967043,5,0.28147292
9710.0,2022-23,25,1.6246248,1,1.2474138
9710.0,2022-23,26,2.134792,8,1.0673854
9710.0,2022-23,27,1.3633602,9,0.79487807
9710.0,2022-23,27,1.3633602,9,0.524357
9710.0,2022-23,27,2.288826,1,0.79487807
9710.0,2022-23,27,2.288826,1,0.524357
9710.0,2022-23,28,2.0539544,1,0.7545486
9710.0,2022-23,29,-0.15361762,0,0.33671662
9710.0,2022-23,30,2.19978,0,0.40866512
9710.0,2022-23,31,1.5320977,0,0.64278334
9710.0,2022-23,32,2.323664,4,1.2272668
9710.0,2022-23,33,0.0523036,0,0.86418134
9710.0,2022-23,34,1.1013819,1,0.50746965
9710.0,2022-23,35,1.4268675,0,1.5225916
9733.0,2022-23,6,0.21548657,9,2.1815631
9733.0,2022-23,7,0.30879012,0,1.4676737
9733.0,2022-23,8,0.67269003,-3,1.2669775
9733.0,2022-23,9,-0.066622406,0,1.0213672
9733.0,2022-23,10,0.16702214,0,0.7497896
9733.0,2022-23,11,0.037963092,0,0.7361671
9733.0,2022-23,12,-0.013269506,1,0.4006517
9733.0,2022-23,13,0.35351858,0,0.5682222
9733.0,2022-23,14,0.049358834,2,1.0022721
9733.0,2022-23,15,0.70011735,0,0.9792476
9733.0,2022-23,16,2.2329073,1,1.258921
9733.0,2022-23,17,1.8807822,2,1.8965232
9733.0,2022-23,18,2.0010734,2,1.5011897
9733.0,2022-23,19,2.375106,2,1.025064
9733.0,2022-23,20,2.8818502,6,1.2335309
9733.0,2022-23,21,2.4817595,1,0.81722087
9733.0,2022-23,22,-0.26866838,0,1.049095
9733.0,2022-23,23,-0.1307209,0,0.91931254
9733.0,2022-23,24,-0.08989998,0,0.4726387
9733.0,2022-23,25,-0.13448657,0,0.31725878
9733.0,2022-23,26,1.3474416,1,0.32939646
9733.0,2022-23,27,1.5299505,1,0.9180226
9733.0,2022-23,28,1.8517562,0,0.8944826
9733.0,2022-23,29,0.056071945,0,1.1100869
9733.0,2022-23,30,1.6724408,1,0.6307331
9733.0,2022-23,31,-0.07093171,0,0.53717107
9733.0,2022-23,32,-0.012054861,0,0.6108157
9733.0,2022-23,33,1.2361631,1,0.49152166
9733.0,2022-23,34,1.3037834,0,0.6848171
9733.0,2022-23,35,1.9094527,1,0.8476751
9733.0,2022-23,36,0.04852565,0,0.72841096
9733.0,2022-23,37,1.2101178,2,0.33566558
9733.0,2022-23,38,1.6733695,0,0.8426638
9892.0,2022-23,27,1.4334817,1,0.3564215
9892.0,2022-23,28,1.1879216,1,0.69343686
9892.0,2022-23,29,0.012649298,0,0.50460875
9892.0,2022-23,30,0.028333228,0,0.4865765
9892.0,2022-23,31,1.4719342,7,0.43885595
9892.0,2022-23,32,2.7275271,1,0.59498894
9892.0,2022-23,33,2.8226495,5,1.9089648
9892.0,2022-23,34,3.2616622,2,1.8846165
9892.0,2022-23,35,2.431749,7,1.4494126
9892.0,2022-23,36,3.1303291,0,0.6609681
9892.0,2022-23,37,2.42428,1,1.3747507
9892.0,2022-23,38,2.2893646,1,1.8665726
10012.0,2022-23,33,0.011792403,0,0.37990445
10012.0,2022-23,34,0.8156961,2,0.36610687
10012.0,2022-23,35,2.0413074,6,1.2955289
10012.0,2022-23,36,1.9339924,1,1.2304415
10012.0,2022-23,37,2.903379,2,0.7270627
10012.0,2022-23,38,2.3841474,13,0.4321475
10140.0,2022-23,16,2.861307,0,2.8912804
10140.0,2022-23,17,2.4190695,1,3.6631358
10140.0,2022-23,18,3.044424,6,2.6440885
10140.0,2022-23,19,2.5689619,2,1.768313
10140.0,2022-23,20,2.9695659,6,2.509457
10140.0,2022-23,21,2.4611793,1,0.9038064
10140.0,2022-23,22,-0.05320039,0,1.1905205
10140.0,2022-23,23,1.6163154,1,1.3113562
10140.0,2022-23,24,2.8401353,2,0.7861337
10140.0,2022-23,25,2.1869128,2,0.72442955
10140.0,2022-23,25,2.1869128,2,0.792595
10140.0,2022-23,25,2.4279182,1,0.72442955
10140.0,2022-23,25,2.4279182,1,0.792595
10140.0,2022-23,26,0.11711961,0,1.204169
10140.0,2022-23,27,0.16245922,0,0.92484826
10140.0,2022-23,28,0.07559729,0,0.56087756
10140.0,2022-23,29,1.5477066,1,0.47262967
10140.0,2022-23,30,0.05774955,0,0.6284002
10140.0,2022-23,31,1.7476039,1,0.5358306
10140.0,2022-23,32,0.072392866,0,0.83828294
10140.0,2022-23,33,1.054026,7,0.7558482
10140.0,2022-23,34,1.2397388,-1,1.8599669
10140.0,2022-23,35,0.15626484,0,1.4921304
10140.0,2022-23,36,1.6448581,1,0.6732546
10140.0,2022-23,37,0.08432098,0,0.45658642
10140.0,2022-23,38,1.2293369,0,0.34377202
10291.0,2022-23,6,0.9193192,6,2.2595212
10291.0,2022-23,7,0.33007747,0,1.9707204
10291.0,2022-23,8,0.5053989,6,1.309292
10291.0,2022-23,9,-0.0644566,2,1.6254898
10291.0,2022-23,10,0.16589424,1,1.5342339
10291.0,2022-23,11,-0.052446418,0,1.636273
10291.0,2022-23,12,-0.13717167,2,1.537565
10291.0,2022-23,13,0.32937384,11,1.5573815
10291.0,2022-23,14,0.16738552,6,2.4946387
10291.0,2022-23,15,0.80320257,1,1.9578291
10291.0,2022-23,16,1.9592403,0,2.0734644
10291.0,2022-23,17,2.0846481,1,1.7888571
10291.0,2022-23,18,2.2682662,2,3.0341532
10291.0,2022-23,19,2.6929026,0,1.7994514
10291.0,2022-23,20,2.7923424,1,1.0242318
10291.0,2022-23,21,2.939764,0,1.0934995
10291.0,2022-23,22,1.4740655,5,1.6195782
10291.0,2022-23,23,1.9217194,1,1.3671747
10291.0,2022-23,24,1.3046265,6,1.2575521
10291.0,2022-23,25,2.5936923,1,1.2080803
10291.0,2022-23,25,2.5936923,1,0.94923156
10291.0,2022-23,25,2.2386491,0,1.2080803
10291.0,2022-23,25,2.2386491,0,0.94923156
10291.0,2022-23,26,-0.2320576,0,2.2776883
10291.0,2022-23,27,2.3865666,1,1.2848204
10291.0,2022-23,28,1.3080238,1,0.57153016
10291.0,2022-23,29,1.886665,1,0.35805058
10291.0,2022-23,30,1.7724544,1,0.37349993
10291.0,2022-23,31,2.2995803,0,0.34787798
10291.0,2022-23,32,2.1877408,8,0.232373
10291.0,2022-23,33,2.127577,0,0.12957273
10291.0,2022-23,34,3.3150847,1,0.6098461
10291.0,2022-23,35,1.999286,2,0.64386255
10292.0,2022-23,6,1.0733694,6,2.2048433
10292.0,2022-23,7,0.86124134,0,2.6879003
10292.0,2022-23,8,0.7133685,6,1.316059
10292.0,2022-23,9,0.4203085,0,1.5279571
10292.0,2022-23,10,0.08852301,0,0.9092097
10292.0,2022-23,11,0.06932873,0,0.60119665
10292.0,2022-23,12,0.16823007,0,0.48088732
10292.0,2022-23,13,0.11869522,0,0.45309886
10292.0,2022-23,14,0.21297517,1,0.44572526
10292.0,2022-23,15,0.33896166,1,0.4611193
10292.0,2022-23,16,1.3942481,1,0.4860593
10292.0,2022-23,17,2.1309555,0,1.1155019
10292.0,2022-23,18,2.27187,1,1.785564
10292.0,2022-23,19,2.7455835,0,1.2072662
10292.0,2022-23,20,-0.005412398,0,0.6960155
10292.0,2022-23,21,0.23713374,0,0.5877048
10292.0,2022-23,22,-0.007803959,0,0.29860443
10292.0,2022-23,23,-0.02203661,0,0.27436784
10292.0,2022-23,24,-0.030319491,0,0.30480993
10292.0,2022-23,25,-0.012690017,0,0.42880297
10292.0,2022-23,26,-0.03512649,0,0.41577882
10292.0,2022-23,27,-0.016378902,0,0.4002881
10292.0,2022-23,28,-0.01385076,0,0.38241866
10292.0,2022-23,29,-0.01385076,0,0.36508042
10292.0,2022-23,30,0.48226103,1,0.35320196
10292.0,2022-23,31,1.2804344,1,0.56093854
10292.0,2022-23,32,0.040976215,0,0.63066244
10292.0,2022-23,33,0.040976215,0,0.49905413
10292.0,2022-23,34,1.8966553,1,0.39347768
10292.0,2022-23,35,1.2643118,2,0.624127
10292.0,2022-23,36,1.1960336,1,1.4740765
10292.0,2022-23,37,3.0262556,1,1.1617767
10293.0,2022-23,6,0.1828486,0,0.30743083
10293.0,2022-23,7,-0.024366966,0,0.29358494
10293.0,2022-23,8,0.19210812,0,0.30743083
10293.0,2022-23,9,-0.008245552,0,0.29358494
10293.0,2022-23,10,-0.008245552,1,0.30743083
10293.0,2022-23,11,0.54404896,7,0.38739687
10293.0,2022-23,12,-0.11409174,0,0.69934803
10293.0,2022-23,13,0.09786703,0,0.6439794
10293.0,2022-23,14,-0.09295542,0,0.5584701
10293.0,2022-23,15,0.39872652,0,0.47266716
10293.0,2022-23,16,1.0091103,0,0.39591533
10293.0,2022-23,17,1.5335734,0,0.83089536
10293.0,2022-23,18,1.490364,1,0.77050596
10293.0,2022-23,19,1.7105073,1,0.6518086
10293.0,2022-23,20,1.2898675,1,0.6381554
10293.0,2022-23,21,1.5193759,0,0.5945894
10293.0,2022-23,22,1.4075471,0,0.5370043
10293.0,2022-23,23,1.3106561,0,0.2994106
10293.0,2022-23,24,1.1417936,0,0.26303023
10293.0,2022-23,25,1.0029373,0,0.21863651
10293.0,2022-23,25,1.0029373,0,0.22783381
10293.0,2022-23,25,0.91604096,0,0.21863651
10293.0,2022-23,25,0.91604096,0,0.22783381
10293.0,2022-23,26,1.0631008,0,0.24361762
10293.0,2022-23,27,0.735446,0,0.24728185
10293.0,2022-23,28,0.46121863,0,0.23238027
10293.0,2022-23,29,0.46024862,1,0.22484171
10293.0,2022-23,30,1.9629788,6,0.6106161
10293.0,2022-23,31,2.1202168,6,1.5172294
10293.0,2022-23,32,2.956641,0,1.5240151
10293.0,2022-23,33,2.2982845,0,2.586933
10293.0,2022-23,34,2.217075,0,1.0346415
10293.0,2022-23,35,1.9854175,14,0.92394274
10293.0,2022-23,36,2.4777567,2,1.13087
10293.0,2022-23,37,1.6610599,2,0.97823715
10293.0,2022-23,38,2.4487336,1,1.02916
10740.0,2022-23,6,-0.044627577,0,1.5563561
10740.0,2022-23,7,-0.12862259,0,0.98771214
10740.0,2022-23,8,-0.049844798,6,0.7446437
10740.0,2022-23,9,0.7252115,6,1.7000465
10740.0,2022-23,10,-0.20583157,0,0.6229182
10740.0,2022-23,11,-0.21866727,1,0.522252
10740.0,2022-23,12,-0.29099506,0,0.5023997
10740.0,2022-23,13,-0.25892124,1,0.5795234
10740.0,2022-23,14,0.24857627,1,0.62333345
10740.0,2022-23,15,-0.03920198,0,0.92265683
10740.0,2022-23,16,1.4538667,6,0.9645261
10740.0,2022-23,17,1.6709518,1,2.1251075
10740.0,2022-23,18,2.4437132,1,1.9921
10740.0,2022-23,19,0.01939012,0,1.6681746
10740.0,2022-23,20,-0.06392504,0,1.1688873
10740.0,2022-23,21,1.4667417,2,0.5379565
10740.0,2022-23,22,1.6978682,2,1.0487578
10740.0,2022-23,23,2.1412218,2,0.9265285
10740.0,2022-23,24,3.2610958,6,2.351919
10740.0,2022-23,25,2.5229242,0,1.8836365
10740.0,2022-23,26,1.8247751,2,2.4322226
10750.0,2022-23,6,0.17440689,0,2.1815622
10750.0,2022-23,7,-0.0681301,0,0.9450373
10750.0,2022-23,8,-0.0621252,0,0.6090997
10750.0,2022-23,9,0.5799087,6,0.46244702
10750.0,2022-23,10,0.21339242,0,0.77901256
10750.0,2022-23,11,0.17712751,2,0.9010323
10750.0,2022-23,12,0.0038354655,1,1.2539014
10750.0,2022-23,13,0.09580202,0,1.3459897
10750.0,2022-23,14,0.21696074,2,0.87374395
10750.0,2022-23,15,0.26422963,0,1.0332435
10750.0,2022-23,16,1.8451557,3,1.6473671
10750.0,2022-23,17,1.8421239,1,4.066748
10750.0,2022-23,18,1.8750916,1,0.97947925
10750.0,2022-23,19,-0.12585883,0,1.7548403
10750.0,2022-23,20,-0.07361549,0,1.0144339
10750.0,2022-23,21,0.042350058,0,0.5116941
10750.0,2022-23,22,-0.016350033,0,0.31582308
10750.0,2022-23,23,-0.07707717,0,0.36076438
10750.0,2022-23,24,0.9491991,1,0.45233965
10750.0,2022-23,25,0.023883412,0,0.76805544
10750.0,2022-23,26,0.035362743,0,0.56380606
10750.0,2022-23,27,0.023090525,0,0.41593033
10750.0,2022-23,28,0.8520537,7,0.33899292
10750.0,2022-23,29,3.2768135,6,1.556989
10750.0,2022-23,29,3.2768135,6,0.7774057
10750.0,2022-23,29,3.6218953,1,1.556989
10750.0,2022-23,29,3.6218953,1,0.7774057
10750.0,2022-23,30,4.2445908,0,0.19279099
10750.0,2022-23,31,2.8448904,-1,-0.005252078
10750.0,2022-23,32,1.9210494,1,0.034889624
10750.0,2022-23,33,0.039432246,0,1.1322643
10750.0,2022-23,34,1.9567008,0,1.2418246
10750.0,2022-23,35,1.283109,1,0.96899897
10750.0,2022-23,36,1.940199,7,1.4217454
10750.0,2022-23,37,3.2224565,1,1.6130038
10750.0,2022-23,38,2.0144253,0,1.0209119
10756.0,2022-23,6,0.69634706,1,1.5322624
10756.0,2022-23,7,0.5260096,0,1.5611905
10756.0,2022-23,8,0.4699635,1,0.75728387
10756.0,2022-23,9,-0.051860027,0,0.6381836
10756.0,2022-23,10,0.05860703,0,0.4818496
10756.0,2022-23,11,0.0019095379,0,0.43320876
10756.0,2022-23,12,-0.0068423427,1,0.41210818
10756.0,2022-23,13,0.6815685,0,0.43957496
10756.0,2022-23,14,0.07328785,1,0.49433762
10756.0,2022-23,15,0.050405618,0,0.5295574
10756.0,2022-23,16,1.5018811,7,0.4803722
10756.0,2022-23,17,1.7850968,1,1.5483298
10756.0,2022-23,18,2.1132152,2,1.1944648
10756.0,2022-23,19,1.6158276,6,0.92833155
10756.0,2022-23,20,1.9176829,6,1.0352899
10756.0,2022-23,21,2.3446102,1,0.94548696
10756.0,2022-23,22,0.4692388,0,1.4535078
10756.0,2022-23,23,2.8526232,1,1.1228855
10756.0,2022-23,24,3.34032,1,1.1579695
10756.0,2022-23,25,2.528166,0,1.7395312
10756.0,2022-23,26,3.9508235,1,1.4176058
10756.0,2022-23,27,3.2258413,7,1.5861332
10756.0,2022-23,28,0.4325677,0,1.0912633
10756.0,2022-23,29,2.9560494,1,0.83489776
10756.0,2022-23,30,1.6365892,2,0.84977573
10756.0,2022-23,31,0.28036875,0,0.84511894
10756.0,2022-23,32,1.2105197,1,0.6593555
10756.0,2022-23,33,1.2225004,2,0.7901977
10756.0,2022-23,34,0.97741437,1,0.8181762
10756.0,2022-23,35,1.4807245,1,0.9196686
10756.0,2022-23,36,1.8554177,1,0.5635323
10756.0,2022-23,37,1.8749511,6,0.8975919
10756.0,2022-23,38,2.4705708,2,0.86069506
10757.0,2022-23,6,0.5934979,0,1.1976537
10757.0,2022-23,7,-0.15031266,0,1.4357351
10757.0,2022-23,8,0.17225666,1,0.72660583
10757.0,2022-23,9,0.106304325,0,0.9503229
10757.0,2022-23,10,0.34447905,2,1.2860407
10757.0,2022-23,11,-0.087308496,1,1.3250729
10757.0,2022-23,12,0.002298644,6,1.1962008
10757.0,2022-23,13,0.70307136,6,1.2149447
10757.0,2022-23,14,-0.29753628,0,1.2997979
10757.0,2022-23,15,0.17366073,1,1.3768338
10757.0,2022-23,16,0.10634435,0,1.5712415
10757.0,2022-23,17,-0.2034682,0,1.0985326
10757.0,2022-23,18,-0.038022555,0,0.68492097
10757.0,2022-23,19,-0.061245497,0,0.49517488
10757.0,2022-23,20,1.5406346,6,0.42113674
10757.0,2022-23,21,2.2101176,1,1.6865597
10757.0,2022-23,22,2.1261568,6,1.2395273
10757.0,2022-23,23,2.9212935,1,0.8653037
10757.0,2022-23,24,-0.04411695,0,0.6239241
10757.0,2022-23,25,-0.04411695,0,0.5493478
10757.0,2022-23,26,-0.0051542274,0,0.30616108
10757.0,2022-23,27,-0.035907384,0,0.28131175
10757.0,2022-23,28,-0.041339602,0,0.38627306
10757.0,2022-23,29,0.015195901,0,0.4292212
10757.0,2022-23,30,0.015195901,0,0.41850233
10757.0,2022-23,31,0.70906,1,0.403175
10757.0,2022-23,32,0.66868305,1,0.9906754
10758.0,2022-23,6,-0.051138356,0,1.7089494
10758.0,2022-23,7,0.028601473,0,0.8707216
10758.0,2022-23,8,0.043657407,0,0.6159992
10758.0,2022-23,9,0.041024875,0,0.4602661
10758.0,2022-23,10,0.565797,2,0.46105826
10758.0,2022-23,11,0.074966714,2,0.5972796
10758.0,2022-23,12,0.05717484,1,0.7256352
10758.0,2022-23,13,0.035272777,0,0.656389
10758.0,2022-23,14,0.015040116,0,0.5183651
10758.0,2022-23,15,0.011035701,0,0.42534083
10758.0,2022-23,16,-0.027869431,0,0.40424323
10758.0,2022-23,17,0.7467264,1,0.3838139
10758.0,2022-23,18,0.4476118,0,0.9698419
10758.0,2022-23,19,1.6597981,1,0.69782275
10758.0,2022-23,20,0.22525752,0,0.7500745
10758.0,2022-23,21,0.04312226,0,0.5738441
10758.0,2022-23,22,0.04312226,0,0.43771863
10758.0,2022-23,23,-0.000851227,0,0.36448294
10758.0,2022-23,24,1.242433,1,0.35159403
10758.0,2022-23,25,2.02335,0,1.0345408
10758.0,2022-23,26,1.043541,0,1.0005459
10758.0,2022-23,27,1.043541,0,0.81900316
10758.0,2022-23,28,0.528331,0,0.54725695
10758.0,2022-23,29,2.8371153,5,0.28983766
10758.0,2022-23,29,2.8371153,5,0.7885681
10758.0,2022-23,29,1.8433964,1,0.28983766
10758.0,2022-23,29,1.8433964,1,0.7885681
10758.0,2022-23,30,2.1679392,0,0.9424207
10758.0,2022-23,31,0.13944305,0,1.0250821
10758.0,2022-23,32,0.0160856,0,0.68488014
10758.0,2022-23,33,1.3228412,1,0.44421628
10758.0,2022-23,34,0.002223788,0,0.6104495
10758.0,2022-23,35,1.1937526,1,0.74281245
10758.0,2022-23,36,1.4224737,1,0.7786237
10758.0,2022-23,37,0.011615661,0,0.554854
10758.0,2022-23,38,1.7895046,1,0.41512555
10764.0,2022-23,9,0.124437705,0,0.5424363
10764.0,2022-23,10,0.18985045,0,0.36564124
10764.0,2022-23,11,0.6092333,1,0.36029446
10764.0,2022-23,12,-0.02742017,1,0.46430793
10764.0,2022-23,13,0.023165496,0,0.51724863
10764.0,2022-23,14,0.023165496,0,0.80019736
10764.0,2022-23,15,0.023165496,0,0.90784776
10764.0,2022-23,16,-0.007587667,0,0.63581425
10764.0,2022-23,17,-0.007587667,0,0.42422795
10764.0,2022-23,18,1.0148729,1,0.35276067
10764.0,2022-23,19,0.05728616,0,0.6007541
10764.0,2022-23,20,0.034849685,0,0.57449496
10764.0,2022-23,21,0.079740085,0,0.47421747
10764.0,2022-23,22,0.039203525,0,0.36058724
10764.0,2022-23,23,0.039203525,0,0.30623043
10764.0,2022-23,24,1.0299603,0,0.34818655
10764.0,2022-23,25,1.0366595,0,0.4631825
10764.0,2022-23,26,0.014918428,0,0.42214364
10764.0,2022-23,27,0.4431172,0,0.30936903
10802.0,2022-23,6,0.2199783,2,1.149488
10802.0,2022-23,7,0.19230565,0,1.2091607
10802.0,2022-23,8,0.09884636,0,0.90830415
10802.0,2022-23,9,0.1961574,-1,0.6567308
10802.0,2022-23,10,0.030591952,2,0.7236147
10802.0,2022-23,11,0.47121125,6,0.78369045
10802.0,2022-23,12,0.4776113,6,1.2490603
10802.0,2022-23,13,-0.057512034,1,1.6398047
10802.0,2022-23,14,0.41024956,7,1.6935905
10802.0,2022-23,15,0.14923318,1,1.604206
10802.0,2022-23,16,2.9853013,2,2.4027913
10802.0,2022-23,17,-0.06576148,0,3.1669405
10802.0,2022-23,18,-0.11693319,0,1.4161323
10802.0,2022-23,19,1.7060379,1,0.99120814
10802.0,2022-23,20,1.2221713,1,1.7541202
10802.0,2022-23,20,1.2221713,1,1.1002498
10802.0,2022-23,20,2.8927186,1,1.7541202
10802.0,2022-23,20,2.8927186,1,1.1002498
10802.0,2022-23,21,2.0505037,8,0.9881649
10802.0,2022-23,22,3.181681,2,1.244352
10802.0,2022-23,22,3.181681,2,1.3380624
10802.0,2022-23,22,3.6107879,1,1.244352
10802.0,2022-23,22,3.6107879,1,1.3380624
10802.0,2022-23,23,4.380369,1,0.8689876
10802.0,2022-23,24,2.1682563,6,0.82856995
10802.0,2022-23,25,-0.018055242,0,0.9200996
10802.0,2022-23,26,1.7644744,-1,1.4863571
10802.0,2022-23,27,3.4744272,5,1.3314259
10802.0,2022-23,28,0.3661136,0,1.4447268
10802.0,2022-23,29,2.9197626,2,1.0339955
10802.0,2022-23,29,2.9197626,2,1.3672501
10802.0,2022-23,29,2.674496,9,1.0339955
10802.0,2022-23,29,2.674496,9,1.3672501
10802.0,2022-23,30,2.7867415,7,1.294959
10803.0,2022-23,6,0.51759845,2,1.8082253
10803.0,2022-23,7,-0.08095232,0,2.0760047
10803.0,2022-23,8,-0.0057649813,0,1.4878377
10803.0,2022-23,9,0.028929848,-2,1.137917
10803.0,2022-23,10,0.1469804,0,0.59682375
10803.0,2022-23,11,0.08290162,0,0.4531687
10803.0,2022-23,12,0.03997778,0,0.4485479
10803.0,2022-23,13,-0.018465925,0,0.43842375
10803.0,2022-23,14,-0.02718296,0,0.4182765
10803.0,2022-23,15,0.03535649,1,0.38384193
10803.0,2022-23,16,1.3850328,2,0.37973297
10803.0,2022-23,17,1.7533661,5,0.9108694
10803.0,2022-23,18,3.3012993,9,1.9569701
10803.0,2022-23,19,0.6839706,0,1.2537754
10803.0,2022-23,20,1.8396778,2,0.7422847
10803.0,2022-23,21,0.06306734,0,1.1826749
10803.0,2022-23,22,2.4156744,1,1.196352
10803.0,2022-23,23,3.0759902,6,0.86964846
10803.0,2022-23,24,0.11149941,0,0.6474038
10803.0,2022-23,25,0.14516315,0,0.50527316
10803.0,2022-23,26,1.4354404,0,0.4575997
10803.0,2022-23,27,0.04469368,0,0.60039645
10803.0,2022-23,28,0.03926146,0,0.5043486
10803.0,2022-23,29,1.5385504,1,0.44456065
10803.0,2022-23,30,2.6629257,9,0.99623746
10803.0,2022-23,31,0.30101296,0,1.5852492
10803.0,2022-23,32,0.57679254,0,1.1586996
10803.0,2022-23,33,3.272232,1,0.5739834
10803.0,2022-23,34,1.8710976,5,0.6445057
10803.0,2022-23,35,1.9905871,1,1.7476918
10803.0,2022-23,36,0.14758642,0,1.5575404
10803.0,2022-23,37,3.2843776,0,0.79415447
10803.0,2022-23,38,2.8887732,2,1.1495758
10805.0,2022-23,6,0.011792403,0,0.48465753
10805.0,2022-23,7,0.017817033,0,0.37323964
10805.0,2022-23,8,-0.012936132,0,0.35646296
10805.0,2022-23,9,-0.0024199334,0,0.3395387
10805.0,2022-23,10,0.015195901,0,0.35578543
10805.0,2022-23,11,0.015195901,0,0.35302863
10805.0,2022-23,12,0.015195901,0,0.3509434
10805.0,2022-23,13,-0.01385076,0,0.34973508
10805.0,2022-23,14,-0.01385076,0,0.3472206
10805.0,2022-23,15,-0.01385076,0,0.345111
10805.0,2022-23,16,0.39526108,1,0.34342408
10805.0,2022-23,17,1.2583358,2,0.642051
10805.0,2022-23,18,2.3868144,0,1.1298437
10805.0,2022-23,19,2.3377554,2,1.0615356
10805.0,2022-23,20,1.8152204,8,0.78494614
10805.0,2022-23,21,0.23860851,0,0.6047608
10805.0,2022-23,22,0.26977125,0,0.29416844
10805.0,2022-23,23,-0.14187609,0,0.22656092
10805.0,2022-23,24,-0.011672852,0,0.30562013
10805.0,2022-23,25,0.010308928,0,0.4039676
10805.0,2022-23,26,0.06487883,0,0.47621697
10805.0,2022-23,27,1.9184403,7,0.46155143
10805.0,2022-23,28,0.07173799,0,1.5338305
10805.0,2022-23,29,1.6592621,1,0.98556024
10805.0,2022-23,30,2.9400122,2,1.4611819
10805.0,2022-23,31,-0.0042911656,0,0.8718145
10805.0,2022-23,32,-0.0042911656,0,0.6041166
10805.0,2022-23,33,2.2901633,1,0.4583668
10805.0,2022-23,34,1.5642238,0,0.7828079
10805.0,2022-23,35,1.6827903,0,0.98116857
10805.0,2022-23,36,1.8029214,7,1.1025764
10805.0,2022-23,37,3.154865,6,2.0667539
10805.0,2022-23,37,3.154865,6,2.0113516
10805.0,2022-23,37,1.754094,6,2.0667539
10805.0,2022-23,37,1.754094,6,2.0113516
10805.0,2022-23,38,2.7265952,1,0.6555368
10807.0,2022-23,9,-0.017736046,0,0.383344
10807.0,2022-23,10,0.0046797027,0,0.3515312
10807.0,2022-23,11,0.0046797027,0,0.35023272
10807.0,2022-23,12,0.015195901,0,0.3490678
10807.0,2022-23,13,-0.01385076,0,0.34819254
10807.0,2022-23,14,-0.01385076,0,0.3460743
10807.0,2022-23,15,-0.01385076,0,0.34423727
10807.0,2022-23,16,-0.01385076,0,0.34305465
10807.0,2022-23,17,-0.01385076,0,0.3425967
10807.0,2022-23,18,-0.01385076,0,0.34275573
10807.0,2022-23,19,-0.01385076,0,0.34275573
10807.0,2022-23,20,-0.01385076,0,0.34275573
10807.0,2022-23,21,0.2546583,1,0.34275573
10807.0,2022-23,22,0.017303698,0,0.39730245
10807.0,2022-23,23,0.017303698,0,0.45964843
10807.0,2022-23,24,0.017303698,0,0.45652437
10807.0,2022-23,25,0.07942354,0,0.4225887
10807.0,2022-23,26,0.07942354,0,0.36723942
10807.0,2022-23,27,1.1253061,1,0.28698903
10807.0,2022-23,28,-0.044892885,0,0.5990801
10807.0,2022-23,29,-0.044892885,0,0.5812095
10807.0,2022-23,30,0.028333228,0,0.49098277
10807.0,2022-23,31,0.7574834,1,0.36856765
10807.0,2022-23,32,0.028333228,0,0.61010617
10807.0,2022-23,33,0.028333228,0,0.51644236
10807.0,2022-23,34,0.028333228,0,0.4062934
10807.0,2022-23,35,-0.0024199334,0,0.34428456
10807.0,2022-23,36,0.46838441,-1,0.31583834
10807.0,2022-23,37,2.1433291,1,0.85234433
10807.0,2022-23,37,2.1433291,1,0.56648153
10807.0,2022-23,37,1.7532244,1,0.85234433
10807.0,2022-23,37,1.7532244,1,0.56648153
10807.0,2022-23,38,1.7605122,1,1.3121909
10847.0,2022-23,7,0.006624671,0,0.3800961
10847.0,2022-23,8,0.012649298,0,0.37392253
10847.0,2022-23,9,-0.01810386,0,0.35711896
10847.0,2022-23,10,0.54965883,1,0.34131378
10847.0,2022-23,11,0.023165496,0,0.3897515
10847.0,2022-23,12,0.023165496,0,0.38657013
10847.0,2022-23,13,0.023165496,0,0.37433863
10847.0,2022-23,14,-0.007587667,0,0.35490155
10847.0,2022-23,15,-0.007587667,0,0.3359613
10847.0,2022-23,16,0.015195901,0,0.35239553
10847.0,2022-23,17,0.7450968,5,0.35041586
10847.0,2022-23,18,2.5425305,2,1.5303732
10847.0,2022-23,19,2.8760417,1,1.5176367
10847.0,2022-23,20,2.7967346,1,1.488017
10847.0,2022-23,21,2.2798176,1,0.9855377
10847.0,2022-23,22,2.086262,2,1.1536961
10847.0,2022-23,23,0.09145171,0,0.8093187
10847.0,2022-23,24,0.32044548,0,0.4492958
10847.0,2022-23,25,1.7289456,2,0.42608464
10847.0,2022-23,26,0.1904342,0,1.3711888
10847.0,2022-23,27,-0.18653744,0,0.9043842
10847.0,2022-23,28,-0.10283571,0,0.87604547
10847.0,2022-23,29,-0.119189724,0,0.7204937
10847.0,2022-23,30,-0.03042357,0,0.64531577
10847.0,2022-23,31,-0.00960881,0,0.5998089
10847.0,2022-23,32,-0.00960881,0,0.55506015
10847.0,2022-23,33,-0.00960881,0,0.49949408
10847.0,2022-23,34,-0.01385076,0,0.43853873
10847.0,2022-23,35,0.654561,2,0.38883415
10847.0,2022-23,36,0.28493017,0,2.132038
10847.0,2022-23,37,2.6560228,6,0.9363118
10847.0,2022-23,37,2.6560228,6,2.2296176
10847.0,2022-23,37,2.0949535,2,0.9363118
10847.0,2022-23,37,2.0949535,2,2.2296176
10847.0,2022-23,38,1.0562663,2,2.0490034
10864.0,2022-23,7,0.03347813,0,0.43060213
10864.0,2022-23,8,0.008618408,2,0.36469674
10864.0,2022-23,9,0.472354,9,0.46108428
10864.0,2022-23,10,0.3202728,2,0.65391433
10864.0,2022-23,11,0.22542775,1,0.8300038
10864.0,2022-23,12,0.2991646,2,1.0949926
10864.0,2022-23,13,-0.49711803,1,1.7656155
10864.0,2022-23,14,-0.2963204,1,1.8042133
10864.0,2022-23,15,-0.2084528,0,1.606301
10864.0,2022-23,16,2.6656275,5,1.635732
10864.0,2022-23,17,2.1421182,1,2.3445306
10864.0,2022-23,18,2.075537,0,2.0845532
10864.0,2022-23,19,2.0682132,1,1.5166209
10864.0,2022-23,20,1.8481905,1,1.7805971
10864.0,2022-23,21,-0.06433476,0,1.2727506
10864.0,2022-23,22,2.03272,2,0.86754584
10864.0,2022-23,23,2.177758,8,1.0230284
10864.0,2022-23,24,3.046436,5,0.5034414
10864.0,2022-23,25,2.089055,0,0.7854304
10864.0,2022-23,26,1.8441514,7,1.9851947
10864.0,2022-23,27,3.1312141,7,1.6610376
10864.0,2022-23,28,3.2597513,0,2.2509596
10864.0,2022-23,29,3.6442406,2,1.5301472
10864.0,2022-23,29,3.6442406,2,1.6571318
10864.0,2022-23,29,2.4940941,2,1.5301472
10864.0,2022-23,29,2.4940941,2,1.6571318
10864.0,2022-23,30,-0.297275,0,0.9484197
10864.0,2022-23,31,2.965629,1,0.66215074
10864.0,2022-23,32,0.18076453,0,0.24566618
10864.0,2022-23,33,2.0703394,5,0.06767662
10864.0,2022-23,34,2.9000053,2,0.2830567
10864.0,2022-23,35,2.2233293,0,0.5625614
10864.0,2022-23,36,-0.098115385,0,0.9200343
10864.0,2022-23,37,2.0837538,2,0.76999825
10864.0,2022-23,38,2.2300234,1,1.1283287
11078.0,2022-23,13,-0.012763737,0,0.4795669
11078.0,2022-23,14,-0.0076324674,0,0.52617395
11078.0,2022-23,15,0.4159422,1,0.57510984
11359.0,2022-23,27,1.2607025,1,0.22702089
11359.0,2022-23,28,0.03865273,0,1.2493463
11359.0,2022-23,29,0.021691969,0,1.1909602
11359.0,2022-23,30,0.0072611696,0,0.7335149
11359.0,2022-23,31,-0.0042336616,0,0.4753908
11359.0,2022-23,32,0.00035567972,0,0.37736446
11359.0,2022-23,33,0.01815019,0,0.44692957
11359.0,2022-23,34,0.01815019,0,0.41141585
11359.0,2022-23,35,0.01815019,0,0.38841206
11359.0,2022-23,36,-0.01385076,0,0.37737197
11359.0,2022-23,37,0.30846813,0,0.37081456
11359.0,2022-23,38,1.5004352,0,0.5399986
11367.0,2022-23,27,0.052351523,0,0.35822427
11367.0,2022-23,28,-0.07607728,0,0.28200614
11367.0,2022-23,29,1.1545913,0,0.27934054
11367.0,2022-23,29,1.1545913,0,0.6531605
11367.0,2022-23,29,1.7216108,1,0.27934054
11367.0,2022-23,29,1.7216108,1,0.6531605
11367.0,2022-23,30,2.1565447,2,1.5314566
11367.0,2022-23,31,0.5493781,0,1.1631645
11367.0,2022-23,32,2.4798574,5,1.0178216
11367.0,2022-23,33,2.2537148,2,0.66775614
11367.0,2022-23,34,1.5573528,0,1.2252926
11367.0,2022-23,35,2.347313,0,0.60379946
11486.0,2022-23,34,0.019361753,0,0.46051753
11486.0,2022-23,35,0.025386393,0,0.42015207
11486.0,2022-23,36,1.5139047,1,0.3637984
11486.0,2022-23,37,1.5156679,2,0.6072354
11486.0,2022-23,38,1.6481801,2,0.8608776
999999.0,2022-23,9,0.15994443,1,0.58011574
999999.0,2022-23,10,0.03754983,0,0.49716872
999999.0,2022-23,11,0.31110182,0,0.39137125
999999.0,2022-23,12,0.3164833,6,0.3809023
999999.0,2022-23,13,0.033507437,0,0.66055816
999999.0,2022-23,14,0.30705127,0,0.7499109
999999.0,2022-23,15,0.12501636,-1,0.56817645
999999.0,2022-23,16,1.4806303,2,0.4190749
999999.0,2022-23,17,1.2804592,1,0.9398981
999999.0,2022-23,18,1.6235461,6,1.0038046
999999.0,2022-23,19,1.8732489,1,0.9512722
999999.0,2022-23,20,1.5423452,1,0.6145562
999999.0,2022-23,21,1.6429353,0,0.6807467
999999.0,2022-23,22,0.86623967,1,0.5123637
999999.0,2022-23,23,0.70346016,0,0.40851784
999999.0,2022-23,24,0.87303597,0,0.43324137
999999.0,2022-23,25,-0.034080297,0,0.176007
999999.0,2022-23,26,1.0056498,0,0.1597795
999999.0,2022-23,27,0.7637931,0,0.13824923
999999.0,2022-23,27,0.7637931,0,0.16784848
999999.0,2022-23,27,0.7856034,0,0.13824923
999999.0,2022-23,27,0.7856034,0,0.16784848
999999.0,2022-23,28,0.79058695,0,0.17966676
999999.0,2022-23,29,0.5303846,0,0.2287133
999999.0,2022-23,29,0.5303846,0,0.19743228
999999.0,2022-23,29,0.7440229,0,0.2287133
999999.0,2022-23,29,0.7440229,0,0.19743228
999999.0,2022-23,30,0.55388016,1,0.23004189
999999.0,2022-23,31,1.6047932,0,0.805191
999999.0,2022-23,32,1.4420356,0,0.47718546
999999.0,2022-23,33,1.464307,12,0.30155668
999999.0,2022-23,34,2.4726233,0,0.56804466
999999.0,2022-23,35,1.2744055,2,0.6749206
999999.0,2022-23,36,2.1560402,0,1.0697122
999999.0,2022-23,37,1.757933,1,0.6564833
999999.0,2022-23,38,1.5881044,6,0.5434056
76.0,2023-24,6,3.1620302,6,1.6322119
76.0,2023-24,7,3.2428205,7,1.9779055
76.0,2023-24,8,4.907061,1,2.0027792
76.0,2023-24,9,3.7822335,7,2.3445964
76.0,2023-24,10,4.824021,5,1.696041
76.0,2023-24,11,2.026599,5,2.046962
76.0,2023-24,12,5.183785,1,2.6661024
76.0,2023-24,13,4.018117,2,2.662389
76.0,2023-24,14,3.136965,6,1.545777
76.0,2023-24,15,3.383596,1,1.3754755
76.0,2023-24,16,2.2603922,0,2.3419094
76.0,2023-24,17,3.1948068,1,2.5888658
76.0,2023-24,18,2.8539286,2,1.7074715
76.0,2023-24,19,3.7499506,0,2.2132013
76.0,2023-24,20,1.839953,0,1.5410995
76.0,2023-24,21,2.2646687,1,2.029843
76.0,2023-24,22,2.2230794,17,1.9564812
76.0,2023-24,23,4.8815103,0,2.8152971
76.0,2023-24,24,3.8170085,7,1.4681913
76.0,2023-24,25,2.6819837,3,1.7511498
76.0,2023-24,26,1.4288512,0,1.2883513
76.0,2023-24,27,2.7701044,12,1.4517502
76.0,2023-24,28,2.3924694,1,1.4117734
76.0,2023-24,29,-0.3741353,0,1.7809055
76.0,2023-24,30,2.2966807,1,0.9139446
76.0,2023-24,31,3.5928524,2,1.1816213
76.0,2023-24,32,2.1446505,7,1.3437052
76.0,2023-24,33,3.0488906,13,2.3684871
76.0,2023-24,34,2.4245932,1,2.6816852
76.0,2023-24,35,5.170256,1,2.9964764
76.0,2023-24,36,0.33140692,0,1.1497983
76.0,2023-24,37,2.146152,0,0.78606254
76.0,2023-24,38,2.7702398,1,0.7476091
160.0,2023-24,6,2.7009563,1,1.3558211
160.0,2023-24,7,1.7932439,0,1.7303602
160.0,2023-24,7,1.7932439,0,1.5825832
160.0,2023-24,7,2.033881,2,1.7303602
160.0,2023-24,7,2.033881,2,1.5825832
160.0,2023-24,8,2.4670715,0,1.5368059
160.0,2023-24,9,1.8700387,0,0.9304018
160.0,2023-24,10,2.0323868,0,0.58581316
160.0,2023-24,11,2.3099189,2,0.28668958
160.0,2023-24,12,1.5324625,1,0.63737816
160.0,2023-24,13,2.8797941,0,1.8438542
160.0,2023-24,14,3.262475,11,2.0125606
160.0,2023-24,15,2.270791,0,1.4531865
160.0,2023-24,16,2.6572967,2,1.5873123
160.0,2023-24,17,2.1884727,1,1.478112
160.0,2023-24,18,2.549745,5,1.1456388
160.0,2023-24,19,2.05524,1,1.6653639
160.0,2023-24,20,2.5679667,1,1.8633813
160.0,2023-24,21,2.3730206,0,1.5325377
160.0,2023-24,22,2.0300064,0,0.7760161
160.0,2023-24,23,1.5452294,0,0.41928506
160.0,2023-24,24,0.8977964,0,0.24309441
160.0,2023-24,25,0.8610183,0,0.22023427
160.0,2023-24,26,1.2748717,0,0.48577607
160.0,2023-24,27,1.2465054,0,0.4720568
160.0,2023-24,28,0.9867088,0,0.42550838
160.0,2023-24,29,0.5974733,0,0.3643418
160.0,2023-24,30,0.46278647,0,0.3067562
160.0,2023-24,31,0.53646284,0,0.28658757
160.0,2023-24,32,0.4797305,0,0.3615136
160.0,2023-24,33,0.51512563,0,0.32577538
160.0,2023-24,34,0.47692737,0,0.38034248
160.0,2023-24,35,0.55966884,0,0.3580519
160.0,2023-24,36,0.49939328,0,0.23358832
160.0,2023-24,37,0.47253832,0,0.32759297
160.0,2023-24,38,0.565126,0,0.25485504
182.0,2023-24,6,1.4674394,0,0.35166335
182.0,2023-24,7,0.61391073,1,0.30670425
182.0,2023-24,7,0.61391073,1,0.5167146
182.0,2023-24,7,1.3891512,0,0.30670425
182.0,2023-24,7,1.3891512,0,0.5167146
182.0,2023-24,8,1.5886563,1,0.73317087
182.0,2023-24,9,1.6543163,0,1.1581775
182.0,2023-24,10,2.1090162,1,1.0121788
182.0,2023-24,11,2.0659425,1,1.3128247
182.0,2023-24,12,1.9455713,1,1.5542166
182.0,2023-24,13,2.324179,1,1.6939062
182.0,2023-24,14,3.1457474,6,1.5895714
182.0,2023-24,15,2.8874526,2,1.6222029
182.0,2023-24,16,2.6289072,2,2.191406
182.0,2023-24,17,3.2128015,1,1.6787267
182.0,2023-24,18,2.506063,6,1.076325
182.0,2023-24,19,3.179842,1,1.4296825
182.0,2023-24,20,1.9157655,1,1.7777213
182.0,2023-24,21,2.7545698,2,1.4244753
182.0,2023-24,22,1.7993159,1,1.4552498
182.0,2023-24,23,3.0248907,1,2.1390505
182.0,2023-24,24,1.680567,1,1.7534454
182.0,2023-24,25,1.5763005,1,1.4745642
182.0,2023-24,26,1.787679,1,0.8572037
182.0,2023-24,27,1.7044058,1,0.7992909
182.0,2023-24,28,2.8256752,1,0.8131351
182.0,2023-24,29,2.5063312,5,1.2542684
182.0,2023-24,30,2.4174948,1,2.555825
182.0,2023-24,31,2.7220888,4,1.905
182.0,2023-24,32,3.0221744,1,1.3610679
182.0,2023-24,33,2.0764499,1,0.86317796
182.0,2023-24,34,2.659195,5,0.6744954
182.0,2023-24,35,1.7277476,2,1.2602665
182.0,2023-24,36,2.4362328,0,1.6277405
182.0,2023-24,37,1.7050205,2,1.5235853
182.0,2023-24,38,3.4587624,4,1.3932567
332.0,2023-24,8,2.6421747,2,1.4619601
332.0,2023-24,9,3.0009127,1,1.2902236
332.0,2023-24,10,-0.14454193,0,1.4131074
332.0,2023-24,11,-0.27649444,0,0.71686953
332.0,2023-24,12,1.3241446,5,0.9513492
332.0,2023-24,13,1.6282825,1,2.5368211
332.0,2023-24,14,3.2638857,1,2.1671758
445.0,2023-24,6,0.7371053,0,0.37163782
445.0,2023-24,7,0.22668049,0,0.35614115
445.0,2023-24,8,0.37754673,0,0.49749982
445.0,2023-24,9,0.51332617,0,0.34491393
445.0,2023-24,10,0.25232998,0,0.32417846
445.0,2023-24,11,0.40167978,0,0.24213946
445.0,2023-24,12,0.45657542,0,0.3085503
445.0,2023-24,13,0.30999723,0,0.286035
445.0,2023-24,14,0.53118145,0,0.41992885
445.0,2023-24,15,2.114067,0,0.92400193
445.0,2023-24,16,2.673699,1,1.1994557
445.0,2023-24,17,2.4890854,0,1.1475444
445.0,2023-24,18,2.3972356,0,0.8981925
445.0,2023-24,19,1.4853308,0,0.801201
445.0,2023-24,20,1.7045997,0,0.4907776
445.0,2023-24,21,1.1593642,0,0.4451455
445.0,2023-24,22,0.7152203,0,0.25420076
445.0,2023-24,23,0.9762238,0,0.32411563
445.0,2023-24,24,0.91476804,0,0.30784422
445.0,2023-24,25,0.47792912,6,0.3347056
445.0,2023-24,26,1.5952315,-1,1.0966927
445.0,2023-24,27,1.4174595,-1,1.0118964
445.0,2023-24,28,1.8025516,0,0.84295475
445.0,2023-24,29,1.7167045,1,0.6172816
445.0,2023-24,30,1.9839321,1,0.57264405
445.0,2023-24,31,1.9060869,0,1.3882217
445.0,2023-24,32,1.5194515,0,1.488451
445.0,2023-24,33,2.2787838,0,0.96432817
445.0,2023-24,34,1.4689406,0,0.59765714
445.0,2023-24,35,0.82191294,0,0.30627012
445.0,2023-24,36,1.0783081,0,0.36128092
445.0,2023-24,37,1.1035289,0,0.34167862
445.0,2023-24,38,0.84887296,0,0.33440638
508.0,2023-24,31,0.5873979,0,0.41213208
508.0,2023-24,32,0.011915631,0,0.33114707
508.0,2023-24,33,0.011915631,0,0.41546184
508.0,2023-24,34,0.011915631,0,0.41600633
508.0,2023-24,35,0.025310533,0,0.35761356
508.0,2023-24,36,1.4229411,1,0.2506019
508.0,2023-24,37,1.1410191,4,0.49358958
508.0,2023-24,38,1.814125,0,0.60068023
510.0,2023-24,6,2.6806853,6,1.8583667
510.0,2023-24,7,2.2977645,5,1.6517626
510.0,2023-24,8,0.16612223,0,1.4203448
510.0,2023-24,9,1.6514306,0,0.7120217
510.0,2023-24,10,2.06849,-1,1.630821
510.0,2023-24,11,3.534844,6,1.4109056
510.0,2023-24,12,2.9656894,1,1.6548955
510.0,2023-24,13,2.8729002,4,2.0322034
510.0,2023-24,14,2.2875476,2,1.6347189
510.0,2023-24,15,2.8923986,2,1.7842748
510.0,2023-24,16,2.011199,0,1.1395004
510.0,2023-24,17,2.9175704,1,0.9932138
510.0,2023-24,18,0.09180713,0,0.8824004
510.0,2023-24,19,-0.0016584606,0,0.8002698
510.0,2023-24,20,-0.084497206,0,0.41118872
510.0,2023-24,21,-0.021967476,0,0.27004862
510.0,2023-24,22,-0.018178,0,0.31414247
510.0,2023-24,23,-0.012641911,0,0.5084392
510.0,2023-24,24,-0.012641911,0,0.42380607
510.0,2023-24,25,0.98493296,2,0.3350572
510.0,2023-24,26,1.9673104,6,0.8743497
510.0,2023-24,27,1.6342709,1,1.9608471
510.0,2023-24,28,2.6268287,2,1.7204983
510.0,2023-24,29,0.19944346,0,1.6403985
510.0,2023-24,30,3.1132631,2,1.5047457
510.0,2023-24,31,3.001346,2,2.4082813
510.0,2023-24,32,2.1557872,0,1.8199466
510.0,2023-24,33,1.7703683,1,1.4783107
510.0,2023-24,34,2.9896526,1,1.4548836
510.0,2023-24,35,-0.06453788,0,1.3989944
510.0,2023-24,36,-0.08715826,0,1.2223413
510.0,2023-24,37,2.6728551,1,1.1387031
528.0,2023-24,7,0.02501282,0,0.47476304
528.0,2023-24,8,0.03629973,0,0.36915565
528.0,2023-24,9,0.012231738,0,0.3413152
528.0,2023-24,10,0.016379626,0,0.31027752
528.0,2023-24,11,0.026793258,0,0.2941994
528.0,2023-24,12,0.5907687,1,0.28242785
528.0,2023-24,13,0.021665962,0,0.85555065
528.0,2023-24,14,0.021665962,0,1.1177287
528.0,2023-24,15,0.021665962,0,0.83091646
528.0,2023-24,16,1.0122781,1,0.51526207
528.0,2023-24,17,0.037051715,0,0.52662253
528.0,2023-24,18,0.076171935,0,0.4385062
528.0,2023-24,19,0.9576585,6,0.40830165
528.0,2023-24,20,2.0574977,6,1.2915046
528.0,2023-24,21,0.46169457,0,1.60836
528.0,2023-24,22,0.44012633,0,1.4773259
528.0,2023-24,23,0.12230252,0,0.9404913
528.0,2023-24,24,0.16149367,0,0.60493755
528.0,2023-24,25,0.026393523,0,0.4996751
528.0,2023-24,26,0.030689757,0,0.4264679
528.0,2023-24,27,1.395707,1,0.41972238
528.0,2023-24,28,0.021665962,0,0.72698766
528.0,2023-24,29,0.021665962,0,1.0069984
528.0,2023-24,30,0.021665962,0,0.7502969
528.0,2023-24,31,0.013724662,0,0.4241038
528.0,2023-24,32,0.013724662,0,0.21293393
528.0,2023-24,33,0.0180209,0,0.24656403
528.0,2023-24,34,0.54374456,-1,0.24849287
528.0,2023-24,35,2.00616,1,0.33325666
528.0,2023-24,36,1.5922296,-1,0.9842475
528.0,2023-24,37,2.3995998,2,1.1930497
530.0,2023-24,6,-0.0017101392,0,0.21814254
530.0,2023-24,7,0.01387301,0,0.2604911
530.0,2023-24,8,0.01387301,0,0.25477397
530.0,2023-24,9,0.0180209,0,0.2520324
530.0,2023-24,10,-0.018509472,0,0.2503398
530.0,2023-24,11,-0.018509472,0,0.24771157
530.0,2023-24,12,-0.018509472,0,0.24557662
530.0,2023-24,13,-0.018509472,0,0.24405344
530.0,2023-24,14,-0.018509472,0,0.24299327
530.0,2023-24,15,-0.018509472,0,0.24240766
530.0,2023-24,16,-0.018509472,0,0.24240766
530.0,2023-24,17,-0.018509472,0,0.24240766
530.0,2023-24,18,-0.018509472,0,0.24240766
530.0,2023-24,19,-0.018509472,0,0.24240766
530.0,2023-24,20,-0.018509472,0,0.24240766
530.0,2023-24,21,0.35789004,0,0.24240766
530.0,2023-24,22,0.04319732,0,0.42402554
530.0,2023-24,23,0.04319732,0,0.56413066
530.0,2023-24,24,0.04319732,0,0.67700595
530.0,2023-24,25,0.027059296,0,0.6807143
530.0,2023-24,26,1.6398754,1,0.5468702
530.0,2023-24,27,0.021665962,0,0.7465867
530.0,2023-24,28,0.021665962,0,0.9280866
530.0,2023-24,29,0.021665962,0,0.677853
530.0,2023-24,30,0.013724662,0,0.4192525
530.0,2023-24,31,0.013724662,0,0.2473832
530.0,2023-24,32,0.0180209,0,0.24902761
530.0,2023-24,33,0.0180209,0,0.24867252
530.0,2023-24,34,0.0180209,0,0.24847005
530.0,2023-24,35,-0.018509472,0,0.24849287
530.0,2023-24,36,-0.018509472,0,0.24684991
530.0,2023-24,37,-0.018509472,0,0.24524358
530.0,2023-24,38,0.33628884,1,0.24397056
534.0,2023-24,15,-0.08979139,0,1.0392339
534.0,2023-24,16,1.2780031,-1,0.697938
534.0,2023-24,17,0.022436513,0,0.5114507
534.0,2023-24,18,0.021892985,0,0.40333888
534.0,2023-24,19,0.030550832,0,0.3650354
534.0,2023-24,20,0.014412836,0,0.29271257
534.0,2023-24,21,0.07216685,0,0.19815147
534.0,2023-24,22,0.0063752523,0,0.25252795
534.0,2023-24,23,0.0063752523,0,0.24212155
534.0,2023-24,24,0.5352633,1,0.23942485
534.0,2023-24,25,0.0074600326,0,0.5673776
534.0,2023-24,26,0.0074600326,0,0.5837528
534.0,2023-24,27,0.0074600326,0,0.46746045
534.0,2023-24,28,1.3613911,1,0.33879256
534.0,2023-24,29,1.9392581,1,1.4566505
534.0,2023-24,30,0.014789067,0,1.6024454
534.0,2023-24,31,0.014789067,0,1.1418087
534.0,2023-24,32,2.5049393,1,0.6850168
534.0,2023-24,33,-0.022084868,0,0.7453905
534.0,2023-24,34,1.4366128,1,0.578375
534.0,2023-24,35,0.0022803112,0,1.071795
534.0,2023-24,36,1.0405135,1,0.8036349
534.0,2023-24,37,1.5518048,1,0.76683944
534.0,2023-24,38,1.0382838,1,1.0217727
560.0,2023-24,6,0.5058594,0,0.476843
560.0,2023-24,7,0.27284908,1,0.33958012
560.0,2023-24,8,1.2910144,0,0.65628886
560.0,2023-24,9,1.4181228,0,0.91322005
560.0,2023-24,10,1.2580725,0,0.75372577
560.0,2023-24,11,1.2967207,0,0.74204516
560.0,2023-24,12,0.78596693,0,0.43208265
560.0,2023-24,13,1.0356771,0,0.43301162
560.0,2023-24,14,0.7605479,0,0.40743858
560.0,2023-24,15,0.9210315,0,0.31042904
560.0,2023-24,16,0.557687,0,0.39718994
560.0,2023-24,17,0.4751375,0,0.4345618
560.0,2023-24,18,0.654068,0,0.3375646
560.0,2023-24,19,0.51124465,0,0.3168304
560.0,2023-24,20,0.5221192,0,0.25784135
560.0,2023-24,21,0.26979062,0,0.34174755
560.0,2023-24,22,0.5373787,0,0.3181265
560.0,2023-24,23,0.5891728,0,0.37234473
560.0,2023-24,24,0.47376946,0,0.32123426
560.0,2023-24,25,0.26144344,0,0.39316767
560.0,2023-24,26,0.40520287,0,0.37310433
560.0,2023-24,27,0.2039913,0,0.39984292
560.0,2023-24,28,0.5103113,0,0.3668922
560.0,2023-24,29,-0.018509472,0,0.34749842
560.0,2023-24,30,0.57712907,0,0.30356055
560.0,2023-24,31,0.46263498,0,0.18765661
560.0,2023-24,32,0.15097721,0,0.21443018
560.0,2023-24,33,0.39569864,0,0.2729721
560.0,2023-24,34,0.6684057,0,0.34439576
560.0,2023-24,34,0.6684057,0,0.4845835
560.0,2023-24,34,0.6155437,0,0.34439576
560.0,2023-24,34,0.6155437,0,0.4845835
560.0,2023-24,35,0.42901108,0,0.55651724
560.0,2023-24,36,0.33278587,0,0.57518536
560.0,2023-24,37,0.54988176,0,0.40480876
560.0,2023-24,38,0.3153128,0,0.36300293
579.0,2023-24,6,2.782855,1,1.9728867
579.0,2023-24,7,2.563943,1,3.0761952
579.0,2023-24,8,0.74814326,2,2.1590672
579.0,2023-24,9,1.8030238,1,0.95346725
579.0,2023-24,10,0.035608117,0,2.315193
579.0,2023-24,11,2.8250551,9,2.757181
579.0,2023-24,12,-0.027800795,0,1.3945043
579.0,2023-24,13,3.4048507,7,1.0501205
579.0,2023-24,14,2.9475813,1,0.6820799
579.0,2023-24,15,0.24078849,0,1.3727883
579.0,2023-24,16,3.4965627,2,0.61654776
579.0,2023-24,17,2.8445427,1,1.6963823
579.0,2023-24,18,0.26905558,0,2.1417062
579.0,2023-24,19,3.1749296,5,2.1908464
579.0,2023-24,20,4.7679906,6,2.7665148
579.0,2023-24,21,1.4384434,1,2.9061806
579.0,2023-24,22,3.730315,2,3.2292678
579.0,2023-24,23,3.0689096,2,1.731726
579.0,2023-24,24,3.0046375,11,1.775228
579.0,2023-24,25,2.1926856,2,1.0591547
579.0,2023-24,26,3.581257,6,1.866117
579.0,2023-24,27,3.0950346,2,1.049439
579.0,2023-24,28,3.1198266,2,0.8070648
579.0,2023-24,29,1.0115298,0,0.547357
579.0,2023-24,30,1.855653,1,1.49473
579.0,2023-24,31,0.15829265,0,1.5917064
579.0,2023-24,32,0.1302849,0,2.0471272
579.0,2023-24,33,0.1071614,0,0.7929915
579.0,2023-24,34,1.9232765,6,1.1409847
579.0,2023-24,35,4.156755,6,1.0479283
579.0,2023-24,36,3.4288154,2,2.1138816
579.0,2023-24,37,2.6968317,1,2.569348
579.0,2023-24,38,2.7969232,1,1.1334254
585.0,2023-24,20,1.6306328,1,0.6399323
585.0,2023-24,21,1.9243097,6,0.6917634
585.0,2023-24,22,0.20253251,0,1.714442
585.0,2023-24,23,2.484535,1,1.7403986
585.0,2023-24,24,1.7701416,0,1.0225677
585.0,2023-24,25,-0.039053235,0,1.1874695
585.0,2023-24,26,-0.018210078,0,1.0563192
585.0,2023-24,27,0.09505321,0,0.73581827
585.0,2023-24,28,0.06406243,0,0.5469072
585.0,2023-24,29,0.07124647,0,0.33537483
585.0,2023-24,30,0.94492865,-1,0.345517
585.0,2023-24,31,1.1743945,1,0.5623167
585.0,2023-24,32,2.5985336,8,0.8270333
585.0,2023-24,33,1.3541119,-1,1.4451356
585.0,2023-24,34,0.3509137,0,2.1551232
585.0,2023-24,35,0.3509137,0,0.9193157
585.0,2023-24,36,2.3207254,1,0.5246701
585.0,2023-24,37,2.55203,7,0.7140092
585.0,2023-24,38,1.8399677,1,1.1565677
586.0,2023-24,13,0.04162471,0,1.8924412
586.0,2023-24,14,-0.08913507,0,2.0621693
586.0,2023-24,15,3.0152783,1,2.2000751
586.0,2023-24,16,2.2556767,1,1.5943232
586.0,2023-24,17,2.8102658,1,1.7044411
586.0,2023-24,18,0.23760611,0,1.8278955
586.0,2023-24,19,1.5149658,1,2.3118172
586.0,2023-24,20,0.04588213,0,1.6261029
586.0,2023-24,21,0.06427081,0,0.71890277
586.0,2023-24,22,2.0871828,2,0.36893982
586.0,2023-24,23,0.0327952,0,1.4594707
586.0,2023-24,24,2.1502314,7,1.291399
586.0,2023-24,25,2.286183,5,1.8687192
586.0,2023-24,26,2.7696075,6,1.6975844
586.0,2023-24,27,3.7409916,2,2.0448847
586.0,2023-24,28,3.2027683,10,1.6930356
586.0,2023-24,29,-0.16719404,0,0.8939316
586.0,2023-24,30,-0.45535526,0,1.1257961
586.0,2023-24,31,0.13420056,0,1.2477436
586.0,2023-24,32,1.3295437,1,0.8941415
586.0,2023-24,33,0.023024948,0,1.8877876
586.0,2023-24,34,0.15444203,0,2.669272
586.0,2023-24,35,0.45428178,0,2.504177
586.0,2023-24,36,2.234613,1,2.3006303
603.0,2023-24,13,-0.017843774,0,1.1131942
603.0,2023-24,14,0.083199434,0,0.82326037
603.0,2023-24,15,1.5341073,2,0.40580833
603.0,2023-24,16,1.7646772,1,1.1736676
603.0,2023-24,17,1.7574631,1,1.8860757
603.0,2023-24,18,2.6624672,2,1.7032423
603.0,2023-24,19,1.6733363,1,1.4917388
603.0,2023-24,20,2.0755792,2,1.5331494
603.0,2023-24,21,1.74545,1,1.662333
603.0,2023-24,22,-0.108941935,0,1.776304
603.0,2023-24,23,-0.07772633,0,0.95038724
603.0,2023-24,24,0.093615346,0,0.54233897
603.0,2023-24,25,-0.05466094,0,0.35943085
603.0,2023-24,26,0.0046497425,0,0.32527328
603.0,2023-24,27,-0.01764691,0,0.43132287
603.0,2023-24,28,-0.001897068,0,0.38523555
603.0,2023-24,29,-0.018893076,0,0.34033394
603.0,2023-24,30,0.41919658,1,0.298817
603.0,2023-24,31,0.021665962,0,0.47278047
603.0,2023-24,32,1.0876234,1,0.5640158
603.0,2023-24,33,1.093706,6,0.92926174
603.0,2023-24,34,2.4493582,1,0.9210118
603.0,2023-24,34,2.4493582,1,1.0797871
603.0,2023-24,34,2.6468759,6,0.9210118
603.0,2023-24,34,2.6468759,6,1.0797871
603.0,2023-24,35,1.9306955,2,1.7909297
603.0,2023-24,36,2.1933157,6,1.8632864
603.0,2023-24,37,2.5676966,5,1.5832801
603.0,2023-24,38,3.0381732,6,2.4100516
631.0,2023-24,6,2.5802863,1,1.2638977
631.0,2023-24,7,3.3164332,1,1.2519228
631.0,2023-24,8,2.214731,5,0.75697815
631.0,2023-24,9,1.1589179,-3,1.3297927
631.0,2023-24,10,-0.15734969,0,0.7580341
631.0,2023-24,11,1.4671687,0,0.60378027
631.0,2023-24,12,2.4957502,1,1.4316826
631.0,2023-24,13,2.9922552,0,1.9772569
631.0,2023-24,14,2.8706093,6,2.1497028
631.0,2023-24,15,3.5015469,8,1.7725322
631.0,2023-24,16,3.2585917,1,1.2786553
631.0,2023-24,17,0.61316526,0,1.0267041
631.0,2023-24,18,0.0024659766,0,0.5656249
631.0,2023-24,19,-0.15858501,0,0.40478718
631.0,2023-24,20,0.14723103,0,0.50764227
631.0,2023-24,21,0.23985644,0,0.46094275
631.0,2023-24,22,1.9315969,6,0.6625165
631.0,2023-24,23,2.743287,1,1.4217788
631.0,2023-24,24,2.452676,2,1.8694686
631.0,2023-24,25,3.5312836,6,2.1121147
631.0,2023-24,26,2.3238041,1,1.5939686
631.0,2023-24,27,0.22560224,0,1.3493011
631.0,2023-24,28,2.5340567,1,1.0417539
631.0,2023-24,29,0.026870029,0,1.2497334
631.0,2023-24,30,1.8099467,1,0.9983291
631.0,2023-24,31,1.1870574,5,1.329037
631.0,2023-24,32,1.8140666,6,1.7074703
631.0,2023-24,33,2.2498572,-2,2.4544642
631.0,2023-24,34,2.9528625,6,4.1716027
631.0,2023-24,34,2.9528625,6,1.7378405
631.0,2023-24,34,2.1372008,1,4.1716027
631.0,2023-24,34,2.1372008,1,1.7378405
631.0,2023-24,35,2.802017,7,1.7953993
631.0,2023-24,36,2.595529,2,1.3224727
631.0,2023-24,37,3.7907522,6,2.0781486
631.0,2023-24,38,2.4149,1,1.8123516
638.0,2023-24,6,3.2681963,11,2.8639557
638.0,2023-24,7,6.099934,0,3.307052
638.0,2023-24,8,3.4766011,2,4.6814027
638.0,2023-24,9,3.115823,2,3.2236593
638.0,2023-24,10,2.6908073,8,3.4976878
638.0,2023-24,11,4.6013427,2,1.9863669
638.0,2023-24,12,3.7999656,0,5.371609
638.0,2023-24,13,3.7193508,2,2.5236893
638.0,2023-24,14,3.1747801,1,1.2453375
638.0,2023-24,15,3.3938005,2,1.4280573
638.0,2023-24,16,4.1522045,2,1.9259691
638.0,2023-24,17,3.4250607,1,2.3463423
638.0,2023-24,18,0.7243675,0,2.6570928
638.0,2023-24,19,3.6983593,2,2.8178463
638.0,2023-24,20,5.516095,6,2.729117
638.0,2023-24,21,1.1714432,6,2.468404
638.0,2023-24,22,-0.27475348,0,1.8131826
638.0,2023-24,23,2.709826,2,0.9533105
638.0,2023-24,24,3.3287866,1,2.0117607
638.0,2023-24,25,3.087211,7,0.5860901
638.0,2023-24,25,3.087211,7,1.2948457
638.0,2023-24,25,2.870864,5,0.5860901
638.0,2023-24,25,2.870864,5,1.2948457
638.0,2023-24,26,0.577728,0,2.149287
638.0,2023-24,27,3.7015162,2,2.0860667
638.0,2023-24,28,2.843913,2,1.9726204
638.0,2023-24,29,-0.5359735,0,1.5529768
638.0,2023-24,30,-0.2332629,0,1.8465648
638.0,2023-24,31,0.112590685,0,2.827088
638.0,2023-24,32,0.274227,0,3.3770359
638.0,2023-24,33,0.14902826,0,0.77912396
638.0,2023-24,34,1.5915732,14,0.7852211
638.0,2023-24,35,3.4246843,8,1.6298058
638.0,2023-24,36,3.8873444,2,2.4342418
638.0,2023-24,37,3.2090764,6,2.2592957
638.0,2023-24,37,3.2090764,6,1.2529378
638.0,2023-24,37,2.7990775,7,2.2592957
638.0,2023-24,37,2.7990775,7,1.2529378
638.0,2023-24,38,3.870772,2,0.80620015
643.0,2023-24,16,-0.00209384,0,0.3867669
643.0,2023-24,17,0.0077088736,0,0.22654724
643.0,2023-24,18,1.1349564,1,0.26951927
643.0,2023-24,19,0.0655204,0,0.9679544
643.0,2023-24,20,1.24284,1,0.97508675
643.0,2023-24,21,0.08489187,0,1.3690678
643.0,2023-24,22,0.06362585,0,0.86517835
643.0,2023-24,23,1.616348,0,0.5348211
643.0,2023-24,24,1.4873713,0,0.4688049
643.0,2023-24,25,0.016632607,0,0.42797548
643.0,2023-24,26,0.020928847,0,0.36789936
643.0,2023-24,27,0.0180209,0,0.31286034
643.0,2023-24,28,0.0180209,0,0.22421116
643.0,2023-24,29,0.5383362,0,0.22139806
643.0,2023-24,30,0.28775278,0,0.22457671
643.0,2023-24,31,-0.018509472,0,0.31712562
643.0,2023-24,32,-0.018509472,0,0.3286593
643.0,2023-24,33,0.29455757,0,0.27607203
652.0,2023-24,6,3.6308496,18,0.497109
652.0,2023-24,7,5.2644057,12,1.0839217
652.0,2023-24,8,6.824881,6,1.3207831
652.0,2023-24,9,4.8027043,10,3.092088
652.0,2023-24,10,7.030211,0,3.8386452
652.0,2023-24,11,5.7721086,9,4.3188653
652.0,2023-24,12,7.327657,1,4.9828997
652.0,2023-24,13,5.084926,1,5.619791
652.0,2023-24,14,6.2797666,12,2.6374452
652.0,2023-24,15,4.1407638,1,2.2272248
652.0,2023-24,16,7.3653665,-1,2.934706
652.0,2023-24,17,1.0213253,0,3.767854
652.0,2023-24,18,4.058999,2,3.9180505
652.0,2023-24,19,4.202749,1,3.8465598
652.0,2023-24,20,0.81605536,0,1.9293977
652.0,2023-24,21,3.2433984,1,1.0718058
652.0,2023-24,22,1.9359515,7,1.4351933
652.0,2023-24,23,3.471459,9,1.2347951
652.0,2023-24,24,2.492047,4,1.3844885
652.0,2023-24,25,3.5101624,1,1.7554216
652.0,2023-24,26,1.466678,0,1.9274449
652.0,2023-24,27,4.329321,1,3.2704744
652.0,2023-24,28,0.48909715,0,3.1700583
652.0,2023-24,29,0.20190947,0,1.4996814
652.0,2023-24,30,-0.37990433,0,1.8130219
652.0,2023-24,31,0.09805862,0,1.5681014
652.0,2023-24,32,-0.15183169,0,1.7152088
652.0,2023-24,33,-0.019624041,0,1.6903174
652.0,2023-24,34,-0.011944093,0,1.2928606
652.0,2023-24,35,-0.025369206,0,0.81951016
652.0,2023-24,36,-0.018509472,0,0.46012592
652.0,2023-24,37,0.59112495,1,0.30339804
652.0,2023-24,37,0.59112495,1,0.78352606
652.0,2023-24,37,1.2616711,1,0.30339804
652.0,2023-24,37,1.2616711,1,0.78352606
652.0,2023-24,38,2.2725418,1,1.9059397
660.0,2023-24,7,1.9924308,1,0.11205071
660.0,2023-24,8,1.7685167,1,3.4632263
660.0,2023-24,9,0.08841638,0,2.3298252
660.0,2023-24,10,3.1154757,1,1.7693704
660.0,2023-24,11,0.15125732,0,1.9321058
660.0,2023-24,12,2.0397007,1,0.95879865
660.0,2023-24,13,2.1254256,1,1.8825067
660.0,2023-24,14,2.6857874,1,2.6319623
660.0,2023-24,15,3.727863,1,1.7846036
660.0,2023-24,16,3.9415002,2,1.5406489
660.0,2023-24,17,3.8627746,5,1.098923
660.0,2023-24,18,2.518432,2,0.8930958
660.0,2023-24,19,4.3810644,6,1.2754374
660.0,2023-24,20,2.093477,2,1.7573793
660.0,2023-24,21,-0.86434156,0,1.8488097
660.0,2023-24,22,-0.16659391,0,1.1895794
660.0,2023-24,23,0.069862634,0,1.9037862
660.0,2023-24,24,2.1145833,1,3.152457
660.0,2023-24,25,2.560629,1,0.81276196
660.0,2023-24,26,0.06300484,0,1.8492429
660.0,2023-24,27,0.06165937,0,0.81342727
660.0,2023-24,28,0.5176783,0,0.47042793
660.0,2023-24,29,0.15322992,0,0.56415856
660.0,2023-24,30,0.18269296,0,0.6326464
660.0,2023-24,31,0.13936952,0,0.8585443
660.0,2023-24,32,0.13936952,0,0.61369425
660.0,2023-24,33,0.12837444,0,0.51823103
660.0,2023-24,34,-0.018509472,0,0.53355104
660.0,2023-24,35,0.6776922,3,0.5943345
725.0,2023-24,6,1.8603258,1,1.5724847
725.0,2023-24,7,1.5678729,0,1.6668937
725.0,2023-24,8,2.3227532,0,1.015235
725.0,2023-24,9,2.3484604,1,0.60116154
725.0,2023-24,10,0.76453906,1,1.0113131
725.0,2023-24,11,1.6051308,14,1.0251586
725.0,2023-24,12,1.1612105,4,1.0827894
725.0,2023-24,13,1.2727914,1,1.56598
725.0,2023-24,14,1.2074991,0,1.7088476
725.0,2023-24,15,1.6192588,0,1.34775
725.0,2023-24,16,2.4577422,0,1.3113123
725.0,2023-24,17,2.5820138,0,0.6838849
725.0,2023-24,18,2.4035442,1,0.8661984
725.0,2023-24,19,1.989366,2,1.1793041
725.0,2023-24,20,2.079406,2,1.8071135
725.0,2023-24,21,1.822148,0,1.9954878
725.0,2023-24,22,1.5176475,0,1.3435104
725.0,2023-24,23,1.3978528,0,0.81953347
725.0,2023-24,24,1.4723742,0,0.5628227
725.0,2023-24,25,1.1352051,0,0.27956086
725.0,2023-24,26,1.1162156,0,0.42605352
725.0,2023-24,27,0.85610044,0,0.2675952
725.0,2023-24,28,1.2225138,0,0.36113694
725.0,2023-24,29,0.274482,0,0.34161896
725.0,2023-24,30,0.4150712,2,0.2862489
725.0,2023-24,31,1.4977969,2,0.96598315
725.0,2023-24,32,1.6505334,1,1.4906722
725.0,2023-24,33,3.3236759,1,1.6519886
725.0,2023-24,34,2.7582717,1,1.370751
725.0,2023-24,35,2.3979285,1,1.2706064
725.0,2023-24,36,2.839823,2,2.0486948
725.0,2023-24,37,3.852107,1,2.8487484
725.0,2023-24,38,5.1685114,0,1.7132072
766.0,2023-24,9,2.2560663,6,2.3235977
766.0,2023-24,10,2.7565713,0,1.4916925
766.0,2023-24,11,1.9644066,9,1.5864326
766.0,2023-24,12,3.6423962,0,1.2549815
766.0,2023-24,13,2.198059,7,2.4251785
766.0,2023-24,14,3.3518538,6,1.4508505
766.0,2023-24,15,2.937728,1,1.3299702
766.0,2023-24,16,2.2328033,-1,2.0532513
766.0,2023-24,17,3.833446,6,2.6921613
766.0,2023-24,18,3.5849407,1,2.220905
766.0,2023-24,19,0.035581782,0,1.6247021
766.0,2023-24,20,1.4976019,1,0.9410926
766.0,2023-24,21,-0.3086466,0,1.1484226
766.0,2023-24,22,0.07871378,0,0.6389429
766.0,2023-24,23,-0.05515134,0,0.663321
766.0,2023-24,24,0.011334628,0,0.943668
766.0,2023-24,25,0.02993922,0,0.6811488
766.0,2023-24,26,0.5019263,1,0.4739895
766.0,2023-24,27,-0.0038723846,0,0.43767738
766.0,2023-24,28,-0.0038723846,0,0.4646333
766.0,2023-24,29,-0.0038723846,0,0.44360435
766.0,2023-24,30,1.3974419,1,0.36921698
782.0,2023-24,6,3.7758238,0,1.8691354
782.0,2023-24,7,0.31762502,0,3.2691286
782.0,2023-24,8,0.4734188,0,2.2286131
782.0,2023-24,9,0.33277646,0,3.171665
782.0,2023-24,10,0.3248362,0,2.5714386
782.0,2023-24,11,0.1698658,0,2.3209026
782.0,2023-24,12,-0.005814267,0,1.5767883
782.0,2023-24,13,0.04303772,0,1.4095563
782.0,2023-24,14,0.046880066,0,1.1236264
782.0,2023-24,15,-0.018509472,0,0.69879746
782.0,2023-24,16,-0.018509472,0,0.4328962
782.0,2023-24,17,-0.018509472,0,0.3190378
782.0,2023-24,18,-0.018509472,0,0.26587248
782.0,2023-24,19,-0.018509472,0,0.25157994
782.0,2023-24,20,-0.018509472,0,0.24240766
782.0,2023-24,21,0.4624095,1,0.24240766
782.0,2023-24,22,0.49992153,-1,0.3496567
782.0,2023-24,23,1.748283,0,0.37423337
782.0,2023-24,24,2.643381,2,1.19488
782.0,2023-24,25,2.7322896,2,1.9035852
782.0,2023-24,26,0.23071966,0,1.903836
782.0,2023-24,27,2.7024953,1,1.3011216
782.0,2023-24,28,0.16156308,0,1.4393065
782.0,2023-24,29,-0.027591072,0,1.1175034
782.0,2023-24,30,-0.10125649,0,0.9501529
782.0,2023-24,31,-0.021406474,0,0.6715368
782.0,2023-24,32,0.054903753,0,0.3767913
782.0,2023-24,33,1.4205195,4,0.4887486
804.0,2023-24,6,2.6609733,2,2.293269
804.0,2023-24,7,1.9803883,2,2.133999
804.0,2023-24,8,2.464028,1,1.6357169
804.0,2023-24,9,2.0984235,2,1.3503379
804.0,2023-24,10,3.1342638,1,1.2086942
804.0,2023-24,11,2.7240574,0,1.4712868
804.0,2023-24,12,3.0906942,1,1.5079305
804.0,2023-24,13,0.4212177,0,1.7756538
804.0,2023-24,14,2.5388634,1,1.1858369
804.0,2023-24,15,3.7241292,8,1.9513602
804.0,2023-24,16,3.8354561,2,1.9735343
804.0,2023-24,17,2.0582528,1,1.057593
804.0,2023-24,18,3.392822,7,2.4311712
804.0,2023-24,19,0.6516039,0,2.0301583
804.0,2023-24,20,3.421504,14,1.2821193
804.0,2023-24,21,3.0051842,5,1.582545
804.0,2023-24,22,5.2701063,2,1.7503278
804.0,2023-24,23,2.536703,1,0.79770565
804.0,2023-24,24,2.7145197,1,0.9123416
804.0,2023-24,25,2.871585,2,0.8860159
804.0,2023-24,26,2.807275,7,1.6726425
804.0,2023-24,27,2.0926192,1,1.484371
807.0,2023-24,9,2.2740345,1,1.8003033
807.0,2023-24,10,2.2525296,1,2.1391125
807.0,2023-24,11,2.629783,6,1.8010491
807.0,2023-24,12,2.7690356,0,2.2466376
807.0,2023-24,13,2.8109984,0,1.4245584
807.0,2023-24,14,1.169025,0,0.92040205
807.0,2023-24,15,1.3572674,1,0.59728926
807.0,2023-24,16,1.8197732,1,0.7347576
807.0,2023-24,17,1.0059342,6,1.6852248
807.0,2023-24,18,2.2273853,0,1.5445275
807.0,2023-24,19,2.528495,1,1.4268625
807.0,2023-24,20,2.674084,1,1.3070078
807.0,2023-24,21,2.754157,1,2.2513888
807.0,2023-24,22,2.353286,1,1.5302391
807.0,2023-24,23,2.5031464,0,0.9517419
807.0,2023-24,24,1.7971002,1,1.1953698
807.0,2023-24,25,1.9975982,1,1.6356156
807.0,2023-24,26,2.70426,0,1.4930611
807.0,2023-24,27,1.1444558,2,1.4116209
807.0,2023-24,28,3.5340168,6,0.9432329
807.0,2023-24,29,0.2652842,0,1.2320783
807.0,2023-24,30,2.2507412,0,1.417397
807.0,2023-24,31,1.2531408,1,0.89637935
807.0,2023-24,32,1.2632897,0,0.8981082
807.0,2023-24,33,1.6494431,0,1.1260754
807.0,2023-24,34,2.0257387,0,1.0718073
807.0,2023-24,35,1.6764163,0,0.9696165
807.0,2023-24,36,1.2556901,0,0.680708
807.0,2023-24,37,1.901829,2,1.2498342
807.0,2023-24,37,1.901829,2,1.8259423
807.0,2023-24,37,1.8154132,1,1.2498342
807.0,2023-24,37,1.8154132,1,1.8259423
807.0,2023-24,38,2.1308672,1,1.6828823
825.0,2023-24,12,1.1096292,1,0.95179754
825.0,2023-24,13,2.8840659,5,1.1476448
825.0,2023-24,14,2.9352648,1,1.8884848
825.0,2023-24,15,3.4143918,6,1.7839134
825.0,2023-24,16,2.6340935,6,1.7050962
825.0,2023-24,17,0.29081443,0,1.3744786
825.0,2023-24,18,3.1288197,4,0.9290692
825.0,2023-24,19,3.8842583,6,3.0077822
825.0,2023-24,20,3.4587295,1,2.237048
825.0,2023-24,21,0.41719174,0,2.836479
825.0,2023-24,22,2.6832862,2,1.7153273
825.0,2023-24,23,2.114849,2,1.9356222
825.0,2023-24,24,2.186993,0,2.0857544
825.0,2023-24,25,1.9744852,1,2.7795117
825.0,2023-24,26,1.9267765,2,2.1333609
825.0,2023-24,27,3.4548175,5,1.6081539
825.0,2023-24,28,3.710144,0,2.2422926
825.0,2023-24,28,3.710144,0,2.1204672
825.0,2023-24,28,2.5121465,0,2.2422926
825.0,2023-24,28,2.5121465,0,2.1204672
825.0,2023-24,29,-0.26372385,0,1.8480058
825.0,2023-24,30,2.0688272,5,1.142078
825.0,2023-24,31,2.0933874,9,1.0444576
825.0,2023-24,32,2.3584816,1,0.91630197
825.0,2023-24,33,3.799492,1,1.5205606
825.0,2023-24,34,3.2228258,0,1.5938823
825.0,2023-24,34,3.2228258,0,1.503938
825.0,2023-24,34,3.553346,6,1.5938823
825.0,2023-24,34,3.553346,6,1.503938
825.0,2023-24,35,3.428874,7,2.042155
825.0,2023-24,36,2.0945632,0,2.8647351
825.0,2023-24,37,2.7984567,6,2.4528222
833.0,2023-24,6,1.518188,7,0.37703368
833.0,2023-24,7,2.0379925,3,0.7344907
833.0,2023-24,8,2.184407,1,1.04229
833.0,2023-24,9,3.3779643,7,0.74022937
833.0,2023-24,10,3.6617334,8,0.53820276
833.0,2023-24,11,3.4799914,2,0.32999492
833.0,2023-24,12,2.7463076,6,0.93345886
833.0,2023-24,13,2.4287617,2,1.4864509
833.0,2023-24,14,3.0246787,1,1.8970003
833.0,2023-24,15,2.9046955,14,2.1389453
833.0,2023-24,16,2.38358,2,2.540725
833.0,2023-24,17,2.8571646,6,2.5717294
833.0,2023-24,18,2.2036026,2,1.9115462
833.0,2023-24,19,3.4271069,7,1.3459454
833.0,2023-24,20,2.128853,1,1.2675141
833.0,2023-24,21,2.4124606,6,2.0550313
833.0,2023-24,22,2.9886165,2,1.9598397
833.0,2023-24,23,2.0028093,1,1.8211262
833.0,2023-24,24,3.784679,2,2.4230864
833.0,2023-24,25,2.6659331,2,2.0768106
833.0,2023-24,25,2.6659331,2,2.2448304
833.0,2023-24,25,3.9245856,8,2.0768106
833.0,2023-24,25,3.9245856,8,2.2448304
833.0,2023-24,26,0.29303396,0,2.1653075
833.0,2023-24,27,3.1094651,6,2.389747
833.0,2023-24,28,1.5135272,2,2.18406
833.0,2023-24,29,-0.013523369,0,2.719091
833.0,2023-24,30,2.5660331,1,2.112775
833.0,2023-24,31,3.688119,2,1.8891809
833.0,2023-24,32,3.7776916,1,1.5423148
833.0,2023-24,33,5.895828,2,1.317836
833.0,2023-24,34,3.4652312,2,1.4073906
833.0,2023-24,34,3.4652312,2,1.2623355
833.0,2023-24,34,3.146486,0,1.4073906
833.0,2023-24,34,3.146486,0,1.2623355
833.0,2023-24,35,3.7385736,1,1.6068466
833.0,2023-24,36,3.7383957,1,2.2965477
833.0,2023-24,37,3.676875,1,2.0663073
833.0,2023-24,38,4.7541804,6,1.7271206
853.0,2023-24,18,-0.0017101392,0,0.30959052
853.0,2023-24,19,0.01387301,0,0.2671201
853.0,2023-24,20,0.01387301,0,0.25907695
853.0,2023-24,21,0.0180209,0,0.2553209
853.0,2023-24,22,-0.018509472,0,0.25302204
853.0,2023-24,23,-0.018509472,0,0.24959466
853.0,2023-24,24,-0.018509472,0,0.2466746
853.0,2023-24,25,-0.018509472,0,0.24453421
853.0,2023-24,26,-0.018509472,0,0.2430867
853.0,2023-24,27,-0.018509472,0,0.24240766
853.0,2023-24,28,-0.018509472,0,0.24240766
853.0,2023-24,29,-0.018509472,0,0.24240766
853.0,2023-24,30,-0.018509472,0,0.24240766
853.0,2023-24,31,0.5204708,1,0.24240766
853.0,2023-24,32,1.4109422,1,0.37814647
853.0,2023-24,33,1.5478907,1,0.64340353
853.0,2023-24,34,0.17944615,0,0.8485186
853.0,2023-24,35,0.022063376,0,1.0685253
853.0,2023-24,36,0.022063376,0,0.99681324
853.0,2023-24,37,0.020643001,0,0.49779534
853.0,2023-24,38,1.4821945,1,0.27375296
884.0,2023-24,8,1.4054753,1,0.5106486
935.0,2023-24,6,1.6812735,0,2.0865037
935.0,2023-24,7,3.4702175,7,1.5817354
935.0,2023-24,8,3.0201013,1,1.3983415
935.0,2023-24,9,2.5680847,0,1.874503
935.0,2023-24,10,3.8988714,2,1.9212395
935.0,2023-24,11,0.3393864,0,1.8528879
935.0,2023-24,12,4.303857,1,1.0865481
935.0,2023-24,13,2.76697,2,1.2779826
935.0,2023-24,14,0.70178485,0,2.0622513
935.0,2023-24,15,2.9837358,2,0.92567384
935.0,2023-24,16,2.6378686,0,1.589009
935.0,2023-24,17,2.7321901,5,0.96214205
935.0,2023-24,18,3.7375116,6,1.8027656
935.0,2023-24,19,0.080977276,0,2.3465164
935.0,2023-24,20,0.25276262,0,1.0686063
935.0,2023-24,21,2.4632652,1,0.5936521
935.0,2023-24,22,2.2799544,2,1.5467994
935.0,2023-24,23,2.2568696,1,1.8999875
935.0,2023-24,24,1.8266147,-1,2.4364512
935.0,2023-24,25,2.9056492,1,1.613462
935.0,2023-24,26,2.4572911,1,1.4226465
935.0,2023-24,27,1.4703175,8,1.4517481
935.0,2023-24,28,0.525061,0,1.8404233
935.0,2023-24,29,3.846009,2,1.1344051
935.0,2023-24,30,2.5131972,0,1.5214468
935.0,2023-24,31,3.3663747,10,1.4948752
935.0,2023-24,32,2.8867753,2,1.7221683
935.0,2023-24,33,1.902962,1,1.9432089
935.0,2023-24,34,2.1632311,0,1.3646334
935.0,2023-24,35,2.288738,1,1.6261892
935.0,2023-24,36,1.7029468,0,1.4440448
935.0,2023-24,37,2.2620132,2,1.7458725
935.0,2023-24,38,1.858635,1,1.6652985
985.0,2023-24,28,0.005731671,0,0.81686854
985.0,2023-24,29,-0.0027754267,0,0.6978487
985.0,2023-24,30,1.6355476,0,0.6446946
985.0,2023-24,31,1.423356,1,1.2542257
985.0,2023-24,32,2.2323444,1,1.7047741
985.0,2023-24,33,2.6357436,2,1.3783848
985.0,2023-24,34,3.010412,-1,1.6072736
985.0,2023-24,35,1.2868508,0,1.1612927
985.0,2023-24,36,-0.053333703,0,1.032192
985.0,2023-24,37,0.28429064,0,0.71788347
985.0,2023-24,38,2.654333,1,0.42615587
987.0,2023-24,6,2.466431,2,2.0840533
987.0,2023-24,7,2.485557,2,1.4628127
987.0,2023-24,8,2.0402575,0,1.2970507
987.0,2023-24,9,1.9542931,1,0.88320225
987.0,2023-24,10,2.4300454,1,0.6507476
987.0,2023-24,11,1.9321544,7,0.7535043
987.0,2023-24,12,2.3491485,0,1.383282
987.0,2023-24,13,2.4678051,0,2.6921825
987.0,2023-24,14,3.6103551,1,1.8276132
987.0,2023-24,15,2.2368848,6,1.0430653
987.0,2023-24,16,3.5228372,0,1.1865458
987.0,2023-24,17,4.1991925,1,2.0298371
987.0,2023-24,18,2.2471583,1,1.525312
987.0,2023-24,19,3.6161687,6,1.7045672
987.0,2023-24,20,2.6833158,1,2.1826956
987.0,2023-24,21,2.4030025,10,2.3689713
987.0,2023-24,22,3.810604,6,1.394215
987.0,2023-24,23,2.0867329,0,1.741389
987.0,2023-24,24,4.3589864,0,2.64698
987.0,2023-24,25,2.8150432,1,0.66317934
987.0,2023-24,25,2.8150432,1,0.5983585
987.0,2023-24,25,2.4165895,1,0.66317934
987.0,2023-24,25,2.4165895,1,0.5983585
987.0,2023-24,26,-0.248549,0,1.3838756
987.0,2023-24,27,3.0337408,6,1.6730559
987.0,2023-24,28,1.6090747,2,2.4952095
987.0,2023-24,29,0.00023492984,0,1.844701
987.0,2023-24,30,1.9740916,1,2.1655643
987.0,2023-24,31,3.332587,2,2.608041
987.0,2023-24,32,2.685144,1,2.5570881
987.0,2023-24,33,4.940818,0,1.2177525
987.0,2023-24,34,2.138044,1,1.1196165
987.0,2023-24,34,2.138044,1,1.2027136
987.0,2023-24,34,1.9490049,1,1.1196165
987.0,2023-24,34,1.9490049,1,1.2027136
987.0,2023-24,35,1.9332787,1,0.9057859
987.0,2023-24,36,2.0701823,0,1.7273169
987.0,2023-24,37,2.11712,4,1.6794473
987.0,2023-24,38,3.1109803,0,2.1401587
1006.0,2023-24,6,0.08076128,0,0.82712406
1006.0,2023-24,7,0.05766877,0,1.3372632
1006.0,2023-24,8,0.03828726,0,1.3519486
1006.0,2023-24,9,0.062498353,0,0.999654
1006.0,2023-24,10,0.07330965,0,0.7973534
1006.0,2023-24,11,-0.018509472,0,0.64829385
1006.0,2023-24,12,-0.018509472,0,0.51832294
1006.0,2023-24,13,0.4835118,6,0.3935749
1006.0,2023-24,14,1.3533702,2,1.0878847
1006.0,2023-24,15,1.601013,1,1.5697386
1006.0,2023-24,16,2.5786374,1,2.6618898
1006.0,2023-24,17,2.402512,5,1.8577837
1006.0,2023-24,18,2.6585321,0,1.5150079
1006.0,2023-24,19,0.18058224,0,1.9972119
1006.0,2023-24,20,0.08195613,0,1.2100123
1006.0,2023-24,21,0.013582582,0,0.7327899
1006.0,2023-24,22,1.9732921,3,0.5113128
1006.0,2023-24,23,2.6244912,6,1.2730305
1006.0,2023-24,24,2.0205297,1,2.7949412
1006.0,2023-24,25,2.2558117,0,2.2828236
1245.0,2023-24,6,1.7335083,1,1.3829052
1245.0,2023-24,7,2.7844236,8,1.7326062
1245.0,2023-24,8,2.4541128,3,2.2456152
1245.0,2023-24,9,1.9098576,-1,2.1706598
1245.0,2023-24,10,3.542522,0,1.6777811
1245.0,2023-24,11,3.0341074,0,1.0969595
1245.0,2023-24,12,3.5898726,1,1.589593
1245.0,2023-24,13,3.5827086,2,2.3037004
1245.0,2023-24,14,4.150065,2,4.083072
1245.0,2023-24,15,4.018606,1,2.697376
1245.0,2023-24,16,3.336067,0,4.386272
1245.0,2023-24,17,3.72195,7,2.090639
1245.0,2023-24,18,3.3689306,9,2.179092
1245.0,2023-24,19,2.0007453,6,1.266453
1245.0,2023-24,20,2.8557339,6,1.2462376
1245.0,2023-24,21,3.0350165,1,0.96246284
1245.0,2023-24,22,2.453953,2,1.5697976
1245.0,2023-24,23,2.315961,1,1.984808
1245.0,2023-24,24,1.8099091,-1,1.7177843
1245.0,2023-24,25,3.352472,2,1.5838072
1245.0,2023-24,26,3.43062,12,1.9587994
1245.0,2023-24,27,2.545961,2,1.4702699
1245.0,2023-24,28,3.509767,0,1.7542701
1245.0,2023-24,29,3.6120296,2,0.6835476
1245.0,2023-24,30,2.5451956,0,0.71917784
1245.0,2023-24,31,3.6390574,2,0.8324777
1245.0,2023-24,32,3.206119,4,1.4837687
1245.0,2023-24,33,3.0701334,1,1.6158184
1245.0,2023-24,34,2.3980784,-2,1.6232886
1245.0,2023-24,35,2.265655,1,1.8151294
1245.0,2023-24,36,1.1693839,-1,1.2563354
1245.0,2023-24,37,2.8873556,1,0.9812189
1245.0,2023-24,38,1.9762831,1,1.6998963
1545.0,2023-24,17,1.7315418,7,1.7638578
1545.0,2023-24,18,-0.08659457,0,1.3760531
1545.0,2023-24,19,-0.09586753,0,1.0683289
1545.0,2023-24,20,-0.16845964,0,0.7039484
1545.0,2023-24,21,0.042732757,0,1.112627
1545.0,2023-24,22,1.0671626,1,0.7619778
1545.0,2023-24,23,0.014506769,0,0.91283834
1545.0,2023-24,24,2.12284,1,0.9493842
1545.0,2023-24,25,0.00022761227,0,0.91994196
1545.0,2023-24,26,0.021665962,0,0.8613066
1545.0,2023-24,27,0.021665962,0,0.5534681
1545.0,2023-24,28,0.85737884,1,0.42581666
1545.0,2023-24,29,0.017278893,0,0.3764738
1545.0,2023-24,30,2.2460923,0,0.5239963
1545.0,2023-24,31,2.1720755,2,0.9408327
1545.0,2023-24,32,1.6012359,5,1.9385316
1545.0,2023-24,33,2.7734523,6,2.0177937
1545.0,2023-24,34,1.987807,1,1.6917653
1545.0,2023-24,35,3.2690556,1,1.9342289
1545.0,2023-24,36,2.393195,2,1.6783526
1545.0,2023-24,37,3.0421095,2,2.795778
1545.0,2023-24,37,3.0421095,2,1.933236
1545.0,2023-24,37,2.0087228,1,2.795778
1545.0,2023-24,37,2.0087228,1,1.933236
1545.0,2023-24,38,3.9037778,0,1.4419233
1653.0,2023-24,6,0.10765724,0,0.978318
1653.0,2023-24,7,0.1638199,0,0.8481987
1653.0,2023-24,8,0.29479828,0,0.5834354
1653.0,2023-24,9,0.9113728,0,0.3551671
1653.0,2023-24,10,0.06974596,0,0.46747488
1653.0,2023-24,11,0.04663474,0,0.5290118
1653.0,2023-24,12,0.04663474,0,0.5066679
1653.0,2023-24,13,0.11781859,0,0.4081234
1653.0,2023-24,14,0.11781859,0,0.27035955
1653.0,2023-24,15,0.105538204,0,0.24495399
1653.0,2023-24,16,0.105538204,0,0.2511364
1653.0,2023-24,17,1.4829918,14,0.2500198
1653.0,2023-24,18,0.24099888,0,0.6097284
1653.0,2023-24,19,2.6025286,1,0.53609866
1653.0,2023-24,20,2.535675,1,1.3925126
1653.0,2023-24,21,0.5190808,0,1.5818607
1653.0,2023-24,22,0.5190808,0,0.837228
1653.0,2023-24,23,-0.05074173,0,0.8323019
1653.0,2023-24,24,-0.17683029,0,0.37573427
1653.0,2023-24,25,-0.17910933,0,0.40126
1653.0,2023-24,26,-0.0072221216,0,0.5701204
1653.0,2023-24,27,-0.0072221216,0,0.6014234
1653.0,2023-24,28,-0.0054373695,0,0.53569394
1653.0,2023-24,29,-0.018509472,0,0.41288486
1653.0,2023-24,30,-0.018509472,0,0.31009907
1653.0,2023-24,31,-0.018509472,0,0.24898955
1653.0,2023-24,32,-0.018509472,0,0.24339768
1653.0,2023-24,33,0.27334136,-1,0.2416295
1653.0,2023-24,34,0.04159174,0,0.28967547
1653.0,2023-24,35,1.7054597,1,0.35585952
1654.0,2023-24,9,-0.054094464,0,0.5432773
1654.0,2023-24,10,0.0038259781,0,0.29078454
1654.0,2023-24,11,1.5541117,1,0.39287966
1654.0,2023-24,12,0.8955143,1,0.9731272
1654.0,2023-24,13,1.2012935,2,1.8334758
1654.0,2023-24,14,3.9673064,14,1.8850563
1654.0,2023-24,15,3.3556523,1,0.99883956
1654.0,2023-24,16,1.8299506,2,0.57976097
1654.0,2023-24,17,2.715581,-2,1.1019579
1654.0,2023-24,18,0.48079807,0,0.6644376
1654.0,2023-24,19,0.1644786,0,0.5286508
1654.0,2023-24,20,-0.020977825,0,0.704299
1654.0,2023-24,21,1.2421186,7,0.60953355
1654.0,2023-24,22,1.1544033,1,1.0711682
1654.0,2023-24,23,0.57157093,1,1.1042122
1654.0,2023-24,24,1.0680635,6,2.3377082
1654.0,2023-24,25,2.6649153,0,2.472275
1654.0,2023-24,25,2.6649153,0,1.7101216
1654.0,2023-24,25,1.8464041,1,2.472275
1654.0,2023-24,25,1.8464041,1,1.7101216
1654.0,2023-24,26,3.6142762,1,2.193961
1665.0,2023-24,6,2.0415587,14,1.3688569
1665.0,2023-24,7,2.3002183,1,1.430191
1665.0,2023-24,8,2.2900994,7,1.3683593
1665.0,2023-24,9,2.017667,0,1.7299807
1665.0,2023-24,10,2.5832326,6,1.9605668
1665.0,2023-24,11,2.1242962,1,2.4107313
1665.0,2023-24,12,3.0808783,1,2.075599
1665.0,2023-24,13,2.8115141,1,3.0401714
1665.0,2023-24,14,2.4453793,8,2.852892
1665.0,2023-24,15,3.2895274,6,3.1694262
1665.0,2023-24,16,3.3189287,6,3.428947
1665.0,2023-24,17,3.4506018,6,2.2898374
1665.0,2023-24,18,2.8620827,1,2.1940377
1665.0,2023-24,19,2.0596135,1,3.2347891
1665.0,2023-24,20,3.1393747,0,1.8193631
1665.0,2023-24,21,3.3892295,5,1.5222092
1665.0,2023-24,22,3.54881,6,2.5497477
1665.0,2023-24,23,4.2287636,1,1.7487683
1665.0,2023-24,24,2.5571458,1,1.6564118
1665.0,2023-24,25,2.9660962,2,2.912021
1665.0,2023-24,26,2.0763607,1,1.9046782
1665.0,2023-24,27,2.6744845,1,2.6073682
1665.0,2023-24,28,3.0374177,1,3.7082884
1665.0,2023-24,29,0.14246473,0,3.2795546
1665.0,2023-24,30,2.3321097,0,1.832933
1665.0,2023-24,31,2.7676408,1,2.9636202
1665.0,2023-24,32,3.1313295,5,3.9634416
1665.0,2023-24,33,2.3756561,-2,4.107669
1665.0,2023-24,34,3.347133,6,3.1628878
1665.0,2023-24,34,3.347133,6,2.5651066
1665.0,2023-24,34,2.1453512,7,3.1628878
1665.0,2023-24,34,2.1453512,7,2.5651066
1665.0,2023-24,35,2.6417272,5,1.4009423
1665.0,2023-24,36,1.9153931,2,1.283606
1665.0,2023-24,37,2.5517268,9,1.6154563
1665.0,2023-24,38,2.118177,0,1.7587227
1687.0,2023-24,9,3.3152292,2,1.7749
1687.0,2023-24,10,2.3703685,1,1.6975955
1687.0,2023-24,11,2.4475365,7,1.28108
1687.0,2023-24,12,3.175944,6,0.7543862
1687.0,2023-24,13,3.1746173,6,0.7475602
1687.0,2023-24,14,1.4886807,1,1.7390939
1687.0,2023-24,15,2.8822274,5,1.954907
1687.0,2023-24,16,3.0974088,1,1.5930451
1687.0,2023-24,17,0.297871,0,2.0000055
1687.0,2023-24,18,-0.10120263,0,1.0027457
1687.0,2023-24,19,-0.2928829,0,0.55206484
1687.0,2023-24,20,0.05983731,0,0.28498763
1687.0,2023-24,21,0.02501518,0,0.45498323
1687.0,2023-24,22,1.4275999,1,0.67653865
1687.0,2023-24,23,1.3072593,6,0.8259001
1687.0,2023-24,24,1.9294316,7,1.5212669
1687.0,2023-24,25,2.2133887,0,2.0653281
1687.0,2023-24,26,3.653142,6,1.3257053
1687.0,2023-24,27,-0.44123513,0,0.9385258
1687.0,2023-24,28,0.08615388,0,0.2526893
1687.0,2023-24,29,-0.104432344,0,0.16200253
1687.0,2023-24,30,2.1983526,1,0.5593093
1687.0,2023-24,31,2.2126486,0,0.8140641
1687.0,2023-24,32,3.0024264,1,2.7980423
1687.0,2023-24,33,3.3953075,1,3.1861243
1687.0,2023-24,34,3.9519606,12,2.9436493
1687.0,2023-24,35,1.4052298,2,1.8399236
1688.0,2023-24,6,1.7189248,2,1.6197519
1688.0,2023-24,7,4.492215,0,1.7266433
1688.0,2023-24,8,5.8033724,1,3.409438
1688.0,2023-24,9,0.2104562,0,3.2658756
1688.0,2023-24,10,0.7541655,0,4.197942
1688.0,2023-24,11,0.43893248,0,0.54025614
1688.0,2023-24,12,0.14990926,0,1.2560258
1688.0,2023-24,13,0.10560831,0,1.4815481
1688.0,2023-24,14,0.21521024,0,1.8004904
1688.0,2023-24,15,0.17665833,0,1.7112792
1688.0,2023-24,16,-0.01463562,0,1.3654647
1688.0,2023-24,17,-0.018509472,0,0.9344695
1688.0,2023-24,18,-0.018509472,0,0.53256845
1688.0,2023-24,19,-0.018509472,0,0.31730688
1688.0,2023-24,20,-0.018509472,0,0.26035914
1688.0,2023-24,21,-0.018509472,0,0.2421747
1688.0,2023-24,22,0.46858183,1,0.24240766
1688.0,2023-24,23,0.64322513,0,0.5925802
1688.0,2023-24,24,2.000154,2,0.66156
1688.0,2023-24,25,2.4197247,2,1.304546
1688.0,2023-24,25,2.4197247,2,2.439627
1688.0,2023-24,25,2.7832456,4,1.304546
1688.0,2023-24,25,2.7832456,4,2.439627
1688.0,2023-24,26,1.1025207,0,2.149883
1688.0,2023-24,27,1.3927857,0,0.6173355
1688.0,2023-24,28,2.601878,1,0.8817338
1688.0,2023-24,29,0.4394631,0,1.8012669
1688.0,2023-24,30,-0.17461067,0,0.4732827
1688.0,2023-24,31,2.378503,4,0.668175
1688.0,2023-24,32,1.9255706,1,0.75075
1688.0,2023-24,33,4.9185653,2,2.4071014
1688.0,2023-24,34,4.5165753,2,3.4702902
1688.0,2023-24,34,4.5165753,2,2.4742923
1688.0,2023-24,34,3.208494,1,3.4702902
1688.0,2023-24,34,3.208494,1,2.4742923
1688.0,2023-24,35,3.9976752,9,2.6477988
1688.0,2023-24,36,3.7965329,13,1.0810289
1688.0,2023-24,37,0.5923003,0,1.1103384
1688.0,2023-24,38,5.172571,8,1.0363051
1771.0,2023-24,7,2.8005068,1,1.0581527
1771.0,2023-24,7,2.931834,3,1.0581527
1771.0,2023-24,8,2.0035925,2,0.64178723
1771.0,2023-24,9,2.689495,1,0.9052361
1771.0,2023-24,10,-0.058501475,0,0.6948948
1771.0,2023-24,11,0.28817484,0,0.10142927
1771.0,2023-24,12,0.100080326,0,-0.19696973
1771.0,2023-24,13,-0.0039458545,0,0.09224023
1771.0,2023-24,14,-0.121644974,0,0.35616606
1771.0,2023-24,15,-0.03728353,0,0.6035838
1771.0,2023-24,16,-0.034710858,0,0.5333082
1771.0,2023-24,17,-0.038985882,0,0.4595725
1771.0,2023-24,18,-0.018509472,0,0.3912264
1771.0,2023-24,19,-0.018509472,0,0.32093835
1771.0,2023-24,20,-0.018509472,0,0.27229625
1771.0,2023-24,21,-0.018509472,0,0.24602574
1771.0,2023-24,22,0.5201111,6,0.24176544
1771.0,2023-24,23,1.7155879,1,1.6365058
1771.0,2023-24,24,3.9523702,1,1.4616474
1771.0,2023-24,25,0.18750982,0,1.543472
1771.0,2023-24,26,0.21353543,0,1.5860147
1771.0,2023-24,27,1.8405352,3,1.3339632
1771.0,2023-24,28,2.9586816,1,1.0867845
1771.0,2023-24,28,2.9586816,1,1.1517488
1771.0,2023-24,28,3.6403487,0,1.0867845
1771.0,2023-24,28,3.6403487,0,1.1517488
1771.0,2023-24,29,3.1054165,7,1.6815729
1771.0,2023-24,30,1.9617386,0,1.4984105
1771.0,2023-24,31,0.3421899,0,1.1203249
1771.0,2023-24,32,4.628734,2,0.68238205
1771.0,2023-24,33,2.8152905,0,2.9397607
1771.0,2023-24,34,4.071468,0,2.7651734
1771.0,2023-24,35,5.412028,4,1.9911447
1771.0,2023-24,36,3.4906268,2,1.8485321
1771.0,2023-24,37,3.387847,0,1.5846508
1791.0,2023-24,6,0.15686746,0,0.9745431
1791.0,2023-24,7,2.0823843,1,0.9453474
1791.0,2023-24,8,2.4173717,1,1.512169
1791.0,2023-24,9,2.0720701,6,2.4004803
1791.0,2023-24,10,3.1719277,5,2.4397564
1791.0,2023-24,11,3.1322913,2,2.8102958
1791.0,2023-24,12,3.0334625,7,4.0785832
1791.0,2023-24,13,2.731644,8,3.4606373
1791.0,2023-24,14,3.9101996,13,2.7984622
1791.0,2023-24,15,5.7911725,12,2.2797031
1791.0,2023-24,16,5.711507,4,2.333117
1791.0,2023-24,17,6.059151,9,2.2744281
1791.0,2023-24,18,7.0287247,5,2.5187185
1791.0,2023-24,19,4.807793,8,3.351923
1791.0,2023-24,20,5.803353,0,2.7020676
1791.0,2023-24,21,1.3815197,0,4.8197474
1791.0,2023-24,22,6.5615535,1,3.5270586
1791.0,2023-24,23,5.3212814,1,2.0064797
1791.0,2023-24,24,5.9551115,4,2.741843
1791.0,2023-24,25,0.5934757,0,2.7316077
1791.0,2023-24,26,0.38592905,0,2.1694872
1791.0,2023-24,27,-0.18977581,0,3.1031506
1791.0,2023-24,28,0.042004157,0,3.0687692
1791.0,2023-24,29,-0.18051758,0,2.451423
1791.0,2023-24,30,-0.016672086,0,1.8717984
1791.0,2023-24,31,0.008699326,0,1.3003106
1791.0,2023-24,32,-0.022453643,0,0.8487185
1791.0,2023-24,33,0.62910175,1,0.56599
1791.0,2023-24,34,1.5860204,9,0.7614476
1791.0,2023-24,34,1.5860204,9,1.1239341
1791.0,2023-24,34,3.0393643,1,0.7614476
1791.0,2023-24,34,3.0393643,1,1.1239341
1791.0,2023-24,35,4.8509064,1,1.6129985
1791.0,2023-24,36,4.581494,0,2.559965
1791.0,2023-24,37,6.176163,1,3.3662703
1791.0,2023-24,38,4.561125,6,3.884714
1823.0,2023-24,6,2.516773,5,2.2505157
1823.0,2023-24,7,2.371439,1,2.1763713
1823.0,2023-24,8,3.4844787,2,2.497022
1823.0,2023-24,9,3.268494,2,3.2972996
1823.0,2023-24,10,3.536538,2,2.707373
1823.0,2023-24,11,3.7371786,1,2.4854743
1823.0,2023-24,12,3.5061183,2,2.6923006
1823.0,2023-24,13,4.1343484,2,2.7643912
1823.0,2023-24,14,3.176784,1,4.007426
1823.0,2023-24,15,2.3304868,6,3.8023596
1823.0,2023-24,16,2.376636,5,2.6176383
1823.0,2023-24,17,0.60548043,0,2.6606019
1823.0,2023-24,18,5.596707,6,1.7231002
1823.0,2023-24,19,2.2995198,1,2.7373257
1823.0,2023-24,20,-0.13867982,0,0.9893652
1823.0,2023-24,21,-0.18357548,0,1.1212827
1823.0,2023-24,22,0.18482397,0,1.5492272
1823.0,2023-24,23,0.0007819259,0,1.1553956
1823.0,2023-24,24,1.8563927,1,1.3527896
1823.0,2023-24,25,1.9626236,1,1.0681006
1823.0,2023-24,26,1.7671053,1,1.2014399
1823.0,2023-24,27,2.0342274,7,1.4043229
1823.0,2023-24,28,2.8888218,0,1.7131183
1823.0,2023-24,29,1.7458456,1,2.9208243
1823.0,2023-24,30,2.1480517,0,3.3761332
1823.0,2023-24,31,1.3387073,0,2.8399317
1823.0,2023-24,32,2.1774962,1,1.9596615
1823.0,2023-24,33,2.6388414,12,1.452686
1823.0,2023-24,34,3.0508265,2,1.6927261
1823.0,2023-24,35,3.0196998,1,2.9878016
1823.0,2023-24,36,3.389177,2,1.3818265
1823.0,2023-24,37,2.1166153,1,0.37809294
1823.0,2023-24,38,2.091418,-1,0.48737466
2245.0,2023-24,6,2.377087,1,2.0573018
2245.0,2023-24,7,1.588979,2,2.491449
2245.0,2023-24,8,-0.02547842,0,2.052242
2245.0,2023-24,9,4.423969,1,2.6561673
2245.0,2023-24,10,-0.13279957,0,2.4699457
2245.0,2023-24,11,2.8164568,1,1.5946356
2245.0,2023-24,12,2.4282496,1,1.8631675
2245.0,2023-24,13,0.049365383,0,1.7444775
2245.0,2023-24,14,0.049365383,0,0.8060608
2245.0,2023-24,15,0.06985799,0,0.41575366
2245.0,2023-24,16,0.013724662,0,0.20152806
2245.0,2023-24,17,0.82458156,6,0.30520093
2245.0,2023-24,18,0.018378073,0,1.5723265
2245.0,2023-24,19,2.1876543,1,1.3169291
2245.0,2023-24,20,2.47567,0,1.5435941
2245.0,2023-24,21,2.584645,1,1.8736174
2245.0,2023-24,22,3.0635388,1,2.145508
2245.0,2023-24,23,2.8614402,1,2.5182314
2245.0,2023-24,24,2.502389,2,1.366692
2245.0,2023-24,25,2.7910166,2,1.8096806
2245.0,2023-24,26,3.1579974,1,1.8996999
2245.0,2023-24,27,1.5165153,0,1.4974325
2245.0,2023-24,28,3.6491938,6,1.7662661
2245.0,2023-24,29,0.41598126,0,1.827962
2245.0,2023-24,30,1.8652773,1,1.2016978
2245.0,2023-24,31,1.245746,0,1.1717423
2245.0,2023-24,32,-0.08259503,0,1.0519656
2245.0,2023-24,33,-0.014032442,0,0.6809636
2245.0,2023-24,34,0.059929386,0,0.62942857
2245.0,2023-24,35,0.0017123248,0,0.3832028
2245.0,2023-24,36,0.020131482,0,0.40656286
2245.0,2023-24,37,0.02415925,0,0.40919256
2245.0,2023-24,38,1.0354853,1,0.34290645
2674.0,2023-24,6,-0.020949101,0,0.93850803
2674.0,2023-24,7,0.078962386,0,1.1355482
2674.0,2023-24,8,0.078962386,0,0.85627806
2674.0,2023-24,9,0.034530316,0,0.46475244
2674.0,2023-24,10,0.041877378,0,0.29073298
2674.0,2023-24,11,0.046173632,0,0.26112562
2674.0,2023-24,12,0.0180209,0,0.25771308
2674.0,2023-24,13,0.0180209,0,0.25446388
2674.0,2023-24,14,-0.018509472,0,0.25175044
2674.0,2023-24,15,-0.018509472,0,0.24811856
2674.0,2023-24,16,-0.018509472,0,0.24541868
2674.0,2023-24,17,0.3466249,0,0.2439836
2674.0,2023-24,18,0.04319732,0,0.3446567
2674.0,2023-24,19,0.04319732,0,0.36304778
2674.0,2023-24,20,0.04319732,0,0.33133826
2674.0,2023-24,21,0.027059296,0,0.2851357
2674.0,2023-24,22,0.027059296,0,0.23061825
2674.0,2023-24,23,0.77593464,0,0.2423243
2674.0,2023-24,24,0.5099857,0,0.21869503
2674.0,2023-24,25,0.007980831,0,0.3831139
2674.0,2023-24,26,-0.018509472,0,0.40101802
2674.0,2023-24,27,-0.018509472,0,0.3228796
2674.0,2023-24,28,0.49187684,0,0.22134297
2674.0,2023-24,29,0.56010467,0,0.28310877
2674.0,2023-24,30,0.26221097,0,0.4950593
2674.0,2023-24,31,-0.018509472,0,0.41979808
2674.0,2023-24,32,-0.018509472,0,0.309595
2674.0,2023-24,33,-0.018509472,0,0.18837653
2674.0,2023-24,34,-0.018509472,0,0.19813395
2674.0,2023-24,35,-0.018509472,0,0.22597334
2674.0,2023-24,36,-0.018509472,0,0.24240766
2674.0,2023-24,37,-0.018509472,0,0.24240766
2674.0,2023-24,38,0.37397736,0,0.24240766
2958.0,2023-24,7,3.3514485,6,1.1434392
2958.0,2023-24,8,1.9658898,7,1.6204545
2958.0,2023-24,9,3.825502,0,2.1811106
2958.0,2023-24,10,3.7166057,8,2.8267632
2958.0,2023-24,11,1.4436793,1,1.9277728
2958.0,2023-24,12,3.7556663,10,0.8704994
2958.0,2023-24,13,2.0729144,9,0.9666134
2958.0,2023-24,14,2.5445635,5,0.8117975
2958.0,2023-24,15,3.0728428,1,0.82534623
2958.0,2023-24,16,1.6728138,1,2.2272933
2958.0,2023-24,17,2.0569127,8,2.5820467
2958.0,2023-24,18,2.4407933,2,2.6398685
2958.0,2023-24,19,4.119896,1,5.4337153
2958.0,2023-24,20,0.8365656,0,1.3692374
2958.0,2023-24,21,2.543231,6,2.000573
2958.0,2023-24,22,3.3579144,7,3.5127356
2958.0,2023-24,23,2.428551,1,3.5029662
2958.0,2023-24,24,-0.039120723,0,2.7640312
2958.0,2023-24,25,0.2776595,0,1.7421693
2958.0,2023-24,26,-0.22363378,0,1.8432426
2958.0,2023-24,27,-0.022975955,0,2.2662587
2958.0,2023-24,28,1.9242005,1,1.7369324
2958.0,2023-24,29,-0.08816173,0,1.3227539
2958.0,2023-24,30,-0.1369183,0,1.1237285
2958.0,2023-24,31,2.068174,9,1.134091
2958.0,2023-24,32,1.919847,6,1.4587389
2958.0,2023-24,33,2.508993,1,1.5275676
2958.0,2023-24,34,3.2576442,1,2.0025983
2958.0,2023-24,35,0.17020789,0,1.8608534
2958.0,2023-24,36,0.100086644,0,1.6104264
2958.0,2023-24,37,-0.08351445,0,1.2260238
2958.0,2023-24,38,2.9828982,1,1.2518387
3203.0,2023-24,6,2.9330966,6,1.9284911
3203.0,2023-24,7,3.8782291,1,2.8928754
3203.0,2023-24,8,3.6383765,2,2.1739695
3203.0,2023-24,9,-0.0037691332,0,1.6118032
3203.0,2023-24,10,-0.020822195,0,1.4164599
3203.0,2023-24,11,-0.13996263,0,0.77432853
3203.0,2023-24,12,0.12759466,0,0.7641437
3203.0,2023-24,13,0.09268654,0,0.75410676
3203.0,2023-24,14,0.06021154,0,0.5950601
3203.0,2023-24,15,0.04362588,0,0.5115836
3203.0,2023-24,16,0.04954147,0,0.42773777
3203.0,2023-24,17,0.5353526,1,0.3514167
3203.0,2023-24,18,0.07934909,0,0.7951678
3203.0,2023-24,19,0.07934909,0,0.72450364
3203.0,2023-24,20,1.8781676,1,0.53572696
3203.0,2023-24,21,1.2728533,2,0.8904436
3203.0,2023-24,22,1.8729646,7,1.1269238
3203.0,2023-24,23,0.2983461,0,1.4536381
3203.0,2023-24,24,2.7110631,2,1.247006
3203.0,2023-24,25,1.9186212,1,1.688451
3203.0,2023-24,26,3.1616864,1,2.0392401
3203.0,2023-24,27,0.1364166,0,1.5503626
3203.0,2023-24,28,-0.0037662815,0,1.0341314
3203.0,2023-24,29,0.1543431,0,0.6536734
3203.0,2023-24,30,0.009789992,0,0.6195867
3203.0,2023-24,31,-0.020908637,0,0.65888757
3203.0,2023-24,32,-0.015193809,0,0.46985173
3203.0,2023-24,33,-0.021189893,0,0.40472722
3203.0,2023-24,34,0.02400226,0,0.3420014
3203.0,2023-24,35,0.42441532,2,0.2941066
3203.0,2023-24,36,2.1967225,6,1.252394
3203.0,2023-24,37,1.8443735,-3,2.161591
3288.0,2023-24,6,1.89442,2,1.7685742
3288.0,2023-24,7,3.195611,8,1.4515916
3288.0,2023-24,8,2.9525037,1,1.4780455
3288.0,2023-24,9,2.1721044,0,2.4100354
3288.0,2023-24,10,2.5925531,1,2.2729232
3288.0,2023-24,11,2.9513853,2,2.2855034
3288.0,2023-24,12,1.8498048,6,3.4678595
3288.0,2023-24,13,2.158399,0,2.4626844
3288.0,2023-24,14,2.6376572,2,1.7580101
3288.0,2023-24,15,2.0968015,1,1.6254632
3288.0,2023-24,16,0.15051863,0,2.7756104
3288.0,2023-24,17,5.425321,8,2.2583053
3288.0,2023-24,18,4.084442,1,2.525366
3288.0,2023-24,19,3.2578855,1,3.6811063
3288.0,2023-24,20,3.922203,1,1.6104115
3288.0,2023-24,21,2.5684688,5,1.5893123
3288.0,2023-24,22,1.4522744,0,2.203333
3288.0,2023-24,23,3.2625072,8,2.1339583
3288.0,2023-24,24,3.2236443,2,2.1840267
3288.0,2023-24,25,-0.26394996,0,2.1383216
3288.0,2023-24,26,0.11492338,0,1.61552
3288.0,2023-24,27,0.21241342,0,1.1031104
3288.0,2023-24,28,-0.16262902,0,0.98223054
3288.0,2023-24,29,0.5552166,0,0.46503323
3288.0,2023-24,30,0.14635408,0,0.7355662
3288.0,2023-24,31,-0.06879529,0,0.64719224
3288.0,2023-24,32,1.398144,10,0.572613
3288.0,2023-24,33,2.0593433,6,1.0341345
3288.0,2023-24,34,2.4824145,1,1.7931008
3288.0,2023-24,35,1.9355762,0,2.599007
3288.0,2023-24,36,2.6079047,11,1.5180151
3288.0,2023-24,37,3.0678608,1,0.84541947
3288.0,2023-24,37,3.0678608,1,3.1810896
3288.0,2023-24,37,2.7327065,1,0.84541947
3288.0,2023-24,37,2.7327065,1,3.1810896
3288.0,2023-24,38,3.122052,2,1.8511946
3600.0,2023-24,6,2.6493096,0,1.0375998
3600.0,2023-24,7,1.8307976,2,1.5180732
3600.0,2023-24,8,2.791172,1,2.043012
3600.0,2023-24,9,3.4768343,2,1.7349424
3600.0,2023-24,10,1.3087819,1,2.4717941
3600.0,2023-24,11,1.9134233,1,2.1470122
3600.0,2023-24,12,2.240982,1,1.196765
3600.0,2023-24,13,0.034725115,0,1.1578494
3600.0,2023-24,14,1.9277301,2,0.81777847
4120.0,2023-24,6,0.48100346,0,0.3618223
4120.0,2023-24,7,0.38479653,0,0.3737303
4120.0,2023-24,8,0.43320832,0,0.44082296
4120.0,2023-24,9,0.650194,0,0.3678248
4120.0,2023-24,10,0.42217964,0,0.3706544
4120.0,2023-24,11,0.4953366,0,0.43188083
4120.0,2023-24,12,0.5035959,0,0.30800617
4120.0,2023-24,13,0.43005016,0,0.35367978
4120.0,2023-24,14,0.5051602,1,0.2673252
4120.0,2023-24,15,0.89419764,1,0.36285913
4120.0,2023-24,16,1.1280487,1,0.6338034
4120.0,2023-24,17,1.263709,10,1.2375802
4120.0,2023-24,18,5.1829586,1,1.1937135
4120.0,2023-24,19,3.1978555,0,1.4477036
4120.0,2023-24,20,5.4857225,1,1.4463553
4120.0,2023-24,21,3.2107375,7,2.5711966
4120.0,2023-24,22,3.0854373,-1,2.0857563
4120.0,2023-24,23,3.901354,14,1.8690522
4120.0,2023-24,24,3.1210794,1,1.7734995
4120.0,2023-24,25,4.3671303,1,1.576405
4120.0,2023-24,26,4.0082865,-1,2.2706935
4120.0,2023-24,27,4.6637273,1,1.283515
4120.0,2023-24,28,3.574824,0,2.3119774
4120.0,2023-24,29,3.6237645,2,1.4712808
4120.0,2023-24,30,4.0109296,6,2.6103404
4120.0,2023-24,31,1.941642,1,2.6116908
4120.0,2023-24,32,2.9613025,1,1.6581851
4120.0,2023-24,33,2.1591332,1,1.2564347
4120.0,2023-24,34,2.2031958,0,1.6745625
4120.0,2023-24,35,1.9894022,0,1.1760442
4120.0,2023-24,36,2.1429555,1,0.7608148
4120.0,2023-24,37,1.2355299,0,0.38513637
4120.0,2023-24,38,1.4222076,0,0.91580224
5050.0,2023-24,23,3.080041,6,1.2560844
5050.0,2023-24,24,3.6591694,0,1.7374341
5050.0,2023-24,25,4.210598,2,1.8875608
5050.0,2023-24,26,3.349624,1,2.1337197
5050.0,2023-24,27,3.8000236,1,1.657177
5050.0,2023-24,28,3.470039,0,1.5021143
5050.0,2023-24,29,2.7359684,1,1.6252924
5050.0,2023-24,30,0.24531005,0,1.4177592
5050.0,2023-24,31,1.8868973,0,1.3463761
5050.0,2023-24,32,0.20341076,0,1.5680221
5050.0,2023-24,33,0.40571406,0,0.6997673
5050.0,2023-24,34,0.22804615,0,0.8089287
5050.0,2023-24,35,0.00041625934,0,1.0468705
5050.0,2023-24,36,0.038659785,0,0.62249994
5050.0,2023-24,37,0.012492934,0,0.38745877
5050.0,2023-24,38,1.0481586,-1,0.33426934
5136.0,2023-24,6,4.5557256,6,2.2419388
5136.0,2023-24,7,2.58043,-2,1.8408673
5136.0,2023-24,8,0.9674794,0,2.735431
5136.0,2023-24,9,0.81130284,0,2.4365394
5136.0,2023-24,10,0.25317273,0,3.1738899
5136.0,2023-24,11,-0.060829114,0,4.051141
5136.0,2023-24,12,0.15063685,0,3.1127825
5136.0,2023-24,13,0.0040980023,0,1.906564
5136.0,2023-24,14,0.0040980023,0,1.2527968
5136.0,2023-24,15,0.11362747,0,0.6891636
5136.0,2023-24,16,-0.018509472,0,0.515761
5136.0,2023-24,17,-0.018509472,0,0.49661833
5136.0,2023-24,18,-0.018509472,0,0.42904556
5136.0,2023-24,19,0.6301538,6,0.33615482
5136.0,2023-24,20,3.3599498,6,1.5180418
5136.0,2023-24,21,1.8787377,8,1.929459
5136.0,2023-24,22,2.381079,0,2.2258391
5136.0,2023-24,23,3.126853,1,2.0680475
5136.0,2023-24,24,2.1684856,0,1.1006042
5136.0,2023-24,25,2.51366,1,1.3302569
5136.0,2023-24,26,2.053093,1,1.2479835
5136.0,2023-24,27,2.6170077,0,1.9338461
5136.0,2023-24,28,2.7581055,6,2.9375205
5136.0,2023-24,29,0.043700114,0,1.8920755
5136.0,2023-24,30,1.8656898,1,1.6874303
5136.0,2023-24,31,-0.041166287,0,1.5532373
5136.0,2023-24,32,2.3942118,1,0.97855216
5136.0,2023-24,33,2.9197488,1,2.0929477
5568.0,2023-24,6,2.2885265,2,1.2223215
5568.0,2023-24,7,1.6361398,1,1.3194282
5568.0,2023-24,7,1.6361398,1,1.2488726
5568.0,2023-24,7,3.0229366,4,1.3194282
5568.0,2023-24,7,3.0229366,4,1.2488726
5568.0,2023-24,8,2.8494673,0,1.825381
5568.0,2023-24,9,2.4294105,-2,1.1651348
5568.0,2023-24,10,0.16460615,0,0.7465768
5568.0,2023-24,11,-0.23669413,0,0.19339734
5568.0,2023-24,12,-0.051971123,0,-0.09749885
5568.0,2023-24,13,-0.03464813,0,0.39263558
5568.0,2023-24,14,-0.110601194,0,0.39777213
5568.0,2023-24,15,-0.07158415,0,0.44201654
5568.0,2023-24,16,1.422515,1,0.39800686
5568.0,2023-24,17,0.14415547,0,0.5290018
5568.0,2023-24,18,1.4738667,1,0.5704643
5568.0,2023-24,19,0.019628925,0,0.7317487
5568.0,2023-24,20,1.3459157,1,0.65994215
5568.0,2023-24,21,3.1005068,1,0.7170394
5568.0,2023-24,22,1.1373342,0,0.9389887
5584.0,2023-24,6,0.018646587,0,1.2739958
5584.0,2023-24,7,0.24067748,0,2.7038014
5584.0,2023-24,8,0.5736482,0,2.2219002
5584.0,2023-24,9,0.46585688,0,1.8190472
5584.0,2023-24,10,0.13420928,0,1.6140003
5584.0,2023-24,11,2.1847785,8,1.0501405
5584.0,2023-24,12,0.095653586,0,1.5650563
5584.0,2023-24,13,2.0425313,1,0.97240627
5584.0,2023-24,14,1.5088651,2,0.93543947
5584.0,2023-24,15,-0.003886449,0,1.2671168
5584.0,2023-24,16,-0.003886449,0,1.15239
5584.0,2023-24,17,0.05938388,0,0.8160503
5584.0,2023-24,18,2.0213,1,0.5166012
5584.0,2023-24,19,2.756364,1,1.0223252
5584.0,2023-24,20,2.5854843,1,2.0207949
5584.0,2023-24,21,2.4097147,0,2.643122
5584.0,2023-24,22,0.18242297,0,2.1671915
5584.0,2023-24,23,0.012266493,0,1.3336163
5584.0,2023-24,24,-0.08965741,0,0.6820946
5584.0,2023-24,25,-0.05124018,0,0.54769796
5584.0,2023-24,26,-0.04612285,0,0.4638269
5584.0,2023-24,27,0.006812698,0,0.37003136
5584.0,2023-24,28,0.0012274343,0,0.35930216
5584.0,2023-24,29,0.008163756,0,0.33218834
5584.0,2023-24,30,0.4092365,1,0.29874933
5584.0,2023-24,31,1.1806108,0,0.88535297
5584.0,2023-24,32,2.0972977,4,1.5689338
5584.0,2023-24,33,1.9221718,1,2.1585565
5584.0,2023-24,34,2.400238,1,2.1991093
5584.0,2023-24,35,2.3514125,2,1.5684327
5584.0,2023-24,36,2.0179932,0,1.064154
5584.0,2023-24,37,2.0607798,2,0.68241686
5584.0,2023-24,37,2.0607798,2,1.2700669
5584.0,2023-24,37,2.6433883,1,0.68241686
5584.0,2023-24,37,2.6433883,1,1.2700669
5584.0,2023-24,38,2.569285,6,1.1380467
5590.0,2023-24,8,-0.0017101392,0,0.49714726
5590.0,2023-24,9,0.01387301,0,0.29854995
5590.0,2023-24,10,0.01387301,0,0.2776131
5590.0,2023-24,11,0.0180209,0,0.26882258
5590.0,2023-24,12,-0.018509472,0,0.2637189
5590.0,2023-24,13,0.5848997,1,0.25773048
5590.0,2023-24,14,0.021665962,0,0.7977152
5590.0,2023-24,15,1.3751256,6,1.005201
5590.0,2023-24,16,2.133064,14,1.3967931
5590.0,2023-24,17,3.0966542,1,0.9411204
5590.0,2023-24,18,4.792168,1,0.86466515
5590.0,2023-24,19,1.9007664,1,0.90931904
5590.0,2023-24,20,2.913523,2,1.2547712
5590.0,2023-24,21,2.681914,2,1.3794172
5590.0,2023-24,22,3.0857084,6,2.2415335
5590.0,2023-24,23,3.696033,1,1.9084117
5590.0,2023-24,24,-0.3893241,0,2.2574055
5590.0,2023-24,25,0.29514328,0,1.4673861
5590.0,2023-24,26,3.3368728,1,0.71720254
5590.0,2023-24,27,2.26732,6,1.1490332
5590.0,2023-24,28,2.7226973,1,2.6255257
5590.0,2023-24,29,3.598232,6,2.5742767
5590.0,2023-24,30,3.5805485,1,1.9822114
5590.0,2023-24,31,3.0423334,7,1.8578535
5590.0,2023-24,32,3.224086,2,1.7246888
5590.0,2023-24,33,3.558889,6,2.0437794
5590.0,2023-24,34,1.943969,0,2.0240343
5613.0,2023-24,6,2.044979,1,1.1830374
5613.0,2023-24,7,2.7180793,6,1.5196273
5613.0,2023-24,8,1.933928,8,2.0043707
5613.0,2023-24,9,2.749938,1,2.1234355
5613.0,2023-24,10,2.631741,0,2.3934228
5613.0,2023-24,11,1.5670348,2,0.9976409
5613.0,2023-24,12,3.0342724,2,1.5831668
5613.0,2023-24,13,1.9422947,6,1.4260805
5613.0,2023-24,14,3.2063696,2,2.3321092
5613.0,2023-24,15,4.5304527,1,2.8786666
5613.0,2023-24,16,1.6333045,2,4.097909
5613.0,2023-24,17,2.625888,6,2.3307707
5613.0,2023-24,18,1.5340228,10,1.952842
5613.0,2023-24,19,3.282868,1,2.1605794
5613.0,2023-24,20,3.920216,1,2.1775866
5613.0,2023-24,21,2.8353329,17,1.4878442
5613.0,2023-24,22,3.7002642,2,1.3459935
5613.0,2023-24,23,2.2456956,-1,1.2500005
5613.0,2023-24,24,3.094635,12,2.501719
5613.0,2023-24,25,5.7019467,6,1.913481
5613.0,2023-24,26,2.6592155,2,1.4700928
5613.0,2023-24,27,3.5066576,6,2.144783
5613.0,2023-24,28,2.6128416,1,1.1797043
5613.0,2023-24,29,-0.90974325,0,1.5582321
5613.0,2023-24,30,1.306463,6,2.019356
5613.0,2023-24,31,4.4579844,6,2.9159324
5613.0,2023-24,32,3.327151,6,2.5425217
5613.0,2023-24,33,3.4851887,0,1.8478888
5613.0,2023-24,34,3.6860282,6,2.6939442
5613.0,2023-24,34,3.6860282,6,3.1900504
5613.0,2023-24,34,3.5081003,6,2.6939442
5613.0,2023-24,34,3.5081003,6,3.1900504
5613.0,2023-24,35,1.2195276,1,2.4063227
5613.0,2023-24,36,2.325373,7,1.7887186
5613.0,2023-24,37,2.5049045,7,1.5214583
5613.0,2023-24,38,4.324819,1,2.09632
5712.0,2023-24,6,0.08457496,0,1.2760193
5712.0,2023-24,7,0.3210763,0,1.5537595
5712.0,2023-24,8,2.5229194,2,1.3192772
5712.0,2023-24,9,0.07242021,0,1.6710558
5712.0,2023-24,10,2.1260772,1,1.3871425
5712.0,2023-24,11,2.1846752,1,1.5405629
5712.0,2023-24,12,0.040305484,0,1.2054722
5712.0,2023-24,13,1.7516978,2,0.7131847
5712.0,2023-24,14,2.424649,1,1.2554352
5712.0,2023-24,15,1.7833574,6,1.870369
5712.0,2023-24,16,2.2314508,6,2.219801
5712.0,2023-24,17,1.9831467,2,1.6179655
5712.0,2023-24,18,0.2767508,0,1.9670467
5712.0,2023-24,19,1.9324939,0,1.5778447
5712.0,2023-24,20,4.425822,1,1.8996689
5712.0,2023-24,21,2.907413,5,2.9200237
5712.0,2023-24,22,0.27545357,0,2.4108105
5712.0,2023-24,23,2.435452,6,1.309072
5712.0,2023-24,24,3.297919,1,2.3044283
5712.0,2023-24,25,0.09391623,0,2.027187
5712.0,2023-24,26,0.068982705,0,1.2333701
5712.0,2023-24,27,0.034294073,0,0.879193
5712.0,2023-24,28,2.2113767,0,0.5239943
5712.0,2023-24,29,0.3252843,0,0.67781395
5712.0,2023-24,30,1.8882601,6,0.6836389
5712.0,2023-24,31,1.5638188,0,1.2595396
5712.0,2023-24,32,3.0728264,0,2.271228
5712.0,2023-24,33,2.6119382,6,2.0661454
5712.0,2023-24,34,3.3164845,1,1.5962316
5712.0,2023-24,35,3.1403737,1,1.1892653
5712.0,2023-24,36,2.527722,2,1.1431484
5712.0,2023-24,37,1.9605772,1,1.1600925
5712.0,2023-24,38,2.2132351,0,0.8270549
5803.0,2023-24,20,-0.06484219,0,0.94851935
5803.0,2023-24,21,-0.0840952,0,0.90910614
5803.0,2023-24,22,0.09776135,0,0.49009287
5803.0,2023-24,23,0.05452874,0,0.31515592
5803.0,2023-24,24,1.6191648,1,0.25418308
5803.0,2023-24,25,0.03912776,0,0.64078176
5803.0,2023-24,26,0.03912776,0,0.7251452
5803.0,2023-24,27,0.021665962,0,0.6390621
5803.0,2023-24,28,0.013724662,0,0.4861259
5803.0,2023-24,29,0.013724662,0,0.33643436
5803.0,2023-24,30,0.0180209,0,0.25543064
5803.0,2023-24,31,0.0180209,0,0.25230178
5803.0,2023-24,32,0.0180209,0,0.25075373
5803.0,2023-24,33,-0.018509472,0,0.25045243
5803.0,2023-24,34,-0.018509472,0,0.24833232
5803.0,2023-24,35,-0.018509472,0,0.24609888
5803.0,2023-24,36,-0.018509472,0,0.24429409
5803.0,2023-24,37,-0.018509472,0,0.24299695
5803.0,2023-24,38,0.4941944,1,0.24240766
5973.0,2023-24,6,-0.07103625,0,1.4082103
5973.0,2023-24,7,-0.05249963,0,1.2313433
5973.0,2023-24,8,0.033548314,0,0.8268821
5973.0,2023-24,9,0.04913271,0,0.4158132
5973.0,2023-24,10,-0.056187313,0,0.481744
5973.0,2023-24,11,0.0306582,0,0.5659912
5973.0,2023-24,12,0.024748428,0,0.47755635
5973.0,2023-24,13,0.044951133,0,0.4019462
5973.0,2023-24,14,0.26636142,7,0.34748638
5973.0,2023-24,15,0.50908965,0,0.4760846
5973.0,2023-24,16,0.50908965,0,0.5807031
5973.0,2023-24,17,3.0379522,0,0.81044567
5973.0,2023-24,18,1.0181103,0,1.4869723
5973.0,2023-24,19,2.7188323,1,1.1513492
5973.0,2023-24,20,0.23721787,0,2.1823967
5973.0,2023-24,21,1.831503,2,1.5160481
5973.0,2023-24,22,-0.12153831,0,1.7769219
5973.0,2023-24,23,2.6886904,1,1.1181657
5973.0,2023-24,24,-0.009011365,0,1.2963538
5973.0,2023-24,25,0.0102710845,0,1.113118
5973.0,2023-24,26,-0.009438417,0,0.5632485
5973.0,2023-24,27,-0.011463111,0,0.48325306
5973.0,2023-24,28,-0.014615199,0,0.31184372
5973.0,2023-24,29,1.222183,1,0.31479043
5973.0,2023-24,30,1.7542279,1,0.49582916
5973.0,2023-24,31,1.5603869,1,0.6374508
5973.0,2023-24,32,-0.018797565,0,1.5463439
5973.0,2023-24,33,0.07838816,0,1.0286846
5973.0,2023-24,34,0.033352766,0,0.66382784
5973.0,2023-24,35,-0.061929535,0,0.554268
5973.0,2023-24,36,0.0382295,0,0.44324213
5973.0,2023-24,37,0.022187876,0,0.31870854
5973.0,2023-24,38,1.5568395,1,0.31870854
5989.0,2023-24,7,1.4063348,-2,1.0977257
5989.0,2023-24,8,0.03501893,0,1.1648909
5989.0,2023-24,9,0.004013996,0,0.7850554
5989.0,2023-24,10,1.0930274,1,0.51556534
5989.0,2023-24,11,1.3844484,7,0.81394935
5989.0,2023-24,12,3.0153978,0,1.6231555
5989.0,2023-24,13,1.7434249,0,2.0394123
5989.0,2023-24,14,-0.022619704,0,2.0746367
5989.0,2023-24,15,2.2849355,1,1.4707485
5989.0,2023-24,16,2.9027367,2,1.2916236
5989.0,2023-24,17,2.5251138,1,2.0568776
5989.0,2023-24,18,3.5158997,1,1.7065128
5989.0,2023-24,19,2.3370085,2,2.419834
5989.0,2023-24,20,3.1809,2,2.1645706
5989.0,2023-24,21,-0.35665604,0,1.6731654
5989.0,2023-24,22,0.59644425,0,0.9386971
5989.0,2023-24,23,0.15723795,0,0.9563386
5989.0,2023-24,24,3.2650545,1,1.4382412
5989.0,2023-24,25,0.21332261,0,1.6195372
5989.0,2023-24,26,2.2887015,6,1.3819861
5989.0,2023-24,27,-0.35996267,0,1.1019262
5989.0,2023-24,28,0.080497965,0,0.58423483
5989.0,2023-24,29,0.19801587,0,0.50796133
5989.0,2023-24,30,-0.08614077,0,0.6481062
5989.0,2023-24,31,-0.08614077,0,0.5313007
5989.0,2023-24,32,-0.10724576,0,0.53257203
5989.0,2023-24,33,-0.055219967,0,0.5584881
5989.0,2023-24,34,0.9079119,1,0.56522185
5989.0,2023-24,35,1.8849006,1,1.6682949
5989.0,2023-24,36,2.4567237,1,3.2491314
5989.0,2023-24,37,2.851596,0,2.2368762
5989.0,2023-24,38,2.0548105,1,1.4590492
6044.0,2023-24,9,1.5437899,1,1.6935999
6044.0,2023-24,10,1.88115,6,1.937006
6044.0,2023-24,11,2.1183026,1,2.8788555
6044.0,2023-24,12,1.5376645,1,1.2998716
6044.0,2023-24,13,2.310386,1,1.4843252
6044.0,2023-24,14,3.6773221,10,1.3034238
6044.0,2023-24,15,2.7776494,1,0.8874342
6044.0,2023-24,16,2.083286,1,3.3455276
6044.0,2023-24,17,-0.06877617,0,1.8551607
6044.0,2023-24,18,2.8306444,6,0.87945914
6044.0,2023-24,19,3.0844796,1,1.5171723
6044.0,2023-24,20,2.0869293,0,1.8139879
6044.0,2023-24,21,0.5249495,0,2.2716563
6044.0,2023-24,22,-0.1159741,0,1.2565398
6044.0,2023-24,23,-0.260254,0,0.6983037
6044.0,2023-24,24,-0.030784717,0,0.5017705
6044.0,2023-24,25,0.6093911,0,0.4014178
6044.0,2023-24,26,2.1444216,1,0.7851993
6044.0,2023-24,27,2.1519008,1,1.0414587
6044.0,2023-24,28,2.3665617,1,1.418059
6044.0,2023-24,29,2.40471,1,1.9017279
6044.0,2023-24,30,1.7753829,1,1.9290907
6044.0,2023-24,31,3.267367,2,1.4517366
6044.0,2023-24,32,3.3538716,2,1.0001961
6044.0,2023-24,33,2.6883798,1,1.0938019
6044.0,2023-24,34,2.7495468,2,0.7468925
6044.0,2023-24,35,0.46072495,0,1.4816653
6044.0,2023-24,36,0.15281154,0,0.57414657
6044.0,2023-24,37,1.6452006,0,0.59845114
6044.0,2023-24,38,2.1266046,1,1.1724225
6048.0,2023-24,6,3.6244557,1,1.4150517
6048.0,2023-24,7,2.3353388,-2,2.7021978
6048.0,2023-24,8,2.933361,8,2.8547275
6048.0,2023-24,9,2.8285198,1,3.5341537
6048.0,2023-24,10,1.9853874,2,3.6122189
6048.0,2023-24,11,1.525024,1,3.4723032
6048.0,2023-24,12,0.30930164,0,3.2832744
6048.0,2023-24,13,3.9966195,-2,1.8932433
6048.0,2023-24,14,0.98579746,0,2.4482257
6048.0,2023-24,15,0.17976655,0,1.5792092
6048.0,2023-24,16,3.3309126,2,2.1009185
6048.0,2023-24,17,1.6676887,1,3.0330768
6048.0,2023-24,18,3.1929193,2,1.9430523
6048.0,2023-24,19,2.8588727,0,1.5341903
6048.0,2023-24,20,-0.79236925,0,2.101568
6048.0,2023-24,21,2.7370846,6,1.0961797
6048.0,2023-24,22,3.6420534,0,3.1323588
6048.0,2023-24,23,2.8698545,9,1.7038883
6048.0,2023-24,24,3.1648037,0,1.4917926
6048.0,2023-24,25,2.6153321,12,1.7084072
6048.0,2023-24,26,2.9796045,10,1.2909313
6048.0,2023-24,27,3.0272965,0,0.69853944
6048.0,2023-24,28,3.1376066,7,0.8380803
6048.0,2023-24,29,0.2455899,0,0.9413258
6048.0,2023-24,30,0.9125153,1,0.5002612
6048.0,2023-24,31,2.1677825,7,2.5117042
6048.0,2023-24,32,2.0592785,1,2.3205597
6048.0,2023-24,33,3.4778461,3,2.3563354
6048.0,2023-24,34,2.4450235,0,2.4133112
6048.0,2023-24,35,3.3534248,1,2.4198627
6048.0,2023-24,36,2.8336146,7,2.4044461
6048.0,2023-24,37,1.2902279,2,3.0669134
6048.0,2023-24,37,1.2902279,2,4.702418
6048.0,2023-24,37,2.4508398,0,3.0669134
6048.0,2023-24,37,2.4508398,0,4.702418
6080.0,2023-24,6,2.6366007,6,1.7753587
6080.0,2023-24,7,2.4906282,2,2.1069465
6080.0,2023-24,8,2.237161,2,1.409903
6080.0,2023-24,9,2.6041248,5,1.7980165
6080.0,2023-24,10,2.9616706,1,1.7175667
6080.0,2023-24,11,0.18714052,0,1.779073
6080.0,2023-24,12,3.607665,15,0.9248367
6080.0,2023-24,13,3.083253,6,1.5227035
6080.0,2023-24,14,0.026756309,0,1.2878132
6080.0,2023-24,15,1.8885503,1,1.5827463
6080.0,2023-24,16,0.10509448,0,2.2514231
6080.0,2023-24,17,-0.089374356,0,1.4442992
6080.0,2023-24,18,0.037973043,0,0.859349
6080.0,2023-24,19,0.065887235,0,1.2246311
6080.0,2023-24,20,0.065887235,0,0.97031623
6080.0,2023-24,21,0.0316525,0,0.7365071
6080.0,2023-24,22,0.036958065,0,0.6270047
6080.0,2023-24,23,1.0358673,1,0.49346483
6080.0,2023-24,24,1.728971,1,0.55813813
6080.0,2023-24,25,1.4723375,0,0.86129963
6080.0,2023-24,26,2.0401077,1,0.92682177
6080.0,2023-24,27,1.8546343,1,1.5643228
6080.0,2023-24,28,3.3984685,7,1.2563894
6080.0,2023-24,29,0.16132511,0,1.2235767
6080.0,2023-24,30,2.8240411,9,1.5844525
6157.0,2023-24,9,2.9586966,1,1.3086545
6157.0,2023-24,10,2.6500657,2,2.163387
6157.0,2023-24,11,2.9929166,2,3.5151842
6157.0,2023-24,12,1.9665151,1,2.7615488
6157.0,2023-24,13,3.254228,1,2.5867765
6157.0,2023-24,14,1.9685609,0,2.050974
6157.0,2023-24,15,3.7187624,6,1.8967884
6157.0,2023-24,16,3.9442663,6,1.5042582
6157.0,2023-24,17,1.1274812,2,1.828541
6157.0,2023-24,18,2.9167335,1,1.5540663
6157.0,2023-24,19,2.9165683,1,1.1587987
6157.0,2023-24,20,2.9503438,2,1.2584298
6157.0,2023-24,21,2.625577,1,1.5311525
6157.0,2023-24,22,2.3535368,6,1.4902874
6157.0,2023-24,23,3.4986293,1,0.97811145
6157.0,2023-24,24,3.2765603,2,1.513314
6157.0,2023-24,25,2.206656,0,1.8648491
6157.0,2023-24,26,3.40884,7,2.4314713
6157.0,2023-24,27,1.9848691,6,1.3677957
6157.0,2023-24,28,1.9196618,1,1.710131
6157.0,2023-24,29,3.5236351,10,1.6690493
6157.0,2023-24,30,3.8123214,1,0.93568826
6157.0,2023-24,31,0.346989,0,0.81141937
6157.0,2023-24,32,2.750352,2,0.76941454
6157.0,2023-24,33,2.8670752,6,1.0944184
6157.0,2023-24,34,1.36915,6,1.3986655
6157.0,2023-24,35,2.9350274,6,2.2352061
6157.0,2023-24,36,2.2922592,6,1.5362055
6157.0,2023-24,37,2.6315458,0,3.3303545
6157.0,2023-24,38,3.304544,1,3.0979614
6163.0,2023-24,6,2.3931787,2,1.4607341
6163.0,2023-24,7,1.5535175,2,2.2013056
6163.0,2023-24,8,2.5697763,1,2.0012918
6163.0,2023-24,9,0.35556066,0,1.6410768
6163.0,2023-24,10,2.8888595,1,1.0250953
6163.0,2023-24,11,2.3229423,1,1.3191004
6163.0,2023-24,12,2.307699,2,1.7568027
6163.0,2023-24,13,2.6534193,1,1.773912
6163.0,2023-24,14,2.0047088,4,2.4694078
6163.0,2023-24,15,2.673541,6,1.5163541
6163.0,2023-24,16,3.096794,2,1.4408355
6163.0,2023-24,17,2.1153517,1,1.2493737
6163.0,2023-24,18,3.0622084,2,1.2208769
6163.0,2023-24,19,2.8479025,2,0.9147434
6163.0,2023-24,20,3.0274422,6,1.2332665
6163.0,2023-24,21,2.6971228,6,1.751543
6163.0,2023-24,22,2.9981031,0,2.9825103
6163.0,2023-24,23,2.4530954,0,1.5579636
6163.0,2023-24,24,2.5134685,1,2.789549
6163.0,2023-24,25,2.6183963,2,2.1535072
6163.0,2023-24,26,3.5565622,5,2.5217705
6163.0,2023-24,27,2.039777,1,2.4666493
6163.0,2023-24,28,2.8076959,4,2.620713
6163.0,2023-24,29,-0.07082379,0,1.8301508
6163.0,2023-24,30,2.1221066,1,1.5995758
6163.0,2023-24,31,1.9621112,1,1.244143
6163.0,2023-24,32,3.2058148,1,1.7630754
6163.0,2023-24,33,3.5022123,1,2.439757
6163.0,2023-24,34,3.492339,1,3.3552954
6163.0,2023-24,35,3.1183584,2,1.7562431
6163.0,2023-24,36,1.9727875,-1,1.5100739
6163.0,2023-24,37,3.8443942,1,1.1814102
6163.0,2023-24,38,2.2797856,-3,1.5220094
6221.0,2023-24,6,2.520813,8,1.5333691
6221.0,2023-24,7,2.2545373,2,2.1994014
6221.0,2023-24,8,2.878935,10,2.6569414
6221.0,2023-24,9,4.693375,2,1.8884478
6221.0,2023-24,10,3.998333,2,1.5409453
6221.0,2023-24,11,3.48415,1,0.93293256
6221.0,2023-24,12,3.6535227,2,1.3256421
6221.0,2023-24,13,3.0946674,8,1.2177253
6221.0,2023-24,14,2.422281,0,1.7812861
6221.0,2023-24,15,2.3681085,6,2.1737309
6221.0,2023-24,16,3.3665717,6,3.3196957
6221.0,2023-24,17,2.5735211,2,2.6690078
6221.0,2023-24,18,0.5651245,0,2.005853
6221.0,2023-24,19,0.18254691,0,2.6849306
6221.0,2023-24,20,3.5172586,1,1.1211783
6221.0,2023-24,21,-0.30258912,0,1.2654684
6221.0,2023-24,22,0.0023630143,0,2.023286
6221.0,2023-24,23,0.132245,0,1.236084
6221.0,2023-24,24,0.059815936,0,0.85117036
6221.0,2023-24,25,2.0079827,2,0.4718836
6221.0,2023-24,26,1.9613411,1,1.4684112
6221.0,2023-24,27,0.15641688,0,1.3099754
6221.0,2023-24,28,2.4805734,0,1.0322088
6221.0,2023-24,29,2.0574415,2,1.6403174
6221.0,2023-24,30,3.2641375,6,1.7332814
6221.0,2023-24,31,0.25728035,0,1.8833356
6221.0,2023-24,32,3.0565538,1,2.0442078
6221.0,2023-24,33,2.3305478,6,1.8164713
6221.0,2023-24,34,2.903341,2,1.3482821
6221.0,2023-24,35,2.6660624,1,1.3897151
6221.0,2023-24,36,2.7851787,2,1.4607358
6221.0,2023-24,37,1.7362168,1,1.3010006
6314.0,2023-24,6,3.1874232,6,0.5821841
6314.0,2023-24,7,1.822517,15,1.7088225
6314.0,2023-24,8,2.1162093,6,2.6080203
6314.0,2023-24,9,2.2093773,0,2.329716
6314.0,2023-24,10,2.5328095,3,3.1753938
6314.0,2023-24,11,2.640055,5,1.4398301
6314.0,2023-24,12,3.0780337,1,1.4004906
6314.0,2023-24,13,2.7744381,1,1.841085
6314.0,2023-24,14,1.6472911,2,2.3343256
6314.0,2023-24,15,2.8603673,1,1.8936821
6314.0,2023-24,16,2.4525132,0,2.0792406
6314.0,2023-24,17,2.8712125,0,2.2400548
6314.0,2023-24,18,3.0256455,2,2.4813595
6314.0,2023-24,19,2.2062361,1,2.064029
6314.0,2023-24,20,2.5352335,2,2.0715692
6314.0,2023-24,21,1.8032709,0,1.4868978
6314.0,2023-24,22,3.887174,1,1.4611372
6314.0,2023-24,23,2.3031142,3,1.3515317
6314.0,2023-24,24,2.682895,1,1.3885198
6314.0,2023-24,25,2.8809578,2,1.2896106
6314.0,2023-24,26,3.0947096,6,1.368663
6314.0,2023-24,27,2.2810826,1,0.9772445
6314.0,2023-24,28,3.0548155,2,1.1473677
6314.0,2023-24,29,0.04085665,0,1.555223
6314.0,2023-24,30,3.1522155,2,1.9147387
6314.0,2023-24,31,2.6454835,1,2.5626144
6314.0,2023-24,32,1.8563694,0,2.529577
6314.0,2023-24,33,2.102417,8,2.032826
6314.0,2023-24,34,3.5438318,4,1.7921433
6314.0,2023-24,34,3.5438318,4,1.8430125
6314.0,2023-24,34,3.0719018,7,1.7921433
6314.0,2023-24,34,3.0719018,7,1.8430125
6314.0,2023-24,35,3.3708456,1,1.4346879
6314.0,2023-24,36,3.57423,6,1.922478
6314.0,2023-24,37,3.6481187,2,0.9325863
6314.0,2023-24,38,3.5597773,5,0.7073078
6326.0,2023-24,6,-0.34107003,0,0.37690347
6326.0,2023-24,7,1.1886747,1,0.21542588
6326.0,2023-24,8,1.3968841,1,0.8106607
6326.0,2023-24,9,1.5907598,5,1.2006943
6326.0,2023-24,10,2.5012898,6,1.446486
6326.0,2023-24,11,2.277713,2,1.570892
6326.0,2023-24,12,-0.020381374,0,1.5104389
6326.0,2023-24,13,-0.13689484,0,1.2438045
6326.0,2023-24,14,2.4781609,1,1.2500501
6326.0,2023-24,15,1.7513659,5,2.1018443
6326.0,2023-24,16,3.0124288,1,2.2031848
6326.0,2023-24,17,3.3192863,6,2.2392724
6326.0,2023-24,18,2.8293467,2,1.3735468
6326.0,2023-24,19,0.09678345,0,2.5707953
6326.0,2023-24,20,2.6572793,1,2.0230188
6326.0,2023-24,21,2.216361,6,1.8204846
6326.0,2023-24,22,2.7424169,1,1.4039595
6326.0,2023-24,23,1.5553601,-2,1.5566667
6326.0,2023-24,24,0.5337635,0,1.5002347
6326.0,2023-24,25,2.8159883,2,1.1045887
6326.0,2023-24,26,0.02188154,0,1.7683914
6326.0,2023-24,27,2.687049,8,1.1306956
6326.0,2023-24,28,0.22312991,0,2.3646927
6326.0,2023-24,29,-0.03129251,0,1.3512508
6326.0,2023-24,30,-0.010198602,0,0.79452527
6326.0,2023-24,31,2.7896092,2,0.7708342
6326.0,2023-24,32,-0.09362324,0,2.2224083
6326.0,2023-24,33,4.1157155,2,1.7561803
6326.0,2023-24,34,3.903606,1,1.926785
6424.0,2023-24,23,2.2099993,1,1.2835383
6424.0,2023-24,24,2.2504075,-1,2.0712233
6424.0,2023-24,25,3.23789,1,1.8448304
6424.0,2023-24,26,3.646626,1,1.5073466
6424.0,2023-24,27,2.2950594,1,1.4407115
6424.0,2023-24,28,0.32934245,0,0.946453
6424.0,2023-24,29,1.6998831,1,0.93669635
6424.0,2023-24,30,1.3129709,1,1.3287864
6424.0,2023-24,31,-0.03315317,0,0.7714245
6424.0,2023-24,32,1.8682468,1,0.38734782
6424.0,2023-24,33,1.4720381,1,1.3304565
6424.0,2023-24,34,1.704833,1,1.4736795
6490.0,2023-24,6,3.2739918,5,2.5283651
6490.0,2023-24,7,2.9391904,1,2.7054198
6490.0,2023-24,8,0.20988238,0,2.5988076
6490.0,2023-24,9,2.102201,-1,2.2958484
6490.0,2023-24,10,0.057804614,0,2.1637194
6490.0,2023-24,11,2.4072328,8,0.86274296
6490.0,2023-24,12,2.1437898,6,1.2042233
6490.0,2023-24,13,2.3724964,2,1.1148258
6490.0,2023-24,14,2.8347826,1,1.0920659
6490.0,2023-24,15,1.6497602,2,1.7817352
6490.0,2023-24,16,4.2764525,1,1.6978462
6490.0,2023-24,17,0.2981268,0,2.1075847
6490.0,2023-24,18,-0.124085665,0,1.1206862
6490.0,2023-24,19,2.030545,1,1.013773
6490.0,2023-24,20,2.9446948,6,2.257197
6490.0,2023-24,21,0.006964621,0,2.5669887
6490.0,2023-24,22,0.17011322,0,2.3128524
6490.0,2023-24,23,0.07098583,0,1.3618469
6490.0,2023-24,24,1.8090649,1,1.1784146
6490.0,2023-24,25,2.0164208,2,1.4020417
6490.0,2023-24,25,2.0164208,2,1.3586513
6490.0,2023-24,25,2.717893,9,1.4020417
6490.0,2023-24,25,2.717893,9,1.3586513
6490.0,2023-24,26,2.600065,8,1.5473382
6490.0,2023-24,27,-0.035929352,0,1.177749
6490.0,2023-24,28,3.1571624,2,0.4056689
6490.0,2023-24,29,-0.057499513,0,1.203049
6490.0,2023-24,30,2.237853,6,1.2231555
6490.0,2023-24,31,2.9919653,2,2.64713
6490.0,2023-24,32,2.0683982,1,2.2428818
6490.0,2023-24,33,3.9140446,2,1.8023676
6490.0,2023-24,34,3.5611033,6,1.0859096
6490.0,2023-24,35,4.829538,8,0.9318925
6490.0,2023-24,36,4.520575,2,1.1044425
6490.0,2023-24,37,3.7214658,6,2.2730803
6490.0,2023-24,37,3.7214658,6,3.0320916
6490.0,2023-24,37,2.811212,6,2.2730803
6490.0,2023-24,37,2.811212,6,3.0320916
6490.0,2023-24,38,5.1264367,2,3.6519701
6615.0,2023-24,30,0.18128699,0,1.484834
6615.0,2023-24,31,1.9607085,1,0.9596565
6615.0,2023-24,32,1.8060534,0,0.8614544
6615.0,2023-24,33,2.932522,6,1.0958692
6615.0,2023-24,34,1.9905561,1,1.9172231
6615.0,2023-24,35,1.9197022,2,1.6004925
6615.0,2023-24,35,1.9197022,2,1.5796643
6615.0,2023-24,35,2.4253676,15,1.6004925
6615.0,2023-24,35,2.4253676,15,1.5796643
6615.0,2023-24,36,1.6670041,6,1.5181131
6615.0,2023-24,37,3.5904183,1,1.1428337
6615.0,2023-24,37,3.5904183,1,2.787571
6615.0,2023-24,37,3.3483162,2,1.1428337
6615.0,2023-24,37,3.3483162,2,2.787571
6615.0,2023-24,38,3.4195924,2,1.6654992
6656.0,2023-24,9,-0.0661665,0,-0.066196516
6656.0,2023-24,10,0.012940423,0,0.6560043
6656.0,2023-24,11,-0.0061591435,0,0.4631076
6656.0,2023-24,12,-0.002011251,0,0.39473635
6656.0,2023-24,13,0.0180209,0,0.36048487
6656.0,2023-24,14,-0.018509472,0,0.32646343
6656.0,2023-24,15,-0.018509472,0,0.294987
6656.0,2023-24,16,-0.018509472,0,0.27042505
6656.0,2023-24,17,-0.018509472,0,0.25313473
6656.0,2023-24,18,-0.018509472,0,0.24323511
6656.0,2023-24,19,-0.018509472,0,0.24240766
6656.0,2023-24,20,-0.018509472,0,0.24240766
6656.0,2023-24,21,-0.018509472,0,0.24240766
6656.0,2023-24,22,0.45144898,1,0.24240766
6656.0,2023-24,23,0.021665962,0,0.6569228
6656.0,2023-24,24,0.021665962,0,0.78260887
6656.0,2023-24,25,0.021665962,0,0.8446298
6656.0,2023-24,26,0.013724662,0,0.7405456
6656.0,2023-24,27,0.013724662,0,0.5352901
6656.0,2023-24,28,0.0180209,0,0.24909133
6656.0,2023-24,29,0.0180209,0,0.24909133
6656.0,2023-24,30,0.0180209,0,0.24909133
6656.0,2023-24,31,0.3466249,1,0.24909133
6656.0,2023-24,32,-0.1776033,0,0.4136477
6656.0,2023-24,33,1.7461845,1,0.2744703
6656.0,2023-24,34,2.3128192,1,0.68987453
6674.0,2023-24,6,2.7547138,1,1.2990592
6674.0,2023-24,7,1.4655925,2,1.0293787
6674.0,2023-24,8,1.9831954,1,1.2486708
6674.0,2023-24,9,2.2729006,2,0.8502706
6674.0,2023-24,10,1.9771,0,1.4556044
6674.0,2023-24,11,2.9293942,1,1.7671509
6674.0,2023-24,12,2.0008779,1,2.1490014
6674.0,2023-24,13,3.0310216,1,3.2569308
6674.0,2023-24,14,-0.30959898,0,1.5843726
6674.0,2023-24,15,-0.10227206,0,0.52139294
6674.0,2023-24,16,0.054418564,0,0.31376275
6674.0,2023-24,17,1.4174618,1,0.32062805
6674.0,2023-24,18,2.1588016,7,1.2409809
6674.0,2023-24,19,2.6983914,2,1.719032
6674.0,2023-24,20,3.1475863,5,1.677208
6674.0,2023-24,21,0.084700964,0,1.2316221
6674.0,2023-24,22,3.053461,0,1.0185102
6674.0,2023-24,23,1.8538686,4,1.4025495
6674.0,2023-24,24,2.8167915,1,1.5712303
6674.0,2023-24,25,2.4392262,2,1.8544681
6674.0,2023-24,26,3.8060565,12,3.004871
6674.0,2023-24,27,3.718535,0,1.3212605
6674.0,2023-24,28,4.118591,10,2.493749
6674.0,2023-24,29,-0.26967275,0,1.0113053
6674.0,2023-24,30,2.8595686,2,0.79458797
6674.0,2023-24,31,4.443309,8,0.67026556
6674.0,2023-24,32,3.428513,4,1.5416179
6674.0,2023-24,33,-0.08519087,0,1.3929718
6674.0,2023-24,34,2.5310254,1,1.9106522
6674.0,2023-24,34,2.5310254,1,3.0512962
6674.0,2023-24,34,2.9987261,1,1.9106522
6674.0,2023-24,34,2.9987261,1,3.0512962
6674.0,2023-24,35,2.7915418,2,2.2281573
6674.0,2023-24,36,2.132006,0,1.9034941
6674.0,2023-24,37,4.531377,1,3.0231242
6674.0,2023-24,38,1.7042422,1,1.6216397
6722.0,2023-24,12,0.057964645,0,0.60127014
6722.0,2023-24,13,0.06925157,0,0.4373898
6722.0,2023-24,14,2.0392785,2,0.38864338
6722.0,2023-24,15,0.13918282,0,1.1173571
6722.0,2023-24,16,2.244673,0,0.9323466
6722.0,2023-24,17,0.0063305227,0,1.3214779
6722.0,2023-24,18,1.5428534,6,0.88461876
6722.0,2023-24,19,1.214522,15,1.5865943
6722.0,2023-24,20,3.7171094,6,1.5507736
6722.0,2023-24,21,2.243869,1,1.3145819
6722.0,2023-24,22,1.4221376,2,1.8349376
6722.0,2023-24,23,-0.21302219,0,1.2931515
6722.0,2023-24,24,2.1178796,0,1.2023802
6722.0,2023-24,25,0.08218199,0,1.4146545
6722.0,2023-24,26,2.2642872,1,0.74828315
6722.0,2023-24,27,1.6922275,2,1.4624485
6722.0,2023-24,28,3.3929098,-1,2.2038598
6722.0,2023-24,29,3.1630783,1,1.6614203
6722.0,2023-24,30,1.8488618,0,1.7085543
6722.0,2023-24,31,2.4100332,2,1.4791634
6722.0,2023-24,32,3.0046055,2,1.8985837
6722.0,2023-24,33,2.314532,1,1.5881219
6722.0,2023-24,34,-0.06475555,0,1.3284662
6722.0,2023-24,35,-0.23360951,0,0.5870647
6722.0,2023-24,36,0.0014611359,0,0.367737
6722.0,2023-24,37,-0.15921183,0,0.31499928
6722.0,2023-24,38,0.6955132,1,0.31047338
6850.0,2023-24,6,3.0018208,1,1.5111206
6850.0,2023-24,7,1.7398014,2,2.9830315
6850.0,2023-24,8,2.2870276,6,4.2179637
6850.0,2023-24,9,3.1812396,6,3.991206
6850.0,2023-24,10,2.2526052,1,3.3545258
6850.0,2023-24,11,0.2299365,0,2.0009146
6850.0,2023-24,12,3.0365326,1,1.2695688
6850.0,2023-24,13,0.05376701,0,1.5366285
6850.0,2023-24,14,2.2389565,1,0.8587043
6850.0,2023-24,15,0.0036836038,0,1.2258358
6850.0,2023-24,16,2.4235852,2,1.4659704
6850.0,2023-24,17,2.545402,1,2.36082
6850.0,2023-24,18,2.513389,-3,1.6334038
6850.0,2023-24,19,0.3736267,0,0.9363212
6850.0,2023-24,20,2.718667,1,0.77411985
6850.0,2023-24,21,0.10873948,0,1.2433832
6850.0,2023-24,22,-0.023780448,0,0.91837835
6850.0,2023-24,23,0.107895106,0,0.9141438
6850.0,2023-24,24,0.016795835,0,0.6866592
6850.0,2023-24,25,0.044601046,0,0.5584115
6850.0,2023-24,26,0.0063752523,0,0.36128688
6850.0,2023-24,27,0.0180209,0,0.3539205
6850.0,2023-24,28,0.0180209,0,0.32728773
6850.0,2023-24,29,0.274482,2,0.28996933
6850.0,2023-24,30,0.021950444,0,0.9161002
6850.0,2023-24,31,0.021950444,0,0.7884635
6850.0,2023-24,32,0.021950444,0,0.6125234
6850.0,2023-24,33,0.018941766,0,0.47190422
6850.0,2023-24,34,0.018941766,0,0.3443228
6850.0,2023-24,35,0.5820972,1,0.26412165
6850.0,2023-24,36,2.0970488,6,0.9679115
6850.0,2023-24,37,2.4641576,10,1.9722409
6850.0,2023-24,38,3.5649192,2,1.4314215
6852.0,2023-24,10,0.12055956,0,1.868737
6852.0,2023-24,11,-0.02576708,0,0.5309085
6852.0,2023-24,12,1.1780233,0,0.40429813
6852.0,2023-24,13,2.011307,1,0.87900776
6852.0,2023-24,14,0.89845574,1,1.3911324
6852.0,2023-24,15,2.843896,1,1.3807738
6852.0,2023-24,16,2.3698442,1,1.402946
6852.0,2023-24,17,1.9432116,1,1.5037898
6852.0,2023-24,18,2.0636966,8,1.1039095
6852.0,2023-24,19,3.958776,1,0.9030677
6852.0,2023-24,20,4.7876554,1,1.723392
6852.0,2023-24,21,4.0414214,6,3.0101364
6852.0,2023-24,22,1.9636418,0,2.1451495
6852.0,2023-24,23,2.2376842,1,1.9659579
6852.0,2023-24,24,2.0264328,1,1.4790708
6852.0,2023-24,25,0.9015343,1,1.4218345
6852.0,2023-24,26,1.5838891,1,1.4753661
6852.0,2023-24,27,-0.11558644,0,0.82450175
6852.0,2023-24,28,2.4779286,1,1.0598164
6852.0,2023-24,29,-0.106599115,0,1.3770919
6852.0,2023-24,30,1.4048513,1,0.8420963
6852.0,2023-24,31,2.4087276,2,0.5444059
6852.0,2023-24,32,1.2715397,1,1.7158285
6852.0,2023-24,33,3.7958076,0,2.9248712
6852.0,2023-24,34,1.8289999,2,2.6184757
6852.0,2023-24,34,1.8289999,2,1.4631281
6852.0,2023-24,34,2.68636,0,2.6184757
6852.0,2023-24,34,2.68636,0,1.4631281
6852.0,2023-24,35,2.4182777,2,1.4822459
6852.0,2023-24,36,0.324903,0,1.8365824
6852.0,2023-24,37,3.2413702,1,1.4068354
6852.0,2023-24,38,1.7788221,1,1.269331
6885.0,2023-24,6,3.413707,2,2.5339613
6885.0,2023-24,7,4.65971,6,1.9205194
6885.0,2023-24,8,3.4639673,2,1.0253258
6885.0,2023-24,9,-0.095525436,0,0.99519545
6885.0,2023-24,10,2.4597712,2,2.4040802
6885.0,2023-24,11,2.544912,2,4.5989647
6885.0,2023-24,12,2.248865,0,2.6143434
6885.0,2023-24,13,-0.016269442,0,1.3361608
6885.0,2023-24,14,2.7025285,1,1.273479
6885.0,2023-24,15,2.3402414,1,2.9431438
6885.0,2023-24,16,1.9595088,1,2.4021094
6885.0,2023-24,17,4.652676,6,1.7577739
6885.0,2023-24,18,2.5519705,2,2.303419
6885.0,2023-24,19,3.2707345,2,2.6446533
6885.0,2023-24,20,3.6828213,0,2.1362746
6885.0,2023-24,21,2.7403133,5,1.6309689
6885.0,2023-24,22,1.5236036,-1,1.396747
6885.0,2023-24,23,2.9169862,-2,1.5503569
6885.0,2023-24,24,3.7704694,1,1.200256
6885.0,2023-24,25,3.5592237,2,1.690803
6885.0,2023-24,26,0.5022226,0,1.5271344
6885.0,2023-24,27,3.0802925,9,0.9885632
6885.0,2023-24,28,3.552927,1,1.5677512
6885.0,2023-24,29,0.08339656,0,2.4031122
6885.0,2023-24,30,3.8635888,1,2.3000433
6885.0,2023-24,31,3.65585,1,2.2569108
6885.0,2023-24,32,4.2157454,1,1.6670003
6885.0,2023-24,33,0.15826076,0,1.2372313
6885.0,2023-24,34,2.2083578,0,1.0926777
6885.0,2023-24,35,2.9411697,1,1.0590974
6885.0,2023-24,36,3.1618283,1,0.7822348
6888.0,2023-24,6,2.2496974,1,1.4643232
6888.0,2023-24,7,2.199596,6,1.9450092
6888.0,2023-24,8,2.1049774,7,2.3456295
6888.0,2023-24,9,3.0667176,1,2.541745
6888.0,2023-24,10,3.0544565,7,2.4878695
6888.0,2023-24,11,3.2268076,2,1.6041114
6888.0,2023-24,12,4.423668,9,2.3889673
6888.0,2023-24,13,2.9504724,6,1.760556
6888.0,2023-24,14,3.8384845,1,3.427183
6888.0,2023-24,15,3.8173172,1,3.8048563
6888.0,2023-24,16,1.6357402,2,3.4960284
6888.0,2023-24,17,3.1111732,7,2.706601
6888.0,2023-24,18,1.9497203,2,2.0901468
6888.0,2023-24,19,3.344418,1,2.445401
6888.0,2023-24,20,2.628864,0,2.4425957
6888.0,2023-24,21,3.2153542,6,3.1135418
6888.0,2023-24,22,3.7406185,2,2.3508034
6888.0,2023-24,23,1.7549489,1,2.3529909
6888.0,2023-24,24,2.9032044,12,1.7387855
6888.0,2023-24,25,5.936902,6,1.4544277
6888.0,2023-24,26,3.4113586,2,1.7247806
6888.0,2023-24,27,4.8779874,6,1.5839078
6888.0,2023-24,28,3.6143093,2,1.3863289
6888.0,2023-24,29,0.40224493,0,1.3207302
6888.0,2023-24,30,1.5640614,7,1.415879
6888.0,2023-24,31,3.9378555,7,2.4374712
6888.0,2023-24,32,3.4252293,5,2.4723375
6888.0,2023-24,33,3.1770256,1,2.6880448
6888.0,2023-24,34,3.5797246,8,2.6825387
6888.0,2023-24,34,3.5797246,8,3.2309434
6888.0,2023-24,34,3.1393116,6,2.6825387
6888.0,2023-24,34,3.1393116,6,3.2309434
6888.0,2023-24,35,2.0761697,1,2.9808812
6888.0,2023-24,36,3.3098366,6,2.832873
6888.0,2023-24,37,2.146101,9,1.8206377
6888.0,2023-24,38,2.2746792,2,3.1067128
6912.0,2023-24,7,2.7331598,7,2.6446235
6912.0,2023-24,8,3.858022,6,2.0987043
6912.0,2023-24,9,4.2909174,6,2.932316
6912.0,2023-24,10,3.676096,2,1.7318163
6912.0,2023-24,11,4.0505004,0,1.7878692
6912.0,2023-24,12,3.1025448,5,2.0411227
6912.0,2023-24,13,2.2839386,5,1.8574584
6912.0,2023-24,14,3.248492,0,2.3337953
6912.0,2023-24,15,3.9014983,5,3.4532628
6912.0,2023-24,16,6.215541,5,2.7624214
6912.0,2023-24,17,4.5958157,8,2.867453
6912.0,2023-24,18,4.3838286,2,2.064959
6912.0,2023-24,19,6.326315,5,4.407145
6912.0,2023-24,20,5.44838,2,3.5890753
6912.0,2023-24,21,4.570408,6,3.5990837
6912.0,2023-24,22,4.603961,1,3.3108053
6912.0,2023-24,23,4.4669585,1,3.735568
6912.0,2023-24,24,5.29943,2,4.138732
6912.0,2023-24,25,0.54681927,0,2.4712617
6912.0,2023-24,26,0.5103713,0,2.441447
6912.0,2023-24,27,-0.18379948,0,3.184931
6912.0,2023-24,28,1.5683511,7,2.4620903
6912.0,2023-24,29,2.8139691,1,2.048665
6912.0,2023-24,30,3.05593,2,2.2838626
6912.0,2023-24,31,3.2836845,2,1.4776009
6912.0,2023-24,32,2.795918,11,1.7190304
6912.0,2023-24,33,2.8434403,0,2.2893212
6912.0,2023-24,34,-0.68719125,0,2.9501889
6912.0,2023-24,35,2.3873644,1,0.74848783
6912.0,2023-24,35,2.3873644,1,1.0004494
6912.0,2023-24,35,2.995919,1,0.74848783
6912.0,2023-24,35,2.995919,1,1.0004494
6912.0,2023-24,36,3.1527467,0,1.3621598
6912.0,2023-24,37,4.113105,9,2.2544749
6912.0,2023-24,37,4.113105,9,2.4048412
6912.0,2023-24,37,1.3335559,1,2.2544749
6912.0,2023-24,37,1.3335559,1,2.4048412
6912.0,2023-24,38,2.9401221,14,2.6023946
6935.0,2023-24,6,2.18656,1,1.4392142
6935.0,2023-24,7,3.1602669,6,2.2476203
6935.0,2023-24,8,2.2081935,1,1.9155083
6935.0,2023-24,9,1.5653327,0,1.4502033
6935.0,2023-24,10,2.9434397,2,1.2301352
6935.0,2023-24,11,2.5635943,1,1.2419454
6935.0,2023-24,12,3.575678,1,1.2391906
6935.0,2023-24,13,2.4340875,1,1.5192604
6935.0,2023-24,14,2.8627658,2,1.8114207
6935.0,2023-24,15,2.2971368,2,1.3303568
6935.0,2023-24,16,2.5609112,0,2.1329114
6935.0,2023-24,17,2.7454915,6,1.678813
6935.0,2023-24,18,3.4612012,0,2.131059
6935.0,2023-24,19,1.7006427,0,1.5013461
6935.0,2023-24,20,2.3183005,0,1.1841409
6935.0,2023-24,21,2.0253077,0,0.445409
6935.0,2023-24,22,2.4090505,0,0.21984577
6935.0,2023-24,23,1.718377,1,0.22466755
6935.0,2023-24,24,2.02378,-1,0.79491603
6935.0,2023-24,25,3.84684,1,1.6591517
6935.0,2023-24,26,2.8815358,0,2.124584
6935.0,2023-24,27,2.040248,0,1.2184805
6935.0,2023-24,28,2.299833,1,0.72082156
6935.0,2023-24,29,2.2509387,0,1.0519861
6935.0,2023-24,30,1.3773463,0,0.8899989
6935.0,2023-24,31,1.9888946,0,0.67700994
6935.0,2023-24,32,2.0745149,0,0.59335953
6935.0,2023-24,33,1.2499343,1,0.36620623
6935.0,2023-24,34,1.8318118,0,1.0637354
6935.0,2023-24,35,1.7138635,0,1.3016493
6935.0,2023-24,36,1.3497949,0,0.9359497
6935.0,2023-24,37,1.3075744,0,0.63017225
6935.0,2023-24,38,0.76626736,0,0.4384178
7134.0,2023-24,12,2.5480263,-1,1.9868587
7134.0,2023-24,13,2.932495,-1,2.743346
7134.0,2023-24,14,0.5084542,0,2.567146
7134.0,2023-24,15,2.758384,1,0.892242
7134.0,2023-24,16,1.9770608,2,1.5596254
7134.0,2023-24,17,0.2600677,0,1.3502889
7134.0,2023-24,18,0.36228323,0,0.97958946
7134.0,2023-24,19,0.070819624,0,0.8767438
7134.0,2023-24,20,-0.03253967,0,0.52511364
7134.0,2023-24,21,-0.06405816,0,0.58097357
7134.0,2023-24,22,-0.013762875,0,0.5753842
7134.0,2023-24,23,-0.013762875,0,0.43550754
7134.0,2023-24,24,-0.005143593,0,0.33138275
7134.0,2023-24,25,-0.018509472,0,0.2994293
7134.0,2023-24,26,-0.018509472,0,0.2853966
7134.0,2023-24,27,-0.018509472,0,0.26891437
7134.0,2023-24,28,0.5450438,1,0.25196123
7134.0,2023-24,29,0.087510824,0,1.18071
7134.0,2023-24,30,2.1792903,0,1.1264882
7134.0,2023-24,31,3.439732,4,1.405371
7134.0,2023-24,32,3.2142766,1,1.7370176
7134.0,2023-24,33,2.8893657,10,1.3814735
7134.0,2023-24,34,2.9874856,-1,0.75967747
7134.0,2023-24,35,4.3601065,-1,0.7504529
7134.0,2023-24,35,4.3601065,-1,1.4450109
7134.0,2023-24,35,3.3829274,8,0.7504529
7134.0,2023-24,35,3.3829274,8,1.4450109
7134.0,2023-24,36,3.867163,5,1.7874153
7134.0,2023-24,37,3.2039778,1,1.2623823
7134.0,2023-24,37,3.2039778,1,2.445648
7134.0,2023-24,37,3.8000717,5,1.2623823
7134.0,2023-24,37,3.8000717,5,2.445648
7134.0,2023-24,38,4.0967913,1,1.5032833
7184.0,2023-24,6,3.1764803,5,0.7370539
7184.0,2023-24,7,2.8590481,1,1.4301699
7184.0,2023-24,8,3.8101118,2,2.409862
7184.0,2023-24,9,2.1918244,1,2.5319273
7184.0,2023-24,10,2.3728125,2,3.006043
7184.0,2023-24,11,2.6463144,2,2.8148859
7184.0,2023-24,12,1.8932065,1,2.3131196
7184.0,2023-24,13,2.9381118,0,2.533079
7184.0,2023-24,14,1.699758,0,2.5701425
7184.0,2023-24,15,-0.3460656,0,1.894397
7184.0,2023-24,16,0.19301987,0,1.0062913
7184.0,2023-24,17,0.009944692,0,0.5021639
7184.0,2023-24,18,0.042066537,0,0.31389868
7184.0,2023-24,19,0.022365643,0,0.27933362
7184.0,2023-24,20,0.008797761,0,0.39443076
7184.0,2023-24,21,0.006749303,0,0.34445262
7184.0,2023-24,22,1.0635598,1,0.296547
7184.0,2023-24,23,2.5284324,1,0.61007285
7184.0,2023-24,24,2.2752604,2,1.1814289
7184.0,2023-24,25,1.7171221,1,1.52528
7184.0,2023-24,26,0.14987504,0,1.5149167
7184.0,2023-24,27,-0.18334994,0,1.1393315
7184.0,2023-24,28,-0.17283571,0,0.7750621
7184.0,2023-24,29,-0.08080082,0,0.49961573
7184.0,2023-24,30,-0.011830948,0,0.50152
7184.0,2023-24,31,-0.0469205,0,0.38078296
7184.0,2023-24,32,-0.006841557,0,0.37465706
7184.0,2023-24,33,0.009974263,0,0.35509193
7184.0,2023-24,34,-0.018509472,0,0.31726664
7184.0,2023-24,35,-0.018509472,0,0.2750789
7184.0,2023-24,36,-0.018509472,0,0.24790242
7184.0,2023-24,37,-0.018509472,0,0.2398561
7184.0,2023-24,38,0.4941944,1,0.23938715
7187.0,2023-24,10,1.1654793,1,0.7801834
7187.0,2023-24,11,-0.087284684,0,1.301967
7187.0,2023-24,12,1.5060601,8,0.8590406
7187.0,2023-24,13,-0.037614428,0,1.3314338
7187.0,2023-24,14,1.1759304,1,1.0311309
7187.0,2023-24,15,1.2689695,0,0.8201853
7187.0,2023-24,16,1.2231492,0,1.5928154
7187.0,2023-24,17,-0.078864574,0,2.4701886
7187.0,2023-24,18,3.3667183,1,1.9277896
7187.0,2023-24,19,0.060188293,0,1.2292354
7187.0,2023-24,20,2.3565445,1,0.8464531
7187.0,2023-24,21,0.79964864,1,0.53730226
7187.0,2023-24,22,-0.24814741,0,0.6160161
7187.0,2023-24,23,0.49302635,1,0.7077593
7187.0,2023-24,24,2.2957652,12,1.716936
7187.0,2023-24,25,1.9236492,3,1.4841787
7187.0,2023-24,25,1.9236492,3,1.8911363
7187.0,2023-24,25,2.1068983,2,1.4841787
7187.0,2023-24,25,2.1068983,2,1.8911363
7187.0,2023-24,26,1.6178535,-1,1.4623287
7187.0,2023-24,27,2.3719115,4,1.1532321
7187.0,2023-24,28,0.4918086,0,2.0466843
7187.0,2023-24,29,2.5592608,-3,0.9498643
7187.0,2023-24,30,0.07957489,0,2.2722247
7187.0,2023-24,31,3.5643172,1,0.6122302
7187.0,2023-24,32,2.4409049,9,0.8799548
7187.0,2023-24,33,3.148421,8,1.3638244
7187.0,2023-24,34,2.6460865,7,0.82108575
7187.0,2023-24,35,3.796324,1,1.2898972
7187.0,2023-24,36,2.9773657,8,1.9379642
7187.0,2023-24,37,2.120982,2,1.5474426
7187.0,2023-24,38,3.5460181,1,2.017435
7218.0,2023-24,6,1.6574044,-2,2.447285
7218.0,2023-24,7,1.8337358,1,2.237896
7218.0,2023-24,8,3.087536,8,2.1997297
7218.0,2023-24,9,3.2171502,8,1.5173599
7218.0,2023-24,10,3.6616971,4,2.0506527
7218.0,2023-24,11,4.2631254,-4,3.1372035
7218.0,2023-24,12,0.22801463,0,1.7050183
7218.0,2023-24,13,1.1276544,0,0.78552055
7218.0,2023-24,14,0.6738976,0,0.9582174
7218.0,2023-24,15,2.9984136,9,1.4099617
7218.0,2023-24,16,3.0342832,1,1.5545251
7218.0,2023-24,17,5.0892124,7,0.8117396
7218.0,2023-24,18,4.4232717,1,0.9969219
7218.0,2023-24,19,0.34382227,0,0.9186563
7218.0,2023-24,20,0.28657028,0,0.62528604
7218.0,2023-24,21,3.2671494,1,1.3890793
7218.0,2023-24,22,2.8772612,1,2.4093134
7218.0,2023-24,23,2.830103,1,3.0386302
7218.0,2023-24,24,3.7973452,2,2.5675676
7218.0,2023-24,25,2.71012,1,1.8864238
7218.0,2023-24,26,-0.33415395,0,1.3593421
7218.0,2023-24,27,3.3176277,10,0.871981
7218.0,2023-24,28,2.3504977,8,2.0085053
7218.0,2023-24,29,3.571276,1,1.8219467
7218.0,2023-24,30,2.8624897,2,1.2659805
7218.0,2023-24,31,2.546827,1,2.0664675
7218.0,2023-24,32,3.5130837,2,2.7928946
7218.0,2023-24,33,1.6216326,-1,2.0721822
7218.0,2023-24,34,0.08748143,0,1.90484
7218.0,2023-24,35,1.8098555,7,1.8995144
7218.0,2023-24,35,1.8098555,7,1.9016162
7218.0,2023-24,35,2.1859279,1,1.8995144
7218.0,2023-24,35,2.1859279,1,1.9016162
7218.0,2023-24,36,2.4793453,0,2.0113862
7218.0,2023-24,37,2.1364121,2,3.08974
7218.0,2023-24,37,2.1364121,2,3.2029235
7218.0,2023-24,37,3.2684503,0,3.08974
7218.0,2023-24,37,3.2684503,0,3.2029235
7218.0,2023-24,38,2.6709044,6,3.174945
7240.0,2023-24,6,0.4285967,0,0.38550466
7240.0,2023-24,7,0.27790722,0,0.40931684
7240.0,2023-24,8,0.4314002,0,0.28638145
7240.0,2023-24,9,0.29863653,0,0.23432672
7240.0,2023-24,10,0.37565517,0,0.39372453
7240.0,2023-24,11,0.53112715,0,0.5278528
7240.0,2023-24,12,0.24165674,0,0.4624195
7240.0,2023-24,13,0.25232998,0,0.5077938
7240.0,2023-24,14,1.842503,5,0.8133792
7240.0,2023-24,15,3.125064,0,1.5189059
7240.0,2023-24,16,2.9065177,1,1.2444988
7240.0,2023-24,17,3.0329306,8,1.4566948
7240.0,2023-24,18,4.021931,1,1.2253242
7240.0,2023-24,19,3.2402098,2,0.742344
7240.0,2023-24,20,3.4313622,0,1.4150604
7240.0,2023-24,21,2.1448753,0,1.1636648
7240.0,2023-24,22,1.621459,0,1.8157896
7240.0,2023-24,23,3.4280705,1,1.9743183
7240.0,2023-24,24,2.930259,0,1.6930479
7240.0,2023-24,25,2.8315964,0,1.3921764
7240.0,2023-24,26,-0.11435014,0,1.1517346
7240.0,2023-24,27,1.428678,0,0.71553326
7240.0,2023-24,28,1.3939486,0,0.57073206
7240.0,2023-24,29,-0.03248998,0,0.32527852
7240.0,2023-24,30,1.2056938,1,0.32647967
7240.0,2023-24,31,2.583888,1,1.152648
7240.0,2023-24,32,3.4484684,1,1.762239
7240.0,2023-24,33,3.3646126,0,1.2941402
7240.0,2023-24,34,1.8645867,0,0.92730236
7240.0,2023-24,35,2.1877918,0,1.1044827
7240.0,2023-24,35,2.1877918,0,1.2224135
7240.0,2023-24,35,3.6362638,6,1.1044827
7240.0,2023-24,35,3.6362638,6,1.2224135
7240.0,2023-24,36,2.7746158,6,1.5583247
7240.0,2023-24,37,2.6115572,0,1.7772131
7240.0,2023-24,37,2.6115572,0,1.2294921
7240.0,2023-24,37,1.4641521,2,1.7772131
7240.0,2023-24,37,1.4641521,2,1.2294921
7240.0,2023-24,38,2.5806398,0,1.3234186
7277.0,2023-24,6,2.5767834,1,0.6084257
7277.0,2023-24,7,1.9170084,0,0.7035665
7277.0,2023-24,7,1.9170084,0,0.47636324
7277.0,2023-24,7,1.6675266,0,0.7035665
7277.0,2023-24,7,1.6675266,0,0.47636324
7277.0,2023-24,8,1.7834699,0,0.5352572
7277.0,2023-24,9,1.6241655,0,0.78285897
7277.0,2023-24,10,0.8854818,1,0.461721
7277.0,2023-24,11,1.3219934,0,0.5322081
7277.0,2023-24,12,1.3953979,1,0.5698028
7277.0,2023-24,13,1.5097225,0,0.68387556
7277.0,2023-24,14,1.3892032,1,0.87619585
7277.0,2023-24,15,1.4381969,1,1.2891171
7277.0,2023-24,16,0.80541587,1,1.3837857
7277.0,2023-24,17,-0.03795613,0,1.3470938
7277.0,2023-24,18,2.6985576,1,1.0144674
7277.0,2023-24,19,2.893402,1,1.5134534
7277.0,2023-24,20,2.0396688,0,1.3909693
7277.0,2023-24,21,2.5463855,0,1.0338283
7277.0,2023-24,22,2.0841455,0,0.9176756
7277.0,2023-24,23,0.9441978,0,0.7260896
7277.0,2023-24,24,1.8155552,0,0.39470717
7277.0,2023-24,25,1.2671611,0,0.41468376
7277.0,2023-24,25,1.2671611,0,0.4437809
7277.0,2023-24,25,0.7995108,0,0.41468376
7277.0,2023-24,25,0.7995108,0,0.4437809
7277.0,2023-24,26,-0.035143536,0,0.3081992
7277.0,2023-24,27,0.44940856,0,0.26144233
7277.0,2023-24,28,0.4343333,0,0.2910044
7277.0,2023-24,28,0.4343333,0,0.39531022
7277.0,2023-24,28,0.4616753,0,0.2910044
7277.0,2023-24,28,0.4616753,0,0.39531022
7277.0,2023-24,29,0.5786494,0,0.37567693
7277.0,2023-24,30,0.3504865,0,0.43877304
7277.0,2023-24,31,0.2761183,0,0.28208557
7277.0,2023-24,32,0.5844841,0,0.24738735
7277.0,2023-24,33,0.29352146,0,0.3046614
7277.0,2023-24,34,0.5947863,0,0.31506693
7277.0,2023-24,35,0.5899181,0,0.41507864
7277.0,2023-24,36,0.42901108,0,0.30777502
7277.0,2023-24,37,0.55474293,0,0.34733552
7277.0,2023-24,38,0.35716733,0,0.27751502
7281.0,2023-24,6,2.4706864,6,1.6697215
7281.0,2023-24,7,2.2152755,2,2.412536
7281.0,2023-24,8,1.6741525,2,2.357665
7281.0,2023-24,9,2.7747734,11,2.202892
7281.0,2023-24,10,2.7701833,1,0.8300476
7281.0,2023-24,11,2.6047492,6,0.88777375
7281.0,2023-24,12,3.5729406,6,0.4514048
7281.0,2023-24,13,2.6300762,12,0.55724895
7281.0,2023-24,14,1.7184931,2,1.292711
7281.0,2023-24,15,2.448489,1,3.0097206
7281.0,2023-24,16,3.5268679,1,1.5499458
7281.0,2023-24,17,2.0898502,3,1.3306316
7281.0,2023-24,18,3.021285,0,1.9170418
7281.0,2023-24,19,3.3343463,1,2.0718954
7281.0,2023-24,20,3.2383983,0,1.8911285
7281.0,2023-24,21,3.0955956,1,2.4592211
7281.0,2023-24,22,2.6815953,1,2.2608984
7281.0,2023-24,23,3.0521429,6,2.4788983
7281.0,2023-24,24,2.5182683,7,2.2132492
7281.0,2023-24,25,2.9117298,2,1.9482126
7281.0,2023-24,26,3.7821198,1,2.0491993
7281.0,2023-24,27,1.6300564,1,1.8596596
7281.0,2023-24,28,4.6176724,6,1.6787761
7281.0,2023-24,29,0.033428397,0,1.9138381
7281.0,2023-24,30,2.35822,2,1.8313048
7281.0,2023-24,31,1.747303,3,1.9417683
7281.0,2023-24,32,2.0138974,1,1.8905783
7281.0,2023-24,33,3.0722222,1,1.1109253
7281.0,2023-24,34,3.4282513,1,1.9869944
7281.0,2023-24,35,3.0449803,2,2.5350027
7281.0,2023-24,36,3.3284097,0,2.4213471
7281.0,2023-24,37,2.8371534,2,2.1625187
7281.0,2023-24,37,2.8371534,2,1.5052528
7281.0,2023-24,37,2.909159,1,2.1625187
7281.0,2023-24,37,2.909159,1,1.5052528
7281.0,2023-24,38,2.8377483,15,1.7945025
7298.0,2023-24,6,3.2225835,4,1.4930344
7298.0,2023-24,7,3.9763954,14,2.6432583
7298.0,2023-24,8,3.283955,9,3.3076143
7298.0,2023-24,9,3.133775,0,1.787395
7298.0,2023-24,10,4.04028,6,2.8959453
7298.0,2023-24,11,1.4984967,2,2.1186829
7298.0,2023-24,12,3.4240832,0,2.3528912
7298.0,2023-24,13,2.4376442,1,1.6322325
7298.0,2023-24,14,1.4787863,1,2.1960359
7298.0,2023-24,15,2.2566912,4,1.0658685
7298.0,2023-24,16,1.8377562,2,2.4665031
7298.0,2023-24,17,2.732798,5,2.5324192
7298.0,2023-24,18,2.891277,1,1.931473
7298.0,2023-24,19,2.4816794,1,2.7144053
7298.0,2023-24,20,1.8898563,1,3.87048
7298.0,2023-24,21,2.8288062,6,2.6374447
7298.0,2023-24,22,3.3673785,2,1.585877
7298.0,2023-24,23,2.902011,1,1.750635
7298.0,2023-24,24,3.494879,9,1.3822231
7298.0,2023-24,25,5.445805,6,2.387341
7298.0,2023-24,26,2.9635713,2,1.5967665
7298.0,2023-24,27,2.6077805,13,2.3494313
7298.0,2023-24,28,2.4663723,11,2.7238886
7298.0,2023-24,29,0.40774238,0,3.156707
7298.0,2023-24,30,3.6594265,6,3.4794002
7298.0,2023-24,31,5.3233767,6,3.2887843
7298.0,2023-24,32,3.0901172,5,2.2982488
7298.0,2023-24,33,6.0619497,5,2.6587431
7298.0,2023-24,34,6.3535438,6,3.2528718
7298.0,2023-24,34,6.3535438,6,2.6444132
7298.0,2023-24,34,3.861268,20,3.2528718
7298.0,2023-24,34,3.861268,20,2.6444132
7298.0,2023-24,35,3.4597998,1,2.5756023
7298.0,2023-24,36,2.8715043,6,3.7672575
7298.0,2023-24,37,5.0362544,6,2.0246484
7298.0,2023-24,38,3.4801922,2,2.2114155
7332.0,2023-24,6,3.1904585,2,1.697146
7332.0,2023-24,7,1.9388591,2,1.8700958
7332.0,2023-24,8,2.9632943,2,2.4088666
7332.0,2023-24,9,2.3559039,1,1.980751
7332.0,2023-24,10,2.7535727,1,2.1857958
7332.0,2023-24,11,2.4578435,1,2.0698414
7332.0,2023-24,12,2.6217809,2,1.7019473
7332.0,2023-24,13,3.0015318,1,1.7417756
7332.0,2023-24,14,2.0311217,1,1.9889927
7332.0,2023-24,15,2.5550976,5,1.5982158
7332.0,2023-24,16,3.0811863,2,1.6356953
7332.0,2023-24,17,1.8260922,1,1.3058431
7332.0,2023-24,18,2.0104601,2,1.9723417
7332.0,2023-24,19,2.358291,1,1.6169329
7332.0,2023-24,20,2.6628344,13,1.4840721
7332.0,2023-24,21,2.7601488,5,1.8670936
7332.0,2023-24,22,4.3707805,6,2.802355
7332.0,2023-24,23,2.1778738,1,1.147932
7332.0,2023-24,24,3.0235488,1,1.3445072
7332.0,2023-24,25,1.8931174,2,1.6619619
7332.0,2023-24,26,3.7079089,6,2.5578997
7332.0,2023-24,27,2.3119254,1,2.833929
7332.0,2023-24,28,4.839499,2,2.0355358
7332.0,2023-24,29,-0.17840104,0,1.455096
7332.0,2023-24,30,2.9045134,0,1.5310123
7332.0,2023-24,31,3.02985,2,1.8907945
7332.0,2023-24,32,2.6883502,1,2.2353628
7332.0,2023-24,33,3.0398111,1,2.9271054
7332.0,2023-24,34,2.555187,0,2.899102
7332.0,2023-24,34,2.555187,0,1.9512051
7332.0,2023-24,34,3.5710676,2,2.899102
7332.0,2023-24,34,3.5710676,2,1.9512051
7332.0,2023-24,35,2.7046065,2,1.5160508
7332.0,2023-24,36,2.3621092,0,1.6887507
7332.0,2023-24,37,3.417228,1,2.0042958
7332.0,2023-24,38,1.9654676,1,1.1759844
7382.0,2023-24,6,2.6780648,12,1.1425507
7382.0,2023-24,7,3.4081535,6,1.2798879
7382.0,2023-24,8,3.8291414,1,1.4403756
7382.0,2023-24,9,2.1757548,6,1.6567631
7382.0,2023-24,10,3.234353,0,0.7843845
7382.0,2023-24,11,1.7269794,1,1.6161848
7382.0,2023-24,12,-0.77722293,0,1.901608
7382.0,2023-24,13,0.25653222,0,2.2393405
7382.0,2023-24,14,0.14671545,0,1.538347
7382.0,2023-24,15,0.14210175,0,0.50534993
7382.0,2023-24,16,0.06301767,0,0.4446082
7382.0,2023-24,17,1.6563524,14,0.94522226
7382.0,2023-24,18,4.8161445,2,1.1710247
7382.0,2023-24,19,4.4404254,0,0.9458567
7382.0,2023-24,20,2.9619348,1,2.1510453
7382.0,2023-24,21,2.1291108,4,2.45948
7382.0,2023-24,22,1.9715145,2,1.7273467
7382.0,2023-24,23,5.1250362,-1,1.4503632
7382.0,2023-24,24,4.622553,1,0.9017093
7382.0,2023-24,25,4.127721,1,0.8137754
7382.0,2023-24,26,2.033125,4,0.8503753
7382.0,2023-24,27,2.8699176,8,1.2220426
7382.0,2023-24,28,2.7366374,1,2.294636
7382.0,2023-24,29,0.31415412,0,2.7470255
7382.0,2023-24,30,3.0566032,1,0.80958766
7382.0,2023-24,31,4.4163117,2,1.3500087
7382.0,2023-24,32,2.885412,6,1.129317
7382.0,2023-24,33,2.78976,6,2.3191383
7382.0,2023-24,34,2.0973845,1,1.7906091
7382.0,2023-24,35,4.851325,2,1.6442295
7382.0,2023-24,36,3.1939256,2,1.7730291
7382.0,2023-24,37,3.6149771,2,2.9969118
7382.0,2023-24,37,3.6149771,2,2.4715183
7382.0,2023-24,37,3.7352982,1,2.9969118
7382.0,2023-24,37,3.7352982,1,2.4715183
7382.0,2023-24,38,3.2781785,0,3.4714618
7384.0,2023-24,6,-0.028611152,0,0.7649116
7384.0,2023-24,7,-0.023000704,0,0.8450942
7384.0,2023-24,8,-0.025018724,0,0.76266325
7384.0,2023-24,9,-0.020870833,0,0.55174196
7384.0,2023-24,10,1.0479877,2,0.2764675
7384.0,2023-24,11,1.4685541,0,1.2740506
7384.0,2023-24,12,0.07714367,0,1.4557841
7384.0,2023-24,13,0.07714367,0,0.9555867
7384.0,2023-24,14,2.0807626,1,0.6396143
7384.0,2023-24,15,-0.0023181224,0,0.8427732
7384.0,2023-24,16,0.10006562,0,0.42491865
7384.0,2023-24,17,0.020669559,0,0.51188046
7384.0,2023-24,18,0.032857466,0,0.39183915
7384.0,2023-24,19,0.003684589,0,0.27847418
7384.0,2023-24,20,0.0180209,0,0.2911782
7384.0,2023-24,21,0.7986265,0,0.27464348
7384.0,2023-24,22,0.06311134,0,1.1067894
7384.0,2023-24,23,0.06525035,0,1.1062999
7384.0,2023-24,24,0.06525035,0,0.8026321
7384.0,2023-24,25,0.032987144,0,0.55561626
7384.0,2023-24,26,0.032987144,0,0.3733691
7384.0,2023-24,27,1.447019,6,0.25179738
7384.0,2023-24,28,3.502752,0,1.4775219
7384.0,2023-24,28,3.502752,0,1.8028585
7384.0,2023-24,28,2.8838553,4,1.4775219
7384.0,2023-24,28,2.8838553,4,1.8028585
7384.0,2023-24,29,0.025808716,0,1.9287357
7384.0,2023-24,30,3.9460773,2,1.3280458
7430.0,2023-24,6,1.3704329,0,1.9351714
7430.0,2023-24,7,1.2961236,0,2.6771283
7430.0,2023-24,8,1.5561513,1,2.0257986
7430.0,2023-24,9,1.5362936,1,1.1457349
7430.0,2023-24,10,1.8216157,1,1.1122217
7430.0,2023-24,11,1.991589,0,2.1667523
7430.0,2023-24,12,2.8008425,0,1.8691484
7430.0,2023-24,13,1.5907431,1,1.5405562
7430.0,2023-24,14,2.7923872,0,1.5670135
7430.0,2023-24,15,3.2280946,0,1.4207065
7430.0,2023-24,16,2.9389648,0,0.87668467
7430.0,2023-24,17,3.1144028,1,0.7071847
7430.0,2023-24,18,2.1764157,5,1.0359027
7430.0,2023-24,19,3.510179,0,0.7737031
7430.0,2023-24,20,1.9935871,1,0.93508905
7430.0,2023-24,21,2.840158,1,0.85454005
7430.0,2023-24,22,2.8394136,0,0.56297827
7430.0,2023-24,23,2.334583,0,0.49893194
7430.0,2023-24,24,2.655576,0,0.71727437
7430.0,2023-24,25,2.5198236,1,0.69825256
7430.0,2023-24,26,0.17777467,0,1.0617731
7430.0,2023-24,27,2.5286705,2,0.98390627
7430.0,2023-24,28,2.2759838,0,2.366116
7430.0,2023-24,29,2.198153,0,1.455948
7430.0,2023-24,30,2.1703568,0,0.8865395
7430.0,2023-24,31,1.6582055,0,1.1474223
7430.0,2023-24,32,1.7052163,0,1.0769445
7430.0,2023-24,33,0.97125727,0,0.4863913
7430.0,2023-24,34,0.013857334,0,0.6915082
7430.0,2023-24,35,1.8296084,0,0.63875353
7430.0,2023-24,35,1.8296084,0,0.9447225
7430.0,2023-24,35,0.84905887,1,0.63875353
7430.0,2023-24,35,0.84905887,1,0.9447225
7430.0,2023-24,36,1.2972116,-1,1.4355952
7430.0,2023-24,37,2.2629063,0,1.2377551
7430.0,2023-24,37,2.2629063,0,0.9129051
7430.0,2023-24,37,1.6628221,0,1.2377551
7430.0,2023-24,37,1.6628221,0,0.9129051
7430.0,2023-24,38,1.6266596,1,0.82902324
7603.0,2023-24,6,2.6282964,8,1.6602192
7603.0,2023-24,7,2.5964425,7,1.9616127
7603.0,2023-24,8,3.624918,9,2.4048512
7603.0,2023-24,9,1.8023254,0,2.270633
7603.0,2023-24,10,2.7520907,1,2.6099231
7603.0,2023-24,11,3.5248377,5,1.8270427
7603.0,2023-24,12,4.476051,1,1.9481792
7603.0,2023-24,13,3.2535877,1,2.1505764
7603.0,2023-24,14,2.1214674,2,2.1842835
7603.0,2023-24,15,2.761809,1,1.916957
7603.0,2023-24,16,2.311772,1,1.7572675
7603.0,2023-24,17,3.8594143,1,2.1058173
7603.0,2023-24,18,2.7635415,2,2.4548547
7603.0,2023-24,19,1.8245963,1,1.2775424
7603.0,2023-24,20,2.4510176,5,1.5153217
7603.0,2023-24,21,1.6631087,1,1.4403087
7603.0,2023-24,22,3.4424794,1,1.7897823
7603.0,2023-24,23,2.1144893,0,1.3764646
7603.0,2023-24,24,0.036897514,0,1.2615495
7603.0,2023-24,25,-0.07142921,0,0.29312032
7603.0,2023-24,26,0.14199318,0,0.43851322
7603.0,2023-24,27,0.16787529,0,0.46298504
7603.0,2023-24,28,-0.0067258663,0,0.39228418
7603.0,2023-24,29,0.0035588297,0,0.4617179
7603.0,2023-24,30,0.022611322,0,0.39915276
7603.0,2023-24,31,0.007980831,0,0.3363103
7603.0,2023-24,32,-0.018509472,0,0.28209376
7603.0,2023-24,33,-0.018509472,0,0.2482836
7603.0,2023-24,34,-0.018509472,0,0.23389405
7603.0,2023-24,35,-0.018509472,0,0.23609433
7603.0,2023-24,36,0.45024198,1,0.24057248
7603.0,2023-24,37,2.1925368,1,0.45994574
7603.0,2023-24,38,1.7193561,6,0.8415338
7688.0,2023-24,6,2.9496906,1,1.7228528
7688.0,2023-24,7,2.1648006,0,2.2331579
7688.0,2023-24,8,3.0952806,1,1.0888665
7688.0,2023-24,9,2.7571573,1,1.1065291
7688.0,2023-24,10,2.794812,2,1.5227525
7688.0,2023-24,11,2.6640186,2,2.2211957
7688.0,2023-24,12,2.8952966,6,1.9349728
7688.0,2023-24,13,0.5143359,0,1.214142
7688.0,2023-24,14,0.2933097,0,1.0590165
7688.0,2023-24,15,0.17785855,0,0.7875488
7688.0,2023-24,16,0.20806651,0,0.61326015
7688.0,2023-24,17,0.15411685,0,0.44016838
7688.0,2023-24,18,0.013023173,0,0.54954535
7688.0,2023-24,19,0.026917139,0,0.5022334
7688.0,2023-24,20,1.1904902,0,0.46983272
7688.0,2023-24,21,1.4561607,0,0.7378419
7688.0,2023-24,22,0.04087608,0,1.6368747
7688.0,2023-24,23,0.04087608,0,1.5397396
7688.0,2023-24,24,0.16142185,0,0.9775542
7688.0,2023-24,25,0.0701493,0,0.54821396
7688.0,2023-24,26,0.041965663,0,0.29792953
7688.0,2023-24,27,0.008483514,0,0.2858256
7688.0,2023-24,28,0.008483514,0,0.2858256
7688.0,2023-24,29,-0.024544453,0,0.2858256
7688.0,2023-24,30,-0.018509472,0,0.2796309
7688.0,2023-24,31,0.39693102,1,0.26279557
7688.0,2023-24,32,0.12072814,0,0.7464137
7688.0,2023-24,33,1.3115524,1,0.7485436
7688.0,2023-24,34,1.6550845,0,1.0755023
7688.0,2023-24,35,2.1616387,1,1.0571324
7688.0,2023-24,36,1.2727615,1,0.92508256
7688.0,2023-24,37,-0.027405484,0,0.92952335
7688.0,2023-24,38,1.0941926,1,0.9872271
7689.0,2023-24,9,-0.0017101392,0,0.48452252
7689.0,2023-24,10,0.01387301,0,0.2604911
7689.0,2023-24,11,0.01387301,0,0.25477397
7689.0,2023-24,12,0.0180209,0,0.2520324
7689.0,2023-24,13,-0.018509472,0,0.2503398
7689.0,2023-24,14,-0.018509472,0,0.24771157
7689.0,2023-24,15,-0.018509472,0,0.24557662
7689.0,2023-24,16,-0.018509472,0,0.24405344
7689.0,2023-24,17,0.5423822,6,0.24299327
7689.0,2023-24,18,-0.011146913,0,1.0788826
7689.0,2023-24,19,-0.011146913,0,0.8798102
7689.0,2023-24,20,-0.011146913,0,0.59286636
7689.0,2023-24,21,0.013724662,0,0.44262147
7689.0,2023-24,22,1.3319498,5,0.3471926
7689.0,2023-24,23,1.995942,0,0.56807554
7689.0,2023-24,24,2.8773844,1,1.5858531
7689.0,2023-24,25,4.5630307,2,2.489949
7689.0,2023-24,26,2.916667,2,2.620482
7689.0,2023-24,27,3.5184176,1,2.0877361
7689.0,2023-24,28,3.8215377,1,2.3704638
7689.0,2023-24,29,0.09329099,0,2.3284948
7689.0,2023-24,30,2.664572,1,0.87026006
7689.0,2023-24,31,2.158053,2,2.0062885
7689.0,2023-24,32,0.4988854,0,2.287503
7689.0,2023-24,33,1.617138,1,1.9336772
7689.0,2023-24,34,1.4197247,6,2.2008777
7689.0,2023-24,35,1.9203584,6,1.1040393
7689.0,2023-24,36,2.3773782,2,1.3225393
7699.0,2023-24,7,1.5971092,-1,1.5630865
7699.0,2023-24,8,0.22856733,0,1.8008533
7699.0,2023-24,9,0.13433525,0,1.1963252
7699.0,2023-24,10,3.089668,2,0.66325325
7699.0,2023-24,11,-0.14443783,0,1.5981476
7699.0,2023-24,12,3.182938,0,1.3045747
7699.0,2023-24,13,-0.016618514,0,1.7535315
7699.0,2023-24,14,-0.021160198,0,1.1544743
7699.0,2023-24,15,0.012924993,0,0.59443206
7699.0,2023-24,16,-0.037758928,0,0.609951
7699.0,2023-24,17,-0.037758928,0,0.3256564
7699.0,2023-24,18,-0.028170815,0,0.30610293
7699.0,2023-24,19,-0.0055935336,0,0.29008412
7699.0,2023-24,20,1.1493398,6,0.2870154
7699.0,2023-24,21,2.3189323,0,1.6488118
7699.0,2023-24,22,0.048587408,0,1.354933
7699.0,2023-24,23,0.048587408,0,0.9213462
7699.0,2023-24,24,0.012654953,0,0.80879486
7699.0,2023-24,25,1.8240967,1,0.7596804
7699.0,2023-24,26,0.18615863,0,1.0278243
7699.0,2023-24,27,2.3222013,1,0.98684764
7699.0,2023-24,28,0.23495108,0,2.0071867
7699.0,2023-24,29,-0.1692451,0,1.5925131
7699.0,2023-24,30,-0.1692451,0,1.1173269
7699.0,2023-24,31,0.04874404,0,0.7179491
7699.0,2023-24,32,0.04874404,0,0.5350954
7699.0,2023-24,33,0.015244656,0,0.34859902
7699.0,2023-24,34,0.010716142,0,0.34609228
7699.0,2023-24,35,1.3330444,1,0.33622408
7699.0,2023-24,36,1.3307476,8,0.54087985
7699.0,2023-24,37,1.3521184,2,1.4766572
7699.0,2023-24,37,1.3521184,2,1.8401096
7699.0,2023-24,37,2.2329912,1,1.4766572
7699.0,2023-24,37,2.2329912,1,1.8401096
7699.0,2023-24,38,2.5900736,1,1.503762
7703.0,2023-24,6,2.9325607,-3,0.949968
7703.0,2023-24,7,2.5263085,0,1.1089679
7704.0,2023-24,6,2.1163783,1,1.3659444
7704.0,2023-24,7,2.1616416,1,1.0882071
7704.0,2023-24,8,2.5654094,1,1.0704095
7706.0,2023-24,6,0.03459093,0,1.0582411
7706.0,2023-24,7,-0.042215403,0,0.8008743
7706.0,2023-24,8,0.010104147,0,0.4065053
7706.0,2023-24,9,0.000713517,0,0.41052806
7706.0,2023-24,10,0.8938354,0,0.37243003
7706.0,2023-24,11,1.8401688,4,0.42143404
7706.0,2023-24,12,1.9451014,2,1.0221714
7706.0,2023-24,13,2.5267434,5,1.9081734
7706.0,2023-24,14,3.3685668,1,2.2229967
7706.0,2023-24,15,0.328334,0,0.68502736
7706.0,2023-24,16,0.119257584,0,0.113977894
7706.0,2023-24,17,-0.09440826,0,0.24397859
7706.0,2023-24,18,1.1539637,2,0.2739592
7706.0,2023-24,19,2.868531,0,1.0337116
7706.0,2023-24,20,2.4817169,1,1.8384812
7706.0,2023-24,21,-0.105039224,0,2.4795113
7706.0,2023-24,22,-0.054148838,0,1.2236612
7706.0,2023-24,23,-0.03020908,0,0.56520206
7706.0,2023-24,24,-0.097907536,0,0.3648948
7706.0,2023-24,25,-0.0004249005,0,0.26441035
7706.0,2023-24,26,-0.026421113,0,0.37616634
7706.0,2023-24,27,0.90885675,1,0.34935617
7706.0,2023-24,28,1.5307643,1,0.67131555
7726.0,2023-24,6,2.2117624,7,1.4866533
7726.0,2023-24,7,2.5279045,1,2.0444286
7726.0,2023-24,8,3.0119798,2,2.801253
7726.0,2023-24,9,3.7743776,6,1.7111022
7726.0,2023-24,10,3.0317852,2,0.8819496
7726.0,2023-24,11,2.96823,1,1.3006992
7726.0,2023-24,12,3.6830711,1,1.6256545
7726.0,2023-24,13,3.3564608,2,2.4510148
7726.0,2023-24,14,2.9145408,1,1.7058446
7726.0,2023-24,15,1.8654876,8,1.8184538
7726.0,2023-24,16,2.0670109,6,1.7660085
7726.0,2023-24,17,2.0279605,1,1.6417806
7726.0,2023-24,18,5.965196,2,1.9505252
7726.0,2023-24,19,2.0818398,0,1.4797256
7726.0,2023-24,20,5.536813,0,2.0969534
7726.0,2023-24,21,3.0537999,6,2.7695253
7726.0,2023-24,22,3.4047284,1,2.8791335
7726.0,2023-24,23,4.394703,1,1.7826257
7726.0,2023-24,24,-0.24117546,0,2.0163057
7726.0,2023-24,25,0.19312012,0,1.7441379
7726.0,2023-24,26,-0.003453496,0,1.4027338
7726.0,2023-24,27,2.6311815,1,2.167698
7726.0,2023-24,28,3.2277157,1,2.9888136
7726.0,2023-24,29,3.7441974,2,1.8127195
7726.0,2023-24,30,3.347782,15,2.3527725
7726.0,2023-24,31,1.3393326,0,2.0076058
7726.0,2023-24,32,2.4793649,1,2.0235147
7726.0,2023-24,33,2.5597186,6,1.328765
7726.0,2023-24,34,3.4650776,2,1.6414127
7726.0,2023-24,35,3.4390821,1,0.9708313
7726.0,2023-24,36,2.9976165,2,1.2539842
7726.0,2023-24,37,1.6228669,1,1.0537726
7726.0,2023-24,38,1.7075474,0,1.2996631
7931.0,2023-24,6,0.001189566,0,1.2696589
7931.0,2023-24,7,2.5406857,1,1.0746609
7931.0,2023-24,8,1.0932755,1,0.96791494
7931.0,2023-24,9,1.5973493,1,0.93350756
7931.0,2023-24,10,2.4421217,7,1.115938
7931.0,2023-24,11,1.5638834,2,1.821304
7931.0,2023-24,12,3.1551225,2,2.9626696
7931.0,2023-24,13,3.2464259,7,2.93517
7931.0,2023-24,14,3.0416763,11,2.6409237
7931.0,2023-24,15,-0.5632255,0,1.9600148
7931.0,2023-24,16,-0.06734979,0,1.7805667
7931.0,2023-24,17,-0.25311425,0,0.6124606
7931.0,2023-24,18,-0.05801551,0,0.59242594
7931.0,2023-24,19,0.17666161,0,1.0744979
7931.0,2023-24,20,1.8584517,1,1.0364016
7931.0,2023-24,21,0.023937158,0,1.5096749
7931.0,2023-24,22,-0.0030540067,0,1.4984775
7931.0,2023-24,23,-0.02205742,0,1.404399
7931.0,2023-24,24,-0.0020670814,0,0.91657126
7931.0,2023-24,25,-0.0020670814,0,0.46415812
7931.0,2023-24,26,-0.0004727919,0,0.3327232
7931.0,2023-24,27,-0.0004727919,0,0.28814504
7931.0,2023-24,28,-0.0004727919,0,0.27372316
7931.0,2023-24,29,-0.018509472,0,0.27372316
7931.0,2023-24,30,0.25232998,1,0.2661002
7931.0,2023-24,31,1.8801461,1,0.4866156
7931.0,2023-24,32,1.8213722,1,0.81582075
7931.0,2023-24,33,1.7199247,0,1.0430812
7931.0,2023-24,34,2.1838224,6,1.3303828
7931.0,2023-24,35,1.3561709,1,1.4623432
7931.0,2023-24,36,3.6494522,6,1.892189
7931.0,2023-24,37,3.7277663,6,1.6704919
7931.0,2023-24,38,4.0168605,9,2.3284602
7943.0,2023-24,13,-0.09500044,0,1.2299541
7943.0,2023-24,14,1.8503705,0,0.9010726
7943.0,2023-24,15,1.979156,2,1.1916751
7943.0,2023-24,16,3.6554933,1,1.5594935
7943.0,2023-24,17,1.8364042,1,1.2731727
7943.0,2023-24,18,3.1618137,1,0.9652127
7943.0,2023-24,19,2.338575,1,0.8175864
7943.0,2023-24,20,-0.13066025,0,0.5261583
7943.0,2023-24,21,0.16688485,0,0.5485442
7943.0,2023-24,22,3.147594,-1,0.46117455
7943.0,2023-24,23,2.6354058,2,1.1769236
7943.0,2023-24,24,0.17948838,0,2.1590564
7943.0,2023-24,25,2.6499414,1,1.4858184
7943.0,2023-24,26,2.6756124,1,1.4349122
7943.0,2023-24,27,-0.07544304,0,1.2966206
7943.0,2023-24,28,2.104428,1,1.0357057
7943.0,2023-24,29,-0.05930248,0,1.3002365
7943.0,2023-24,30,-0.030424416,0,0.72921
7943.0,2023-24,31,1.6142769,6,0.40661454
7943.0,2023-24,32,0.0025518348,0,1.538195
7943.0,2023-24,33,2.6898851,2,1.2705369
7943.0,2023-24,34,1.547363,1,1.9965653
7943.0,2023-24,35,2.033778,1,1.6513455
7943.0,2023-24,36,3.4021018,6,1.6594696
7943.0,2023-24,37,1.4370906,2,2.1135445
7943.0,2023-24,37,1.4370906,2,1.7337626
7943.0,2023-24,37,3.0306902,1,2.1135445
7943.0,2023-24,37,3.0306902,1,1.7337626
7943.0,2023-24,38,3.6834447,1,1.1278163
8067.0,2023-24,6,0.0681812,0,0.67780054
8067.0,2023-24,7,0.034879763,0,0.89011407
8067.0,2023-24,8,0.034879763,0,0.7043057
8067.0,2023-24,9,0.91132313,1,0.5813008
8067.0,2023-24,10,1.2805272,1,0.97468376
8067.0,2023-24,11,1.8402116,2,1.39161
8067.0,2023-24,12,1.0029478,4,1.3225036
8067.0,2023-24,13,1.5146979,-3,1.8021989
8067.0,2023-24,14,0.6003613,0,1.3838435
8067.0,2023-24,15,3.3598542,1,0.6931078
8067.0,2023-24,16,2.7315052,1,0.85164046
8067.0,2023-24,17,-0.1768114,0,0.2158758
8067.0,2023-24,18,0.1544171,0,0.8365904
8067.0,2023-24,19,-0.13768665,0,0.91792583
8067.0,2023-24,20,-0.07498745,0,0.8477659
8067.0,2023-24,21,0.021454593,0,0.76599157
8067.0,2023-24,22,-0.004785254,0,0.72704244
8067.0,2023-24,23,-0.004785254,0,0.5580306
8067.0,2023-24,24,0.0170865,0,0.42353666
8067.0,2023-24,25,-0.018509472,0,0.35669327
8067.0,2023-24,26,-0.018509472,0,0.30345985
8067.0,2023-24,27,-0.018509472,0,0.27468604
8067.0,2023-24,28,-0.018509472,0,0.25238585
8067.0,2023-24,29,-0.018509472,0,0.24099801
8067.0,2023-24,30,-0.018509472,0,0.24240766
8067.0,2023-24,31,-0.018509472,0,0.24240766
8067.0,2023-24,32,-0.018509472,0,0.24240766
8067.0,2023-24,33,-0.018509472,0,0.24240766
8067.0,2023-24,34,-0.018509472,0,0.24240766
8067.0,2023-24,35,-0.018509472,0,0.24240766
8067.0,2023-24,36,-0.018509472,0,0.24240766
8067.0,2023-24,37,0.48471192,4,0.24240766
8067.0,2023-24,37,0.48471192,4,0.6373917
8067.0,2023-24,37,2.724648,-2,0.24240766
8067.0,2023-24,37,2.724648,-2,0.6373917
8090.0,2023-24,7,-0.1862948,0,2.1230638
8090.0,2023-24,8,-0.0906353,0,1.0415797
8090.0,2023-24,9,2.1770117,1,0.80118346
8090.0,2023-24,10,2.1186075,2,2.0128992
8090.0,2023-24,11,2.8160815,-1,2.3171928
8090.0,2023-24,12,2.2481732,7,1.9854476
8090.0,2023-24,13,3.405656,1,1.2839282
8090.0,2023-24,14,-0.065641046,0,1.6193446
8090.0,2023-24,15,0.11428732,0,0.8010161
8090.0,2023-24,16,-0.12193425,0,0.46188396
8090.0,2023-24,17,-0.01260265,0,0.41013843
8090.0,2023-24,18,0.21641761,0,0.45819974
8090.0,2023-24,19,0.0366951,0,0.4557374
8090.0,2023-24,20,0.15048005,0,0.43802088
8090.0,2023-24,21,0.93360484,0,0.41018194
8090.0,2023-24,22,2.0121877,2,0.72271913
8090.0,2023-24,23,1.9580905,2,1.3661668
8090.0,2023-24,24,1.9163204,0,1.902155
8090.0,2023-24,25,1.8079162,1,1.3960916
8090.0,2023-24,26,0.039450303,0,1.281583
8090.0,2023-24,27,-0.034588385,0,0.82824266
8090.0,2023-24,28,-0.05986469,0,0.5566259
8090.0,2023-24,29,0.06353771,0,0.554391
8090.0,2023-24,30,2.0344598,4,0.50849485
8090.0,2023-24,31,2.263508,7,0.65765226
8090.0,2023-24,32,2.5561178,1,1.2965261
8090.0,2023-24,33,2.6891696,1,1.8690097
8090.0,2023-24,34,2.9975967,1,1.2682197
8090.0,2023-24,34,2.9975967,1,0.91542995
8090.0,2023-24,34,5.309379,1,1.2682197
8090.0,2023-24,34,5.309379,1,0.91542995
8090.0,2023-24,35,3.5182931,6,1.0690889
8090.0,2023-24,36,0.012881046,0,1.7489672
8090.0,2023-24,37,1.9062147,1,1.4297945
8090.0,2023-24,38,1.8434955,1,2.4005694
8204.0,2023-24,6,-0.0066761137,0,0.5632096
8204.0,2023-24,7,0.0005634679,0,0.4142542
8204.0,2023-24,8,-0.0013001778,0,0.4074474
8204.0,2023-24,9,1.5042387,1,0.36087674
8204.0,2023-24,10,0.92477,1,0.81382704
8204.0,2023-24,11,1.1775612,1,1.0111036
8204.0,2023-24,12,-0.14786161,0,1.1656009
8204.0,2023-24,13,0.8376782,1,1.285244
8204.0,2023-24,14,-0.17545277,0,3.3364384
8204.0,2023-24,15,-0.17545277,0,3.3144062
8204.0,2023-24,16,1.7040976,7,2.6036756
8204.0,2023-24,17,2.357842,1,1.6808214
8204.0,2023-24,18,2.7821383,1,2.2460587
8204.0,2023-24,19,1.9081392,0,1.6785893
8204.0,2023-24,20,4.0349965,1,0.9114462
8204.0,2023-24,21,2.6285927,1,0.5917208
8204.0,2023-24,22,1.673048,1,0.864475
8204.0,2023-24,23,2.383937,2,1.3705367
8204.0,2023-24,24,3.247143,1,1.791106
8204.0,2023-24,25,2.5038538,5,1.5592809
8204.0,2023-24,26,2.3007314,0,2.097218
8204.0,2023-24,27,1.7164525,2,1.6667527
8204.0,2023-24,28,1.9345205,1,1.2841195
8204.0,2023-24,29,2.7221494,2,1.9062263
8204.0,2023-24,30,3.5257065,2,2.3731709
8204.0,2023-24,31,2.5168536,2,1.7833705
8204.0,2023-24,32,1.7917006,0,2.2002585
8204.0,2023-24,33,3.6342762,1,2.4927804
8204.0,2023-24,34,3.1601527,1,1.2541738
8204.0,2023-24,35,2.7085142,1,2.0273802
8214.0,2023-24,6,4.3863616,5,2.495499
8214.0,2023-24,7,2.725614,6,2.142342
8214.0,2023-24,8,3.5826013,6,2.4557636
8214.0,2023-24,9,2.6956537,-1,1.8437912
8214.0,2023-24,10,2.1254475,1,2.354492
8214.0,2023-24,11,3.2740488,15,1.5181253
8214.0,2023-24,12,4.1534214,1,3.1336734
8214.0,2023-24,13,3.891517,1,3.134827
8214.0,2023-24,14,2.7431638,2,2.7278826
8214.0,2023-24,15,3.4659822,1,2.227673
8214.0,2023-24,16,0.15677428,0,1.4141402
8214.0,2023-24,17,2.5547922,1,1.3038404
8214.0,2023-24,18,1.9510128,1,1.9640079
8214.0,2023-24,19,1.6608592,0,1.6709211
8214.0,2023-24,20,1.8329262,6,2.0250914
8214.0,2023-24,21,1.7343978,0,2.0416472
8214.0,2023-24,22,2.9906514,1,2.4940424
8214.0,2023-24,23,2.0333982,0,1.7441611
8214.0,2023-24,24,2.625999,1,1.5321027
8214.0,2023-24,25,2.5422673,2,0.70977896
8214.0,2023-24,26,3.5015318,5,1.757093
8214.0,2023-24,27,1.9390559,1,2.2687118
8214.0,2023-24,28,2.8468754,3,2.4622562
8214.0,2023-24,29,0.38148466,0,1.561067
8214.0,2023-24,30,3.1774836,2,1.9885268
8214.0,2023-24,31,2.376913,2,2.0010207
8214.0,2023-24,32,2.0220928,0,2.6473162
8214.0,2023-24,33,2.3049588,12,1.5134177
8214.0,2023-24,34,4.10934,0,2.2333322
8214.0,2023-24,34,4.10934,0,3.271818
8214.0,2023-24,34,3.843632,6,2.2333322
8214.0,2023-24,34,3.843632,6,3.271818
8214.0,2023-24,35,4.1793313,2,1.5650619
8214.0,2023-24,36,3.7064452,12,1.1308239
8214.0,2023-24,37,5.3888125,2,1.4470327
8214.0,2023-24,38,3.6424482,6,3.7494152
8226.0,2023-24,9,-0.06367088,0,0.48864233
8226.0,2023-24,10,0.105989456,0,0.0947392
8226.0,2023-24,11,-0.0045767156,0,0.84354925
8226.0,2023-24,12,0.026744835,0,0.5094094
8226.0,2023-24,13,2.2287388,1,0.4708742
8226.0,2023-24,14,-0.026718928,0,0.4980263
8226.0,2023-24,15,-0.035092797,0,0.47141647
8226.0,2023-24,16,-0.03905014,0,0.3923632
8226.0,2023-24,17,0.0011566733,0,0.2951854
8226.0,2023-24,18,0.0011566733,0,0.19321105
8226.0,2023-24,19,-0.016599244,0,0.24965726
8226.0,2023-24,20,-0.016599244,0,0.24961261
8226.0,2023-24,21,1.0939167,1,0.25247097
8226.0,2023-24,22,1.7128834,1,0.49180102
8226.0,2023-24,23,1.9997085,5,0.82791615
8226.0,2023-24,24,1.534213,2,2.2291956
8226.0,2023-24,25,3.660264,0,2.3247178
8226.0,2023-24,26,3.1959794,6,1.3335087
8226.0,2023-24,27,3.079386,0,0.9413926
8226.0,2023-24,28,2.5237932,1,0.67583656
8226.0,2023-24,29,-0.04045376,0,1.4371269
8226.0,2023-24,30,1.7322549,1,1.0987843
8226.0,2023-24,31,2.4163735,1,1.2806981
8226.0,2023-24,32,1.9317831,1,1.0645875
8226.0,2023-24,33,0.28538617,0,1.6191089
8226.0,2023-24,34,-0.0086517045,0,2.0878181
8226.0,2023-24,35,0.14474009,0,1.5062995
8226.0,2023-24,36,-0.017642373,0,1.0773932
8226.0,2023-24,37,1.0610679,1,0.32030022
8226.0,2023-24,37,1.0610679,1,0.66149616
8226.0,2023-24,37,1.7320471,1,0.32030022
8226.0,2023-24,37,1.7320471,1,0.66149616
8226.0,2023-24,38,3.6116736,1,1.7919543
8286.0,2023-24,6,2.378372,-3,1.3992124
8286.0,2023-24,7,2.2409444,1,1.2269936
8286.0,2023-24,8,2.019235,0,1.3158343
8286.0,2023-24,9,3.4487474,1,1.1816773
8286.0,2023-24,10,1.9930099,0,1.4563532
8286.0,2023-24,11,2.9592083,2,1.7269564
8286.0,2023-24,12,1.8927984,1,1.2936769
8286.0,2023-24,13,1.9958233,0,1.1564169
8286.0,2023-24,14,1.7119024,0,1.0949326
8286.0,2023-24,15,1.8572985,1,1.2839268
8286.0,2023-24,16,2.1097038,6,1.1267916
8286.0,2023-24,17,-0.21417814,0,1.600292
8286.0,2023-24,18,1.7800298,2,1.1828169
8286.0,2023-24,19,2.634515,-2,1.7200711
8286.0,2023-24,20,2.2260578,1,1.1288395
8286.0,2023-24,21,2.7145662,1,1.6080495
8286.0,2023-24,22,2.41935,0,1.6349739
8286.0,2023-24,23,2.835505,1,1.7791193
8286.0,2023-24,24,3.183792,2,1.1444622
8286.0,2023-24,25,3.7269406,-2,1.5524113
8286.0,2023-24,26,1.8398223,2,1.4530051
8286.0,2023-24,27,1.8058604,-1,2.5629635
8286.0,2023-24,28,2.298066,7,1.8842201
8286.0,2023-24,29,-0.17732732,0,2.0467038
8286.0,2023-24,30,2.6781144,1,0.82193893
8286.0,2023-24,31,1.1816548,1,0.89607155
8286.0,2023-24,32,2.9423137,0,0.9534116
8286.0,2023-24,33,0.34398073,0,1.5398698
8286.0,2023-24,34,0.7616879,0,1.0301929
8286.0,2023-24,35,1.5100707,1,0.41436082
8286.0,2023-24,36,1.7910188,1,0.71541
8286.0,2023-24,37,2.6061375,1,1.355015
8286.0,2023-24,38,2.534394,0,2.0795584
8430.0,2023-24,10,0.017114801,0,1.1299787
8430.0,2023-24,11,1.9627708,1,0.87798893
8430.0,2023-24,12,0.0023777452,0,0.766786
8430.0,2023-24,13,0.006525639,0,0.5503839
8430.0,2023-24,14,1.528722,2,0.5904721
8430.0,2023-24,15,1.973072,1,1.2663949
8430.0,2023-24,16,2.1189673,0,2.0276752
8430.0,2023-24,17,1.7774065,1,2.179895
8430.0,2023-24,18,1.931281,2,1.8366654
8430.0,2023-24,19,1.8383967,0,1.498078
8430.0,2023-24,20,2.97568,2,1.7640351
8430.0,2023-24,21,1.7591993,0,1.5877767
8430.0,2023-24,22,3.242624,1,1.632911
8430.0,2023-24,23,2.0317664,0,1.3134863
8430.0,2023-24,24,2.5528727,1,1.5673507
8430.0,2023-24,25,2.5144544,2,1.3781896
8430.0,2023-24,26,3.184654,14,1.701328
8430.0,2023-24,27,3.8952513,1,2.0425942
8430.0,2023-24,28,2.359737,2,1.8413892
8430.0,2023-24,29,0.06988789,0,1.1273115
8430.0,2023-24,30,3.7605417,2,1.1118867
8430.0,2023-24,31,0.42152795,0,2.1186943
8430.0,2023-24,32,-0.013183897,0,0.89852524
8430.0,2023-24,33,-0.012639193,0,0.49747366
8430.0,2023-24,34,1.9483749,1,0.64218587
8430.0,2023-24,34,1.9483749,1,1.3211217
8430.0,2023-24,34,2.35048,5,0.64218587
8430.0,2023-24,34,2.35048,5,1.3211217
8430.0,2023-24,35,2.3819485,2,2.6477463
8430.0,2023-24,36,2.7550697,11,2.3512037
8430.0,2023-24,37,4.058928,2,1.0712234
8430.0,2023-24,38,3.598041,6,2.7947133
8476.0,2023-24,8,2.3412678,6,0.99785286
8476.0,2023-24,9,1.8637881,1,1.5239947
8476.0,2023-24,10,2.6634905,8,1.3513417
8476.0,2023-24,11,2.6796825,1,1.5845582
8476.0,2023-24,12,3.2527556,1,1.1074649
8476.0,2023-24,13,3.4051263,1,1.8742251
8476.0,2023-24,14,3.6125925,9,1.9373121
8476.0,2023-24,15,3.6391313,6,3.0230215
8476.0,2023-24,16,3.1508646,5,1.5082699
8476.0,2023-24,17,0.0028674477,0,1.2548511
8476.0,2023-24,18,3.4827082,1,1.4196775
8476.0,2023-24,19,2.1478555,0,3.820276
8476.0,2023-24,20,3.5890253,1,2.0416214
8476.0,2023-24,21,2.7831867,6,1.741879
8476.0,2023-24,22,3.5252435,5,2.077334
8476.0,2023-24,23,3.6525016,8,2.4058692
8476.0,2023-24,24,3.1161149,1,2.0598416
8476.0,2023-24,25,3.8868568,2,2.6784375
8476.0,2023-24,26,2.6958768,9,2.9185479
8476.0,2023-24,27,2.1203961,1,2.5809293
8476.0,2023-24,28,3.1802604,1,2.1087377
8476.0,2023-24,29,0.0150374565,0,2.2058976
8476.0,2023-24,30,2.4628131,1,1.855903
8476.0,2023-24,31,2.0858316,2,1.9970332
8476.0,2023-24,32,3.0179007,6,1.8841112
8476.0,2023-24,33,1.5571642,-1,1.933737
8476.0,2023-24,34,3.25908,5,3.2768683
8476.0,2023-24,34,3.25908,5,1.9093273
8476.0,2023-24,34,2.2153194,15,3.2768683
8476.0,2023-24,34,2.2153194,15,1.9093273
8476.0,2023-24,35,3.258617,6,2.2118948
8476.0,2023-24,36,1.670413,5,1.8341607
8476.0,2023-24,37,1.5167937,6,1.5806397
8476.0,2023-24,38,2.2426383,1,1.6085696
8562.0,2023-24,9,2.87815,0,1.8771102
8562.0,2023-24,10,1.8609797,0,1.7996304
8562.0,2023-24,11,2.9896839,2,1.3980768
8562.0,2023-24,12,1.724618,2,1.1591803
8562.0,2023-24,13,2.6193523,0,1.2173417
8562.0,2023-24,14,2.1764648,-1,0.8188027
8562.0,2023-24,15,-0.03632594,0,0.6119106
8562.0,2023-24,16,0.030998858,0,0.31241244
8562.0,2023-24,17,0.008832463,0,0.25874847
8562.0,2023-24,18,-0.016751058,0,0.14652056
8562.0,2023-24,19,-0.0016156642,0,0.22087365
8562.0,2023-24,20,1.0207794,1,0.34441704
8635.0,2023-24,6,2.456659,12,0.6714471
8635.0,2023-24,7,-0.25792453,0,1.9186844
8635.0,2023-24,8,0.030945584,0,2.4860756
8635.0,2023-24,9,0.16465853,0,2.188288
8635.0,2023-24,10,0.07775191,0,1.7450925
8635.0,2023-24,11,0.42386198,0,1.3590639
8635.0,2023-24,12,-0.013183717,0,0.95426714
8635.0,2023-24,13,-0.013183717,0,0.7942037
8635.0,2023-24,14,0.00824562,0,0.67109966
8635.0,2023-24,15,-0.018509472,0,0.5749865
8635.0,2023-24,16,-0.018509472,0,0.47771537
8635.0,2023-24,17,0.62196434,1,0.3686094
8635.0,2023-24,18,2.748049,1,0.34533864
8635.0,2023-24,19,2.4731557,1,0.87586355
8635.0,2023-24,20,1.254582,6,1.4190162
8635.0,2023-24,21,2.0475214,1,1.2790854
8635.0,2023-24,22,2.6594543,2,1.4906931
8635.0,2023-24,23,3.987621,0,1.5218267
8635.0,2023-24,24,3.4570785,3,1.3935227
8635.0,2023-24,25,3.4984024,1,1.0931762
8635.0,2023-24,26,2.2508974,-2,1.601788
8635.0,2023-24,27,3.567178,6,1.3064913
8635.0,2023-24,28,1.8950254,1,1.2492346
8756.0,2023-24,6,1.8786793,0,1.4534404
8756.0,2023-24,7,1.2807205,0,0.9356182
8756.0,2023-24,7,1.2807205,0,0.46373743
8756.0,2023-24,7,1.3873961,0,0.9356182
8756.0,2023-24,7,1.3873961,0,0.46373743
8756.0,2023-24,8,1.4548299,0,0.27773738
8756.0,2023-24,9,1.5297427,1,0.50554895
8756.0,2023-24,10,2.0250149,5,1.2677877
8756.0,2023-24,11,2.139351,1,2.1525402
8756.0,2023-24,12,1.4610131,1,3.089
8756.0,2023-24,13,2.3715584,-1,2.3128226
8756.0,2023-24,14,3.987829,8,1.7289202
8756.0,2023-24,15,3.949146,2,0.8325769
8756.0,2023-24,16,2.9767246,1,2.3717463
8756.0,2023-24,17,2.7700691,1,1.8084165
8756.0,2023-24,18,3.1471918,6,1.1769301
8756.0,2023-24,19,2.9870946,0,1.6400046
8756.0,2023-24,20,2.1263356,4,1.6662333
8756.0,2023-24,21,3.610425,2,1.4074508
8756.0,2023-24,22,2.671533,1,1.6474068
8756.0,2023-24,23,2.5668163,1,2.1323717
8756.0,2023-24,24,1.7512685,6,1.6119406
8756.0,2023-24,25,2.2051606,0,2.4696207
8756.0,2023-24,26,2.5327024,1,1.5154428
8756.0,2023-24,27,2.972148,0,1.5572296
8756.0,2023-24,28,2.42132,1,1.2393918
8756.0,2023-24,29,2.9692569,2,1.490216
8756.0,2023-24,30,1.9151303,7,1.7016311
8756.0,2023-24,31,2.4003935,6,2.2490904
8756.0,2023-24,32,1.737584,-1,0.7808026
8756.0,2023-24,33,2.7969086,0,0.88156295
8756.0,2023-24,34,3.0339665,2,0.3361265
8756.0,2023-24,35,2.6576471,2,0.8978718
8756.0,2023-24,36,4.0782933,6,1.28248
8756.0,2023-24,37,1.935336,1,2.780234
8756.0,2023-24,38,3.1732955,1,1.6902804
8780.0,2023-24,6,2.4317188,1,0.9981864
8780.0,2023-24,7,1.8320366,-1,1.3615379
8780.0,2023-24,8,2.7002017,1,1.5283792
8780.0,2023-24,9,2.066264,1,2.0654032
8780.0,2023-24,10,2.709951,1,1.9812983
8780.0,2023-24,11,1.977165,2,1.3946116
8780.0,2023-24,12,4.1155887,1,2.0976994
8780.0,2023-24,13,2.345019,1,1.2295294
8780.0,2023-24,14,2.2041829,1,1.4466054
8780.0,2023-24,15,2.3168085,1,1.9054201
8780.0,2023-24,16,0.10758255,0,1.2174158
8780.0,2023-24,17,1.4241754,1,0.7351227
8780.0,2023-24,18,0.05532141,0,0.7230238
8780.0,2023-24,19,0.1330315,0,0.48241746
8780.0,2023-24,20,0.08672269,0,0.2776869
8780.0,2023-24,21,0.050880216,0,0.32987154
8780.0,2023-24,22,0.024125805,0,0.21415421
8780.0,2023-24,23,0.0180209,0,0.33770746
8780.0,2023-24,24,0.61953026,1,0.30624124
8780.0,2023-24,25,0.0074600326,0,0.36185533
8780.0,2023-24,26,1.5341141,1,0.43163183
8780.0,2023-24,27,1.5450466,1,1.0778768
8780.0,2023-24,28,2.441884,5,1.8954661
8780.0,2023-24,29,-0.08161082,0,1.7261252
8780.0,2023-24,30,1.7380908,1,1.5222127
8780.0,2023-24,31,1.9603707,6,1.5103774
8780.0,2023-24,32,0.00095316954,0,1.8250568
8780.0,2023-24,33,2.662237,1,1.9418972
8780.0,2023-24,34,1.8995115,-1,2.382704
8780.0,2023-24,35,2.4234922,1,1.2833451
8780.0,2023-24,36,2.4931471,6,1.0484024
8780.0,2023-24,37,1.6532139,7,1.7735997
8831.0,2023-24,6,3.5153759,0,1.9904307
8831.0,2023-24,7,2.6452298,1,1.4931428
8831.0,2023-24,8,4.155489,6,1.2041776
8831.0,2023-24,9,2.6141667,1,1.9895146
8831.0,2023-24,10,3.0898633,0,1.8345895
8831.0,2023-24,11,2.9966283,-4,2.6861703
8831.0,2023-24,12,2.9277747,0,1.9912673
8831.0,2023-24,13,1.8884751,1,1.09049
8831.0,2023-24,14,2.733475,0,1.3611715
8831.0,2023-24,15,3.1919942,1,2.2049403
8831.0,2023-24,16,3.2139053,9,1.898543
8831.0,2023-24,17,3.340854,5,1.0878419
8831.0,2023-24,18,2.2596302,0,0.9774571
8831.0,2023-24,19,3.3796859,0,0.79105484
8831.0,2023-24,20,1.7916851,2,1.2008077
8831.0,2023-24,21,3.3466246,1,1.2598757
8831.0,2023-24,22,3.3672655,10,0.95328355
8831.0,2023-24,23,3.2005146,4,1.5533793
8831.0,2023-24,24,4.5136175,2,1.0622203
8831.0,2023-24,25,3.8788505,0,2.7457876
8831.0,2023-24,26,-0.09614659,0,3.1729462
8831.0,2023-24,27,3.3384075,2,2.79829
8831.0,2023-24,28,1.3437029,6,2.8097517
8831.0,2023-24,29,2.365623,1,1.8252338
8831.0,2023-24,30,2.9951284,2,1.9391041
8831.0,2023-24,31,2.81659,2,2.1644623
8831.0,2023-24,32,2.66793,2,2.1916482
8831.0,2023-24,33,2.0673633,0,1.9658719
8831.0,2023-24,34,0.39875197,0,1.9157476
8831.0,2023-24,35,2.5980773,0,1.3877536
8831.0,2023-24,35,2.5980773,0,1.2517537
8831.0,2023-24,35,1.6472317,0,1.3877536
8831.0,2023-24,35,1.6472317,0,1.2517537
8831.0,2023-24,36,1.1852052,0,0.5406586
8831.0,2023-24,37,1.6402298,0,0.4938026
8831.0,2023-24,37,1.6402298,0,0.5056312
8831.0,2023-24,37,1.3905503,0,0.4938026
8831.0,2023-24,37,1.3905503,0,0.5056312
8831.0,2023-24,38,1.1560088,0,0.42638868
8852.0,2023-24,7,-0.0017101392,0,0.38766304
8852.0,2023-24,8,0.01387301,0,0.26118746
8852.0,2023-24,9,0.8237037,6,0.2554188
8852.0,2023-24,10,2.349357,6,0.87092733
8852.0,2023-24,11,1.4793539,1,1.2784041
8852.0,2023-24,12,1.8650488,15,1.2617092
8852.0,2023-24,13,2.110203,2,1.4709055
8852.0,2023-24,14,3.6811876,4,1.3585844
8852.0,2023-24,15,-0.22094424,0,2.6486921
8852.0,2023-24,16,3.6557028,2,1.208776
8852.0,2023-24,17,4.09177,7,1.7328548
8852.0,2023-24,18,2.7094867,1,1.9563241
8852.0,2023-24,19,0.3090419,0,2.2537568
8852.0,2023-24,20,0.656197,0,1.5677786
8852.0,2023-24,21,-0.1762027,0,1.2129916
8852.0,2023-24,22,-0.0961243,0,1.501767
8852.0,2023-24,23,0.0015743121,0,1.1245229
8852.0,2023-24,24,2.0487041,1,1.1556314
8852.0,2023-24,25,-0.0483274,0,1.5854759
8852.0,2023-24,26,0.021665962,0,1.7532527
8852.0,2023-24,27,1.2120186,1,1.116164
8852.0,2023-24,28,0.26352125,0,1.047827
8852.0,2023-24,29,0.26352125,0,0.6622716
8852.0,2023-24,30,0.26352125,0,0.7587059
8852.0,2023-24,31,0.28397727,0,0.9178534
8852.0,2023-24,32,0.28397727,0,0.8210826
8852.0,2023-24,33,0.030122261,0,0.2985146
8852.0,2023-24,34,1.3028061,1,0.29670292
8864.0,2023-24,6,2.853051,6,1.2865834
8864.0,2023-24,7,4.1619344,6,1.6450926
8864.0,2023-24,8,3.6262634,2,1.8613384
8864.0,2023-24,9,3.3456483,2,2.7867103
8864.0,2023-24,10,3.409754,5,2.7002838
8864.0,2023-24,11,3.978171,0,2.4573183
8864.0,2023-24,12,5.0761075,2,2.621451
8864.0,2023-24,13,4.7468405,0,4.2966714
8864.0,2023-24,14,2.96294,1,3.541867
8864.0,2023-24,15,2.1261554,0,3.5924056
8864.0,2023-24,16,2.7689905,1,3.687708
8864.0,2023-24,17,2.1229715,2,2.6698172
8864.0,2023-24,18,4.021825,1,2.6769822
8864.0,2023-24,19,1.9990821,0,2.5582864
8864.0,2023-24,20,3.9723434,0,1.6525736
8864.0,2023-24,21,1.9138812,1,1.3282003
8864.0,2023-24,22,2.5190747,1,1.9780462
8864.0,2023-24,23,2.4509113,1,2.0504162
8864.0,2023-24,24,2.8795185,0,1.3819826
8864.0,2023-24,25,2.9222765,2,1.1194284
8864.0,2023-24,26,3.1162353,1,1.0226797
8864.0,2023-24,27,2.7602093,1,1.1313945
8864.0,2023-24,28,3.8476875,0,0.64088124
8864.0,2023-24,29,2.85599,1,1.2185194
8864.0,2023-24,30,3.4817429,0,1.6435423
8864.0,2023-24,31,2.4821653,0,2.5121357
8864.0,2023-24,32,3.0217078,0,2.273191
8864.0,2023-24,33,1.523498,0,1.2728856
8864.0,2023-24,34,1.7160208,1,0.47463107
8864.0,2023-24,35,1.6433535,4,0.70632696
8864.0,2023-24,36,3.4368386,1,1.6194553
8864.0,2023-24,37,2.322995,0,0.88636714
8864.0,2023-24,38,1.8686996,0,0.4264486
8918.0,2023-24,6,0.008894241,0,0.30381554
8918.0,2023-24,7,0.016382208,0,0.31480032
8918.0,2023-24,8,-0.008619399,0,0.3737834
8918.0,2023-24,9,-0.008619399,0,0.33375677
8918.0,2023-24,10,0.010614843,0,0.31218913
8918.0,2023-24,11,-0.018509472,0,0.2871571
8918.0,2023-24,12,-0.018509472,0,0.26245254
8918.0,2023-24,13,-0.018509472,0,0.24592593
8918.0,2023-24,14,-0.018509472,0,0.23851274
8918.0,2023-24,15,0.41063198,1,0.23954713
8918.0,2023-24,16,1.6717678,1,0.6994474
8918.0,2023-24,17,1.1078352,0,1.1239753
8918.0,2023-24,18,1.6032715,1,1.0655731
8918.0,2023-24,19,3.1249673,0,1.0232321
8918.0,2023-24,20,0.25887454,0,1.2513669
8918.0,2023-24,21,-0.042210363,0,0.65028775
8918.0,2023-24,22,-0.0129377935,0,0.4794535
8918.0,2023-24,23,-0.069921404,0,0.37759107
8918.0,2023-24,24,1.7697823,5,0.42497337
8918.0,2023-24,25,-0.0018022996,0,1.5449255
8918.0,2023-24,26,0.04244009,0,1.3718783
8918.0,2023-24,27,0.04244009,0,0.7870831
8918.0,2023-24,28,-0.010981169,0,0.4123894
8918.0,2023-24,29,-0.010981169,0,0.23584555
8918.0,2023-24,30,0.037293814,0,0.4749055
8918.0,2023-24,31,0.037293814,0,0.43063548
8918.0,2023-24,32,0.037293814,0,0.3622878
8918.0,2023-24,33,-0.018509472,0,0.31740093
8918.0,2023-24,34,-0.018509472,0,0.29528475
8918.0,2023-24,35,-0.018509472,0,0.27184287
8918.0,2023-24,36,-0.018509472,0,0.25443998
8918.0,2023-24,37,0.45143217,1,0.24434462
8918.0,2023-24,38,1.7047613,1,0.43321222
8940.0,2023-24,6,2.6333957,7,1.0338852
8940.0,2023-24,7,3.6005406,1,2.4207373
8940.0,2023-24,8,4.2336903,0,3.6682923
8940.0,2023-24,9,2.9232118,1,2.7700095
8940.0,2023-24,10,3.7792459,1,2.541122
8940.0,2023-24,11,4.047312,1,1.737893
8940.0,2023-24,12,2.7262065,2,1.9818732
8940.0,2023-24,13,3.7433672,4,3.2964742
8940.0,2023-24,14,2.2659836,4,2.9048376
8940.0,2023-24,15,2.8033369,6,1.8630364
8940.0,2023-24,16,3.2947176,6,2.123
8940.0,2023-24,17,2.2405002,1,2.51591
8940.0,2023-24,18,4.067839,1,1.5393871
8940.0,2023-24,19,3.0822732,1,1.1973034
8940.0,2023-24,20,2.6921108,2,1.6442823
8940.0,2023-24,21,1.7284327,2,2.985646
8940.0,2023-24,22,2.333769,6,3.3864315
8940.0,2023-24,23,3.6923203,5,2.4959962
8940.0,2023-24,24,3.4549205,2,2.3730624
8940.0,2023-24,25,3.0673668,5,2.243192
8940.0,2023-24,26,4.6143575,2,2.52801
8940.0,2023-24,27,2.5196795,6,2.2396548
8940.0,2023-24,28,3.8269732,1,1.8887988
8940.0,2023-24,29,2.6959305,11,0.89886916
8940.0,2023-24,30,4.7503195,1,1.5696344
8940.0,2023-24,31,3.7482285,1,1.7501754
8940.0,2023-24,32,3.6780615,2,2.940323
8940.0,2023-24,33,2.7963252,6,4.2048573
8940.0,2023-24,34,2.4035413,1,3.0462973
8940.0,2023-24,35,3.5010922,2,4.025918
8940.0,2023-24,36,3.7009716,7,3.2366445
8940.0,2023-24,37,2.0168664,-1,3.5841296
8940.0,2023-24,38,2.636405,0,3.3316712
8942.0,2023-24,6,2.8989768,1,1.9633486
8942.0,2023-24,7,3.1963573,1,1.3347028
8942.0,2023-24,8,2.37249,0,1.2509781
8942.0,2023-24,9,0.17675358,0,1.1778516
8942.0,2023-24,10,2.2414439,6,0.68077374
8961.0,2023-24,7,3.085697,-1,2.2345202
8961.0,2023-24,8,1.8808815,2,1.9956768
8961.0,2023-24,9,2.2457056,1,2.409592
8961.0,2023-24,10,2.3019578,6,1.6621202
8961.0,2023-24,11,0.019056257,0,2.4321823
8961.0,2023-24,12,1.7607672,0,1.8222423
8961.0,2023-24,13,1.7289776,2,2.1020877
8961.0,2023-24,14,3.1045425,1,2.0088987
8961.0,2023-24,15,1.7123821,2,2.429594
8961.0,2023-24,16,2.184574,2,2.8017528
8961.0,2023-24,17,3.14524,1,2.9523146
8961.0,2023-24,18,0.27142543,0,2.2554533
8961.0,2023-24,19,-0.17934096,0,1.8627837
8961.0,2023-24,20,4.527433,1,1.4509131
8961.0,2023-24,21,1.3947842,1,2.6021686
8961.0,2023-24,22,-0.017331604,0,1.7688601
8961.0,2023-24,23,3.6214185,2,1.4095784
8961.0,2023-24,24,3.059918,6,1.9644995
8961.0,2023-24,25,3.1330729,2,2.0920784
8961.0,2023-24,25,3.1330729,2,2.4815702
8961.0,2023-24,25,2.7050936,6,2.0920784
8961.0,2023-24,25,2.7050936,6,2.4815702
8961.0,2023-24,26,2.5240066,6,1.6346362
8961.0,2023-24,27,3.5552034,2,1.7942643
8961.0,2023-24,28,0.37052384,0,1.2794362
8961.0,2023-24,29,-0.073050134,0,1.1915979
8961.0,2023-24,30,1.6908983,6,0.95172656
8961.0,2023-24,31,2.3546696,2,1.8646636
8961.0,2023-24,32,2.3983014,1,2.1131861
8961.0,2023-24,33,3.2725363,2,2.7015738
8961.0,2023-24,34,0.29955187,0,1.6616312
8961.0,2023-24,35,0.03706288,0,1.5621343
8961.0,2023-24,36,-0.14206794,0,1.1864637
8961.0,2023-24,37,4.355605,6,2.1399713
8961.0,2023-24,37,4.355605,6,2.7056031
8961.0,2023-24,37,2.7224731,8,2.1399713
8961.0,2023-24,37,2.7224731,8,2.7056031
8961.0,2023-24,38,4.907255,2,3.2690387
8965.0,2023-24,6,2.0631738,4,1.5178807
8965.0,2023-24,7,2.8226898,12,2.0739706
8965.0,2023-24,8,2.5627632,5,2.2176955
8965.0,2023-24,9,2.1869016,0,1.9341993
8965.0,2023-24,10,3.846146,2,2.1948733
8965.0,2023-24,11,3.9528317,1,2.067205
8965.0,2023-24,12,4.714483,0,2.4586465
8965.0,2023-24,13,2.7428362,1,1.9284822
8965.0,2023-24,14,3.3676064,5,2.6337693
8965.0,2023-24,15,2.8927128,2,2.4038665
8965.0,2023-24,16,2.1728096,0,3.2565842
8965.0,2023-24,17,3.0200472,5,2.069654
8965.0,2023-24,18,2.9886935,7,2.9460394
8965.0,2023-24,19,1.9740528,6,3.164829
8965.0,2023-24,20,0.58736926,0,3.164477
8965.0,2023-24,21,3.927247,-2,1.5108515
8965.0,2023-24,22,-0.25299698,0,1.6520032
8965.0,2023-24,23,2.1637304,1,1.0960884
8965.0,2023-24,24,1.8622009,-1,1.8144779
8965.0,2023-24,25,3.350982,1,2.792366
8965.0,2023-24,26,3.0221395,5,2.123067
8965.0,2023-24,27,2.3739557,2,3.0300863
8965.0,2023-24,28,3.5710423,1,2.6059768
8965.0,2023-24,29,2.5159962,7,1.7318242
8965.0,2023-24,30,2.7479217,0,1.1257259
8965.0,2023-24,31,3.6333828,2,0.4306544
8965.0,2023-24,32,2.4886968,1,0.8273716
8965.0,2023-24,33,3.7583592,2,0.50407946
8965.0,2023-24,34,2.7233913,0,0.4466647
8965.0,2023-24,35,2.4190888,1,1.3360757
8965.0,2023-24,36,1.4936867,0,1.6039257
8965.0,2023-24,37,2.7623136,2,1.7948084
8965.0,2023-24,38,2.185105,1,2.0897028
8973.0,2023-24,28,2.8372805,0,1.1982092
8973.0,2023-24,29,3.160113,2,2.5940306
8973.0,2023-24,30,2.3621411,-3,2.1213796
8973.0,2023-24,31,-0.19792841,0,0.73413634
8973.0,2023-24,32,1.6192635,2,0.3093511
8973.0,2023-24,33,1.8548211,2,0.8845149
8973.0,2023-24,34,3.1937616,14,0.72374153
8973.0,2023-24,35,2.9502475,2,1.277328
8973.0,2023-24,36,3.5054483,0,1.4090753
8973.0,2023-24,37,3.1375277,0,1.0334572
8973.0,2023-24,38,4.1075177,0,0.81093407
9017.0,2023-24,6,2.2115042,-2,1.212328
9017.0,2023-24,7,-0.018147843,0,0.76922727
9017.0,2023-24,8,-0.16775495,0,0.5704807
9017.0,2023-24,9,0.76395124,1,0.8773162
9017.0,2023-24,10,-0.068233795,0,2.1390557
9017.0,2023-24,11,3.541315,0,1.9320958
9017.0,2023-24,12,1.4718479,1,1.5532396
9017.0,2023-24,13,-0.1714934,0,1.0527405
9017.0,2023-24,14,-0.08152015,0,0.55163646
9017.0,2023-24,15,-0.08024175,0,0.90723586
9017.0,2023-24,16,-0.10306872,0,0.61375505
9017.0,2023-24,17,2.630134,1,0.47062248
9017.0,2023-24,18,1.8514323,1,1.0702327
9017.0,2023-24,19,2.029154,8,2.3035395
9017.0,2023-24,20,3.713728,0,2.0665739
9017.0,2023-24,21,4.0807505,5,1.4105761
9017.0,2023-24,22,3.003641,0,0.9359326
9017.0,2023-24,23,3.0563707,0,1.0235927
9017.0,2023-24,24,2.189582,6,0.6232051
9017.0,2023-24,25,2.4476688,2,3.479563
9017.0,2023-24,26,-0.048833545,0,3.1494873
9017.0,2023-24,27,4.9983907,5,3.1244633
9017.0,2023-24,28,3.9456313,1,3.6701274
9017.0,2023-24,29,0.035652537,0,4.154204
9017.0,2023-24,30,3.93998,1,2.8265655
9017.0,2023-24,31,4.690825,0,3.5210133
9017.0,2023-24,32,0.9101827,0,3.8011572
9017.0,2023-24,33,5.0323367,6,1.7849344
9017.0,2023-24,34,-0.16610633,0,1.3554122
9017.0,2023-24,35,-0.31191662,0,0.8168598
9017.0,2023-24,36,2.4934866,1,0.9391016
9017.0,2023-24,37,1.9488003,1,1.5562594
9017.0,2023-24,37,1.9488003,1,1.457366
9017.0,2023-24,37,1.4408087,12,1.5562594
9017.0,2023-24,37,1.4408087,12,1.457366
9017.0,2023-24,38,3.1677232,0,1.5863489
9105.0,2023-24,26,0.0062311715,0,0.69573456
9105.0,2023-24,27,0.009576775,0,0.5380931
9105.0,2023-24,28,1.2427394,0,0.46514046
9105.0,2023-24,29,1.7275586,1,0.5947238
9105.0,2023-24,30,2.1660776,2,1.4507226
9105.0,2023-24,31,0.10582972,0,2.2749538
9105.0,2023-24,32,0.07210875,0,1.3506193
9105.0,2023-24,33,-0.027964158,0,0.93575585
9105.0,2023-24,34,0.072462685,0,0.78248507
9105.0,2023-24,35,0.11554486,0,0.9261278
9105.0,2023-24,36,0.03200456,0,0.3138625
9105.0,2023-24,37,1.753995,1,0.31264263
9105.0,2023-24,37,1.753995,1,0.29047048
9105.0,2023-24,37,1.0236075,1,0.31264263
9105.0,2023-24,37,1.0236075,1,0.29047048
9105.0,2023-24,38,1.7545927,6,1.1387329
9205.0,2023-24,8,2.0945058,4,2.020505
9205.0,2023-24,9,3.6110106,1,1.8247247
9205.0,2023-24,10,1.7111251,0,1.8460209
9205.0,2023-24,11,4.2641273,2,1.4525138
9205.0,2023-24,12,2.6940641,4,1.6623065
9205.0,2023-24,13,4.29307,0,1.2645528
9205.0,2023-24,14,2.6067336,0,1.008046
9205.0,2023-24,15,2.6885731,0,1.2604823
9205.0,2023-24,16,2.466305,5,1.4648174
9205.0,2023-24,17,1.86148,1,1.2864343
9205.0,2023-24,18,1.6828797,1,1.6876752
9205.0,2023-24,19,-0.3919479,0,1.7657253
9205.0,2023-24,20,2.0130253,0,0.92437816
9205.0,2023-24,21,2.230715,1,1.0192789
9205.0,2023-24,22,2.8943963,1,1.7756002
9205.0,2023-24,23,3.0431204,-1,2.1487913
9205.0,2023-24,24,2.873927,2,1.4889456
9205.0,2023-24,25,3.5818374,0,1.70378
9205.0,2023-24,26,2.7830107,2,1.3675749
9205.0,2023-24,27,2.7717998,-4,2.0583
9205.0,2023-24,28,2.644381,9,1.367075
9205.0,2023-24,29,0.5018918,0,1.3047147
9205.0,2023-24,30,3.5451987,0,0.64188355
9205.0,2023-24,31,1.4026946,1,0.9673132
9205.0,2023-24,32,3.1780872,7,1.1781539
9205.0,2023-24,33,2.6926026,2,1.4569695
9205.0,2023-24,34,3.36973,0,2.3162086
9205.0,2023-24,34,3.36973,0,1.3860784
9205.0,2023-24,34,3.2946799,7,2.3162086
9205.0,2023-24,34,3.2946799,7,1.3860784
9205.0,2023-24,35,1.1058519,0,1.4908687
9205.0,2023-24,36,2.221835,1,1.4281809
9205.0,2023-24,37,3.1007485,2,1.8200455
9205.0,2023-24,38,3.741192,1,1.7493904
9409.0,2023-24,35,0.0062311715,0,0.860873
9409.0,2023-24,36,0.017518071,0,1.0274353
9409.0,2023-24,37,0.017518071,0,0.7505032
9409.0,2023-24,38,1.1101688,1,0.45362806
9487.0,2023-24,28,2.108522,0,1.630772
9487.0,2023-24,29,2.9856493,2,2.014859
9487.0,2023-24,30,1.6949484,0,1.5612226
9487.0,2023-24,31,2.1892974,2,1.5517237
9487.0,2023-24,32,2.3791988,2,1.342944
9487.0,2023-24,33,2.596325,2,1.5376022
9487.0,2023-24,34,2.479908,2,1.4159961
9487.0,2023-24,35,1.9539199,1,1.9257345
9487.0,2023-24,36,3.0390942,-1,1.4501866
9487.0,2023-24,37,1.8570374,1,0.9364311
9487.0,2023-24,38,3.1831796,0,1.1679373
9512.0,2023-24,6,1.2016822,1,0.69306856
9512.0,2023-24,7,1.8213898,1,0.755491
9512.0,2023-24,8,1.4856325,0,0.9060853
9512.0,2023-24,9,1.7533543,1,1.2390054
9512.0,2023-24,10,1.7415302,0,1.1655351
9512.0,2023-24,11,1.0471797,0,0.80882514
9512.0,2023-24,12,2.4656646,0,0.8922881
9512.0,2023-24,13,1.3891063,2,1.36816
9512.0,2023-24,14,2.7513266,7,1.7081486
9512.0,2023-24,15,2.422476,1,1.7384465
9512.0,2023-24,16,2.6988585,1,1.663193
9512.0,2023-24,17,3.591172,9,1.4653568
9512.0,2023-24,18,4.132544,1,1.5275257
9512.0,2023-24,19,4.467594,1,1.6311436
9512.0,2023-24,20,1.745555,0,1.2798067
9512.0,2023-24,21,1.5530035,0,1.4554237
9512.0,2023-24,22,2.0977411,1,1.1328315
9512.0,2023-24,23,3.23344,1,1.3095818
9512.0,2023-24,24,2.605642,1,0.99567175
9512.0,2023-24,25,2.5272896,1,1.2415358
9512.0,2023-24,26,0.69352907,0,1.485343
9512.0,2023-24,27,2.2580163,7,1.8502619
9512.0,2023-24,28,1.5864936,1,1.0084623
9512.0,2023-24,29,0.22956878,0,1.4189742
9512.0,2023-24,30,3.1155634,0,1.410375
9512.0,2023-24,31,3.4900596,0,1.8595706
9512.0,2023-24,32,2.4204302,0,2.089855
9512.0,2023-24,33,2.5981965,1,1.0640984
9512.0,2023-24,34,1.1494342,0,1.315406
9512.0,2023-24,35,2.860836,2,0.9798801
9512.0,2023-24,36,2.1005034,2,1.5562322
9512.0,2023-24,37,3.4279451,2,2.2624648
9512.0,2023-24,37,3.4279451,2,2.5422661
9512.0,2023-24,37,3.5654159,0,2.2624648
9512.0,2023-24,37,3.5654159,0,2.5422661
9512.0,2023-24,38,3.5945244,0,1.8230095
9619.0,2023-24,6,3.2461624,5,1.3759245
9619.0,2023-24,7,3.1652207,1,1.5105006
9619.0,2023-24,7,3.1652207,1,2.0085664
9619.0,2023-24,7,3.4528973,2,1.5105006
9619.0,2023-24,7,3.4528973,2,2.0085664
9619.0,2023-24,8,0.40943918,0,1.0891646
9619.0,2023-24,9,3.6891649,1,0.67995083
9619.0,2023-24,10,2.289954,0,0.393919
9619.0,2023-24,11,2.4141119,8,1.3646858
9619.0,2023-24,12,3.0788622,1,1.1857418
9619.0,2023-24,13,0.28735226,0,1.1002743
9619.0,2023-24,14,2.6319382,1,0.7392725
9619.0,2023-24,15,2.4443119,0,1.6940607
9619.0,2023-24,16,0.1954397,0,1.486663
9619.0,2023-24,17,0.13574842,0,1.2112861
9619.0,2023-24,18,1.8770576,1,0.8929765
9619.0,2023-24,19,0.042833127,0,0.70173836
9619.0,2023-24,20,1.3842225,0,0.5868175
9619.0,2023-24,21,-0.0015241117,0,1.1551766
9619.0,2023-24,22,0.028892668,0,0.81932354
9619.0,2023-24,23,0.02145612,0,0.40494186
9619.0,2023-24,24,-0.0041701617,0,0.37493354
9619.0,2023-24,25,0.8584211,0,0.20157616
9619.0,2023-24,26,0.03175102,0,0.48775977
9619.0,2023-24,27,1.8808665,1,0.577271
9619.0,2023-24,28,1.6775188,1,1.6111715
9619.0,2023-24,28,1.6775188,1,1.795656
9619.0,2023-24,28,2.1198404,3,1.6111715
9619.0,2023-24,28,2.1198404,3,1.795656
9619.0,2023-24,29,2.3138726,1,2.2119634
9619.0,2023-24,30,1.222173,-1,2.0800724
9619.0,2023-24,31,1.9312338,1,1.4161713
9619.0,2023-24,32,3.4599912,2,1.4533303
9619.0,2023-24,33,0.30084506,0,1.7656214
9619.0,2023-24,34,3.8402004,1,1.4472868
9677.0,2023-24,6,2.8624172,0,0.83558464
9677.0,2023-24,7,3.541994,2,2.4859455
9677.0,2023-24,8,2.4555113,1,1.9011068
9677.0,2023-24,9,4.027433,5,1.8647922
9677.0,2023-24,10,3.1143103,7,1.1150353
9677.0,2023-24,11,3.268245,0,0.85370487
9677.0,2023-24,12,1.5465548,0,1.3116728
9677.0,2023-24,13,2.4626133,1,1.4538364
9677.0,2023-24,14,0.09574338,0,1.2205197
9677.0,2023-24,15,0.051920906,0,1.1005945
9677.0,2023-24,16,0.064582825,0,1.0465043
9677.0,2023-24,17,0.074907675,0,0.63721156
9677.0,2023-24,18,0.047247957,0,0.6683543
9677.0,2023-24,19,-0.04344274,0,0.8043416
9677.0,2023-24,20,0.0030136548,0,0.5802005
9677.0,2023-24,21,0.7839131,1,0.43967533
9677.0,2023-24,22,1.0568873,1,0.9165603
9677.0,2023-24,23,0.7757276,1,1.1905162
9677.0,2023-24,24,1.5436939,1,1.2001892
9677.0,2023-24,25,1.3446546,0,0.8605672
9677.0,2023-24,25,1.3446546,0,1.002024
9677.0,2023-24,25,1.4615424,2,0.8605672
9677.0,2023-24,25,1.4615424,2,1.002024
9677.0,2023-24,26,2.472622,0,1.6270232
9677.0,2023-24,27,1.8042619,1,1.972317
9677.0,2023-24,28,1.1717156,1,1.7121369
9677.0,2023-24,29,2.6421177,7,1.7911019
9677.0,2023-24,30,3.745757,9,1.9021283
9677.0,2023-24,31,2.701644,6,1.3488545
9677.0,2023-24,32,3.4865887,1,1.2561995
9677.0,2023-24,33,1.1641335,0,1.9731374
9677.0,2023-24,34,2.9049644,6,1.6078384
9677.0,2023-24,35,3.0058134,2,2.0015883
9677.0,2023-24,36,1.4688098,1,2.1471975
9677.0,2023-24,37,2.1918333,6,1.5859373
9678.0,2023-24,6,3.7270496,1,2.7476652
9678.0,2023-24,7,4.062707,2,1.9957066
9678.0,2023-24,8,1.7649069,1,2.9588544
9678.0,2023-24,9,3.9892178,7,2.6279533
9678.0,2023-24,10,2.7616367,15,2.8769114
9678.0,2023-24,11,2.7497575,1,2.4019578
9678.0,2023-24,12,1.9595016,1,2.0695305
9678.0,2023-24,13,1.9852494,2,1.50691
9678.0,2023-24,14,3.5632393,2,1.097356
9678.0,2023-24,15,3.3847017,1,1.467366
9678.0,2023-24,16,2.9840455,2,2.5857885
9678.0,2023-24,17,2.8643844,1,2.603684
9678.0,2023-24,18,-0.2024694,0,1.8197219
9678.0,2023-24,19,2.9078343,0,1.3042865
9678.0,2023-24,20,2.3276782,1,1.3096786
9678.0,2023-24,21,2.1659207,1,1.71607
9678.0,2023-24,22,1.8799065,1,1.8542658
9678.0,2023-24,23,1.8087571,1,1.8709211
9678.0,2023-24,24,2.2908168,6,1.453353
9678.0,2023-24,25,-0.1504549,0,1.861366
9678.0,2023-24,26,-0.012180746,0,1.2925868
9678.0,2023-24,27,-0.34701896,0,0.71454257
9678.0,2023-24,28,0.07223875,0,0.37665254
9678.0,2023-24,29,-0.02076829,0,0.39587408
9678.0,2023-24,30,-0.001695426,0,0.5251434
9678.0,2023-24,31,-0.011916685,0,0.47320145
9678.0,2023-24,32,-0.0005829264,0,0.4197378
9678.0,2023-24,33,0.43281415,1,0.3671355
9678.0,2023-24,34,1.1798898,7,0.8858109
9678.0,2023-24,35,1.856818,2,1.5563406
9678.0,2023-24,36,2.3615794,6,2.118228
9678.0,2023-24,37,3.227822,2,1.3560846
9678.0,2023-24,38,2.5050952,0,1.1266396
9685.0,2023-24,6,2.5482364,2,1.427222
9685.0,2023-24,7,2.4770439,1,1.6655805
9685.0,2023-24,8,1.4585027,1,2.1484916
9685.0,2023-24,9,3.1762733,1,1.6793178
9685.0,2023-24,10,1.4805197,6,1.8236566
9685.0,2023-24,11,3.1277716,1,2.1719034
9685.0,2023-24,12,1.1287237,1,2.044713
9685.0,2023-24,13,0.11765809,0,1.3440887
9685.0,2023-24,14,2.9184344,1,0.8983842
9685.0,2023-24,15,1.9234025,1,1.0221555
9685.0,2023-24,16,0.08932677,0,1.5426118
9685.0,2023-24,17,2.267312,1,1.161274
9685.0,2023-24,18,0.33097997,0,1.8983963
9685.0,2023-24,19,2.4369442,1,1.3294675
9685.0,2023-24,20,2.3218715,4,1.4116831
9685.0,2023-24,21,1.560599,4,1.8371434
9685.0,2023-24,22,1.9755489,1,2.033622
9685.0,2023-24,23,1.49392,1,1.6549495
9685.0,2023-24,24,2.4565117,6,0.76547277
9685.0,2023-24,25,3.1793685,1,1.0108219
9685.0,2023-24,25,3.1793685,1,0.8608831
9685.0,2023-24,25,2.026597,2,1.0108219
9685.0,2023-24,25,2.026597,2,0.8608831
9685.0,2023-24,26,2.7588966,1,2.448422
9685.0,2023-24,27,2.265728,10,1.1596918
9685.0,2023-24,28,1.5878265,1,1.4129466
9685.0,2023-24,29,3.523369,1,2.450641
9685.0,2023-24,30,3.2799072,6,2.1412132
9685.0,2023-24,31,3.4345489,6,1.4460814
9685.0,2023-24,32,2.7838614,1,1.1225996
9685.0,2023-24,33,3.4689772,5,1.8248992
9685.0,2023-24,34,2.7601118,1,1.2115718
9685.0,2023-24,35,2.63517,1,1.7551084
9685.0,2023-24,36,1.4480503,1,1.3815078
9685.0,2023-24,37,1.4148519,1,1.7440919
9685.0,2023-24,38,1.867867,1,2.1574864
9691.0,2023-24,9,0.093091756,0,0.3051754
9691.0,2023-24,10,-0.0382042,0,0.20931411
9691.0,2023-24,11,-0.03026838,0,0.16676725
9691.0,2023-24,12,-0.04303478,0,0.25108707
9691.0,2023-24,13,-0.04303478,0,0.25132418
9691.0,2023-24,14,-0.021798676,0,0.25015378
9691.0,2023-24,15,-0.018509472,0,0.24494833
9691.0,2023-24,16,-0.018509472,0,0.23946568
9691.0,2023-24,17,-0.018509472,0,0.23606452
9691.0,2023-24,18,-0.018509472,0,0.23619471
9691.0,2023-24,19,-0.018509472,0,0.23936293
9691.0,2023-24,20,-0.018509472,0,0.24240766
9691.0,2023-24,21,0.4770395,1,0.24240766
9691.0,2023-24,22,0.15339808,0,0.8585249
9691.0,2023-24,23,2.1371746,2,0.8361546
9691.0,2023-24,24,3.0925899,1,1.5445596
9691.0,2023-24,25,2.6131601,6,2.1110454
9691.0,2023-24,26,0.058479983,0,1.9951799
9691.0,2023-24,27,0.068452835,0,1.7591072
9691.0,2023-24,28,-0.0893334,0,0.9253344
9691.0,2023-24,29,0.017211126,0,0.6054765
9691.0,2023-24,30,0.019100199,0,0.6006652
9691.0,2023-24,31,0.007788065,0,0.5320861
9691.0,2023-24,32,-0.003391628,0,0.5077866
9691.0,2023-24,33,1.4840167,1,0.46958226
9733.0,2023-24,6,2.7794785,1,1.7299767
9733.0,2023-24,7,2.6690295,2,2.6327834
9733.0,2023-24,8,1.9819028,0,3.2317195
9733.0,2023-24,9,4.0956516,6,2.5645719
9733.0,2023-24,10,2.2056723,6,2.5065773
9733.0,2023-24,11,3.424569,10,2.6504161
9733.0,2023-24,12,1.8992867,1,2.1057444
9733.0,2023-24,13,-0.3591392,0,2.028554
9733.0,2023-24,14,0.23374967,0,1.4184512
9733.0,2023-24,15,0.03496722,0,0.8195
9733.0,2023-24,16,-0.32958016,0,0.91952604
9733.0,2023-24,17,2.3697524,0,0.52453315
9733.0,2023-24,18,0.4498914,0,0.8494331
9733.0,2023-24,19,2.3221562,0,0.78132665
9733.0,2023-24,20,2.4543893,1,0.8432305
9733.0,2023-24,21,2.3936632,1,1.7312285
9733.0,2023-24,22,2.5674562,1,2.4229743
9733.0,2023-24,23,1.7354897,1,2.0367315
9733.0,2023-24,24,1.7592858,8,1.6108739
9733.0,2023-24,25,2.4855797,0,1.3847421
9733.0,2023-24,26,2.484171,0,1.0166463
9733.0,2023-24,27,1.9916943,1,0.67435616
9733.0,2023-24,28,2.5577772,0,1.0877417
9733.0,2023-24,29,3.22224,1,1.675705
9733.0,2023-24,30,4.6883764,2,1.7564993
9733.0,2023-24,31,4.0436654,8,2.564161
9733.0,2023-24,32,2.4664583,1,1.7916449
9733.0,2023-24,33,4.233249,6,1.7340806
9733.0,2023-24,34,2.130143,2,1.5326135
9733.0,2023-24,35,2.5249488,2,2.0237086
9733.0,2023-24,36,1.9197483,7,2.2272391
9733.0,2023-24,37,2.886217,2,1.8525933
9790.0,2023-24,6,2.5305197,7,1.8415248
9790.0,2023-24,7,-0.18867311,0,2.1001267
9790.0,2023-24,8,1.6019545,2,3.444621
9790.0,2023-24,9,2.3947182,2,2.4021618
9790.0,2023-24,10,3.1298347,6,2.4796793
9790.0,2023-24,11,0.28238377,0,2.3442366
9790.0,2023-24,12,2.9432251,0,2.3953016
9790.0,2023-24,13,0.12398686,0,2.3561065
9790.0,2023-24,14,2.094306,0,1.9132404
9790.0,2023-24,15,2.1382215,2,3.242162
9790.0,2023-24,16,3.4991715,2,2.3328924
9790.0,2023-24,17,2.9838884,1,2.6733139
9790.0,2023-24,18,0.15831195,0,1.9577711
9790.0,2023-24,19,2.0638769,1,1.1205983
9790.0,2023-24,20,3.6584802,6,1.6612453
9790.0,2023-24,21,1.537277,1,1.8150975
9790.0,2023-24,22,4.477638,2,2.6799772
9790.0,2023-24,23,3.161764,2,2.5908468
9790.0,2023-24,24,0.53435427,0,2.7397778
9790.0,2023-24,25,0.5974471,0,2.9876907
9790.0,2023-24,26,-0.032742135,0,1.0839235
9790.0,2023-24,27,0.027047822,0,0.7656923
9790.0,2023-24,28,0.08161008,0,0.76314366
9790.0,2023-24,29,0.058418952,0,0.9653196
9790.0,2023-24,30,1.4048929,9,0.82257706
9790.0,2023-24,31,2.3679757,2,1.0393274
9790.0,2023-24,32,2.2529087,0,1.3735378
9790.0,2023-24,33,4.161585,12,1.7553163
9790.0,2023-24,34,3.7553678,6,1.4041951
9790.0,2023-24,35,4.689774,15,2.212339
9790.0,2023-24,36,3.2359648,6,1.6411439
9790.0,2023-24,37,3.1955166,21,0.4690026
9790.0,2023-24,37,3.1955166,21,0.47474742
9790.0,2023-24,37,2.7610495,6,0.4690026
9790.0,2023-24,37,2.7610495,6,0.47474742
9790.0,2023-24,38,4.7139196,2,0.8900287
9833.0,2023-24,26,1.5475087,1,1.2135732
9833.0,2023-24,27,0.9025564,2,1.1728421
9833.0,2023-24,28,1.8444569,-1,0.91673064
9833.0,2023-24,29,0.11503295,0,1.1843
9833.0,2023-24,30,0.27650678,0,0.61024964
9833.0,2023-24,31,1.5123544,2,0.5489468
9833.0,2023-24,32,1.1834508,1,1.1090102
9833.0,2023-24,33,2.610887,1,1.9353845
9833.0,2023-24,34,0.6920346,0,1.7600431
9833.0,2023-24,35,1.8967626,1,1.2981083
9897.0,2023-24,9,0.19378631,0,0.9175224
9897.0,2023-24,10,-0.04536192,0,0.74112153
9897.0,2023-24,11,0.015872104,0,0.6391527
9897.0,2023-24,12,-0.027073143,0,0.53926414
9897.0,2023-24,13,-0.001015177,0,0.36568964
9897.0,2023-24,14,-0.012483446,0,0.32189113
9897.0,2023-24,15,0.018676752,0,0.30566207
9897.0,2023-24,16,0.018676752,0,0.28733644
9897.0,2023-24,17,-0.018509472,0,0.2721103
9897.0,2023-24,18,-0.018509472,0,0.26664567
9897.0,2023-24,19,0.6508345,1,0.26086006
9897.0,2023-24,20,2.8172548,12,0.958528
9897.0,2023-24,21,3.7871244,0,2.0876386
9897.0,2023-24,22,2.8335617,4,2.508498
9897.0,2023-24,23,4.226066,1,2.0479357
9897.0,2023-24,24,0.77416205,0,1.0817746
9897.0,2023-24,25,-0.006636971,0,0.63212675
9897.0,2023-24,26,-0.20077029,0,0.46900964
9897.0,2023-24,27,0.053635843,0,0.2011813
9897.0,2023-24,28,-0.015552686,0,0.69122
9897.0,2023-24,29,-0.008559111,0,0.6912121
9897.0,2023-24,30,-0.0025187556,0,0.6115404
9897.0,2023-24,31,-0.020290973,0,0.50725394
9897.0,2023-24,32,0.36327922,1,0.3922813
9897.0,2023-24,33,0.13170242,0,0.3927331
9897.0,2023-24,34,0.13170242,0,0.42782047
9897.0,2023-24,35,0.86832875,1,0.40148485
9897.0,2023-24,36,1.4297009,1,1.3802036
9897.0,2023-24,37,1.9070487,2,1.3599948
9897.0,2023-24,38,2.688655,3,1.5472381
10012.0,2023-24,7,-0.14433566,0,0.37917608
10012.0,2023-24,8,-0.07943099,0,0.49636126
10012.0,2023-24,9,-0.035902154,0,0.52113336
10012.0,2023-24,10,1.2952315,6,0.4235549
10012.0,2023-24,11,0.2518465,0,1.6795341
10012.0,2023-24,12,2.5331604,1,1.2971745
10012.0,2023-24,13,0.1151009,0,1.5172591
10012.0,2023-24,14,1.8411418,1,1.4682999
10012.0,2023-24,15,1.9319223,1,1.081219
10012.0,2023-24,16,-0.028100716,0,1.0188081
10012.0,2023-24,17,2.1767688,1,0.72455704
10012.0,2023-24,18,-0.04860991,0,1.0626575
10012.0,2023-24,19,0.11323732,0,1.328407
10012.0,2023-24,20,1.9192168,1,1.3608499
10012.0,2023-24,21,1.6018984,1,0.83010256
10012.0,2023-24,22,2.1209817,1,0.79620594
10012.0,2023-24,23,1.5033497,3,1.121673
10012.0,2023-24,24,2.364107,6,1.2473052
10012.0,2023-24,25,4.3375773,9,1.3789947
10012.0,2023-24,26,3.2133098,8,1.8409398
10012.0,2023-24,27,3.5049713,10,0.886097
10012.0,2023-24,28,3.9348054,2,0.6599651
10012.0,2023-24,29,0.06856839,0,2.2547216
10012.0,2023-24,30,1.5688603,6,1.2282101
10012.0,2023-24,31,0.3641962,0,1.9149535
10012.0,2023-24,32,-0.25813124,0,0.9681193
10012.0,2023-24,33,-0.14396551,0,1.4842947
10012.0,2023-24,34,2.150549,6,1.5722756
10012.0,2023-24,35,1.4033129,1,2.3062565
10012.0,2023-24,36,0.17263788,0,2.9620545
10012.0,2023-24,37,2.030374,1,2.7890089
10041.0,2023-24,6,0.08794961,0,1.1766992
10041.0,2023-24,7,-0.0046096807,0,0.8498955
10041.0,2023-24,8,1.7294793,0,0.6498351
10041.0,2023-24,9,0.0410146,0,0.82134897
10041.0,2023-24,10,0.06608939,0,0.50170213
10041.0,2023-24,11,0.07996239,0,0.44981134
10041.0,2023-24,12,0.042670783,0,0.35770744
10041.0,2023-24,13,0.027059296,0,0.25802445
10041.0,2023-24,14,0.007980831,0,0.28545547
10041.0,2023-24,15,0.007980831,0,0.26916552
10041.0,2023-24,16,0.007980831,0,0.25626332
10041.0,2023-24,17,-0.018509472,0,0.2473966
10041.0,2023-24,18,0.367163,0,0.24206048
10041.0,2023-24,19,0.07018085,0,0.4676618
10041.0,2023-24,20,0.07018085,0,0.43754172
10041.0,2023-24,21,0.07018085,0,0.3472356
10041.0,2023-24,22,1.7443551,1,0.26024035
10041.0,2023-24,23,-0.11014181,0,0.30836278
10041.0,2023-24,24,-0.23144397,0,0.4968201
10041.0,2023-24,25,1.6646965,1,0.6397652
10041.0,2023-24,26,1.8370954,2,1.3202982
10041.0,2023-24,27,-0.037846457,0,1.4109869
10041.0,2023-24,28,0.07372158,0,0.8250339
10041.0,2023-24,29,-0.07147722,0,0.57515085
10041.0,2023-24,30,0.01415283,0,0.38808224
10041.0,2023-24,31,0.08811682,0,0.30447268
10041.0,2023-24,32,-0.0054629445,0,0.2926685
10041.0,2023-24,33,1.1596551,1,0.28677166
10041.0,2023-24,34,0.022025531,0,0.59044176
10041.0,2023-24,35,-0.0043889363,0,0.61810905
10041.0,2023-24,36,-0.0043889363,0,0.52286786
10041.0,2023-24,37,1.6260234,1,0.40013564
10050.0,2023-24,6,2.3775148,1,1.4440401
10050.0,2023-24,7,3.0039642,2,1.6884141
10050.0,2023-24,8,3.431098,15,1.7106794
10050.0,2023-24,9,5.0208797,6,2.2575748
10050.0,2023-24,10,4.4005036,2,1.9674621
10050.0,2023-24,11,4.339567,1,1.7461705
10050.0,2023-24,12,0.47924888,0,0.9460882
10050.0,2023-24,13,0.7510329,0,0.7399904
10050.0,2023-24,14,0.14449011,0,0.4264922
10050.0,2023-24,15,0.53055745,0,0.31620407
10050.0,2023-24,16,0.36625183,0,0.39569944
10050.0,2023-24,17,0.0032594271,0,0.65697736
10050.0,2023-24,18,-0.004795392,0,0.60493207
10050.0,2023-24,19,0.026793258,0,0.52711064
10050.0,2023-24,20,-0.018509472,0,0.41825986
10050.0,2023-24,21,0.5034346,1,0.31058842
10050.0,2023-24,22,1.8863637,1,0.86544764
10050.0,2023-24,23,2.349828,1,1.775849
10050.0,2023-24,24,2.172747,2,1.6400278
10050.0,2023-24,25,2.0384247,1,1.4727354
10050.0,2023-24,26,-0.45653293,0,1.3164098
10050.0,2023-24,27,2.4254448,2,1.03922
10050.0,2023-24,28,2.0381763,1,1.7653761
10050.0,2023-24,29,-0.08893183,0,1.8030407
10050.0,2023-24,30,-0.08596451,0,0.96290064
10050.0,2023-24,31,2.5167577,1,0.6319017
10050.0,2023-24,32,2.1583762,11,1.4947011
10050.0,2023-24,33,1.69616,-1,2.5062428
10050.0,2023-24,34,0.054812074,0,2.428439
10050.0,2023-24,35,2.3335783,1,1.4292685
10050.0,2023-24,35,2.3335783,1,1.9320977
10050.0,2023-24,35,2.0607734,0,1.4292685
10050.0,2023-24,35,2.0607734,0,1.9320977
10050.0,2023-24,36,2.0116408,-1,1.8043826
10050.0,2023-24,37,2.8547306,11,1.8660413
10050.0,2023-24,37,2.8547306,11,2.3600223
10050.0,2023-24,37,2.0047176,1,1.8660413
10050.0,2023-24,37,2.0047176,1,2.3600223
10050.0,2023-24,38,3.0647018,6,2.2770145
10120.0,2023-24,25,2.9952927,2,0.5992365
10120.0,2023-24,25,2.8286443,2,0.5992365
10120.0,2023-24,26,0.026986696,0,1.4037228
10120.0,2023-24,27,3.1191623,8,3.273781
10120.0,2023-24,28,1.4710137,2,3.2431343
10120.0,2023-24,29,-0.35748687,0,2.6962502
10120.0,2023-24,30,2.7341046,4,1.4390795
10120.0,2023-24,31,3.7954664,0,2.461099
10120.0,2023-24,32,3.57879,1,3.3463006
10120.0,2023-24,33,5.806407,1,2.0161881
10120.0,2023-24,34,0.2369048,0,1.082701
10120.0,2023-24,35,0.4056069,0,0.93884957
10120.0,2023-24,36,0.17379978,0,2.684066
10120.0,2023-24,37,0.22055386,0,2.128677
10120.0,2023-24,38,2.468336,1,0.7309684
10140.0,2023-24,6,2.203237,1,2.2801933
10140.0,2023-24,7,-0.054685656,0,1.3421841
10140.0,2023-24,8,0.21844912,0,0.86437106
10140.0,2023-24,9,0.17335975,0,1.1644764
10140.0,2023-24,10,0.088569894,0,1.016802
10140.0,2023-24,11,0.041018415,0,0.5749142
10140.0,2023-24,12,0.05595787,0,0.4684505
10140.0,2023-24,13,0.010217606,0,0.39049208
10140.0,2023-24,14,0.7605479,1,0.31451228
10140.0,2023-24,15,1.8275609,6,0.68939203
10140.0,2023-24,16,3.0657392,2,1.7412822
10140.0,2023-24,17,0.1975767,0,2.1566005
10140.0,2023-24,18,2.7012734,0,1.612648
10140.0,2023-24,19,1.8370202,1,1.3276459
10140.0,2023-24,20,1.789318,1,0.8888351
10140.0,2023-24,21,0.0747102,0,1.1644565
10140.0,2023-24,22,-0.038867734,0,1.4762061
10140.0,2023-24,23,1.3304011,1,1.2145295
10140.0,2023-24,24,-0.033879116,0,1.2718973
10140.0,2023-24,25,-0.02654511,0,0.77226055
10140.0,2023-24,26,-0.012339171,0,0.7859597
10140.0,2023-24,27,1.1741971,1,0.58748955
10140.0,2023-24,28,-0.081847034,0,0.6107528
10140.0,2023-24,29,-0.056607105,0,0.54083145
10140.0,2023-24,30,1.5473247,1,0.5107447
10140.0,2023-24,31,1.8897992,2,0.925999
10140.0,2023-24,32,2.4586718,1,1.3517776
10140.0,2023-24,33,2.608492,1,1.6583178
10140.0,2023-24,34,1.6388121,1,1.7925876
10140.0,2023-24,35,2.3158016,1,1.5955765
10140.0,2023-24,36,1.190682,0,1.2266273
10140.0,2023-24,37,0.42224512,0,1.2595662
10140.0,2023-24,38,0.92593825,1,0.7554554
10187.0,2023-24,8,0.06849107,0,0.77815634
10187.0,2023-24,9,0.03234931,0,0.49570322
10187.0,2023-24,10,0.03234931,0,0.3946761
10187.0,2023-24,11,0.01838204,0,0.33449143
10187.0,2023-24,12,0.72088116,1,0.31232792
10187.0,2023-24,13,0.023028767,0,0.8556033
10187.0,2023-24,14,0.021665962,0,1.2056603
10187.0,2023-24,15,0.021665962,0,0.8587895
10187.0,2023-24,16,1.2398708,1,0.4756624
10187.0,2023-24,17,-0.005751986,0,0.42711204
10187.0,2023-24,18,-0.012853062,0,0.4160028
10187.0,2023-24,19,1.6115078,6,0.36675954
10187.0,2023-24,20,0.04836662,0,1.3982124
10187.0,2023-24,21,0.04836662,0,1.075417
10187.0,2023-24,22,-0.008911769,0,0.72913736
10187.0,2023-24,23,-0.012948563,0,0.5611095
10187.0,2023-24,24,1.9679166,1,0.48488897
10187.0,2023-24,25,2.7010024,2,1.2861154
10187.0,2023-24,26,0.051705826,0,2.0854387
10187.0,2023-24,27,0.051705826,0,1.3076899
10187.0,2023-24,28,1.2275059,2,0.94152737
10187.0,2023-24,29,-0.09707453,0,1.8550686
10187.0,2023-24,30,1.7063917,2,1.6170492
10187.0,2023-24,31,-0.027778203,0,1.8770945
10187.0,2023-24,32,1.9125811,1,1.3576114
10187.0,2023-24,33,-0.13283072,0,1.4080725
10187.0,2023-24,34,2.016386,2,1.390172
10187.0,2023-24,34,2.016386,2,1.9979353
10187.0,2023-24,34,2.5556583,1,1.390172
10187.0,2023-24,34,2.5556583,1,1.9979353
10187.0,2023-24,35,2.6681747,1,1.8710039
10187.0,2023-24,36,3.0022683,1,2.1053154
10187.0,2023-24,37,2.3341916,9,2.0530643
10187.0,2023-24,38,2.0023499,15,2.3188221
10216.0,2023-24,11,-0.0017101392,0,0.2588566
10216.0,2023-24,12,0.9750133,1,0.25763524
10216.0,2023-24,13,0.06828903,0,0.7825082
10216.0,2023-24,14,0.06828903,0,0.72298026
10216.0,2023-24,15,0.067582145,0,0.5476267
10216.0,2023-24,16,1.5652176,1,0.40446734
10216.0,2023-24,17,1.799021,1,0.40286514
10216.0,2023-24,18,1.9678093,0,0.70193595
10216.0,2023-24,19,2.0362055,1,0.8291867
10216.0,2023-24,20,0.7436605,1,1.1385968
10216.0,2023-24,21,1.1086711,1,0.96298844
10216.0,2023-24,22,0.020182846,0,0.86629707
10216.0,2023-24,23,-0.017419385,0,0.8610944
10216.0,2023-24,24,-0.022386486,0,0.91150856
10216.0,2023-24,25,-0.0057671787,0,0.9486692
10216.0,2023-24,26,-0.012863105,0,0.6729093
10216.0,2023-24,27,0.12131813,0,0.2815537
10216.0,2023-24,28,0.0180209,0,0.27494827
10216.0,2023-24,29,0.0180209,0,0.26722288
10216.0,2023-24,30,0.39280716,1,0.2594776
10216.0,2023-24,31,2.0782354,9,0.6878636
10216.0,2023-24,32,2.4882572,6,1.0856311
10216.0,2023-24,33,2.5256815,1,0.833523
10216.0,2023-24,34,2.1735625,1,0.7968432
10216.0,2023-24,35,4.6042824,2,1.0274365
10216.0,2023-24,36,2.3964736,2,1.5675169
10216.0,2023-24,37,3.4410481,1,2.1790977
10216.0,2023-24,37,3.4410481,1,1.742708
10216.0,2023-24,37,4.13739,7,2.1790977
10216.0,2023-24,37,4.13739,7,1.742708
10216.0,2023-24,38,4.000851,1,1.1224265
10291.0,2023-24,10,2.5173016,8,1.5736365
10291.0,2023-24,11,2.7861726,11,1.7803531
10291.0,2023-24,12,5.13131,9,2.2981584
10291.0,2023-24,13,2.9777899,1,0.95627534
10291.0,2023-24,14,2.2513127,6,0.77661926
10291.0,2023-24,15,2.901406,6,0.8054664
10291.0,2023-24,16,2.9197464,7,1.1017236
10291.0,2023-24,17,-0.36949274,0,1.4558978
10291.0,2023-24,18,1.703676,1,2.4161391
10291.0,2023-24,19,1.4903189,1,1.9938943
10291.0,2023-24,20,3.335884,1,1.7213254
10291.0,2023-24,21,3.3500652,6,1.8512951
10291.0,2023-24,22,2.7738209,6,2.2689116
10291.0,2023-24,23,4.111991,1,2.1695497
10291.0,2023-24,24,2.624702,1,2.6587331
10291.0,2023-24,25,3.3271487,2,2.1559896
10291.0,2023-24,26,2.481965,2,1.4380362
10291.0,2023-24,27,2.8589385,1,2.7094624
10291.0,2023-24,28,3.7461445,1,1.7027477
10291.0,2023-24,29,0.15315008,0,2.2075083
10291.0,2023-24,30,0.23604664,0,1.0412298
10291.0,2023-24,31,1.5195355,2,0.6319851
10291.0,2023-24,32,2.8342667,8,1.3167489
10291.0,2023-24,33,2.1091506,-1,1.5880721
10291.0,2023-24,34,3.1755402,6,2.2678726
10291.0,2023-24,34,3.1755402,6,1.6024647
10291.0,2023-24,34,1.9340888,1,2.2678726
10291.0,2023-24,34,1.9340888,1,1.6024647
10292.0,2023-24,6,0.1268514,0,1.0462255
10292.0,2023-24,7,2.7244716,1,1.8512081
10292.0,2023-24,8,1.480131,1,2.0059078
10292.0,2023-24,9,0.93953776,0,2.3066778
10292.0,2023-24,10,2.4066603,6,2.0326781
10292.0,2023-24,11,2.5087194,1,1.4139332
10292.0,2023-24,12,3.7130082,1,1.2902896
10292.0,2023-24,13,2.3459804,1,1.2325553
10292.0,2023-24,14,-0.16729715,0,1.1444248
10292.0,2023-24,15,1.695706,4,0.6686333
10292.0,2023-24,16,2.1482327,1,0.44507307
10292.0,2023-24,17,2.2131836,7,0.5461508
10292.0,2023-24,18,3.1065955,0,1.0524895
10292.0,2023-24,19,1.7403862,0,1.8707138
10292.0,2023-24,20,3.4475615,0,1.9324312
10292.0,2023-24,21,-0.17121047,0,1.8874583
10292.0,2023-24,22,3.091031,1,1.3649358
10292.0,2023-24,23,0.18541819,0,1.437813
10292.0,2023-24,24,-0.0027718127,0,0.8176475
10292.0,2023-24,25,-0.051467214,0,0.6951522
10292.0,2023-24,26,0.06308063,0,0.678867
10292.0,2023-24,27,-0.015190849,0,0.48034996
10292.0,2023-24,28,-0.016350739,0,0.38103464
10292.0,2023-24,29,0.046173632,0,0.30542555
10292.0,2023-24,30,0.046173632,0,0.26101443
10292.0,2023-24,31,-0.018509472,0,0.24050233
10292.0,2023-24,32,-0.018509472,0,0.23957893
10292.0,2023-24,33,0.27334136,0,0.24258149
10293.0,2023-24,6,1.4813672,1,0.935065
10293.0,2023-24,7,1.2188945,2,0.8469224
10293.0,2023-24,8,1.577098,2,1.2960472
10293.0,2023-24,9,2.3456213,2,1.5413871
10293.0,2023-24,10,2.0140526,4,1.6234046
10293.0,2023-24,11,1.4638683,2,1.4182824
10293.0,2023-24,12,1.7285817,2,1.9574745
10293.0,2023-24,13,1.253409,1,1.606288
10293.0,2023-24,14,2.5863543,1,2.0004551
10293.0,2023-24,15,4.198833,9,0.9289408
10293.0,2023-24,16,3.9545414,2,1.3606204
10293.0,2023-24,17,3.1708593,0,1.1986518
10293.0,2023-24,18,3.4666388,2,1.6953832
10293.0,2023-24,19,3.118995,5,1.8998269
10293.0,2023-24,20,3.8591251,6,2.0323625
10293.0,2023-24,21,2.211513,5,2.6743648
10293.0,2023-24,22,3.3988442,1,2.5170238
10293.0,2023-24,23,2.0723197,1,1.4694929
10293.0,2023-24,24,2.8725657,1,1.2645907
10293.0,2023-24,25,1.8799556,2,1.3959992
10293.0,2023-24,26,2.9565558,5,1.7601424
10293.0,2023-24,27,2.1927516,0,1.4728208
10293.0,2023-24,28,3.671886,4,1.9521302
10293.0,2023-24,29,-0.11992174,0,1.2726345
10293.0,2023-24,30,2.3089118,0,0.73128664
10293.0,2023-24,31,1.9300135,2,1.1986694
10293.0,2023-24,32,2.6805677,0,2.3751276
10293.0,2023-24,33,2.6820118,4,1.3071115
10293.0,2023-24,34,2.0639489,0,1.8763385
10293.0,2023-24,34,2.0639489,0,1.669503
10293.0,2023-24,34,3.1727202,2,1.8763385
10293.0,2023-24,34,3.1727202,2,1.669503
10293.0,2023-24,35,3.1740181,11,1.5410758
10293.0,2023-24,36,1.5211693,0,1.7531621
10293.0,2023-24,37,4.1894755,1,1.5508633
10293.0,2023-24,38,2.170464,0,1.2174037
10386.0,2023-24,6,2.8373415,-3,1.4306383
10386.0,2023-24,7,1.9095943,1,1.6301996
10386.0,2023-24,8,2.876185,1,2.1712945
10386.0,2023-24,9,0.12338699,0,1.3545538
10386.0,2023-24,10,0.2885618,0,0.6659304
10386.0,2023-24,11,0.18923955,0,0.44436747
10386.0,2023-24,12,-0.077700935,0,0.5544153
10386.0,2023-24,13,1.4626013,1,0.23197678
10386.0,2023-24,14,2.8025432,-1,1.0500993
10386.0,2023-24,15,1.8723944,1,1.5007807
10386.0,2023-24,16,2.467634,8,1.6072963
10386.0,2023-24,17,1.607631,1,1.2604918
10386.0,2023-24,18,0.33820418,0,1.3331177
10386.0,2023-24,19,3.8584144,8,0.9237919
10386.0,2023-24,20,0.4836463,0,1.3412776
10386.0,2023-24,21,2.3990397,0,0.7940295
10386.0,2023-24,22,2.3185515,0,1.4723582
10386.0,2023-24,23,3.8287604,0,1.5359883
10386.0,2023-24,24,4.0891953,2,1.3006305
10386.0,2023-24,25,4.0366297,0,1.9854026
10386.0,2023-24,26,2.8046074,1,1.5618104
10386.0,2023-24,27,2.9125986,-1,2.1390047
10386.0,2023-24,28,3.0565953,0,2.7524889
10386.0,2023-24,29,0.7009858,0,2.2114792
10386.0,2023-24,30,3.0002851,1,1.1444045
10386.0,2023-24,31,1.6897461,1,1.8783131
10386.0,2023-24,32,2.541833,0,1.4825296
10386.0,2023-24,33,1.7717146,1,2.0756512
10386.0,2023-24,34,2.8882434,0,1.7227156
10386.0,2023-24,34,2.8882434,0,1.2600663
10386.0,2023-24,34,2.504719,0,1.7227156
10386.0,2023-24,34,2.504719,0,1.2600663
10386.0,2023-24,35,2.1658216,6,1.5513818
10386.0,2023-24,36,3.120938,-2,1.0972505
10386.0,2023-24,37,0.23209855,0,0.8950813
10386.0,2023-24,38,2.8776295,1,0.5041746
10747.0,2023-24,6,-0.030103533,0,0.28096035
10747.0,2023-24,7,-0.0005332566,0,0.26179665
10747.0,2023-24,8,-0.0005332566,0,0.25696594
10747.0,2023-24,9,0.003614636,0,0.25421286
10747.0,2023-24,10,-0.018509472,0,0.2523611
10747.0,2023-24,11,-0.018509472,0,0.2486507
10747.0,2023-24,12,-0.018509472,0,0.24536678
10747.0,2023-24,13,-0.018509472,0,0.24321967
10747.0,2023-24,14,-0.018509472,0,0.24224338
10747.0,2023-24,15,-0.018509472,0,0.24240766
10747.0,2023-24,16,-0.018509472,0,0.24240766
10747.0,2023-24,17,-0.018509472,0,0.24240766
10747.0,2023-24,18,-0.018509472,0,0.24240766
10747.0,2023-24,19,-0.018509472,0,0.24240766
10747.0,2023-24,20,-0.018509472,0,0.24240766
10747.0,2023-24,21,0.5138859,1,0.24240766
10747.0,2023-24,22,0.081534594,0,0.8825407
10747.0,2023-24,23,0.081534594,0,0.8128485
10747.0,2023-24,24,0.081534594,0,0.6099728
10747.0,2023-24,25,0.022286406,0,0.43774045
10747.0,2023-24,26,0.022286406,0,0.29745793
10747.0,2023-24,27,0.011823186,0,0.2629116
10747.0,2023-24,28,1.1169002,1,0.2629116
10747.0,2023-24,29,0.03152056,0,0.7846916
10747.0,2023-24,30,0.021665962,0,0.992252
10747.0,2023-24,31,0.021665962,0,0.71018165
10747.0,2023-24,32,0.013724662,0,0.42505825
10747.0,2023-24,33,0.013724662,0,0.24574547
10747.0,2023-24,34,0.6068388,1,0.24721736
10747.0,2023-24,35,1.647296,1,0.46539682
10756.0,2023-24,6,0.071837656,0,0.7894315
10756.0,2023-24,7,0.02714745,0,0.54150796
10756.0,2023-24,8,0.14105898,0,1.1897833
10756.0,2023-24,9,2.4805083,0,0.89613205
10756.0,2023-24,10,0.27682558,0,0.66904134
10756.0,2023-24,11,0.16794534,0,0.74578714
10756.0,2023-24,12,0.22536054,0,0.8088281
10756.0,2023-24,13,0.030901661,0,0.7258827
10756.0,2023-24,14,0.027059296,0,0.49413604
10756.0,2023-24,15,0.007980831,0,0.31841338
10756.0,2023-24,16,0.007980831,0,0.26615867
10756.0,2023-24,17,0.007980831,0,0.24972147
10756.0,2023-24,18,-0.018509472,0,0.24414776
10756.0,2023-24,19,0.6508345,1,0.24734291
10758.0,2023-24,12,2.8777866,1,1.2744672
10758.0,2023-24,13,1.6247637,0,2.2603233
10758.0,2023-24,14,3.203408,2,2.0063188
10758.0,2023-24,15,3.1413224,0,1.3988564
10758.0,2023-24,16,3.9457858,8,1.6153271
10758.0,2023-24,17,4.6230187,0,1.8724425
10758.0,2023-24,18,2.8137953,1,1.432157
10758.0,2023-24,19,0.66979456,0,2.1272202
10758.0,2023-24,20,3.4788146,1,3.3152876
10758.0,2023-24,21,0.31788123,0,4.414207
10758.0,2023-24,22,1.2424467,1,1.4683642
10758.0,2023-24,23,-0.031078886,0,1.7649169
10758.0,2023-24,24,0.62379473,0,1.3233148
10758.0,2023-24,25,0.13024725,0,0.9792452
10758.0,2023-24,26,1.1089038,1,1.2198054
10758.0,2023-24,27,1.1023666,2,1.4289409
10758.0,2023-24,28,2.0226314,2,1.8051307
10758.0,2023-24,29,2.301115,1,1.8119029
10758.0,2023-24,30,3.3525472,1,1.8224761
10758.0,2023-24,31,2.410517,1,1.4149687
10758.0,2023-24,32,-0.08522581,0,1.2894789
10758.0,2023-24,33,-0.01990555,0,0.6228134
10758.0,2023-24,34,-0.004632313,0,0.37616223
10758.0,2023-24,35,-0.003655505,0,0.32014954
10758.0,2023-24,36,1.3368865,1,0.3538462
10758.0,2023-24,37,1.5132533,0,0.448456
10758.0,2023-24,38,1.5615978,2,0.7548675
10802.0,2023-24,6,0.07123917,0,1.2777088
10802.0,2023-24,7,-0.05204161,0,0.74142504
10802.0,2023-24,8,0.1758163,0,0.18435809
10802.0,2023-24,9,-0.025965901,0,0.017894685
10802.0,2023-24,10,-0.06701788,0,-0.012089282
10802.0,2023-24,11,-0.0043916116,0,0.43399328
10802.0,2023-24,12,-0.003357754,0,0.40749907
10802.0,2023-24,13,0.004731414,0,0.37482244
10802.0,2023-24,14,-0.018509472,0,0.3369791
10802.0,2023-24,15,-0.018509472,0,0.29106534
10802.0,2023-24,16,-0.018509472,0,0.26132742
10802.0,2023-24,17,-0.018509472,0,0.24650976
10802.0,2023-24,18,-0.018509472,0,0.24236906
10802.0,2023-24,19,-0.018509472,0,0.24240766
10802.0,2023-24,20,-0.018509472,0,0.24240766
10802.0,2023-24,21,0.24300137,1,0.24240766
10802.0,2023-24,22,1.4677885,0,0.4714594
10802.0,2023-24,23,1.9016479,6,1.0464932
10802.0,2023-24,24,0.10082593,0,1.4615412
10802.0,2023-24,25,0.2153733,0,1.0936134
10802.0,2023-24,26,0.1419291,0,0.7793529
10802.0,2023-24,27,0.15890795,0,0.56626284
10802.0,2023-24,28,0.049904894,0,0.49190146
10802.0,2023-24,29,0.049344026,0,0.35752356
10802.0,2023-24,30,1.3307719,1,0.35752356
10802.0,2023-24,31,0.13239717,0,0.45038402
10802.0,2023-24,32,0.087650836,0,0.5147607
10802.0,2023-24,33,0.087650836,0,0.474016
10802.0,2023-24,34,0.060668867,0,0.3844943
10802.0,2023-24,35,0.060668867,0,0.28320694
10802.0,2023-24,36,0.0180209,0,0.25092646
10802.0,2023-24,37,0.7850567,1,0.24852307
10802.0,2023-24,38,1.6021761,1,0.5388516
10805.0,2023-24,6,2.3801417,2,1.4133639
10805.0,2023-24,7,4.351054,12,1.686367
10805.0,2023-24,8,4.1214995,2,1.2759123
10805.0,2023-24,9,2.4838355,1,2.8218176
10805.0,2023-24,10,2.0341365,1,2.0170097
10805.0,2023-24,11,2.1344333,0,1.8622456
10805.0,2023-24,12,0.14364079,0,2.4535537
10805.0,2023-24,13,0.93917596,0,1.3499527
10805.0,2023-24,14,1.9930724,7,0.760018
10805.0,2023-24,15,2.3869667,1,1.0586822
10805.0,2023-24,16,2.5215802,1,1.7211354
10805.0,2023-24,17,4.041123,6,2.304423
10805.0,2023-24,18,2.618099,2,2.4157972
10805.0,2023-24,19,2.145365,1,2.7616131
10805.0,2023-24,20,2.1774163,1,1.5324085
10805.0,2023-24,21,2.8644898,7,1.315037
10805.0,2023-24,22,-0.16360244,0,1.1340427
10805.0,2023-24,23,0.06741271,0,1.173578
10805.0,2023-24,24,1.8849365,1,0.8794845
10805.0,2023-24,25,1.8134042,2,0.9218797
10805.0,2023-24,26,-0.065855905,0,2.2501132
10805.0,2023-24,27,2.4890318,1,1.692095
10807.0,2023-24,6,0.017441723,0,1.9825516
10807.0,2023-24,7,0.35025704,0,1.5708785
10807.0,2023-24,8,1.9072411,1,0.83784187
10807.0,2023-24,9,1.4037749,1,1.1678013
10807.0,2023-24,10,-0.01887331,0,1.2664654
10807.0,2023-24,11,1.2136983,3,1.3381135
10807.0,2023-24,12,4.3401227,2,1.3803093
10807.0,2023-24,13,3.6229749,1,1.741378
10807.0,2023-24,14,1.8131526,1,1.9704554
10807.0,2023-24,15,2.1031616,1,2.011451
10807.0,2023-24,16,3.5859654,2,1.7806215
10807.0,2023-24,17,1.756912,1,1.5349019
10807.0,2023-24,18,2.994056,2,1.7037436
10807.0,2023-24,19,2.8367183,1,1.3272835
10807.0,2023-24,20,3.1587214,8,1.7536429
10807.0,2023-24,21,3.339397,6,2.1936371
10807.0,2023-24,22,3.0644636,0,1.5621213
10807.0,2023-24,23,3.6518986,2,1.4943912
10807.0,2023-24,24,2.310314,1,2.221464
10807.0,2023-24,25,2.447252,6,2.2111351
10807.0,2023-24,26,3.015672,1,1.9501839
10807.0,2023-24,27,3.1644852,1,3.125954
10807.0,2023-24,28,2.950706,6,1.8511088
10807.0,2023-24,29,0.38559332,0,3.146385
10807.0,2023-24,30,2.9427965,0,2.55609
10807.0,2023-24,31,3.7771583,6,3.2393878
10807.0,2023-24,32,2.3645577,1,2.0515566
10807.0,2023-24,33,2.618411,2,2.0858214
10807.0,2023-24,34,1.7188344,0,2.3844154
10847.0,2023-24,6,0.0960087,0,0.666158
10847.0,2023-24,7,0.28488854,0,1.0955712
10847.0,2023-24,8,1.1738622,6,0.9714642
10847.0,2023-24,9,0.058711737,0,1.4032485
10847.0,2023-24,10,-0.0017670614,0,0.84088576
10847.0,2023-24,11,1.9968593,1,0.6816894
10847.0,2023-24,12,-0.09469403,0,0.73229516
10847.0,2023-24,13,-0.066006154,0,0.56631476
10847.0,2023-24,14,1.6945229,1,0.5479336
10847.0,2023-24,15,0.6408174,5,0.8181948
10847.0,2023-24,16,-0.16629504,0,0.87589836
10847.0,2023-24,17,2.4734912,8,0.86912894
10847.0,2023-24,18,0.19013526,0,0.80500376
10847.0,2023-24,19,-0.07035972,0,0.6682054
10847.0,2023-24,20,3.1746452,1,0.5251575
10847.0,2023-24,21,-0.031382028,0,1.0061921
10847.0,2023-24,22,2.1444585,2,0.8626135
10847.0,2023-24,23,0.2307921,0,2.2814934
10847.0,2023-24,24,-0.023029795,0,1.5883043
10847.0,2023-24,25,-0.023029795,0,1.1625566
10847.0,2023-24,26,0.03590093,0,0.9215871
10847.0,2023-24,27,0.03590093,0,0.68859786
10847.0,2023-24,28,-7.3084084e-05,0,0.5185461
10847.0,2023-24,29,-0.007976878,0,0.41392007
10847.0,2023-24,30,0.8233695,6,0.32285136
10847.0,2023-24,31,2.388335,2,1.4950043
10847.0,2023-24,32,1.8456178,8,2.590381
10847.0,2023-24,33,4.5543456,2,1.7319679
10847.0,2023-24,34,3.8066928,1,2.0441937
10847.0,2023-24,35,0.45212367,0,2.3518825
10847.0,2023-24,36,-0.1022204,0,0.93809664
10847.0,2023-24,37,2.293658,1,1.8020308
10864.0,2023-24,6,2.431211,0,1.1195337
10864.0,2023-24,7,1.7964159,0,0.78449047
10864.0,2023-24,8,2.6910326,1,1.1969416
10864.0,2023-24,9,3.0155976,1,1.0109761
10864.0,2023-24,10,-0.09044019,0,1.219492
10864.0,2023-24,11,2.4581487,0,1.0579131
10864.0,2023-24,12,1.3818976,5,1.4018977
10864.0,2023-24,13,2.3787692,2,1.7486564
10864.0,2023-24,14,3.424813,0,1.6817926
10864.0,2023-24,15,2.698481,14,1.3040411
10864.0,2023-24,16,1.5542814,15,1.7709167
10864.0,2023-24,17,0.027259465,0,2.6360562
10864.0,2023-24,18,2.9407952,5,2.6112788
10864.0,2023-24,19,1.8641065,6,1.5554855
10864.0,2023-24,20,1.8976787,0,1.8611381
10864.0,2023-24,21,-0.55046797,0,2.1518216
10864.0,2023-24,22,3.0154428,2,1.2359731
10864.0,2023-24,23,1.8493882,1,1.7487197
10864.0,2023-24,24,2.7207835,8,2.129852
10864.0,2023-24,25,2.7076929,0,2.6376092
10864.0,2023-24,26,2.0167735,1,3.502425
10864.0,2023-24,27,3.721434,1,2.8679357
10864.0,2023-24,28,0.22609374,0,0.9565795
10864.0,2023-24,29,0.2239048,0,1.0564339
10864.0,2023-24,30,-0.09981511,0,1.4111681
10864.0,2023-24,31,0.1622413,0,0.78352845
10864.0,2023-24,32,2.4067397,1,1.3965468
10864.0,2023-24,33,1.9227228,8,0.9171708
10864.0,2023-24,34,2.7550378,0,1.222897
10864.0,2023-24,34,2.7550378,0,1.4858636
10864.0,2023-24,34,4.2708054,6,1.222897
10864.0,2023-24,34,4.2708054,6,1.4858636
10864.0,2023-24,35,3.620452,13,1.299077
10864.0,2023-24,36,2.382493,1,1.1933019
10864.0,2023-24,37,2.5495894,4,1.1060154
10864.0,2023-24,38,1.2376835,0,2.1726391
10945.0,2023-24,18,1.5474722,1,0.38506305
10945.0,2023-24,19,1.616002,2,0.52385014
10945.0,2023-24,20,0.09908073,0,1.1230919
10945.0,2023-24,21,0.119573355,0,0.97880507
10945.0,2023-24,22,0.08080875,0,0.6476894
10945.0,2023-24,23,0.04044763,0,0.38603422
10945.0,2023-24,24,0.04044763,0,0.26936167
10945.0,2023-24,25,0.016379626,0,0.27886313
10945.0,2023-24,26,0.016379626,0,0.27567685
10945.0,2023-24,27,0.010614843,0,0.2787516
10945.0,2023-24,28,0.5103113,1,0.27515548
10945.0,2023-24,29,0.05647438,0,1.0409518
10945.0,2023-24,30,1.7583061,1,0.998129
10945.0,2023-24,31,2.5525954,1,1.5271236
10945.0,2023-24,32,1.9003587,1,1.1239333
10945.0,2023-24,33,3.1085925,1,1.5379452
10945.0,2023-24,34,1.7221522,1,1.6255914
10945.0,2023-24,34,1.7221522,1,1.4112555
10945.0,2023-24,34,3.0565584,1,1.6255914
10945.0,2023-24,34,3.0565584,1,1.4112555
10945.0,2023-24,35,-0.25377834,0,1.3319869
10945.0,2023-24,36,1.4975934,1,1.0821155
10945.0,2023-24,37,-0.10771138,0,1.0168877
10945.0,2023-24,38,1.0317916,1,0.54104316
11486.0,2023-24,6,2.0265217,0,1.8146665
11486.0,2023-24,7,2.2244668,0,1.849715
11486.0,2023-24,8,2.2921762,1,1.5441623
11486.0,2023-24,9,4.4945235,0,1.78325
11486.0,2023-24,10,4.488146,2,1.5791867
11486.0,2023-24,11,2.9292552,-1,1.8504516
11486.0,2023-24,12,2.365314,6,1.2152464
11486.0,2023-24,13,2.324467,2,1.3699253
11486.0,2023-24,14,1.885371,1,1.3134186
11486.0,2023-24,15,3.0302243,5,1.2206702
11486.0,2023-24,16,1.778617,6,1.6641273
11486.0,2023-24,17,0.6427717,0,1.8360271
11486.0,2023-24,18,3.848908,1,1.2777495
11486.0,2023-24,19,2.6855698,7,1.4689087
11486.0,2023-24,20,3.0987782,1,2.033173
11486.0,2023-24,21,2.666643,0,3.7165058
11486.0,2023-24,22,3.536308,2,1.9828792
11486.0,2023-24,23,2.3808665,2,2.1437628
11486.0,2023-24,24,2.5534537,1,2.2766383
11486.0,2023-24,25,2.7053223,0,2.0447087
11486.0,2023-24,26,2.6172156,2,2.5487595
11486.0,2023-24,27,3.8989017,6,1.9281046
11486.0,2023-24,28,4.156975,1,2.2896903
11486.0,2023-24,28,4.156975,1,1.6903076
11486.0,2023-24,28,3.0311992,7,2.2896903
11486.0,2023-24,28,3.0311992,7,1.6903076
11486.0,2023-24,29,-0.43496904,0,1.4370923
11486.0,2023-24,30,3.1429565,2,1.0932624
11486.0,2023-24,31,3.7306335,7,2.765536
11486.0,2023-24,32,3.1128871,1,2.0865486
11486.0,2023-24,33,3.181668,1,3.0230968
11486.0,2023-24,34,1.996521,0,1.8747771
11486.0,2023-24,34,1.996521,0,1.7488447
11486.0,2023-24,34,3.3779702,7,1.8747771
11486.0,2023-24,34,3.3779702,7,1.7488447
11486.0,2023-24,35,-0.15807953,0,2.3232234
11486.0,2023-24,36,1.7907147,1,1.3662426
11486.0,2023-24,37,2.5746512,1,1.8987262
11486.0,2023-24,38,1.7539461,1,1.8141093
11595.0,2023-24,24,1.5806954,1,1.2106699
11595.0,2023-24,25,-0.047810595,0,0.8544619
11595.0,2023-24,26,-0.047810595,0,0.7774681
11595.0,2023-24,27,-0.03636821,0,0.80278915
11595.0,2023-24,28,-0.028974248,0,0.5706812
11595.0,2023-24,29,-0.0050783344,0,0.25943786
11595.0,2023-24,30,1.1800681,1,0.28060374
11595.0,2023-24,31,1.753078,1,0.3218828
11595.0,2023-24,32,-0.099857405,0,0.86357117
11595.0,2023-24,33,1.9894152,7,1.0975827
11595.0,2023-24,34,4.247121,-1,2.0291696
11595.0,2023-24,35,2.6523945,6,3.574104
11595.0,2023-24,36,2.155252,1,3.395371
11699.0,2023-24,6,2.9697835,2,1.4651618
11699.0,2023-24,7,1.3441647,1,1.161883
11699.0,2023-24,7,1.3441647,1,1.5661709
11699.0,2023-24,7,2.875813,2,1.161883
11699.0,2023-24,7,2.875813,2,1.5661709
11699.0,2023-24,8,3.2870128,-1,1.3119755
11699.0,2023-24,9,2.1911001,1,0.6517619
11699.0,2023-24,10,3.6609967,0,1.0910375
11699.0,2023-24,11,0.062013574,0,1.5128744
11699.0,2023-24,12,0.050436795,0,0.7057666
11699.0,2023-24,13,0.03263886,0,0.44371945
11699.0,2023-24,14,0.048536383,0,0.26926798
11699.0,2023-24,15,0.057574008,0,0.23457019
11699.0,2023-24,16,0.02415925,0,0.3601163
11699.0,2023-24,17,1.2444698,1,0.3125772
11699.0,2023-24,18,0.052094344,0,0.50829554
11699.0,2023-24,19,0.075004354,0,0.52353
11699.0,2023-24,20,0.075004354,0,0.4363703
11699.0,2023-24,21,2.1979585,2,0.32726312
11699.0,2023-24,22,1.4913281,7,1.0685382
11704.0,2023-24,19,0.0549517,0,0.5912192
11704.0,2023-24,20,0.015729168,0,0.52174556
11704.0,2023-24,21,2.600722,2,0.51950526
11704.0,2023-24,22,1.4271604,0,1.0077517
11704.0,2023-24,23,2.984803,0,1.7680894
11704.0,2023-24,24,0.14024381,0,1.4290512
11704.0,2023-24,25,0.123240955,0,0.8296424
11704.0,2023-24,26,0.10671444,0,0.42756408
11704.0,2023-24,27,0.035853576,0,0.22858751
11704.0,2023-24,28,0.03836935,0,0.21167979
11704.0,2023-24,29,0.024748446,0,0.28993687
11704.0,2023-24,30,0.005533333,0,0.2888584
11704.0,2023-24,31,0.007980831,0,0.2805012
11704.0,2023-24,32,-0.018509472,0,0.26331562
11704.0,2023-24,33,0.51512563,9,0.24455366
11704.0,2023-24,34,0.17445466,0,0.72424245
11704.0,2023-24,35,0.17445466,0,0.68994325
11704.0,2023-24,36,2.7146156,1,0.534477
11707.0,2023-24,6,0.12809879,0,0.23585682
11707.0,2023-24,7,-0.014211728,0,0.21148592
11707.0,2023-24,8,-0.014211728,0,0.22752467
11707.0,2023-24,9,-0.014211728,0,0.23297006
11707.0,2023-24,10,-0.018509472,0,0.23563808
11707.0,2023-24,11,-0.018509472,0,0.23517077
11707.0,2023-24,12,-0.018509472,0,0.23457962
11707.0,2023-24,13,-0.018509472,0,0.23552415
11707.0,2023-24,14,-0.018509472,0,0.2382578
11707.0,2023-24,15,-0.018509472,0,0.24240766
11707.0,2023-24,16,-0.018509472,0,0.24240766
11707.0,2023-24,17,-0.018509472,0,0.24240766
11707.0,2023-24,18,-0.018509472,0,0.24240766
11707.0,2023-24,19,-0.018509472,0,0.24240766
11707.0,2023-24,20,-0.018509472,0,0.24240766
11707.0,2023-24,21,-0.018509472,0,0.24240766
11707.0,2023-24,22,-0.018509472,0,0.24240766
11707.0,2023-24,23,-0.018509472,0,0.24240766
11707.0,2023-24,24,-0.018509472,0,0.24240766
11707.0,2023-24,25,-0.018509472,0,0.24240766
11707.0,2023-24,26,-0.018509472,0,0.24240766
11707.0,2023-24,27,-0.018509472,0,0.24240766
11707.0,2023-24,28,-0.018509472,0,0.24240766
11707.0,2023-24,29,-0.018509472,0,0.24240766
11707.0,2023-24,30,-0.018509472,0,0.24240766
11707.0,2023-24,31,-0.018509472,0,0.24240766
11707.0,2023-24,32,-0.018509472,0,0.24240766
11707.0,2023-24,33,-0.018509472,0,0.24240766
11707.0,2023-24,34,-0.018509472,0,0.24240766
11707.0,2023-24,35,-0.018509472,0,0.24240766
11707.0,2023-24,36,-0.018509472,0,0.24240766
11707.0,2023-24,37,-0.018509472,0,0.24240766
11707.0,2023-24,38,0.53924024,0,0.24240766
11709.0,2023-24,6,2.8935254,-1,1.3918581
11709.0,2023-24,7,1.8950485,1,1.4873776
11709.0,2023-24,8,3.199579,1,1.238232
11709.0,2023-24,9,2.7960393,2,1.5508132
11709.0,2023-24,10,3.161073,1,1.4262826
11709.0,2023-24,11,2.3973298,-1,1.2730542
11709.0,2023-24,12,-0.012650452,0,1.3807502
11709.0,2023-24,13,2.501868,1,0.8279474
11709.0,2023-24,14,2.9634588,5,0.9254852
11709.0,2023-24,15,3.465896,6,2.2730763
11709.0,2023-24,16,1.717948,6,2.6916547
11709.0,2023-24,17,0.47880858,0,1.1726152
11709.0,2023-24,18,0.17566386,0,0.64233017
11709.0,2023-24,19,0.019423796,0,0.3732875
11709.0,2023-24,20,0.09089707,0,0.5444057
11709.0,2023-24,21,0.19008504,0,0.511566
11709.0,2023-24,22,2.5711997,1,0.6186157
11709.0,2023-24,23,1.4533535,1,0.7671479
11709.0,2023-24,24,1.5410225,1,1.1252103
11709.0,2023-24,25,0.039188355,0,1.5196127
11709.0,2023-24,26,1.1189072,2,1.1768926
11709.0,2023-24,27,2.916492,6,1.5538883
11709.0,2023-24,28,3.8918917,0,1.9203607
11709.0,2023-24,29,0.53851736,0,1.8706977
11709.0,2023-24,30,2.660226,6,1.4760497
11709.0,2023-24,31,3.0235283,1,1.5337362
11709.0,2023-24,32,2.27737,2,1.262965
11709.0,2023-24,33,2.9543388,1,1.3372167
11709.0,2023-24,34,3.3791049,4,1.2901742
11709.0,2023-24,34,3.3791049,4,2.4623153
11709.0,2023-24,34,3.866652,3,1.2901742
11709.0,2023-24,34,3.866652,3,2.4623153
11709.0,2023-24,35,0.033182923,0,2.6231291
11709.0,2023-24,36,0.47675538,0,0.73864156
11709.0,2023-24,37,0.29718447,0,0.33535022
11709.0,2023-24,38,1.2376401,0,0.13143599
11713.0,2023-24,6,2.9636796,2,2.141672
11713.0,2023-24,7,2.86378,2,2.094145
11713.0,2023-24,7,2.86378,2,1.2687953
11713.0,2023-24,7,3.1162405,1,2.094145
11713.0,2023-24,7,3.1162405,1,1.2687953
11713.0,2023-24,8,2.1664932,0,0.95003676
11713.0,2023-24,9,2.2098033,0,0.79779196
11713.0,2023-24,10,0.9978391,0,0.20941134
11713.0,2023-24,11,1.296289,0,0.09234869
11713.0,2023-24,12,1.089676,0,0.07584999
11713.0,2023-24,13,1.2394452,2,0.18530576
11713.0,2023-24,14,1.5942608,1,1.089193
11713.0,2023-24,15,2.7694416,0,1.5141282
11713.0,2023-24,16,1.6337742,1,1.5581775
11713.0,2023-24,17,0.004080899,0,1.6549561
11713.0,2023-24,18,2.5065928,7,1.0422248
11713.0,2023-24,19,3.1344693,1,1.805835
11713.0,2023-24,20,2.4322462,1,1.8338939
11713.0,2023-24,21,3.3332064,2,1.4693501
11713.0,2023-24,22,2.7173338,6,1.984381
11713.0,2023-24,23,1.5283587,0,1.9427556
11713.0,2023-24,24,3.876764,3,1.9505955
11713.0,2023-24,25,3.6046126,1,1.132528
11713.0,2023-24,25,3.6046126,1,2.023447
11713.0,2023-24,25,1.8727006,0,1.132528
11713.0,2023-24,25,1.8727006,0,2.023447
11713.0,2023-24,26,0.23445928,0,2.2285006
11713.0,2023-24,27,2.6672225,1,1.2200811
11713.0,2023-24,28,1.8267666,0,1.155929
11713.0,2023-24,28,1.8267666,0,0.7849123
11713.0,2023-24,28,1.6799392,0,1.155929
11713.0,2023-24,28,1.6799392,0,0.7849123
11713.0,2023-24,29,1.9662315,0,0.7608754
11713.0,2023-24,30,1.1151531,0,0.73147696
11713.0,2023-24,31,0.6561727,0,0.5036248
11713.0,2023-24,32,1.1265706,0,0.35332787
11713.0,2023-24,33,0.47276568,0,0.32921925
11713.0,2023-24,34,1.0240362,0,0.31995058
11713.0,2023-24,35,0.5899181,0,0.43888843
11713.0,2023-24,36,0.42901108,0,0.30244613
11713.0,2023-24,37,0.55474293,0,0.3450622
11713.0,2023-24,38,0.35716733,0,0.28126806
11714.0,2023-24,6,3.068942,3,0.9535004
11714.0,2023-24,7,2.4603806,7,1.8482072
11714.0,2023-24,7,2.4603806,7,1.6673781
11714.0,2023-24,7,2.7794049,1,1.8482072
11714.0,2023-24,7,2.7794049,1,1.6673781
11714.0,2023-24,8,3.060372,1,2.7247508
11714.0,2023-24,9,3.7099304,4,2.6467254
11714.0,2023-24,10,1.8221314,-1,1.6596413
11714.0,2023-24,11,3.4423776,2,2.0960047
11714.0,2023-24,12,3.37499,1,1.2340741
11714.0,2023-24,13,3.0559967,1,1.2624514
11714.0,2023-24,14,2.3683157,1,1.3523414
11714.0,2023-24,15,0.23472822,0,2.1638048
11714.0,2023-24,16,1.9289745,1,1.2344325
11715.0,2023-24,6,0.040382713,0,2.0645516
11715.0,2023-24,7,2.8603158,1,1.7913717
11715.0,2023-24,8,1.9481847,1,1.5720899
11715.0,2023-24,9,0.22693439,0,1.5121583
11715.0,2023-24,10,0.09936119,0,0.99929523
11715.0,2023-24,11,0.047938317,0,0.8511423
11715.0,2023-24,12,0.46056908,0,0.41456306
11715.0,2023-24,13,0.014417459,0,0.36160702
11715.0,2023-24,14,-0.009856128,0,0.47795874
11715.0,2023-24,15,-0.009856128,0,0.43130052
11715.0,2023-24,16,0.007980831,0,0.35780174
11715.0,2023-24,17,-0.018509472,0,0.29942945
11715.0,2023-24,18,0.49348292,1,0.25911885
11715.0,2023-24,19,1.6593373,1,0.5727695
11723.0,2023-24,6,1.9629089,3,1.7975905
11723.0,2023-24,7,2.604651,8,1.1431098
11723.0,2023-24,7,2.604651,8,1.322522
11723.0,2023-24,7,2.547701,1,1.1431098
11723.0,2023-24,7,2.547701,1,1.322522
11723.0,2023-24,8,2.6946304,2,1.2537718
11723.0,2023-24,9,2.2725344,1,0.8811976
11723.0,2023-24,10,2.1532907,0,0.73992467
11723.0,2023-24,11,4.209999,2,1.1836655
11723.0,2023-24,12,5.196662,2,0.9843222
11723.0,2023-24,13,4.7492023,2,1.6543319
11723.0,2023-24,14,0.7774891,0,1.0448533
11723.0,2023-24,15,2.5222976,8,0.7425964
11723.0,2023-24,16,2.0266914,0,1.1119345
11723.0,2023-24,17,0.17037115,0,1.7941933
11723.0,2023-24,18,3.5452843,9,0.95469534
11723.0,2023-24,19,4.1854224,7,1.0787417
11723.0,2023-24,20,1.8854796,9,0.9377766
11723.0,2023-24,21,2.550154,5,0.50980216
11723.0,2023-24,22,2.3570626,6,0.47091717
11723.0,2023-24,23,2.0095944,3,0.64953744
11723.0,2023-24,24,5.1999955,1,2.0238123
11723.0,2023-24,25,4.2336836,1,1.9841225
11723.0,2023-24,25,4.2336836,1,2.1700854
11723.0,2023-24,25,3.4508774,0,1.9841225
11723.0,2023-24,25,3.4508774,0,2.1700854
11723.0,2023-24,26,0.67356986,0,1.7058213
11723.0,2023-24,27,1.9539847,5,1.0810107
11723.0,2023-24,28,3.6053023,2,1.0535747
11723.0,2023-24,28,3.6053023,2,2.6657856
11723.0,2023-24,28,2.3648117,3,1.0535747
11723.0,2023-24,28,2.3648117,3,2.6657856
11723.0,2023-24,29,4.2294545,1,3.271089
11723.0,2023-24,30,2.9258654,2,3.6823325
11723.0,2023-24,31,1.0186639,1,4.8221846
11723.0,2023-24,32,3.2086818,2,2.7300885
11723.0,2023-24,33,1.865491,0,1.1708236
11723.0,2023-24,34,3.3304622,-1,1.1795967
11723.0,2023-24,35,3.6141164,1,1.6988916
11723.0,2023-24,36,4.3387117,2,1.8247701
11723.0,2023-24,37,2.7298248,4,1.6086493
11723.0,2023-24,38,2.708904,5,1.7940598
11728.0,2023-24,7,0.047669623,0,0.9891918
11728.0,2023-24,8,2.3334424,1,0.8858451
11728.0,2023-24,9,1.3753492,1,1.2564358
11728.0,2023-24,10,2.2442884,2,1.3148474
11728.0,2023-24,11,2.9753442,2,1.590977
11728.0,2023-24,12,1.7533793,1,1.711429
11728.0,2023-24,13,2.5560777,1,1.812979
11728.0,2023-24,14,1.6479858,0,1.6141901
11728.0,2023-24,15,2.698467,6,1.3393588
11728.0,2023-24,16,2.840666,6,1.4156036
11728.0,2023-24,17,-0.3684213,0,1.4128313
11728.0,2023-24,18,2.668438,0,1.3324401
11728.0,2023-24,19,2.5661948,1,1.6123555
11728.0,2023-24,20,3.026458,1,1.743315
11728.0,2023-24,21,0.11518782,0,1.7838048
11728.0,2023-24,22,0.26798245,0,1.5013621
11728.0,2023-24,23,-0.0677752,0,0.52859265
11728.0,2023-24,24,0.04772469,0,0.37092507
11728.0,2023-24,25,0.9257687,1,0.44344717
11728.0,2023-24,26,2.5349236,10,0.6744225
11728.0,2023-24,27,2.8705037,6,1.0787779
11728.0,2023-24,28,4.34177,2,1.8326494
11728.0,2023-24,29,5.182229,6,1.5451044
11728.0,2023-24,30,4.6910915,0,1.2204416
11728.0,2023-24,31,2.9843404,1,1.761989
11728.0,2023-24,32,3.951263,2,2.574146
11728.0,2023-24,33,3.227312,7,2.3897507
11728.0,2023-24,34,1.5026035,1,2.3395786
11728.0,2023-24,35,4.0527735,2,2.2062197
11728.0,2023-24,36,3.5619466,5,1.9966655
11728.0,2023-24,37,2.3369052,0,2.4577038
11728.0,2023-24,38,2.9132154,1,1.884767
11732.0,2023-24,10,1.3853405,0,1.8165815
11732.0,2023-24,11,2.4281156,2,1.8541021
11732.0,2023-24,12,1.7392404,2,1.5057071
11732.0,2023-24,13,2.2507837,1,1.7512997
11732.0,2023-24,14,2.0486064,0,1.493779
11732.0,2023-24,15,2.280176,2,1.8647048
11732.0,2023-24,16,2.5105214,5,1.6529529
11732.0,2023-24,17,0.9328135,1,1.7863214
11732.0,2023-24,18,1.3436828,1,1.8053658
11732.0,2023-24,19,2.4433663,1,1.6562726
11732.0,2023-24,20,1.9836643,1,1.4462237
11732.0,2023-24,21,2.1363204,1,1.7261069
11732.0,2023-24,22,2.2267451,0,1.1961654
11732.0,2023-24,23,2.7015314,0,1.8436221
11732.0,2023-24,24,0.09195514,0,2.0803008
11732.0,2023-24,25,3.0119371,0,1.1939087
11732.0,2023-24,26,1.743174,2,1.0613204
11732.0,2023-24,27,1.9100142,-1,1.2104555
11732.0,2023-24,28,2.2901676,1,1.3289154
11732.0,2023-24,29,0.32702863,0,1.5622616
11732.0,2023-24,30,2.6715333,0,0.8627834
11732.0,2023-24,31,1.268924,1,0.80617404
11732.0,2023-24,32,2.100573,1,0.9082081
11732.0,2023-24,33,2.4534621,1,1.2638209
11732.0,2023-24,34,3.3634875,0,2.2461412
11732.0,2023-24,34,3.3634875,0,1.7979879
11732.0,2023-24,34,2.5812492,0,2.2461412
11732.0,2023-24,34,2.5812492,0,1.7979879
11732.0,2023-24,35,1.7663792,0,1.6287179
11732.0,2023-24,36,2.7169695,1,1.3080678
11732.0,2023-24,37,2.4115796,2,2.0032265
11732.0,2023-24,38,2.4169931,1,2.1704152
11980.0,2023-24,38,0.9121264,-1,0.53641224
11998.0,2023-24,8,2.2428439,0,1.4734806
11998.0,2023-24,9,2.0855694,1,1.7063152
11998.0,2023-24,10,0.17740753,0,0.9913144
11998.0,2023-24,11,0.08992512,0,0.49100512
11998.0,2023-24,12,0.15133879,0,0.21969938
11998.0,2023-24,13,0.07668043,0,0.350738
11998.0,2023-24,14,0.019863019,0,0.34319407
11998.0,2023-24,15,0.02415925,0,0.3568769
11998.0,2023-24,16,0.02415925,0,0.31362343
11998.0,2023-24,17,1.0785431,1,0.28025627
11998.0,2023-24,18,1.5888273,1,1.0267364
11998.0,2023-24,19,-0.09810774,0,1.2191815
11998.0,2023-24,20,1.342667,1,1.2437129
11998.0,2023-24,21,-0.06351043,0,1.2757816
11998.0,2023-24,22,0.111927174,0,0.7493324
11998.0,2023-24,23,0.013065857,0,0.46023387
11998.0,2023-24,24,0.5282523,1,0.49003047
11998.0,2023-24,25,1.5572262,0,0.8930625
11998.0,2023-24,26,0.095866024,0,1.5659251
11998.0,2023-24,27,0.095866024,0,1.4237275
11998.0,2023-24,28,1.9270011,0,0.8334346
12014.0,2023-24,6,0.461913,0,0.3509953
12014.0,2023-24,7,0.4887076,0,0.3418475
12014.0,2023-24,8,0.538811,0,0.28400877
12014.0,2023-24,9,0.27871448,0,0.33123893
12014.0,2023-24,10,0.324918,0,0.31992948
12014.0,2023-24,11,0.70791954,0,0.40315396
12014.0,2023-24,12,0.5221192,0,0.37587154
12014.0,2023-24,13,0.48321283,0,0.39343828
12014.0,2023-24,14,0.4665964,0,0.36919433
12014.0,2023-24,15,0.5786494,0,0.25098717
12014.0,2023-24,16,0.45714235,0,0.314026
12014.0,2023-24,17,0.7913472,0,0.41890126
12014.0,2023-24,18,0.5771864,0,0.41960394
12014.0,2023-24,19,0.38325736,0,0.4455995
12014.0,2023-24,20,0.4870713,0,0.30552086
12014.0,2023-24,21,0.35789004,0,0.37188262
12014.0,2023-24,22,0.46768606,0,0.2916128
12014.0,2023-24,23,0.36142734,0,0.41260374
12014.0,2023-24,24,0.5269282,0,0.35652006
12014.0,2023-24,25,0.40799698,0,0.34856105
12014.0,2023-24,26,0.64063334,0,0.3191269
12014.0,2023-24,27,0.31374213,0,0.3433898
12014.0,2023-24,28,0.3909967,0,0.34740204
12014.0,2023-24,29,-0.018509472,0,0.32759267
12014.0,2023-24,30,0.41919658,0,0.28559533
12014.0,2023-24,31,0.5173447,0,0.22763179
12014.0,2023-24,32,0.34466204,0,0.21956624
12014.0,2023-24,33,0.3576046,0,0.32623917
12014.0,2023-24,34,0.4127227,0,0.38791397
12014.0,2023-24,34,0.4127227,0,0.39731777
12014.0,2023-24,34,0.52721184,0,0.38791397
12014.0,2023-24,34,0.52721184,0,0.39731777
12014.0,2023-24,35,0.52268535,0,0.5256145
12014.0,2023-24,36,0.45024198,0,0.3914718
12014.0,2023-24,37,0.52983385,0,0.36774272
12014.0,2023-24,38,0.33628884,0,0.26733768
12073.0,2023-24,11,2.2170296,2,1.5477597
12073.0,2023-24,12,2.6417446,2,1.4593871
12073.0,2023-24,13,2.74775,9,1.9321586
12073.0,2023-24,14,2.2729275,1,2.0505214
12073.0,2023-24,15,3.3981915,0,1.7977964
12073.0,2023-24,16,1.8147912,1,1.0384982
12073.0,2023-24,17,1.1767441,0,1.3565649
12073.0,2023-24,18,3.321687,5,0.94611686
12073.0,2023-24,19,3.5033271,1,1.7856622
12073.0,2023-24,20,3.7120352,0,1.4112959
12073.0,2023-24,21,2.7786515,2,1.1532645
12073.0,2023-24,22,0.020776153,0,2.3182356
12073.0,2023-24,23,1.4799042,0,1.4455626
12073.0,2023-24,24,-0.037907228,0,2.0232995
12073.0,2023-24,25,2.3796153,1,0.898388
12073.0,2023-24,25,2.3796153,1,1.8679694
12073.0,2023-24,25,2.2528338,0,0.898388
12073.0,2023-24,25,2.2528338,0,1.8679694
12073.0,2023-24,26,0.54603875,0,1.713119
12073.0,2023-24,27,2.4994063,1,0.76923597
12073.0,2023-24,28,2.0852714,2,1.4294816
12073.0,2023-24,28,2.0852714,2,1.4798067
12073.0,2023-24,28,1.7581831,0,1.4294816
12073.0,2023-24,28,1.7581831,0,1.4798067
12073.0,2023-24,29,2.8367286,2,1.661917
12073.0,2023-24,30,1.4780121,0,1.4735067
12073.0,2023-24,31,1.2652996,1,1.26093
12073.0,2023-24,32,2.594059,2,1.6313837
12073.0,2023-24,33,0.23827507,0,1.8658028
12073.0,2023-24,34,2.986933,0,1.1275617
12073.0,2023-24,35,3.3417919,1,1.2873715
12073.0,2023-24,36,2.8192406,2,1.5446854
12073.0,2023-24,37,1.7561017,1,1.5321069
12073.0,2023-24,38,2.0538702,1,2.0529895
12123.0,2023-24,9,3.749334,0,1.7698648
12123.0,2023-24,10,2.9407191,1,2.830568
12123.0,2023-24,11,2.2326927,6,1.8948889
12123.0,2023-24,12,2.3528948,1,1.1276811
12123.0,2023-24,13,1.8438596,1,0.9216143
12123.0,2023-24,14,2.6963496,2,1.3918419
12123.0,2023-24,15,1.840933,0,1.4628725
12123.0,2023-24,16,2.5970008,2,1.7644079
12123.0,2023-24,17,2.9206264,0,2.0162084
12123.0,2023-24,18,3.3615363,1,1.9185188
12123.0,2023-24,19,2.269852,5,1.8414013
12123.0,2023-24,20,2.6472847,2,1.6242428
12123.0,2023-24,21,1.7503529,1,1.5722919
12123.0,2023-24,22,1.805165,1,1.3993564
12123.0,2023-24,23,2.8320398,2,1.1849465
12123.0,2023-24,24,3.0829523,1,1.270157
12123.0,2023-24,25,2.43345,6,1.6963171
12123.0,2023-24,26,2.114259,-1,2.0080233
12123.0,2023-24,27,2.8206034,2,1.6344945
12123.0,2023-24,28,2.7918744,2,1.849257
12123.0,2023-24,29,2.163225,2,1.8951821
12123.0,2023-24,30,4.429241,2,1.9899194
12123.0,2023-24,31,2.6996043,5,1.7191303
12123.0,2023-24,32,2.5605328,-1,1.3809896
12123.0,2023-24,33,2.4414077,0,1.8502309
12123.0,2023-24,34,2.3477287,0,1.2800677
12123.0,2023-24,35,2.2945564,1,1.0016316
12123.0,2023-24,36,2.5582128,2,0.6277685
12123.0,2023-24,37,3.1479497,1,1.3493583
12123.0,2023-24,38,2.9072134,2,1.2169173
12151.0,2023-24,6,0.448536,0,0.37106872
12151.0,2023-24,7,0.49419934,0,0.44621527
12151.0,2023-24,7,0.49419934,0,0.3081016
12151.0,2023-24,7,0.5018572,0,0.44621527
12151.0,2023-24,7,0.5018572,0,0.3081016
12151.0,2023-24,8,0.453481,0,0.34172344
12151.0,2023-24,9,0.47279868,0,0.45647478
12151.0,2023-24,10,0.38167837,0,0.3324949
12151.0,2023-24,11,1.7659374,2,0.40181553
12151.0,2023-24,12,2.0742526,2,0.92160624
12151.0,2023-24,13,2.4440928,1,1.3399904
12151.0,2023-24,14,2.0642416,1,1.538686
12151.0,2023-24,15,2.0434084,6,1.7437274
12151.0,2023-24,16,0.87737805,0,2.0573547
12151.0,2023-24,17,0.18425664,0,1.528748
12151.0,2023-24,18,1.9504337,6,0.82356405
12151.0,2023-24,19,2.114943,1,1.0938416
12151.0,2023-24,20,2.7692378,1,1.6601892
12151.0,2023-24,21,3.5555143,2,2.0445848
12151.0,2023-24,22,2.9930427,7,1.9069608
12151.0,2023-24,23,1.8445996,5,1.8166602
12151.0,2023-24,24,5.2623186,1,1.5212243
12151.0,2023-24,25,2.820858,0,1.9312203
12151.0,2023-24,25,2.820858,0,2.3511856
12151.0,2023-24,25,2.530849,0,1.9312203
12151.0,2023-24,25,2.530849,0,2.3511856
12151.0,2023-24,26,0.84938,0,2.056515
12151.0,2023-24,27,3.6197321,0,1.1112479
12151.0,2023-24,28,2.2947006,2,0.6597205
12151.0,2023-24,28,2.2947006,2,0.64307773
12151.0,2023-24,28,2.0359745,0,0.6597205
12151.0,2023-24,28,2.0359745,0,0.64307773
12151.0,2023-24,29,2.0716999,0,0.965431
12151.0,2023-24,30,1.1572899,0,1.3590641
12151.0,2023-24,31,0.8183126,0,0.9027566
12151.0,2023-24,32,1.4186031,0,0.63059396
12151.0,2023-24,33,0.5131808,0,0.26068896
12151.0,2023-24,34,1.2256277,0,0.32409737
12151.0,2023-24,35,3.31398,1,1.0397141
12151.0,2023-24,36,2.879919,2,1.7226019
12151.0,2023-24,37,2.855078,1,1.8254818
12151.0,2023-24,38,1.6515638,0,1.7022228
12199.0,2023-24,18,-0.0017101392,0,0.3128447
12199.0,2023-24,19,0.01387301,0,0.25901133
12199.0,2023-24,20,0.01387301,0,0.25399745
12199.0,2023-24,21,0.0180209,0,0.25151366
12199.0,2023-24,22,-0.018509472,0,0.24995361
12199.0,2023-24,23,-0.018509472,0,0.24733275
12199.0,2023-24,24,-0.018509472,0,0.24520284
12199.0,2023-24,25,-0.018509472,0,0.24374424
12199.0,2023-24,26,-0.018509472,0,0.24281389
12199.0,2023-24,27,-0.018509472,0,0.24240766
12199.0,2023-24,28,-0.018509472,0,0.24240766
12199.0,2023-24,29,-0.018509472,0,0.24240766
12199.0,2023-24,30,-0.018509472,0,0.24240766
12199.0,2023-24,31,-0.018509472,0,0.24240766
12199.0,2023-24,32,-0.018509472,0,0.24240766
12199.0,2023-24,33,-0.018509472,0,0.24240766
12199.0,2023-24,34,-0.018509472,0,0.24240766
12199.0,2023-24,35,0.580237,1,0.24240766
12275.0,2023-24,23,0.0032942195,0,0.36619788
12275.0,2023-24,24,-0.0021732007,0,0.20690912
12275.0,2023-24,25,-0.004268055,0,0.29084876
12275.0,2023-24,26,-0.004268055,0,0.27793664
12275.0,2023-24,27,0.38467017,0,0.27099913
12275.0,2023-24,28,2.0686285,1,0.31203577
12275.0,2023-24,29,0.087650836,0,0.83066016
12275.0,2023-24,30,0.087650836,0,1.2209599
12275.0,2023-24,31,1.1264713,0,0.9752822
12275.0,2023-24,32,1.7704657,0,0.7604099
12275.0,2023-24,33,2.1276042,1,0.8422823
12275.0,2023-24,34,0.35310498,0,1.3162549
12275.0,2023-24,35,0.4704839,0,1.0072594
12275.0,2023-24,36,0.3126781,0,0.6402067
12275.0,2023-24,37,0.8452972,1,0.391864
12408.0,2023-24,28,2.3857212,4,1.4768159
12408.0,2023-24,29,-0.27222404,0,0.89857113
12408.0,2023-24,30,2.248193,2,0.36874712
12408.0,2023-24,31,2.5223389,2,1.2384045
12408.0,2023-24,32,2.1303222,0,1.5659361
12408.0,2023-24,33,1.9048162,6,1.3078828
12408.0,2023-24,34,2.7614217,1,1.8035569
12408.0,2023-24,34,2.7614217,1,1.1256353
12408.0,2023-24,34,3.091028,6,1.8035569
12408.0,2023-24,34,3.091028,6,1.1256353
12408.0,2023-24,35,2.3024783,2,1.3573384
12408.0,2023-24,36,3.4440649,13,1.2895861
12408.0,2023-24,37,4.4589767,1,1.3494613
12408.0,2023-24,38,4.413461,10,2.6132822
12498.0,2023-24,35,1.3625753,0,1.046843
12498.0,2023-24,36,2.5521913,1,1.4260068
12498.0,2023-24,37,2.4332175,1,1.6705925
12498.0,2023-24,38,2.5424829,2,1.4304007
12509.0,2023-24,31,1.3682588,-1,1.1258982
12509.0,2023-24,32,2.500457,2,2.0387378
12509.0,2023-24,33,1.5075316,-2,1.9503639
12509.0,2023-24,34,2.6848812,1,1.6972659
12509.0,2023-24,35,3.6707335,1,1.1387856
12509.0,2023-24,36,0.06482254,0,1.3064382
12509.0,2023-24,37,-0.05905094,0,0.62290543
12509.0,2023-24,38,1.3703105,0,0.31985858
999999.0,2023-24,6,1.530826,0,0.9166318
999999.0,2023-24,7,1.2525398,0,0.69374955
999999.0,2023-24,8,0.5334918,0,0.3699329
999999.0,2023-24,9,1.2283818,0,0.3243833
999999.0,2023-24,10,0.44047824,0,0.43103796
999999.0,2023-24,11,0.69048643,0,0.3918265
999999.0,2023-24,12,0.22173455,0,0.42004228
999999.0,2023-24,13,0.33638173,1,0.3555233
999999.0,2023-24,14,0.92893696,0,0.60288084
999999.0,2023-24,15,1.4481472,0,1.1587675
999999.0,2023-24,16,1.5227593,0,0.97914207
999999.0,2023-24,17,1.3129736,1,0.6886835
999999.0,2023-24,18,0.07122666,0,0.82270896
999999.0,2023-24,19,1.7983577,0,0.76706576
999999.0,2023-24,20,2.0348694,1,0.8222964
999999.0,2023-24,21,1.4776866,0,1.0963577
999999.0,2023-24,22,1.1612434,0,0.8644842
999999.0,2023-24,23,1.165856,0,0.59902555
999999.0,2023-24,24,1.3852997,0,0.4482898
999999.0,2023-24,25,1.283267,0,0.29911652
999999.0,2023-24,25,1.283267,0,0.41441074
999999.0,2023-24,25,0.684383,2,0.29911652
999999.0,2023-24,25,0.684383,2,0.41441074
999999.0,2023-24,26,1.891392,-1,0.88594294
999999.0,2023-24,27,2.045338,0,1.1234891
999999.0,2023-24,28,1.680019,0,1.5605981
999999.0,2023-24,29,3.0092492,1,1.6827677
999999.0,2023-24,30,2.7802305,1,1.56391
999999.0,2023-24,31,2.510583,6,1.590142
999999.0,2023-24,32,2.0802517,7,1.5884676
999999.0,2023-24,33,3.3409295,9,1.5660694
999999.0,2023-24,34,3.3620715,0,2.1043758
999999.0,2023-24,35,3.2305706,0,2.1391182
999999.0,2023-24,36,1.0781894,0,1.8173329
999999.0,2023-24,37,0.80782616,0,2.2862718
999999.0,2023-24,38,1.0828265,0,1.1247419
76.0,2024-25,6,1.4465725,1,2.616141
76.0,2024-25,7,4.5034323,5,1.9186324
76.0,2024-25,8,3.2388103,2,1.0672948
76.0,2024-25,9,1.0314345,0,0.7851432
76.0,2024-25,10,2.1461098,5,1.9397409
76.0,2024-25,11,3.252715,2,1.6610992
76.0,2024-25,12,2.923466,1,2.0981147
76.0,2024-25,13,2.7109282,2,2.0876493
76.0,2024-25,14,2.6903794,7,2.1777442
76.0,2024-25,15,1.4472306,0,1.8594023
76.0,2024-25,16,3.8728662,6,2.5731156
76.0,2024-25,17,2.5160518,6,1.939041
76.0,2024-25,18,2.6000152,6,1.4563437
76.0,2024-25,19,2.5042896,5,1.3488231
76.0,2024-25,20,-0.37442574,0,2.7388804
76.0,2024-25,21,0.28083584,0,1.6477698
76.0,2024-25,22,1.9039323,0,0.75840914
76.0,2024-25,23,1.7443438,2,1.0447592
76.0,2024-25,24,2.3859591,1,1.1833593
76.0,2024-25,25,2.3766882,0,1.9826669
76.0,2024-25,26,3.5512607,1,1.7661215
76.0,2024-25,27,2.4435332,1,1.1770611
76.0,2024-25,28,1.7384013,6,1.3021104
76.0,2024-25,29,-0.2730392,0,1.2538073
76.0,2024-25,30,1.9082531,1,0.7090773
76.0,2024-25,31,2.0485146,10,1.0282528
76.0,2024-25,32,3.4040697,2,0.98140186
76.0,2024-25,32,3.4040697,2,1.0517712
76.0,2024-25,32,2.600029,14,0.98140186
76.0,2024-25,32,2.600029,14,1.0517712
76.0,2024-25,33,2.170678,5,1.2859033
76.0,2024-25,34,3.6620674,6,0.90818256
76.0,2024-25,35,1.7755268,6,0.6144065
76.0,2024-25,36,4.499001,5,0.8586975
76.0,2024-25,37,3.0646396,2,1.0503399
76.0,2024-25,38,3.3955374,1,1.6679175
111.0,2024-25,6,-0.02729677,0,0.46886602
111.0,2024-25,7,-0.03289714,0,0.74632686
111.0,2024-25,8,0.008362877,0,0.9151122
111.0,2024-25,9,0.008362877,0,0.88117653
111.0,2024-25,10,1.2909526,2,0.86074746
111.0,2024-25,11,1.5238869,1,1.9307348
111.0,2024-25,12,0.03924911,0,1.9850019
111.0,2024-25,13,0.98698664,0,0.99548066
111.0,2024-25,14,2.5701973,1,0.9592398
111.0,2024-25,15,2.2041314,1,1.0868322
111.0,2024-25,16,1.8835627,-1,1.0890293
111.0,2024-25,17,2.7780464,-1,1.719703
111.0,2024-25,18,0.9142076,0,0.90960574
111.0,2024-25,19,2.00629,1,1.1314974
111.0,2024-25,20,2.3928208,2,0.63160497
111.0,2024-25,21,1.8856729,1,0.58585525
111.0,2024-25,22,1.6727638,0,0.9640314
111.0,2024-25,23,0.94678843,2,0.98515713
111.0,2024-25,24,1.1171595,0,1.367287
111.0,2024-25,25,-0.11497326,0,1.1337428
111.0,2024-25,26,1.6830552,1,0.8552708
111.0,2024-25,27,1.850187,-1,0.71254104
510.0,2024-25,36,-0.011894531,0,0.6516139
510.0,2024-25,37,1.0358195,0,0.7715494
534.0,2024-25,7,2.3770523,1,0.8206084
534.0,2024-25,8,-0.056857876,0,1.1680714
534.0,2024-25,9,2.0006983,0,1.0554516
534.0,2024-25,10,0.055622313,0,1.3522836
534.0,2024-25,11,0.0444757,0,0.96518177
534.0,2024-25,12,0.0444757,0,0.82166743
534.0,2024-25,13,-0.061529398,0,0.7350163
534.0,2024-25,14,-0.0004270385,0,0.7612099
534.0,2024-25,15,1.4097624,1,0.77628887
534.0,2024-25,16,0.2324365,0,1.0957913
534.0,2024-25,17,0.2324365,0,1.3288277
534.0,2024-25,18,2.5691874,1,1.515535
534.0,2024-25,19,-0.06715132,0,2.079172
534.0,2024-25,20,-0.06715132,0,1.367359
534.0,2024-25,21,1.4334003,1,0.94918
534.0,2024-25,22,1.7023102,1,1.3214041
534.0,2024-25,23,1.0967166,1,1.3673148
534.0,2024-25,24,0.7967052,1,1.3764592
534.0,2024-25,25,0.14855038,0,1.7947265
534.0,2024-25,26,0.4679956,6,0.67588574
534.0,2024-25,27,2.7731607,9,1.64723
534.0,2024-25,28,1.8045655,2,0.7933821
534.0,2024-25,29,-0.5318229,0,0.6537006
534.0,2024-25,30,2.4315841,1,0.51759404
534.0,2024-25,31,-0.07361717,0,0.49379554
534.0,2024-25,32,0.37982595,0,0.77560896
534.0,2024-25,33,0.06486614,0,0.7481278
534.0,2024-25,34,-0.073844664,0,0.9890678
534.0,2024-25,35,2.1352625,2,0.9521487
534.0,2024-25,36,1.3524156,5,1.8001839
534.0,2024-25,37,3.989285,1,1.8388392
534.0,2024-25,38,4.150634,1,2.0093265
579.0,2024-25,8,-0.014555874,0,0.69721085
579.0,2024-25,9,-0.0038566263,0,0.7643829
579.0,2024-25,10,0.78954446,1,0.7712105
579.0,2024-25,11,-0.047050714,0,1.2518587
579.0,2024-25,12,1.908482,0,0.9450371
579.0,2024-25,13,0.77971923,1,1.3065778
579.0,2024-25,14,1.8598168,6,1.89842
579.0,2024-25,15,0.008571225,0,1.4543633
579.0,2024-25,16,-0.041882355,0,1.1595886
579.0,2024-25,17,-0.09089099,0,0.5794567
579.0,2024-25,18,2.636524,2,0.5549014
579.0,2024-25,19,2.301649,6,1.0582769
579.0,2024-25,20,2.7027283,6,1.8610414
579.0,2024-25,21,2.7532825,1,1.6045353
579.0,2024-25,22,0.09912971,0,2.173886
579.0,2024-25,23,0.025381492,0,1.606685
579.0,2024-25,24,0.27975264,0,0.75930387
579.0,2024-25,25,0.027837483,0,0.63257784
579.0,2024-25,26,1.3274825,1,0.7873714
585.0,2024-25,8,-0.14172202,0,0.3439399
585.0,2024-25,9,0.039826278,0,0.039598145
585.0,2024-25,10,0.045752082,0,0.3275534
585.0,2024-25,11,0.049238455,0,0.5459989
585.0,2024-25,12,-0.021403814,0,0.6725516
585.0,2024-25,13,-0.021403814,0,0.74826956
585.0,2024-25,14,-0.021403814,0,0.7276847
585.0,2024-25,15,-0.021403814,0,0.70556223
585.0,2024-25,16,-0.021403814,0,0.72674114
585.0,2024-25,17,0.38000733,1,0.77201265
585.0,2024-25,18,0.997796,1,1.11768
585.0,2024-25,19,0.055157404,0,1.5321974
585.0,2024-25,20,0.055157404,0,0.9055906
585.0,2024-25,21,0.07171782,0,0.65642905
585.0,2024-25,22,-0.0132470075,0,0.5987616
585.0,2024-25,23,-0.0132470075,0,0.6992703
585.0,2024-25,24,-0.016111376,0,0.8164066
585.0,2024-25,25,-0.016111376,0,0.8164066
585.0,2024-25,26,-0.01345003,0,0.8164066
585.0,2024-25,27,-0.021403814,0,0.81384903
585.0,2024-25,28,-0.021403814,0,0.7986267
585.0,2024-25,29,-0.021403814,0,0.7831094
585.0,2024-25,30,-0.021403814,0,0.7741961
585.0,2024-25,31,-0.021403814,0,0.7716301
585.0,2024-25,32,-0.021403814,0,0.77201265
585.0,2024-25,33,-0.021403814,0,0.77201265
585.0,2024-25,34,-0.021403814,0,0.77201265
585.0,2024-25,35,-0.021403814,0,0.77201265
585.0,2024-25,36,0.49441734,1,0.77201265
585.0,2024-25,37,1.618137,1,1.3964368
586.0,2024-25,7,2.5234394,1,1.0052861
586.0,2024-25,8,2.482518,9,1.5425107
586.0,2024-25,9,2.5743694,1,1.5266799
586.0,2024-25,10,-0.07887411,0,1.0111071
586.0,2024-25,11,0.2599674,0,0.93414897
586.0,2024-25,12,2.2001054,0,0.6418564
586.0,2024-25,13,0.21953474,0,0.8091435
586.0,2024-25,14,0.23387904,0,0.9109497
586.0,2024-25,15,0.2349094,0,0.9079611
586.0,2024-25,16,0.026309593,0,0.66373473
586.0,2024-25,17,1.6010616,1,0.62657446
586.0,2024-25,18,0.03282798,0,1.2566441
586.0,2024-25,19,0.03282798,0,1.0003648
586.0,2024-25,20,0.03282798,0,0.7547114
586.0,2024-25,21,-0.03393291,0,0.67408746
586.0,2024-25,22,-0.03393291,0,0.6803005
586.0,2024-25,23,1.3362098,1,0.79082125
586.0,2024-25,24,1.9478114,0,1.7016933
586.0,2024-25,25,1.7201085,7,1.640698
603.0,2024-25,8,-0.016232012,0,1.391381
603.0,2024-25,9,0.07071446,0,0.90041405
603.0,2024-25,10,2.4915295,1,0.8024358
603.0,2024-25,11,2.0154529,2,0.80313855
603.0,2024-25,12,1.4464333,1,1.462689
603.0,2024-25,13,-0.049442403,0,1.1097502
603.0,2024-25,14,0.114936404,0,1.0655104
603.0,2024-25,15,0.06095464,0,0.7816996
603.0,2024-25,16,1.2804803,1,0.7195539
603.0,2024-25,17,1.2484043,-1,0.84273547
603.0,2024-25,18,0.19532016,0,1.5958604
603.0,2024-25,19,0.18764734,0,1.1151733
603.0,2024-25,20,0.24787398,0,0.8320151
603.0,2024-25,21,1.7778853,1,0.7349742
603.0,2024-25,22,1.835208,1,1.0726875
603.0,2024-25,23,0.025203265,0,1.2375561
603.0,2024-25,24,1.3800929,1,1.1051596
603.0,2024-25,25,0.02756909,0,1.0683959
603.0,2024-25,26,0.026451955,0,0.8262231
603.0,2024-25,27,0.055290088,0,0.6476453
603.0,2024-25,28,-0.011426606,0,0.7116545
603.0,2024-25,29,-0.011426606,0,0.6838992
603.0,2024-25,30,1.1393487,1,0.7769676
603.0,2024-25,31,-0.07855889,0,1.242371
603.0,2024-25,32,0.748192,1,0.9873573
631.0,2024-25,6,2.1766052,5,2.5688934
631.0,2024-25,7,3.6120179,6,1.5092531
631.0,2024-25,8,3.1656373,6,0.8734022
631.0,2024-25,9,2.742171,6,1.1543916
631.0,2024-25,10,5.6052275,2,1.6054271
631.0,2024-25,11,1.5802134,5,2.4675138
631.0,2024-25,12,4.088943,9,1.9482185
631.0,2024-25,13,3.1502008,-1,1.4730062
631.0,2024-25,14,4.506565,15,1.1295406
631.0,2024-25,15,0.16303013,0,1.1186044
631.0,2024-25,16,2.109382,5,1.122121
631.0,2024-25,17,1.6374286,5,2.096997
631.0,2024-25,18,0.39040628,0,1.9299797
631.0,2024-25,19,2.9512124,1,1.0905582
631.0,2024-25,20,0.82935786,2,0.82557243
631.0,2024-25,21,1.7904501,2,1.0553025
631.0,2024-25,22,1.8061432,0,1.132348
631.0,2024-25,23,1.2377934,1,1.4360534
631.0,2024-25,24,1.6569277,1,1.2076186
631.0,2024-25,24,1.6569277,1,0.8518092
631.0,2024-25,24,1.2407143,1,1.2076186
631.0,2024-25,24,1.2407143,1,0.8518092
631.0,2024-25,25,1.7728728,4,1.2649616
631.0,2024-25,26,3.158581,-1,1.3908505
631.0,2024-25,27,0.9141751,1,0.30847988
631.0,2024-25,28,2.2012763,1,-0.044069894
631.0,2024-25,29,-0.11635294,0,0.078848995
631.0,2024-25,30,1.252324,1,0.54794955
631.0,2024-25,31,1.2459127,1,1.1755995
631.0,2024-25,32,0.051493745,0,0.96810913
631.0,2024-25,33,0.028089048,0,0.67821544
631.0,2024-25,34,1.4956965,1,0.7061333
631.0,2024-25,35,1.8823019,1,1.3697234
631.0,2024-25,36,1.5194659,2,0.963218
631.0,2024-25,37,4.1188426,7,1.2598829
631.0,2024-25,38,4.1029263,5,1.7194375
638.0,2024-25,8,0.1919362,0,0.7052295
638.0,2024-25,9,0.2353504,0,0.3599453
638.0,2024-25,10,1.6510605,0,0.58016866
638.0,2024-25,11,2.7616162,1,0.945575
638.0,2024-25,12,2.5146089,0,1.8028201
638.0,2024-25,13,2.6574638,1,1.521705
638.0,2024-25,14,2.098769,1,0.72065806
638.0,2024-25,15,0.21219897,1,0.35557267
638.0,2024-25,16,1.4401634,0,0.7721595
638.0,2024-25,17,1.6191683,1,0.6309826
638.0,2024-25,18,0.10941452,0,0.6486968
638.0,2024-25,19,2.1552398,1,0.7262543
638.0,2024-25,20,1.482741,0,1.2134365
638.0,2024-25,21,0.19333616,0,0.5955199
638.0,2024-25,22,0.25665483,0,0.69225854
638.0,2024-25,23,0.08424063,0,0.8602906
638.0,2024-25,24,0.6884817,0,0.87548536
638.0,2024-25,25,1.3538363,0,0.90208185
638.0,2024-25,26,0.063229375,0,0.9867037
638.0,2024-25,27,0.063229375,0,0.7849748
638.0,2024-25,28,0.92156255,0,0.7034361
638.0,2024-25,29,0.53727704,0,0.77413195
652.0,2024-25,7,2.472319,8,1.5182447
652.0,2024-25,8,0.43802452,0,1.8677576
652.0,2024-25,9,0.157748,0,0.8154759
652.0,2024-25,10,-0.0404649,0,0.4383249
652.0,2024-25,11,-0.09619179,0,0.5558722
652.0,2024-25,12,1.9245666,1,0.74644595
652.0,2024-25,13,-0.097965896,0,1.2302788
652.0,2024-25,14,-0.111995965,0,1.0798572
652.0,2024-25,15,1.0318654,1,0.8956316
652.0,2024-25,16,1.8393034,1,1.1698492
652.0,2024-25,17,1.7775856,1,1.2545242
652.0,2024-25,18,2.1499019,5,1.378092
652.0,2024-25,19,2.3571548,1,1.8030902
652.0,2024-25,20,0.029529652,0,1.7594271
652.0,2024-25,21,3.4602532,1,0.9189288
652.0,2024-25,22,1.982486,0,0.5826485
652.0,2024-25,23,0.07584167,0,0.72463804
652.0,2024-25,24,1.7225409,1,0.9120826
652.0,2024-25,25,1.5640833,0,1.4637448
652.0,2024-25,26,0.1465244,0,1.2902553
652.0,2024-25,27,1.8901418,1,0.89814025
652.0,2024-25,28,1.7452326,8,1.1694635
652.0,2024-25,29,0.22997329,0,1.7253813
652.0,2024-25,30,2.6599705,2,0.9918648
652.0,2024-25,31,2.6009786,6,1.4051328
652.0,2024-25,32,3.3556862,2,1.0485101
652.0,2024-25,32,3.3556862,2,1.4016322
652.0,2024-25,32,2.9244082,10,1.0485101
652.0,2024-25,32,2.9244082,10,1.4016322
652.0,2024-25,33,2.4838746,0,1.4738896
652.0,2024-25,34,2.5264678,15,1.3994265
652.0,2024-25,35,4.1383295,2,1.431949
652.0,2024-25,36,0.48785463,0,1.282012
652.0,2024-25,37,0.33584186,0,1.2603129
652.0,2024-25,38,2.4659634,1,0.8554726
660.0,2024-25,15,0.30177665,0,1.4482312
660.0,2024-25,16,0.15985909,0,0.83432525
660.0,2024-25,17,0.10984825,0,0.50973666
660.0,2024-25,18,0.040404975,0,0.5348595
660.0,2024-25,19,0.04043451,0,0.8038797
660.0,2024-25,20,0.075927556,0,0.93763477
660.0,2024-25,21,-0.028218456,0,0.9184691
660.0,2024-25,22,1.8487338,1,0.8862918
660.0,2024-25,23,2.4849925,1,1.8658746
660.0,2024-25,24,1.5164733,6,1.8238729
660.0,2024-25,25,3.8713374,5,1.6335143
660.0,2024-25,26,0.2285835,0,1.1268492
660.0,2024-25,27,0.25334045,0,0.9364796
660.0,2024-25,28,0.0015567272,0,0.7008158
660.0,2024-25,29,2.058367,1,0.559769
660.0,2024-25,30,0.033130094,0,1.4656478
660.0,2024-25,31,2.952218,2,1.5107058
660.0,2024-25,32,2.6308649,-1,1.903499
660.0,2024-25,33,2.4293275,1,1.4513167
660.0,2024-25,34,1.1826934,0,0.7373578
660.0,2024-25,35,1.6596639,1,1.3068755
660.0,2024-25,36,1.0740752,1,1.1717323
660.0,2024-25,37,2.3471894,1,0.8793958
660.0,2024-25,38,2.2967,-1,0.7028392
725.0,2024-25,6,3.9343333,2,1.3528384
725.0,2024-25,7,1.882006,2,0.79103845
725.0,2024-25,8,3.7490659,6,1.8336912
725.0,2024-25,9,4.4446893,2,1.1242425
725.0,2024-25,10,3.0987062,15,1.3741065
725.0,2024-25,11,1.893705,1,1.5049335
725.0,2024-25,12,0.90777385,0,1.141909
725.0,2024-25,13,3.1123705,8,1.4138273
725.0,2024-25,14,2.1581893,1,1.2857159
725.0,2024-25,15,2.9705796,1,1.0225958
725.0,2024-25,16,2.8281083,2,1.5119523
725.0,2024-25,17,1.8971351,15,1.2266053
725.0,2024-25,18,2.759862,6,1.582874
725.0,2024-25,19,2.1923165,8,1.0602674
725.0,2024-25,20,3.1328712,6,1.6155156
725.0,2024-25,21,2.4368556,2,1.7138653
725.0,2024-25,22,4.169978,4,1.2513872
725.0,2024-25,23,1.0949078,1,1.8365065
725.0,2024-25,24,2.9953883,6,1.4244094
725.0,2024-25,25,3.513921,1,1.9057611
725.0,2024-25,26,2.3228743,0,1.395924
725.0,2024-25,27,1.8678919,6,1.667037
725.0,2024-25,28,2.722743,6,1.3071493
725.0,2024-25,29,5.84527,1,1.8887116
725.0,2024-25,30,5.1515727,1,1.8060628
725.0,2024-25,31,0.35697344,0,1.1930654
725.0,2024-25,32,0.31132942,0,0.75254864
725.0,2024-25,33,0.005307432,0,0.40428406
725.0,2024-25,34,2.1397364,1,0.6281487
725.0,2024-25,35,1.6519198,1,0.9228995
725.0,2024-25,36,3.5527706,0,1.5119344
725.0,2024-25,37,2.6370952,2,0.91869646
725.0,2024-25,38,2.5156236,1,0.63143724
782.0,2024-25,30,2.3001716,1,1.1482997
782.0,2024-25,31,2.3519518,1,1.0885669
782.0,2024-25,32,0.8298128,1,1.6626107
782.0,2024-25,33,-0.060234245,0,1.8184481
782.0,2024-25,34,0.00045312775,0,0.916797
782.0,2024-25,35,-0.010256059,0,0.65802646
782.0,2024-25,36,1.1273515,1,0.6507873
782.0,2024-25,37,3.4514577,7,1.5341494
804.0,2024-25,6,-0.008862047,0,1.5318507
804.0,2024-25,7,1.8799715,-1,0.97147334
804.0,2024-25,8,1.2343884,1,0.6441705
804.0,2024-25,9,1.4018002,4,0.5337432
804.0,2024-25,10,2.8156266,1,0.79393476
804.0,2024-25,11,3.5576453,7,1.1481229
804.0,2024-25,12,0.7709697,0,0.8887134
804.0,2024-25,13,2.2810729,0,1.4177716
804.0,2024-25,14,2.74337,-4,1.5989023
804.0,2024-25,15,0.054943915,0,1.4146689
804.0,2024-25,16,0.068454124,0,0.3457125
804.0,2024-25,17,1.7387081,1,0.6303952
804.0,2024-25,18,2.3239017,1,0.84200084
804.0,2024-25,19,1.1443487,1,1.3462402
807.0,2024-25,6,1.7059493,0,0.76870114
807.0,2024-25,7,1.4122761,9,0.8042236
807.0,2024-25,8,2.4114337,1,1.3621641
807.0,2024-25,9,1.8465056,0,1.7725792
807.0,2024-25,10,3.0744636,0,1.2924134
807.0,2024-25,11,1.7532352,1,0.9369529
807.0,2024-25,12,1.4191581,1,1.1874355
807.0,2024-25,13,2.2324886,0,1.3948901
807.0,2024-25,14,1.3687583,0,0.8933917
807.0,2024-25,15,2.8997223,0,0.9334888
807.0,2024-25,16,0.75477755,0,0.84922224
807.0,2024-25,17,1.2099104,0,0.8439922
807.0,2024-25,18,2.6584628,0,0.8887855
807.0,2024-25,19,1.516985,0,0.6915501
807.0,2024-25,20,1.2132776,0,0.7286933
807.0,2024-25,21,0.589597,0,0.69518816
807.0,2024-25,22,0.6576428,0,0.67681545
807.0,2024-25,23,0.76332587,0,0.72537225
807.0,2024-25,24,0.63943976,0,0.6944228
807.0,2024-25,25,0.044176523,0,0.77129656
807.0,2024-25,26,0.48114544,0,0.75791603
807.0,2024-25,27,0.5779149,0,0.7406506
807.0,2024-25,28,0.46515512,0,0.7488122
807.0,2024-25,29,0.3902116,0,0.80662835
807.0,2024-25,30,0.5402482,0,0.7482369
807.0,2024-25,31,0.63270175,0,0.77833205
807.0,2024-25,32,0.23709714,0,0.84772116
807.0,2024-25,33,0.71731967,0,0.8148304
807.0,2024-25,34,0.4172594,0,0.80077666
807.0,2024-25,35,0.48097453,0,0.7411988
807.0,2024-25,36,0.6909679,0,0.6956774
807.0,2024-25,37,0.9926452,0,0.7540464
807.0,2024-25,38,0.47605714,1,0.7845661
825.0,2024-25,6,1.7458944,2,1.5253146
825.0,2024-25,7,2.618094,2,2.4288523
825.0,2024-25,8,1.639636,1,2.3018508
825.0,2024-25,9,2.2012312,1,1.0394405
825.0,2024-25,10,2.0426247,2,1.3017963
825.0,2024-25,11,2.4793146,0,1.161174
825.0,2024-25,12,3.1716735,1,1.4768641
825.0,2024-25,13,2.675822,1,2.2785716
825.0,2024-25,14,2.5081687,6,1.9125553
825.0,2024-25,15,2.844346,2,1.4436551
825.0,2024-25,16,3.0575116,6,0.6546622
825.0,2024-25,17,2.468021,0,0.933173
825.0,2024-25,18,-0.21455605,0,1.5346788
825.0,2024-25,19,0.0045228708,0,1.136046
825.0,2024-25,20,0.057334498,0,0.96451634
825.0,2024-25,21,0.046938814,0,0.5614667
825.0,2024-25,22,0.094050325,0,0.9885265
825.0,2024-25,23,0.1010506,0,1.0200969
825.0,2024-25,24,0.024628697,0,0.9685753
825.0,2024-25,25,-0.015406056,0,0.8944128
825.0,2024-25,26,-0.021403814,0,0.83168584
825.0,2024-25,27,-0.021403814,0,0.78909904
825.0,2024-25,28,-0.021403814,0,0.7743132
825.0,2024-25,29,-0.021403814,0,0.77048963
825.0,2024-25,30,1.3279521,1,0.7732075
825.0,2024-25,31,2.0872178,1,1.2672633
825.0,2024-25,32,1.3752505,6,1.3945922
825.0,2024-25,33,1.55458,6,1.8407938
825.0,2024-25,34,2.7618227,1,2.0958264
825.0,2024-25,35,0.05537293,0,1.7600094
825.0,2024-25,36,1.7073398,1,1.0934136
825.0,2024-25,37,1.110343,1,0.96157056
825.0,2024-25,38,2.997509,6,0.5463645
833.0,2024-25,6,2.551706,2,2.0115294
833.0,2024-25,7,2.5418618,8,2.133003
833.0,2024-25,8,3.8364067,2,2.053518
833.0,2024-25,9,1.8258988,7,1.5884584
833.0,2024-25,10,3.402945,5,1.2044917
833.0,2024-25,11,3.0729737,6,1.5771891
833.0,2024-25,12,4.755658,1,1.0447714
833.0,2024-25,13,3.1936767,6,1.0048848
833.0,2024-25,14,1.84559,1,1.1043543
833.0,2024-25,15,-0.05197893,0,1.7753955
833.0,2024-25,16,2.9340012,1,1.404102
833.0,2024-25,17,2.2656891,1,2.4179075
833.0,2024-25,18,3.5820413,2,1.8749819
833.0,2024-25,19,1.3253155,6,1.1176579
833.0,2024-25,20,2.3079314,1,2.015426
833.0,2024-25,21,3.0126429,2,1.6116027
833.0,2024-25,22,1.2991651,6,1.4866983
833.0,2024-25,23,3.861344,2,2.5667894
833.0,2024-25,24,1.8301133,5,2.1983325
833.0,2024-25,24,1.8301133,5,1.4469912
833.0,2024-25,24,3.3239195,1,2.1983325
833.0,2024-25,24,3.3239195,1,1.4469912
833.0,2024-25,25,3.0711741,1,2.0861297
833.0,2024-25,25,3.0711741,1,2.0779092
833.0,2024-25,25,2.9499075,1,2.0861297
833.0,2024-25,25,2.9499075,1,2.0779092
833.0,2024-25,26,2.334507,6,2.2212377
833.0,2024-25,27,2.4319234,7,1.7655677
833.0,2024-25,28,5.5211077,2,2.2079558
833.0,2024-25,29,-0.015289062,0,2.1657012
833.0,2024-25,30,2.8713577,8,1.5234389
833.0,2024-25,31,3.530837,1,1.922442
833.0,2024-25,32,3.1345809,9,1.8532447
833.0,2024-25,33,2.5896642,7,1.2949591
833.0,2024-25,34,2.9155633,2,1.7154466
833.0,2024-25,35,2.8653867,6,1.573366
833.0,2024-25,36,2.785273,1,1.2205585
833.0,2024-25,37,0.23509096,0,1.3832887
833.0,2024-25,38,3.388926,1,1.6665357
884.0,2024-25,23,0.008235097,0,0.73658234
884.0,2024-25,24,0.060232006,0,0.7802562
884.0,2024-25,25,0.06067464,0,0.78118676
884.0,2024-25,26,0.06067464,0,0.7802307
884.0,2024-25,27,-0.021403814,0,0.77926916
884.0,2024-25,28,-0.021403814,0,0.7766325
884.0,2024-25,29,-0.021403814,0,0.77337784
884.0,2024-25,30,-0.021403814,0,0.77136046
884.0,2024-25,31,-0.021403814,0,0.7710069
884.0,2024-25,32,-0.021403814,0,0.77201265
884.0,2024-25,33,0.45754752,1,0.77201265
885.0,2024-25,6,2.9422934,0,0.9842434
885.0,2024-25,7,1.4425552,0,0.94695747
885.0,2024-25,8,2.1717188,4,1.298782
885.0,2024-25,9,2.0240507,2,0.29590565
885.0,2024-25,10,2.9286232,9,1.0197303
885.0,2024-25,11,4.460709,0,1.0220283
885.0,2024-25,12,2.0467806,1,0.8248112
885.0,2024-25,13,2.4599483,1,1.0113622
885.0,2024-25,14,2.3274403,3,1.3860196
885.0,2024-25,15,0.89612097,2,0.8865491
885.0,2024-25,16,2.2314315,0,0.8834401
885.0,2024-25,17,2.0274742,6,0.8384271
885.0,2024-25,18,1.9732544,2,0.6379763
885.0,2024-25,19,2.148029,1,0.76229376
885.0,2024-25,20,2.599428,-1,0.94577473
885.0,2024-25,21,1.4639803,1,0.8199492
885.0,2024-25,22,3.350319,0,0.4322082
885.0,2024-25,23,2.2099423,1,0.668768
885.0,2024-25,24,3.847851,2,1.7732152
885.0,2024-25,25,2.1558278,1,1.9050764
885.0,2024-25,26,2.2908754,0,1.5291411
885.0,2024-25,27,1.4375718,0,1.3065318
885.0,2024-25,28,1.7526063,1,1.5363041
885.0,2024-25,29,2.618393,1,0.88511485
885.0,2024-25,30,1.7804111,2,0.68388677
885.0,2024-25,31,1.6560801,1,0.45922115
885.0,2024-25,32,3.0655546,1,0.50940895
885.0,2024-25,33,2.2685852,5,0.77742666
885.0,2024-25,34,1.3535695,1,1.0943607
885.0,2024-25,35,3.0057516,1,0.99971867
885.0,2024-25,36,1.9941311,0,1.1356666
885.0,2024-25,37,2.324554,0,0.9401539
885.0,2024-25,38,1.9267108,0,0.73364216
934.0,2024-25,6,3.9333825,0,0.8914065
934.0,2024-25,7,-0.3295346,0,1.1531845
934.0,2024-25,8,0.060427353,0,1.2700838
934.0,2024-25,9,0.019965224,0,0.6859871
934.0,2024-25,10,0.028431432,0,0.95914733
934.0,2024-25,11,1.4377965,1,0.97575563
934.0,2024-25,12,2.0342622,2,1.648602
934.0,2024-25,13,2.4804335,1,1.7674023
934.0,2024-25,14,0.113058984,0,1.3808221
934.0,2024-25,15,-0.0653562,0,0.6946308
934.0,2024-25,16,0.031601544,0,0.5006607
934.0,2024-25,17,-0.045608263,0,0.6502518
934.0,2024-25,18,-0.034241427,0,0.7879049
934.0,2024-25,19,-0.009689207,0,0.8929155
934.0,2024-25,20,-0.009689207,0,0.8949825
934.0,2024-25,21,-0.0064336886,0,0.8828545
934.0,2024-25,22,0.33448035,1,0.85523367
934.0,2024-25,23,1.2271304,0,1.2381815
934.0,2024-25,24,2.5275826,1,1.5643286
934.0,2024-25,25,2.0318446,-2,1.528651
934.0,2024-25,26,-0.06641899,0,0.8882028
934.0,2024-25,27,2.4133296,4,0.50128263
934.0,2024-25,28,0.030092431,0,1.3313537
934.0,2024-25,29,-0.093280755,0,0.7705181
934.0,2024-25,30,1.7290041,2,0.71305376
934.0,2024-25,31,2.0367026,2,1.2199196
934.0,2024-25,32,1.7336878,-1,1.5104647
934.0,2024-25,33,1.9047189,0,1.4903482
934.0,2024-25,34,0.03591687,0,1.2456936
934.0,2024-25,35,2.2480423,1,0.49354646
934.0,2024-25,36,1.811382,2,0.5449971
934.0,2024-25,37,2.822782,1,1.1371084
934.0,2024-25,38,2.179014,1,1.4500507
987.0,2024-25,6,0.44897136,1,0.7733857
987.0,2024-25,7,1.4164523,0,1.0136042
987.0,2024-25,8,1.6767339,1,0.9357641
987.0,2024-25,9,0.8768617,0,1.1416425
987.0,2024-25,10,1.3472118,1,0.796067
987.0,2024-25,11,2.987379,0,0.6801005
987.0,2024-25,12,2.5634391,0,0.9382849
987.0,2024-25,13,3.0288715,6,0.8971982
987.0,2024-25,14,2.0896058,1,2.0087924
987.0,2024-25,15,0.3019244,0,1.7940202
987.0,2024-25,16,2.632592,1,0.8438714
987.0,2024-25,17,1.7505535,1,0.996047
987.0,2024-25,18,3.347846,1,0.7796851
987.0,2024-25,19,1.0313014,1,1.007067
987.0,2024-25,20,2.4358392,0,1.221717
987.0,2024-25,21,2.5508635,0,0.8779485
987.0,2024-25,22,1.3266363,0,0.6585633
987.0,2024-25,23,2.4130998,0,0.5939488
987.0,2024-25,24,1.3666997,0,0.7685314
987.0,2024-25,24,1.3666997,0,0.8549314
987.0,2024-25,24,3.6771824,0,0.7685314
987.0,2024-25,24,3.6771824,0,0.8549314
987.0,2024-25,25,2.7731242,0,0.7676576
987.0,2024-25,25,2.7731242,0,0.73970765
987.0,2024-25,25,1.6306733,0,0.7676576
987.0,2024-25,25,1.6306733,0,0.73970765
987.0,2024-25,26,0.23998116,0,0.7530268
987.0,2024-25,27,0.6456443,0,0.75199324
987.0,2024-25,28,0.5838623,0,0.7863347
987.0,2024-25,29,-0.021403814,0,0.73368406
987.0,2024-25,30,0.57135564,0,0.6605989
987.0,2024-25,31,0.48097348,0,0.7348798
987.0,2024-25,32,0.6780233,0,0.7436431
987.0,2024-25,33,0.8744628,0,0.8407574
987.0,2024-25,34,0.44573212,0,0.75936717
987.0,2024-25,35,0.46971142,0,0.80205137
987.0,2024-25,36,0.426776,0,0.7768376
987.0,2024-25,37,0.4298107,0,0.8161765
987.0,2024-25,38,0.36074594,0,0.75888675
1006.0,2024-25,17,-0.026230352,0,0.73062474
1006.0,2024-25,18,-0.023732664,0,0.74844915
1006.0,2024-25,19,0.012844504,0,0.81709725
1006.0,2024-25,20,0.012844504,0,0.80995727
1006.0,2024-25,21,0.017186621,0,0.80452734
1006.0,2024-25,22,-0.021403814,0,0.79591596
1006.0,2024-25,23,-0.021403814,0,0.7837162
1006.0,2024-25,24,-0.021403814,0,0.7742874
1006.0,2024-25,25,-0.021403814,0,0.77036077
1006.0,2024-25,26,-0.021403814,0,0.7710808
1006.0,2024-25,27,-0.021403814,0,0.77201265
1006.0,2024-25,28,-0.021403814,0,0.77201265
1006.0,2024-25,29,-0.021403814,0,0.77201265
1006.0,2024-25,30,-0.021403814,0,0.77201265
1006.0,2024-25,31,-0.021403814,0,0.77201265
1006.0,2024-25,32,0.23709714,1,0.77201265
1006.0,2024-25,33,0.20656814,0,1.3170488
1006.0,2024-25,34,1.5205616,1,1.0965984
1006.0,2024-25,35,1.9300476,-2,1.8670533
1006.0,2024-25,36,1.9587175,1,1.316807
1006.0,2024-25,37,3.185456,2,0.71977836
1024.0,2024-25,19,2.6365538,1,0.7961548
1024.0,2024-25,20,3.2118375,2,1.5298582
1024.0,2024-25,21,2.3148775,9,2.1047926
1024.0,2024-25,22,1.5362486,1,1.9393755
1024.0,2024-25,23,2.3245468,1,2.2372606
1024.0,2024-25,24,-0.21595651,0,1.4501541
1024.0,2024-25,25,2.381915,2,0.98944926
1024.0,2024-25,25,2.381915,2,1.1797193
1024.0,2024-25,25,1.2118608,4,0.98944926
1024.0,2024-25,25,1.2118608,4,1.1797193
1024.0,2024-25,26,3.1610465,1,1.3683786
1024.0,2024-25,27,0.3348404,0,1.2834996
1024.0,2024-25,28,1.7488911,8,1.1538728
1024.0,2024-25,29,0.4818846,0,1.4773308
1024.0,2024-25,30,0.1459526,0,0.6577115
1024.0,2024-25,31,3.7430897,2,0.5298534
1024.0,2024-25,32,1.9368789,6,1.8720773
1024.0,2024-25,33,1.7886641,2,2.1450598
1024.0,2024-25,34,0.15527773,0,1.9163555
1024.0,2024-25,35,-0.08151632,0,1.6398178
1024.0,2024-25,36,2.4591076,6,0.94258064
1245.0,2024-25,6,1.0988618,0,0.9249497
1245.0,2024-25,7,4.0168557,2,0.7987953
1245.0,2024-25,8,0.9285834,0,0.7126795
1245.0,2024-25,9,2.0965548,1,0.6609986
1245.0,2024-25,10,2.7652183,1,0.7560881
1245.0,2024-25,11,2.6972759,6,0.42113316
1245.0,2024-25,12,2.7831907,9,0.7000619
1245.0,2024-25,13,1.2000768,5,1.1191529
1245.0,2024-25,14,1.9892383,1,1.7245928
1245.0,2024-25,15,2.710608,1,2.1899974
1245.0,2024-25,16,0.4432824,0,2.187837
1245.0,2024-25,17,1.6223047,2,2.107034
1245.0,2024-25,18,1.7857692,6,1.5641657
1245.0,2024-25,19,1.591495,0,2.137873
1245.0,2024-25,20,1.2550149,0,2.9062767
1245.0,2024-25,21,1.8994608,1,2.0008283
1245.0,2024-25,22,2.6200185,1,1.2095762
1245.0,2024-25,23,1.0952774,10,0.5096058
1245.0,2024-25,24,0.64712846,2,0.09821755
1245.0,2024-25,25,1.9133981,1,0.5299651
1245.0,2024-25,26,1.3100233,0,0.5534416
1245.0,2024-25,27,2.2703419,1,0.6391329
1245.0,2024-25,28,1.0014566,0,0.83128375
1245.0,2024-25,29,1.1077439,2,0.6220136
1245.0,2024-25,30,2.1110628,1,0.55845726
1245.0,2024-25,31,1.7382647,1,1.2851204
1245.0,2024-25,32,1.0945547,0,1.2378247
1245.0,2024-25,33,3.5196157,8,1.2194484
1245.0,2024-25,34,1.6779045,2,1.2807239
1245.0,2024-25,35,3.2760923,2,2.3038933
1245.0,2024-25,36,2.4198194,1,1.3803605
1245.0,2024-25,37,2.2099884,0,1.0964416
1245.0,2024-25,38,1.8058949,0,0.74026006
1545.0,2024-25,6,-0.02063053,0,0.8381615
1545.0,2024-25,7,-0.06541152,0,0.6291877
1545.0,2024-25,8,0.03423771,0,0.6524419
1545.0,2024-25,9,0.019213779,0,1.0097957
1545.0,2024-25,10,0.005341778,0,0.9632576
1545.0,2024-25,11,-0.003850177,0,0.911583
1545.0,2024-25,12,-0.021403814,0,0.8524824
1545.0,2024-25,13,-0.021403814,0,0.79986805
1545.0,2024-25,14,-0.021403814,0,0.77094287
1545.0,2024-25,15,-0.021403814,0,0.7668335
1545.0,2024-25,16,-0.021403814,0,0.76775306
1545.0,2024-25,17,-0.021403814,0,0.77201265
1545.0,2024-25,18,-0.021403814,0,0.77201265
1545.0,2024-25,19,-0.021403814,0,0.77201265
1545.0,2024-25,20,-0.021403814,0,0.77201265
1545.0,2024-25,21,-0.021403814,0,0.77201265
1545.0,2024-25,22,-0.021403814,0,0.77201265
1545.0,2024-25,23,-0.021403814,0,0.77201265
1545.0,2024-25,24,-0.021403814,0,0.77201265
1545.0,2024-25,25,0.30116144,1,0.77201265
1545.0,2024-25,26,0.0314226,0,1.2188587
1545.0,2024-25,27,0.0314226,0,1.109924
1545.0,2024-25,28,0.0314226,0,0.82425106
1545.0,2024-25,29,-0.010131297,0,0.6820354
1545.0,2024-25,30,0.9494528,1,0.6150983
1545.0,2024-25,31,1.2209926,1,1.422556
1545.0,2024-25,32,2.2365758,1,0.99893385
1545.0,2024-25,32,2.2365758,1,0.99845725
1545.0,2024-25,32,1.6492888,1,0.99893385
1545.0,2024-25,32,1.6492888,1,0.99845725
1545.0,2024-25,33,1.54083,1,0.948242
1545.0,2024-25,34,-0.011278625,0,0.88530046
1545.0,2024-25,35,1.107773,1,0.8200653
1545.0,2024-25,36,1.4104209,0,1.0390905
1545.0,2024-25,37,0.7696805,0,1.2709016
1653.0,2024-25,6,-0.08223722,0,1.0329142
1653.0,2024-25,7,2.2992845,6,0.72960705
1653.0,2024-25,8,2.434235,14,1.0045272
1653.0,2024-25,9,2.4388952,2,1.1406833
1653.0,2024-25,10,2.4853132,1,0.8665298
1653.0,2024-25,11,-0.16670816,0,1.0200609
1653.0,2024-25,12,0.4806332,0,0.94167334
1653.0,2024-25,13,0.2608143,0,0.58652675
1653.0,2024-25,14,-0.15007655,0,0.4943706
1653.0,2024-25,15,-0.13268475,0,0.9718721
1653.0,2024-25,16,-3.7811027e-05,0,1.1937696
1653.0,2024-25,17,-0.012306036,0,1.1565603
1653.0,2024-25,18,-0.005972077,0,1.0341902
1653.0,2024-25,19,-0.021403814,0,0.8839525
1653.0,2024-25,20,-0.021403814,0,0.76884526
1653.0,2024-25,21,-0.021403814,0,0.7356548
1653.0,2024-25,22,0.5619715,1,0.7552107
1653.0,2024-25,23,0.0314226,0,1.2715043
1653.0,2024-25,24,0.0314226,0,1.0701283
1653.0,2024-25,25,0.0314226,0,0.8167506
1653.0,2024-25,26,-0.010131297,0,0.694146
1653.0,2024-25,27,-0.010131297,0,0.6657897
1653.0,2024-25,28,-0.0034139876,0,0.77563137
1653.0,2024-25,29,-0.0034139876,0,0.77563137
1653.0,2024-25,30,-0.0034139876,0,0.77563137
1653.0,2024-25,31,-0.021403814,0,0.77563137
1653.0,2024-25,32,-0.021403814,0,0.7746816
1653.0,2024-25,33,1.2298765,-1,0.7727354
1653.0,2024-25,34,0.07253196,0,1.102657
1653.0,2024-25,35,0.07253196,0,0.9022761
1653.0,2024-25,36,1.481881,9,0.7986489
1653.0,2024-25,37,3.3707638,1,1.6276199
1653.0,2024-25,38,2.4294407,6,1.478866
1654.0,2024-25,6,-0.011894531,0,0.62232345
1654.0,2024-25,7,-0.0038566263,0,0.7715494
1654.0,2024-25,8,-0.0034139876,0,0.7747605
1654.0,2024-25,9,-0.0034139876,0,0.77506906
1654.0,2024-25,10,0.85852444,0,0.7749389
1654.0,2024-25,11,0.073447965,0,1.014836
1654.0,2024-25,12,0.073447965,0,0.94161946
1654.0,2024-25,13,0.073447965,0,0.8516416
1654.0,2024-25,14,0.003223815,0,0.7925508
1654.0,2024-25,15,1.1492224,1,0.77819365
1654.0,2024-25,16,0.0314226,0,1.2295403
1654.0,2024-25,17,2.3531091,0,1.0099083
1654.0,2024-25,18,2.4630005,5,1.4478016
1654.0,2024-25,19,0.103709914,0,1.2682792
1654.0,2024-25,20,0.103709914,0,0.7462527
1654.0,2024-25,21,0.011393403,0,0.690741
1654.0,2024-25,22,-0.04064568,0,0.6413328
1654.0,2024-25,23,1.5038248,1,0.7158805
1654.0,2024-25,24,0.008795145,0,1.478114
1654.0,2024-25,25,0.008795145,0,1.3159393
1654.0,2024-25,26,0.05571287,0,0.94681436
1654.0,2024-25,27,-0.010131297,0,0.7797908
1654.0,2024-25,28,-0.010131297,0,0.69496685
1654.0,2024-25,29,0.8054181,1,0.7898974
1665.0,2024-25,6,2.3415475,2,0.62583923
1665.0,2024-25,7,2.2879853,8,0.94501096
1665.0,2024-25,8,3.4867835,6,0.9615721
1665.0,2024-25,9,3.8089724,1,1.5459161
1665.0,2024-25,10,1.708572,1,2.1148515
1665.0,2024-25,11,1.5586522,8,1.8848444
1665.0,2024-25,12,3.8728738,7,2.2156577
1665.0,2024-25,13,2.3374302,0,1.4927787
1665.0,2024-25,14,3.4328897,6,1.2595994
1665.0,2024-25,15,-0.17604533,0,1.4762385
1665.0,2024-25,16,1.5442402,6,1.504367
1665.0,2024-25,17,1.4285169,6,1.6756507
1665.0,2024-25,18,1.8381151,2,1.9757798
1665.0,2024-25,19,3.004242,0,2.050842
1665.0,2024-25,20,1.4816208,2,1.3000827
1665.0,2024-25,21,3.3694057,2,1.8363421
1665.0,2024-25,22,2.289554,1,1.4250513
1665.0,2024-25,23,1.9760661,7,0.59227246
1665.0,2024-25,24,2.7624197,10,1.2064816
1665.0,2024-25,24,2.7624197,10,1.3353558
1665.0,2024-25,24,2.4864306,7,1.2064816
1665.0,2024-25,24,2.4864306,7,1.3353558
1665.0,2024-25,25,3.034262,2,1.7685663
1665.0,2024-25,26,4.2666397,1,2.4010806
1665.0,2024-25,27,3.3042321,2,1.5363872
1665.0,2024-25,28,3.742148,2,1.2493116
1665.0,2024-25,29,2.672094,2,1.3554478
1665.0,2024-25,30,0.838724,1,1.8721946
1665.0,2024-25,31,2.49302,1,2.362544
1665.0,2024-25,32,2.3028178,7,1.5775288
1665.0,2024-25,33,3.1619174,1,2.0834377
1687.0,2024-25,6,-0.11028851,0,0.9655747
1687.0,2024-25,7,1.7219615,0,0.68389636
1687.0,2024-25,8,0.3114081,0,1.055946
1687.0,2024-25,9,0.30335325,0,1.0573792
1687.0,2024-25,10,0.026409037,0,0.80225426
1687.0,2024-25,11,-0.021862596,0,0.7519207
1687.0,2024-25,12,-0.029598359,0,0.75007206
1687.0,2024-25,13,1.9905082,1,0.8014073
1687.0,2024-25,14,1.0527263,0,1.2522296
1687.0,2024-25,15,2.597572,1,1.5207077
1687.0,2024-25,16,1.2623163,2,1.3437953
1687.0,2024-25,17,1.7371595,1,1.7274057
1687.0,2024-25,18,1.6568855,1,1.485057
1687.0,2024-25,19,1.4515597,1,1.1767629
1687.0,2024-25,20,1.3892051,0,1.0737038
1687.0,2024-25,21,2.1355968,1,0.794779
1687.0,2024-25,22,2.545047,0,0.49328348
1687.0,2024-25,23,2.3370905,8,0.8838325
1687.0,2024-25,24,2.592051,0,0.86204106
1687.0,2024-25,25,1.332023,2,2.1839998
1687.0,2024-25,26,1.8761336,1,1.9509674
1687.0,2024-25,27,2.1786263,8,2.2867346
1687.0,2024-25,28,0.1953324,0,1.8804053
1687.0,2024-25,29,0.5413124,0,1.3804789
1687.0,2024-25,30,1.9638181,1,0.54079384
1687.0,2024-25,31,2.668206,1,0.72171205
1687.0,2024-25,32,-0.12237851,0,0.6336135
1687.0,2024-25,33,-0.2983928,0,1.106151
1687.0,2024-25,34,2.0880752,2,0.7930773
1687.0,2024-25,35,2.4477575,0,0.77714765
1687.0,2024-25,36,3.0855052,1,0.87358296
1687.0,2024-25,37,2.5432272,2,1.5200708
1687.0,2024-25,38,1.7407514,6,1.49147
1688.0,2024-25,6,3.2878306,2,2.6687021
1688.0,2024-25,7,3.8225484,1,1.9306346
1688.0,2024-25,8,3.2777627,2,1.4277154
1688.0,2024-25,9,1.9456486,1,1.4550248
1688.0,2024-25,10,0.49352926,0,1.4529966
1688.0,2024-25,11,2.511932,8,0.8936114
1688.0,2024-25,12,3.2905161,1,1.3190135
1688.0,2024-25,13,3.9527938,6,1.2426327
1688.0,2024-25,14,3.0948515,1,1.7021415
1688.0,2024-25,15,0.33577996,0,2.3467999
1688.0,2024-25,16,2.0041916,-3,0.82405794
1688.0,2024-25,17,1.6636218,1,0.2814824
1688.0,2024-25,18,3.5990813,1,1.3931981
1688.0,2024-25,19,2.5566015,6,0.9836242
1688.0,2024-25,20,4.00199,1,1.4982014
1688.0,2024-25,21,3.8950002,2,2.7206213
1688.0,2024-25,22,3.4354753,1,1.6668857
1688.0,2024-25,23,3.4747732,2,2.0916986
1688.0,2024-25,24,3.135498,7,2.1810644
1688.0,2024-25,24,3.135498,7,1.2805319
1688.0,2024-25,24,3.4132395,1,2.1810644
1688.0,2024-25,24,3.4132395,1,1.2805319
1688.0,2024-25,25,5.148312,2,1.0987138
1688.0,2024-25,25,5.148312,2,0.44803625
1688.0,2024-25,25,4.691601,1,1.0987138
1688.0,2024-25,25,4.691601,1,0.44803625
1688.0,2024-25,26,2.7067995,6,1.372435
1688.0,2024-25,27,0.076586105,0,1.4566448
1688.0,2024-25,28,5.6856713,1,1.1872298
1688.0,2024-25,29,0.26270133,0,1.1963235
1688.0,2024-25,30,2.4742982,7,0.5308543
1688.0,2024-25,31,3.3610358,1,1.002155
1688.0,2024-25,32,2.5747983,-1,1.5120353
1688.0,2024-25,33,0.17059185,0,1.4621875
1688.0,2024-25,34,2.6275613,2,0.7487916
1688.0,2024-25,35,0.05860533,0,1.0216249
1688.0,2024-25,36,1.5676732,4,1.3241348
1688.0,2024-25,37,0.43557638,0,1.3655154
1688.0,2024-25,38,1.713396,2,1.0364621
1735.0,2024-25,6,-0.15877438,0,0.28276616
1735.0,2024-25,7,0.18131036,0,0.46841308
1735.0,2024-25,8,-0.03927005,0,1.0675087
1735.0,2024-25,9,1.427187,2,0.6602424
1735.0,2024-25,10,2.1824849,6,2.0301192
1735.0,2024-25,11,1.8974423,0,1.3461572
1735.0,2024-25,12,1.9147636,0,1.4030584
1735.0,2024-25,13,2.1874495,4,1.1883258
1735.0,2024-25,14,1.7833611,-4,0.97240144
1735.0,2024-25,15,-0.27367428,0,1.1230956
1735.0,2024-25,16,0.4396009,0,0.78270274
1735.0,2024-25,17,0.36246875,0,0.7061973
1735.0,2024-25,18,0.14614393,0,0.8492006
1735.0,2024-25,19,-0.019895487,0,1.0741738
1735.0,2024-25,20,0.018816534,0,0.9810058
1735.0,2024-25,21,0.030093798,0,0.9064886
1735.0,2024-25,22,0.07191898,0,0.8437905
1735.0,2024-25,23,-0.021403814,0,0.7979118
1735.0,2024-25,24,0.3918411,1,0.7759016
1735.0,2024-25,25,0.023448745,0,0.9051502
1735.0,2024-25,26,0.023448745,0,0.81861526
1735.0,2024-25,27,0.023448745,0,0.7676799
1735.0,2024-25,28,-0.010131297,0,0.74156165
1735.0,2024-25,29,1.244367,1,0.7486192
1735.0,2024-25,30,1.3138365,2,1.3676782
1735.0,2024-25,31,0.06195141,0,2.153117
1735.0,2024-25,32,2.1935408,1,1.2644247
1735.0,2024-25,33,1.8768437,2,1.294316
1735.0,2024-25,34,0.9513868,7,0.761336
1735.0,2024-25,35,2.7737072,0,1.2235203
1735.0,2024-25,36,2.7046378,6,1.20294
1735.0,2024-25,37,1.932933,1,0.7905092
1791.0,2024-25,6,3.62143,1,0.4731756
1791.0,2024-25,7,3.046762,8,0.5097076
1791.0,2024-25,8,3.401132,2,1.2922531
1791.0,2024-25,9,2.1766655,1,1.1757809
1791.0,2024-25,10,2.8667326,2,1.4967026
1791.0,2024-25,11,2.8768566,1,1.4827036
1791.0,2024-25,12,0.51309776,0,1.0760183
1791.0,2024-25,13,2.290304,8,0.7939165
1791.0,2024-25,14,2.132173,6,1.3917934
1791.0,2024-25,15,0.35243434,0,1.1224545
1791.0,2024-25,16,3.4072073,1,0.9356177
1791.0,2024-25,17,2.1565197,4,1.5393952
1791.0,2024-25,18,4.4275346,2,1.0486366
1791.0,2024-25,19,2.6541226,15,1.1236144
1791.0,2024-25,20,4.2312946,0,1.964089
1791.0,2024-25,21,4.999026,2,2.8662293
1791.0,2024-25,22,2.8958356,11,2.7197328
1791.0,2024-25,23,4.2862973,5,2.7004402
1791.0,2024-25,24,3.5767095,6,2.5176213
1791.0,2024-25,24,3.5767095,6,2.639531
1791.0,2024-25,24,3.515004,1,2.5176213
1791.0,2024-25,24,3.515004,1,2.639531
1791.0,2024-25,25,4.2148633,6,1.8500056
1791.0,2024-25,25,4.2148633,6,1.0670745
1791.0,2024-25,25,4.5837207,7,1.8500056
1791.0,2024-25,25,4.5837207,7,1.0670745
1791.0,2024-25,26,3.939794,6,1.8123804
1791.0,2024-25,27,3.8108385,6,2.2603917
1791.0,2024-25,28,6.289394,2,2.6225579
1791.0,2024-25,29,0.38353816,0,1.6400894
1791.0,2024-25,30,0.3439575,0,1.3695902
1791.0,2024-25,31,-0.14183125,0,1.0240042
1791.0,2024-25,32,-0.12309012,0,1.0246221
1791.0,2024-25,33,2.1986563,6,1.1683282
1791.0,2024-25,34,2.8264444,5,1.7082647
1791.0,2024-25,35,2.658896,0,2.914487
1791.0,2024-25,36,1.7223808,1,2.7670832
1791.0,2024-25,37,0.20038535,0,1.726189
1791.0,2024-25,38,1.6183248,1,0.5970024
1823.0,2024-25,6,2.554681,0,1.1364418
1823.0,2024-25,7,2.8147275,8,1.3422935
1823.0,2024-25,8,2.5835278,4,1.2850035
1823.0,2024-25,9,3.7792494,7,2.2353828
1823.0,2024-25,10,1.6050025,0,2.1313722
1823.0,2024-25,11,1.2976615,2,2.8138642
1823.0,2024-25,12,4.454756,1,2.432593
1823.0,2024-25,13,1.6986715,1,2.1095626
1823.0,2024-25,14,3.4166882,2,1.1900251
1823.0,2024-25,15,3.717977,1,1.238496
1823.0,2024-25,16,3.431219,2,1.7422019
1823.0,2024-25,17,2.3349128,2,2.204869
1823.0,2024-25,18,1.9152818,1,2.2500355
1823.0,2024-25,19,2.5860417,1,1.9106926
1823.0,2024-25,20,3.6666625,2,3.308134
1823.0,2024-25,21,3.366023,6,1.683704
1823.0,2024-25,22,1.5989766,4,1.3531996
1823.0,2024-25,23,1.9167278,2,1.326381
1823.0,2024-25,24,1.2990285,1,1.240631
1823.0,2024-25,25,2.2818813,1,1.5126723
1823.0,2024-25,25,2.2818813,1,0.95325273
1823.0,2024-25,25,0.8066666,4,1.5126723
1823.0,2024-25,25,0.8066666,4,0.95325273
1823.0,2024-25,26,-0.08457272,0,1.7064358
1823.0,2024-25,27,1.280713,1,0.9167344
1823.0,2024-25,28,1.1621618,6,0.44133246
1823.0,2024-25,29,-0.06672355,0,1.1149079
1823.0,2024-25,30,1.6299949,6,0.1826176
1823.0,2024-25,31,0.17788081,0,1.7728035
1823.0,2024-25,32,-0.088322364,0,0.6779653
1823.0,2024-25,33,1.4748076,0,0.3952876
1823.0,2024-25,34,-0.14659975,0,1.3786552
1823.0,2024-25,35,1.3268698,1,0.6810161
1823.0,2024-25,36,2.2798698,7,1.1589199
2958.0,2024-25,6,0.18374927,0,0.7317114
2958.0,2024-25,7,-0.0068545337,0,0.75897366
2958.0,2024-25,8,-0.0064119017,0,0.80315465
2958.0,2024-25,9,0.09323749,0,0.8350674
2958.0,2024-25,10,0.80971414,1,0.8264678
2958.0,2024-25,11,-0.044404313,0,1.2261195
2958.0,2024-25,12,1.5437311,1,0.9333448
2958.0,2024-25,13,1.2787807,1,1.2413374
2958.0,2024-25,14,1.8090202,5,1.5913595
2958.0,2024-25,15,-0.0164663,0,1.586332
2958.0,2024-25,16,-0.055376463,0,1.0855156
2958.0,2024-25,17,-0.031955063,0,0.70576257
2958.0,2024-25,18,-0.042322297,0,0.65624183
2958.0,2024-25,19,1.2858101,1,0.75858647
2958.0,2024-25,20,0.06805315,0,1.3888122
2958.0,2024-25,21,2.2185373,1,1.2940031
2958.0,2024-25,22,0.038422845,0,1.2557132
2958.0,2024-25,23,0.00554291,0,0.9008555
2958.0,2024-25,24,0.00554291,0,0.63495666
2958.0,2024-25,25,-0.016040696,0,0.67568463
2958.0,2024-25,26,1.1567577,1,0.6663654
2958.0,2024-25,27,1.6892139,1,1.2379631
2958.0,2024-25,28,0.10038859,0,1.3778368
2958.0,2024-25,29,0.10038859,0,1.0814848
2958.0,2024-25,30,0.082528934,0,0.91188437
2958.0,2024-25,31,-0.09443797,0,0.8807538
2958.0,2024-25,32,1.5716676,6,0.73724383
2958.0,2024-25,33,2.0925457,11,1.5486666
2958.0,2024-25,34,0.11560636,0,2.299391
2958.0,2024-25,35,3.0520744,1,1.5262567
2958.0,2024-25,36,1.6887314,1,0.9312926
2958.0,2024-25,37,-0.026247503,0,1.0643877
2958.0,2024-25,38,2.7467725,2,1.0748816
3203.0,2024-25,6,1.7879806,1,0.8858142
3203.0,2024-25,7,0.007866405,0,1.0055122
3203.0,2024-25,8,3.5104165,-2,0.90205175
3203.0,2024-25,9,3.1094024,2,0.97831386
3203.0,2024-25,10,0.1217162,0,0.7458225
3203.0,2024-25,11,0.17096831,0,0.8445659
3203.0,2024-25,12,0.028257843,0,0.9455367
3203.0,2024-25,13,1.1116531,2,0.85212654
3203.0,2024-25,14,2.6904242,2,1.3827559
3203.0,2024-25,15,1.6097296,2,1.9039009
3203.0,2024-25,16,1.3617916,0,2.0781481
3203.0,2024-25,17,3.5749092,6,1.6634768
3203.0,2024-25,18,1.7114006,2,0.8377982
3203.0,2024-25,19,1.7364141,1,1.1254797
3203.0,2024-25,20,3.1235068,1,1.3153038
3203.0,2024-25,21,-0.16142753,0,0.9157836
3203.0,2024-25,22,1.7220222,1,0.70778537
3203.0,2024-25,23,-0.051546566,0,0.45618472
3203.0,2024-25,24,1.4179416,1,0.6312058
3203.0,2024-25,25,0.25158468,0,1.0133598
3203.0,2024-25,26,1.6879063,1,0.97916144
3203.0,2024-25,27,2.1164153,2,0.9116501
3203.0,2024-25,28,2.3301632,1,1.7810923
3203.0,2024-25,29,0.019107003,0,1.423216
3203.0,2024-25,30,1.4118484,1,0.95175225
3303.0,2024-25,14,-0.0110158175,0,0.7469265
3303.0,2024-25,15,-0.021418076,0,0.7730468
3303.0,2024-25,16,0.027032636,0,0.8941781
3303.0,2024-25,17,0.018268265,0,0.8678518
3303.0,2024-25,18,-0.01899747,0,0.8511283
3303.0,2024-25,19,-0.021403814,0,0.8325314
3303.0,2024-25,20,-0.021403814,0,0.8080843
3303.0,2024-25,21,-0.021403814,0,0.78758126
3303.0,2024-25,22,-0.021403814,0,0.7759957
3303.0,2024-25,23,-0.021403814,0,0.7717325
3303.0,2024-25,24,-0.021403814,0,0.77201265
3303.0,2024-25,25,-0.021403814,0,0.77201265
3303.0,2024-25,26,-0.021403814,0,0.77201265
3303.0,2024-25,27,-0.021403814,0,0.77201265
3303.0,2024-25,28,0.24407637,1,0.77201265
3303.0,2024-25,29,-0.06731124,0,1.0258849
3303.0,2024-25,30,1.2265028,1,0.91153044
3303.0,2024-25,31,1.5023516,1,1.0569963
3303.0,2024-25,32,2.2401931,1,1.5194293
3303.0,2024-25,33,1.3847982,2,1.4688343
3303.0,2024-25,34,1.4463094,1,1.6814306
3303.0,2024-25,35,0.034105122,0,1.1918374
3303.0,2024-25,36,0.08252497,0,0.64510256
3303.0,2024-25,37,2.4393628,1,0.53548145
3303.0,2024-25,38,1.6158457,0,1.1416924
4120.0,2024-25,9,2.3039205,1,1.2931238
4120.0,2024-25,10,3.2859974,9,1.7349051
4120.0,2024-25,11,2.7128952,1,1.4156258
4120.0,2024-25,12,0.27001268,1,1.4221205
4120.0,2024-25,13,3.8381581,1,1.1235616
4120.0,2024-25,14,1.9104272,1,0.5986519
4120.0,2024-25,15,-0.021090405,0,0.9443678
4120.0,2024-25,16,-0.026131023,0,0.774903
4120.0,2024-25,17,0.0100444965,0,0.6891938
4120.0,2024-25,18,0.0035981091,0,0.87210774
4120.0,2024-25,19,-0.07010483,0,0.86519116
4120.0,2024-25,20,-0.035633136,0,1.1149254
4120.0,2024-25,21,1.6910198,1,0.9161239
4120.0,2024-25,22,0.02082107,0,1.4658787
4120.0,2024-25,23,1.3033094,0,1.360161
4120.0,2024-25,24,0.028662106,0,1.138903
4120.0,2024-25,25,0.427213,0,0.7035466
4120.0,2024-25,26,0.427213,0,0.5296868
4120.0,2024-25,27,0.026515389,0,0.76240426
4120.0,2024-25,28,0.026515389,0,0.7714171
4120.0,2024-25,29,-0.0037287925,0,0.78118193
4120.0,2024-25,30,2.1248167,1,0.78118193
4120.0,2024-25,31,-0.0023999948,0,1.3914369
4120.0,2024-25,32,1.3542002,2,1.0339121
5136.0,2024-25,8,2.7974126,1,1.7843057
5136.0,2024-25,9,3.3813243,0,1.421006
5136.0,2024-25,10,1.1088344,1,0.4615208
5136.0,2024-25,11,1.5758642,2,1.0358338
5136.0,2024-25,12,1.7915751,2,0.97250336
5136.0,2024-25,13,4.002088,4,0.9507404
5136.0,2024-25,14,3.2863877,1,0.9246087
5136.0,2024-25,15,4.7607017,5,1.092092
5136.0,2024-25,16,2.9775724,1,1.8291985
5136.0,2024-25,17,3.506916,1,1.1303697
5136.0,2024-25,18,3.5413284,6,2.3722436
5136.0,2024-25,19,0.047284372,0,2.2012923
5136.0,2024-25,20,1.7683048,2,1.2693719
5136.0,2024-25,21,3.7710798,9,1.3524386
5136.0,2024-25,22,2.5861893,2,1.8656212
5136.0,2024-25,23,0.08122032,0,1.6445981
5136.0,2024-25,24,-0.072723635,0,1.0481834
5136.0,2024-25,25,0.046285015,0,0.61517406
5136.0,2024-25,26,2.099428,1,0.7451033
5136.0,2024-25,27,2.932325,2,1.6910747
5136.0,2024-25,28,2.0759432,2,1.3729428
5136.0,2024-25,29,0.9149232,7,2.174223
5136.0,2024-25,30,2.8920772,1,1.457097
5136.0,2024-25,31,1.7677474,1,1.4509641
5136.0,2024-25,32,4.084706,0,1.326228
5136.0,2024-25,33,2.7434578,-1,0.9699851
5136.0,2024-25,34,2.242743,1,0.8368377
5136.0,2024-25,35,2.5318854,2,1.0513513
5136.0,2024-25,36,2.255907,7,0.8956286
5136.0,2024-25,37,2.4352283,1,0.86293536
5261.0,2024-25,30,1.7973719,0,1.3754057
5261.0,2024-25,31,2.9206653,0,1.2594873
5261.0,2024-25,32,2.3238006,0,1.2359375
5261.0,2024-25,33,2.6322365,1,0.6777467
5261.0,2024-25,34,1.1793078,0,1.1279253
5261.0,2024-25,35,2.0304897,2,1.5453085
5261.0,2024-25,36,1.5919492,1,1.5330375
5261.0,2024-25,37,1.1277156,1,1.2115546
5261.0,2024-25,38,2.387951,0,0.95195824
5584.0,2024-25,7,3.5801604,2,0.94241
5584.0,2024-25,8,0.9373335,0,0.5270005
5584.0,2024-25,9,2.8689744,2,0.6438739
5584.0,2024-25,10,2.1607769,1,0.58967817
5584.0,2024-25,11,2.5782719,6,1.0902231
5584.0,2024-25,12,1.89384,15,1.0372872
5584.0,2024-25,13,1.2916737,6,1.2615702
5584.0,2024-25,14,2.660823,1,0.90783787
5584.0,2024-25,15,3.0783038,2,0.72770506
5584.0,2024-25,16,0.49396005,5,0.7107279
5584.0,2024-25,17,3.4062362,2,1.1294674
5584.0,2024-25,18,3.2599251,9,0.96608764
5584.0,2024-25,19,2.4532487,0,1.6757386
5584.0,2024-25,20,1.664427,0,0.9539925
5584.0,2024-25,21,2.6062486,3,1.663025
5584.0,2024-25,22,1.596606,1,1.3287331
5584.0,2024-25,23,1.7355169,2,1.3099319
5584.0,2024-25,24,2.2454522,-1,2.3621342
5584.0,2024-25,25,2.7595508,2,1.4820127
5584.0,2024-25,26,0.7328209,12,1.7334011
5584.0,2024-25,27,3.993689,7,1.6673354
5584.0,2024-25,28,3.098313,2,1.4135472
5584.0,2024-25,29,2.5055993,2,1.5519699
5584.0,2024-25,30,3.197774,2,2.0950425
5584.0,2024-25,31,2.3638005,1,1.9467695
5584.0,2024-25,32,0.63046044,1,1.7105006
5584.0,2024-25,33,-0.07608892,0,2.0758173
5584.0,2024-25,34,1.4731249,1,1.0360467
5584.0,2024-25,35,3.0769563,7,1.9698199
5584.0,2024-25,36,2.333213,12,1.0070174
5584.0,2024-25,37,5.5689697,1,1.365374
5584.0,2024-25,38,8.7522545,5,1.2766757
5590.0,2024-25,9,0.0021919871,0,1.1645092
5590.0,2024-25,10,0.019402394,0,0.7755141
5590.0,2024-25,11,0.027806746,0,0.7345866
5590.0,2024-25,12,0.0741066,0,0.7039361
5590.0,2024-25,13,0.054698367,0,0.7513501
5590.0,2024-25,14,2.280887,2,0.8546011
5590.0,2024-25,15,-0.09928333,0,1.7736082
5590.0,2024-25,16,2.9466312,2,1.1280502
5590.0,2024-25,17,2.3405688,9,2.1075578
5590.0,2024-25,18,3.0518382,1,1.518003
5590.0,2024-25,19,3.3691692,1,1.8600006
5590.0,2024-25,20,0.022996401,0,2.0317764
5590.0,2024-25,21,1.23315,1,1.4483966
5590.0,2024-25,22,2.0670528,7,1.0752043
5590.0,2024-25,23,-0.12773563,0,0.3606686
5590.0,2024-25,24,2.5270479,2,0.5578833
5590.0,2024-25,25,0.06933471,0,0.6671504
5590.0,2024-25,26,2.3947346,1,0.4162781
5590.0,2024-25,27,2.9002216,9,1.3909007
5590.0,2024-25,28,3.2706397,7,1.1659473
5590.0,2024-25,29,2.2846012,1,1.1749088
5590.0,2024-25,30,3.065748,1,1.7374467
5590.0,2024-25,31,2.6036227,5,1.2111732
5590.0,2024-25,32,4.0911336,0,2.7604644
5590.0,2024-25,33,2.723938,1,1.9935017
5590.0,2024-25,34,0.099616826,0,0.82987374
5590.0,2024-25,35,0.03222602,0,0.7646994
5590.0,2024-25,36,-0.06153546,0,0.8528206
5590.0,2024-25,37,2.0255575,8,1.0322827
5590.0,2024-25,38,2.1398683,6,1.503323
5613.0,2024-25,6,1.7811838,1,1.5685228
5613.0,2024-25,7,2.715319,2,1.8466645
5613.0,2024-25,8,4.050865,1,1.5297118
5613.0,2024-25,9,2.5699348,1,1.646267
5613.0,2024-25,10,2.691706,2,2.5249565
5613.0,2024-25,11,2.1901255,2,2.195862
5613.0,2024-25,12,2.8425233,6,2.1301358
5613.0,2024-25,13,1.6641558,9,1.8591805
5613.0,2024-25,14,2.420337,0,2.0160687
5613.0,2024-25,15,2.3529282,0,1.9169766
5613.0,2024-25,16,2.2797093,9,1.5276021
5613.0,2024-25,17,3.2138155,4,2.2762082
5613.0,2024-25,18,4.217478,6,2.1006644
5613.0,2024-25,19,3.4615905,2,2.0606086
5613.0,2024-25,20,4.280819,2,2.0545247
5613.0,2024-25,21,3.4593136,1,2.611266
5613.0,2024-25,22,2.7887597,1,2.5044887
5613.0,2024-25,23,2.949344,7,1.8157436
5613.0,2024-25,24,1.3637849,2,1.4867332
5613.0,2024-25,25,1.7719731,6,2.2014208
5613.0,2024-25,26,2.9411528,2,2.3021395
5613.0,2024-25,27,1.8389903,7,2.3764644
5613.0,2024-25,28,3.0297823,2,2.4233496
5613.0,2024-25,29,1.1473092,5,2.4125135
5613.0,2024-25,30,2.145317,1,1.8482131
5613.0,2024-25,31,1.6379292,0,1.381858
5613.0,2024-25,32,2.3800468,0,0.86513615
5613.0,2024-25,33,1.9298286,0,0.55965126
5613.0,2024-25,33,1.9298286,0,0.60166025
5613.0,2024-25,33,2.2605553,0,0.55965126
5613.0,2024-25,33,2.2605553,0,0.60166025
5613.0,2024-25,34,0.045206547,0,0.8131519
5613.0,2024-25,35,1.6278692,0,0.79748964
5613.0,2024-25,36,0.9933345,0,0.8632843
5613.0,2024-25,37,1.416137,0,0.769193
5613.0,2024-25,38,1.4673129,0,0.7750408
5712.0,2024-25,10,1.6461256,0,1.6039208
5712.0,2024-25,11,0.9208469,1,0.9402146
5712.0,2024-25,12,2.94669,0,0.665679
5712.0,2024-25,13,-0.022698369,0,1.2307955
5712.0,2024-25,14,0.23560305,0,1.4776405
5712.0,2024-25,15,2.8870275,7,0.83331203
5712.0,2024-25,16,2.0775182,1,0.2274265
5712.0,2024-25,17,0.2918149,0,0.9578131
5712.0,2024-25,18,0.3097767,0,1.1247774
5712.0,2024-25,19,2.574485,1,0.5916081
5973.0,2024-25,6,1.2696112,5,1.8907334
5973.0,2024-25,7,-0.12823753,1,1.8266746
5973.0,2024-25,8,3.8089898,1,2.830533
5973.0,2024-25,9,3.366084,2,1.9754497
5973.0,2024-25,10,2.7295744,2,1.8440427
5973.0,2024-25,11,2.2209816,6,1.457949
5973.0,2024-25,12,2.0578046,3,1.931574
5973.0,2024-25,13,2.249651,2,1.6329395
5973.0,2024-25,14,0.2866496,0,1.6005853
5973.0,2024-25,15,1.8655971,5,1.1989353
5973.0,2024-25,16,1.3761972,1,1.6162194
5973.0,2024-25,17,0.007232866,0,1.511026
5973.0,2024-25,18,0.37541935,0,0.71073073
5973.0,2024-25,19,0.074941866,0,0.475931
5973.0,2024-25,20,0.032879908,0,0.34958243
5973.0,2024-25,21,-0.07937236,0,0.8898737
5973.0,2024-25,22,-0.051541105,0,1.0684295
5973.0,2024-25,23,-0.051541105,0,0.9394987
5973.0,2024-25,24,-0.003772345,0,0.8602679
5973.0,2024-25,25,-0.021403814,0,0.80431503
5973.0,2024-25,26,-0.021403814,0,0.7724251
5973.0,2024-25,27,-0.021403814,0,0.7641948
5973.0,2024-25,28,-0.021403814,0,0.76081735
5973.0,2024-25,29,-0.021403814,0,0.772538
5973.0,2024-25,30,-0.021403814,0,0.77201265
5973.0,2024-25,31,0.6151341,1,0.77201265
5973.0,2024-25,32,0.023448745,0,1.1618952
5973.0,2024-25,33,1.382582,6,0.90694064
5973.0,2024-25,34,2.5220063,2,1.5885063
5973.0,2024-25,35,2.2783234,1,2.7853155
5973.0,2024-25,36,3.4700685,1,2.6437614
5973.0,2024-25,37,3.170187,0,1.9343879
5973.0,2024-25,38,2.1445148,1,1.2801359
6042.0,2024-25,6,2.7370028,1,0.8553973
6042.0,2024-25,7,2.6899166,0,1.1613415
6042.0,2024-25,8,3.0851042,1,1.5187696
6042.0,2024-25,9,1.8262533,2,1.1578022
6042.0,2024-25,10,2.5719392,5,1.3264314
6042.0,2024-25,11,2.6905072,1,0.5666327
6042.0,2024-25,12,0.10239312,0,0.7877434
6042.0,2024-25,13,0.21125744,0,0.57238793
6042.0,2024-25,14,-0.07424351,0,0.3654606
6042.0,2024-25,15,-0.079304,0,0.38933203
6042.0,2024-25,16,1.4977548,0,0.92979085
6042.0,2024-25,17,2.7678792,8,2.0875869
6042.0,2024-25,18,2.4375165,2,1.5613612
6042.0,2024-25,19,2.473619,0,1.7981272
6042.0,2024-25,20,3.3967574,0,1.9959408
6042.0,2024-25,21,1.868425,2,1.5149564
6042.0,2024-25,22,2.2385666,7,1.4587045
6042.0,2024-25,23,1.9347346,7,0.82130927
6042.0,2024-25,24,3.1568184,1,0.5177597
6042.0,2024-25,25,1.6031313,1,0.7165205
6042.0,2024-25,26,2.560788,1,1.2708176
6042.0,2024-25,27,0.029806359,0,1.0360363
6042.0,2024-25,28,1.209862,1,0.334948
6042.0,2024-25,29,-0.12949936,0,0.3770997
6042.0,2024-25,30,1.2737364,1,0.19989923
6042.0,2024-25,31,1.4567411,1,1.2127272
6042.0,2024-25,32,3.6744933,0,1.1824447
6042.0,2024-25,33,1.7733167,2,1.0863783
6042.0,2024-25,34,1.3183873,1,1.154085
6042.0,2024-25,35,2.2953856,1,1.186358
6042.0,2024-25,36,2.197455,7,0.7817599
6044.0,2024-25,7,0.9899527,1,2.0438972
6044.0,2024-25,8,1.8325393,1,1.1460501
6044.0,2024-25,9,-0.057698954,0,0.45651495
6044.0,2024-25,10,-0.1447741,0,0.3698359
6044.0,2024-25,11,0.027692873,0,0.5027274
6044.0,2024-25,12,-0.029957764,0,0.74875087
6044.0,2024-25,13,-0.029957764,0,0.77455956
6044.0,2024-25,14,1.207661,1,0.8594317
6044.0,2024-25,15,0.0031400183,0,1.1929218
6044.0,2024-25,16,0.0013396553,0,0.9236197
6044.0,2024-25,17,0.023448745,0,0.74049985
6044.0,2024-25,18,-0.010131297,0,0.67277855
6044.0,2024-25,19,-0.010131297,0,0.70191914
6044.0,2024-25,20,1.2243922,-1,0.7731225
6044.0,2024-25,21,0.010189985,0,1.1413805
6044.0,2024-25,22,0.010189985,0,0.9551198
6044.0,2024-25,23,0.01183964,0,0.8442307
6044.0,2024-25,24,-0.017314874,0,0.78543836
6044.0,2024-25,25,-0.017314874,0,0.78756887
6044.0,2024-25,26,-0.0065545063,0,0.78576833
6044.0,2024-25,27,-0.0065545063,0,0.78508407
6044.0,2024-25,28,-0.0065545063,0,0.7858837
6044.0,2024-25,29,-0.021403814,0,0.7858837
6044.0,2024-25,30,-0.021403814,0,0.78208464
6044.0,2024-25,31,-0.021403814,0,0.7782753
6044.0,2024-25,32,-0.021403814,0,0.7759305
6044.0,2024-25,33,-0.021403814,0,0.77407545
6044.0,2024-25,34,-0.021403814,0,0.77201265
6044.0,2024-25,35,-0.021403814,0,0.77201265
6044.0,2024-25,36,-0.021403814,0,0.77201265
6044.0,2024-25,37,-0.021403814,0,0.77201265
6044.0,2024-25,38,0.71979386,1,0.77201265
6048.0,2024-25,6,1.0062717,-1,2.0133238
6048.0,2024-25,7,2.2478495,1,1.6169103
6048.0,2024-25,8,1.4913405,6,1.4845179
6048.0,2024-25,9,-0.13900313,0,1.4907383
6048.0,2024-25,10,-0.038599495,0,1.1726133
6048.0,2024-25,11,0.072526045,0,0.7784503
6048.0,2024-25,12,0.076379225,0,0.8311198
6048.0,2024-25,13,3.381134,1,0.81793696
6048.0,2024-25,14,2.144615,0,1.4691783
6048.0,2024-25,15,3.2115085,1,2.3117611
6048.0,2024-25,16,2.456365,0,2.7441847
6048.0,2024-25,17,2.9397418,5,2.455681
6048.0,2024-25,18,3.286316,6,1.06938
6048.0,2024-25,19,1.4421395,1,0.46675837
6048.0,2024-25,20,-0.26748025,0,0.9775097
6048.0,2024-25,21,3.454091,1,1.3704442
6048.0,2024-25,22,1.8962921,2,1.2253418
6048.0,2024-25,23,1.5779641,2,1.13072
6048.0,2024-25,24,3.006404,-3,0.84561133
6048.0,2024-25,25,0.10656059,0,1.3787737
6048.0,2024-25,26,0.11621978,0,0.95394987
6048.0,2024-25,27,0.047430586,0,0.83487076
6048.0,2024-25,28,0.27297994,0,0.4763346
6048.0,2024-25,29,0.2572079,0,0.9011873
6048.0,2024-25,30,3.8510077,2,0.9107071
6048.0,2024-25,31,1.1434898,1,1.5205388
6048.0,2024-25,32,2.3098073,0,2.2179062
6048.0,2024-25,33,2.4165134,0,1.8531612
6048.0,2024-25,34,1.9635477,1,1.081026
6048.0,2024-25,35,2.7344143,2,0.8166527
6080.0,2024-25,12,-0.056519434,0,0.99091977
6080.0,2024-25,13,-0.17074881,0,0.97183317
6080.0,2024-25,14,-0.04499217,0,1.0250945
6080.0,2024-25,15,-0.047234394,0,0.9521789
6080.0,2024-25,16,0.63644034,1,0.79319006
6080.0,2024-25,17,0.047764435,0,1.2864884
6080.0,2024-25,18,0.027262354,0,1.1835164
6080.0,2024-25,19,0.0314226,0,0.8460029
6080.0,2024-25,20,-0.010131297,0,0.68355304
6080.0,2024-25,21,-0.010131297,0,0.6074335
6080.0,2024-25,22,-0.0034139876,0,0.76552635
6080.0,2024-25,23,-0.0034139876,0,0.77021164
6080.0,2024-25,24,-0.0034139876,0,0.7746894
6080.0,2024-25,25,-0.021403814,0,0.7746894
6080.0,2024-25,26,-0.021403814,0,0.773624
6080.0,2024-25,27,0.5779149,1,0.77174604
6080.0,2024-25,28,0.9264297,2,1.3448274
6080.0,2024-25,29,1.4455729,6,2.2302425
6080.0,2024-25,30,0.07312763,0,2.0910308
6080.0,2024-25,31,2.0742157,1,1.0833648
6080.0,2024-25,32,1.207217,0,0.91903096
6080.0,2024-25,33,2.19852,2,1.2654945
6080.0,2024-25,34,1.9696918,1,1.3539463
6080.0,2024-25,35,1.8208063,1,1.3565537
6080.0,2024-25,36,1.7810495,1,0.8751438
6080.0,2024-25,37,1.987122,2,1.027539
6080.0,2024-25,38,1.5711606,6,1.6724733
6157.0,2024-25,12,3.129427,0,0.9162131
6157.0,2024-25,13,2.0294797,1,1.3187917
6157.0,2024-25,14,2.0230207,2,1.2126461
6157.0,2024-25,15,0.03591327,0,1.6041607
6157.0,2024-25,16,1.01227,1,0.88709086
6157.0,2024-25,17,2.288424,6,1.4670534
6157.0,2024-25,18,1.4481037,5,1.0694321
6157.0,2024-25,19,2.8061275,1,1.6454853
6157.0,2024-25,20,3.09019,1,1.6013567
6157.0,2024-25,21,1.982769,0,1.0220405
6157.0,2024-25,22,2.5553727,6,1.4090883
6157.0,2024-25,23,3.537382,2,1.2578377
6157.0,2024-25,24,2.201732,2,1.1178912
6157.0,2024-25,25,3.9808269,2,1.4968965
6157.0,2024-25,26,2.0015116,1,1.5776016
6157.0,2024-25,27,1.9167043,2,1.2764128
6157.0,2024-25,28,2.2736087,1,1.7113554
6157.0,2024-25,29,2.1198096,6,1.8119844
6157.0,2024-25,30,1.822359,1,1.5253922
6157.0,2024-25,31,0.9360665,1,1.713621
6157.0,2024-25,32,1.7851202,2,2.2219524
6157.0,2024-25,33,3.1803691,0,2.3403218
6157.0,2024-25,34,0.075001754,0,0.9680704
6157.0,2024-25,35,1.5205089,1,0.33900633
6163.0,2024-25,8,1.3891579,3,0.21322279
6163.0,2024-25,9,1.5074002,1,-0.0020131916
6163.0,2024-25,10,3.085404,1,-0.17166993
6163.0,2024-25,11,2.7117682,6,0.27118436
6163.0,2024-25,12,2.4430134,2,1.0410424
6163.0,2024-25,13,1.9220798,-1,2.5018919
6163.0,2024-25,14,-0.21159992,0,1.5863538
6163.0,2024-25,15,0.7722907,1,1.112497
6163.0,2024-25,16,3.0711098,1,1.0354338
6163.0,2024-25,17,2.237011,9,0.8348443
6163.0,2024-25,18,2.2489243,6,1.7598227
6163.0,2024-25,19,1.5591933,0,1.8874575
6163.0,2024-25,20,-0.22359149,0,2.322431
6163.0,2024-25,21,1.2563554,1,1.1458817
6163.0,2024-25,22,1.3662804,0,0.36400798
6163.0,2024-25,23,1.4297417,2,0.5238648
6163.0,2024-25,24,3.864138,6,1.2286233
6163.0,2024-25,25,1.4090042,1,1.4481152
6163.0,2024-25,26,1.2227716,6,1.6258596
6163.0,2024-25,27,1.8268161,4,1.7905824
6163.0,2024-25,28,3.680587,2,1.7632107
6163.0,2024-25,29,3.9349246,2,1.1957793
6163.0,2024-25,30,2.1058912,6,1.3531722
6163.0,2024-25,31,3.3899684,2,1.4913555
6163.0,2024-25,32,2.69743,1,1.8272356
6163.0,2024-25,33,1.7182809,6,1.441029
6163.0,2024-25,34,2.9863303,6,1.5779511
6163.0,2024-25,35,1.9140555,2,1.6574384
6163.0,2024-25,36,3.047853,1,1.7819154
6163.0,2024-25,37,3.0782545,0,1.602406
6163.0,2024-25,38,2.6127958,1,1.3686491
6174.0,2024-25,7,1.0761616,5,1.9580568
6174.0,2024-25,8,2.6073596,6,1.9480926
6174.0,2024-25,9,1.8164245,1,1.8688823
6174.0,2024-25,10,3.0484602,6,2.0814433
6174.0,2024-25,11,3.0225503,1,1.449612
6174.0,2024-25,12,1.4912462,1,2.2564216
6174.0,2024-25,13,3.2705376,6,3.2757125
6174.0,2024-25,14,1.5376155,0,3.0319877
6174.0,2024-25,15,2.211196,7,1.6508132
6174.0,2024-25,16,2.8410566,9,1.4259864
6174.0,2024-25,17,2.618026,6,1.5409695
6174.0,2024-25,18,1.8287576,6,1.5759212
6174.0,2024-25,19,2.182271,6,1.5617633
6174.0,2024-25,20,3.0039432,6,1.3370183
6174.0,2024-25,21,2.4723577,2,1.8240521
6174.0,2024-25,22,4.1052284,1,1.6684235
6174.0,2024-25,23,1.7736617,0,1.7041733
6174.0,2024-25,24,2.1686962,6,1.3952312
6174.0,2024-25,25,2.481519,1,2.0657957
6174.0,2024-25,26,2.4847662,5,1.5970818
6174.0,2024-25,27,2.163914,5,1.2269677
6174.0,2024-25,28,2.950525,6,1.1867268
6174.0,2024-25,29,1.7874774,11,1.7314476
6174.0,2024-25,30,1.7722507,6,1.0663556
6174.0,2024-25,31,2.4175434,1,0.5625838
6174.0,2024-25,32,2.4263244,2,1.1982951
6174.0,2024-25,33,1.3876998,2,1.1913143
6174.0,2024-25,34,2.7089653,1,1.632928
6174.0,2024-25,35,1.1512543,2,1.5503573
6174.0,2024-25,36,2.4181218,1,1.7942443
6174.0,2024-25,37,1.5061601,8,1.5177532
6174.0,2024-25,38,3.8663058,2,1.1110466
6221.0,2024-25,6,2.3341722,1,1.2744126
6221.0,2024-25,7,1.7594886,6,1.4784168
6221.0,2024-25,8,1.9623603,2,1.460625
6221.0,2024-25,9,2.561985,2,2.086714
6221.0,2024-25,10,1.5238615,0,1.9929479
6221.0,2024-25,11,0.8792179,1,1.9118654
6221.0,2024-25,12,2.274674,1,1.9149351
6221.0,2024-25,13,1.8428422,1,1.7133276
6221.0,2024-25,14,-0.3180514,0,1.4189609
6221.0,2024-25,15,2.6943479,6,0.7984461
6221.0,2024-25,16,2.5883052,1,1.2589335
6221.0,2024-25,17,1.8722059,2,1.2666813
6221.0,2024-25,18,1.7221771,1,1.1091553
6221.0,2024-25,19,2.708428,1,1.4700423
6221.0,2024-25,20,0.010164653,0,1.0694127
6221.0,2024-25,21,0.17899998,0,0.3215913
6221.0,2024-25,22,0.11882048,0,0.259736
6221.0,2024-25,23,-0.05097874,0,0.73623025
6221.0,2024-25,24,-0.03284882,0,0.9138485
6221.0,2024-25,25,-0.011492424,0,1.0895722
6221.0,2024-25,26,-0.011650988,0,0.99549466
6221.0,2024-25,27,0.007904927,0,0.8927791
6221.0,2024-25,28,-0.021403814,0,0.8080013
6221.0,2024-25,29,-0.021403814,0,0.76062024
6221.0,2024-25,30,0.61028963,8,0.7443983
6221.0,2024-25,31,-0.006603587,0,1.6880765
6221.0,2024-25,32,-0.006603587,0,1.1240774
6221.0,2024-25,33,1.3837112,1,0.74368876
6221.0,2024-25,34,-0.089362755,0,1.476525
6221.0,2024-25,35,1.348329,6,0.9533196
6221.0,2024-25,36,1.8731165,1,1.6648797
6221.0,2024-25,37,2.2038383,7,0.9975037
6221.0,2024-25,38,1.939244,0,0.9266424
6314.0,2024-25,6,2.1666484,8,1.4120136
6314.0,2024-25,7,1.1258389,1,1.0554239
6314.0,2024-25,8,3.482088,-2,1.7042242
6314.0,2024-25,9,-0.40320697,0,1.5839962
6314.0,2024-25,10,1.501179,2,1.1775419
6314.0,2024-25,11,2.05918,7,1.0188783
6314.0,2024-25,12,3.4441454,0,1.0777578
6314.0,2024-25,13,0.25597754,0,1.3332685
6314.0,2024-25,14,0.0122884,0,1.0402741
6314.0,2024-25,15,-0.012213797,0,0.63932127
6314.0,2024-25,16,-0.12766075,0,0.5687648
6314.0,2024-25,17,-0.0053843223,0,0.71531516
6314.0,2024-25,18,0.84679157,1,0.98454016
6314.0,2024-25,19,1.657457,0,1.6596164
6314.0,2024-25,20,2.309522,1,1.9304461
6314.0,2024-25,21,1.4027231,1,1.4172252
6314.0,2024-25,22,2.0319684,6,1.1337004
6314.0,2024-25,23,2.911728,2,0.9256046
6314.0,2024-25,24,1.5061437,1,1.1800863
6314.0,2024-25,25,2.9404385,2,2.110414
6314.0,2024-25,26,1.5949868,-1,1.4339243
6314.0,2024-25,27,2.2847362,2,1.4868795
6314.0,2024-25,28,2.848118,0,1.2007227
6314.0,2024-25,29,3.39225,6,1.2123429
6314.0,2024-25,30,0.7119238,0,1.4970399
6314.0,2024-25,31,1.7504126,1,1.6661896
6314.0,2024-25,32,1.4032549,2,1.674313
6314.0,2024-25,33,3.4187758,1,1.8989183
6314.0,2024-25,34,2.9730067,2,1.6615025
6314.0,2024-25,35,2.2264638,2,0.92612135
6314.0,2024-25,36,2.8835008,1,1.0021739
6314.0,2024-25,37,2.9024155,0,1.4853271
6314.0,2024-25,38,2.0962694,1,1.6981562
6326.0,2024-25,6,3.1898103,7,1.3001952
6326.0,2024-25,7,3.138338,6,1.1852722
6326.0,2024-25,8,3.5798821,1,1.3281878
6326.0,2024-25,9,2.524286,1,1.110894
6326.0,2024-25,10,4.064944,1,1.4814585
6326.0,2024-25,11,3.3965557,6,1.4720081
6326.0,2024-25,12,3.2222986,0,1.715915
6326.0,2024-25,13,0.41855186,0,2.175224
6326.0,2024-25,14,0.009547327,0,1.0636772
6326.0,2024-25,15,0.11101498,0,0.89309525
6326.0,2024-25,16,-0.0004795006,0,0.9062777
6326.0,2024-25,17,0.18210359,0,1.096772
6326.0,2024-25,18,0.004216679,0,1.161101
6326.0,2024-25,19,-0.0066242977,0,1.0528479
6326.0,2024-25,20,2.3677423,1,1.0085404
6326.0,2024-25,21,2.4984262,2,1.88018
6326.0,2024-25,22,1.2069284,6,1.3693904
6326.0,2024-25,23,4.3650074,5,1.8783809
6326.0,2024-25,24,2.0644348,6,1.5387949
6326.0,2024-25,24,2.0644348,6,0.84735376
6326.0,2024-25,24,4.439179,1,1.5387949
6326.0,2024-25,24,4.439179,1,0.84735376
6326.0,2024-25,25,3.0403063,0,1.4347819
6326.0,2024-25,25,3.0403063,0,0.64941156
6326.0,2024-25,25,3.4195232,1,1.4347819
6326.0,2024-25,25,3.4195232,1,0.64941156
6326.0,2024-25,26,1.8765571,6,1.1548017
6326.0,2024-25,27,2.1756017,6,1.6406373
6326.0,2024-25,28,3.4367673,2,1.7648576
6326.0,2024-25,29,0.23529342,0,1.8038193
6326.0,2024-25,30,2.9266748,6,1.2221216
6326.0,2024-25,31,3.0796459,1,0.9579248
6326.0,2024-25,32,3.0226965,2,0.9160951
6326.0,2024-25,33,3.3509607,9,1.802718
6326.0,2024-25,34,2.0825846,2,1.6474527
6326.0,2024-25,35,0.08256761,0,1.8832529
6326.0,2024-25,36,2.7240596,1,1.3361409
6326.0,2024-25,37,1.6536154,1,1.4511491
6326.0,2024-25,38,3.0638418,2,1.8753012
6424.0,2024-25,6,0.17224708,0,0.7452387
6424.0,2024-25,7,2.4324648,0,0.7180293
6424.0,2024-25,8,0.0025834609,0,1.2838703
6424.0,2024-25,9,-0.017596196,0,0.9428262
6424.0,2024-25,10,1.5929314,2,0.8064184
6424.0,2024-25,11,0.93602026,1,1.859876
6424.0,2024-25,12,0.0063714082,0,1.7918866
6424.0,2024-25,13,0.04855085,0,0.96325976
6424.0,2024-25,14,-0.08878577,0,0.4406423
6424.0,2024-25,15,0.8419947,1,0.3653693
6424.0,2024-25,16,2.1569946,1,1.7114382
6424.0,2024-25,17,1.7595524,1,1.282339
6424.0,2024-25,18,1.4380935,2,1.0994186
6424.0,2024-25,19,1.9265679,1,1.1051776
6424.0,2024-25,20,1.7510875,1,0.70365125
6424.0,2024-25,21,0.008695728,0,0.87781435
6424.0,2024-25,22,1.8636187,-1,0.5636239
6424.0,2024-25,23,1.2873696,1,1.2270943
6424.0,2024-25,24,-0.11437016,0,1.8809253
6424.0,2024-25,25,2.2653167,2,1.4781896
6424.0,2024-25,26,-0.028349996,0,1.16603
6424.0,2024-25,27,1.858558,0,0.49335414
6424.0,2024-25,28,1.1893244,1,0.478116
6424.0,2024-25,29,0.060389645,0,0.65968794
6424.0,2024-25,30,1.4030604,2,0.55882615
6424.0,2024-25,31,3.2345746,1,1.3158151
6424.0,2024-25,32,1.676189,12,2.125489
6424.0,2024-25,33,2.8301423,0,1.5582211
6424.0,2024-25,34,2.8778038,-3,0.8520865
6424.0,2024-25,35,0.72701293,0,0.28514266
6424.0,2024-25,36,1.8089157,1,0.11149873
6490.0,2024-25,6,2.4221268,2,2.1411617
6490.0,2024-25,7,3.7072122,2,1.6988449
6490.0,2024-25,8,0.0051511503,0,1.4192992
6490.0,2024-25,9,2.5614188,6,0.79489785
6490.0,2024-25,10,1.7641574,1,1.0709761
6490.0,2024-25,11,0.20605299,0,1.2143832
6490.0,2024-25,12,2.5697556,-1,0.9957059
6490.0,2024-25,13,0.8439414,0,1.3335667
6490.0,2024-25,14,2.28802,1,0.8424122
6490.0,2024-25,15,0.27167615,0,0.62304825
6490.0,2024-25,16,-0.068836294,0,0.9755325
6490.0,2024-25,17,1.3571932,1,1.0290269
6490.0,2024-25,18,2.5009568,2,2.2822769
6490.0,2024-25,19,2.51303,7,2.0451446
6490.0,2024-25,20,2.7711868,2,1.4095341
6490.0,2024-25,21,2.3476074,1,1.1927649
6490.0,2024-25,22,2.6440816,6,1.647943
6490.0,2024-25,23,1.7271826,2,1.4675837
6490.0,2024-25,24,2.623958,0,1.558309
6490.0,2024-25,25,0.13820039,0,1.3170782
6490.0,2024-25,26,0.24042283,0,0.8519914
6490.0,2024-25,27,0.5434721,0,0.73581713
6490.0,2024-25,28,0.081302,0,0.9044097
6490.0,2024-25,29,0.07823552,0,1.3957859
6490.0,2024-25,30,0.18928455,0,1.2205797
6490.0,2024-25,31,0.03859217,0,1.0988108
6490.0,2024-25,32,6.85197e-05,0,0.97108114
6490.0,2024-25,33,0.18153259,1,0.8704652
6490.0,2024-25,33,0.18153259,1,1.3369559
6490.0,2024-25,33,1.6463104,1,0.8704652
6490.0,2024-25,33,1.6463104,1,1.3369559
6490.0,2024-25,34,-0.0556632,0,1.2014111
6490.0,2024-25,35,1.892697,1,1.1467136
6490.0,2024-25,36,1.5116794,6,1.1950151
6490.0,2024-25,37,3.1050193,2,1.0075545
6490.0,2024-25,38,3.5058563,6,1.247928
6615.0,2024-25,12,2.2527182,0,1.9105802
6615.0,2024-25,13,2.1730208,2,2.4420211
6615.0,2024-25,14,2.063838,6,1.6518148
6615.0,2024-25,15,1.4634155,1,1.4098266
6615.0,2024-25,16,2.2558403,9,1.5690074
6615.0,2024-25,17,0.1029288,0,1.5925611
6615.0,2024-25,18,1.3463182,6,1.1564182
6615.0,2024-25,19,3.5333087,10,1.988342
6615.0,2024-25,20,0.21844196,0,0.9687925
6615.0,2024-25,21,0.086242996,0,1.1343659
6615.0,2024-25,22,2.346681,8,1.2345136
6615.0,2024-25,23,1.7143525,1,1.3081833
6615.0,2024-25,24,2.423744,1,1.1644325
6615.0,2024-25,25,2.553599,1,1.525581
6615.0,2024-25,26,2.2634685,1,1.8219438
6615.0,2024-25,27,-0.0018569763,0,1.0812243
6615.0,2024-25,28,2.5111055,1,0.9098734
6615.0,2024-25,29,0.10563141,0,1.0389926
6615.0,2024-25,30,2.3578732,5,0.93203086
6615.0,2024-25,31,2.730794,6,1.4252125
6615.0,2024-25,32,3.8182542,1,1.5377043
6615.0,2024-25,33,4.3445754,2,1.616823
6615.0,2024-25,34,3.8280911,9,1.8659204
6615.0,2024-25,35,2.1517055,1,1.6646789
6615.0,2024-25,36,2.060832,2,2.1970613
6674.0,2024-25,6,3.1260703,9,0.42915356
6674.0,2024-25,7,2.930302,9,0.22048166
6674.0,2024-25,8,2.888369,1,0.23909202
6674.0,2024-25,9,2.8245018,6,0.6648219
6674.0,2024-25,10,2.974846,1,1.423396
6674.0,2024-25,11,1.4028196,6,1.8893577
6674.0,2024-25,12,2.7090452,2,1.5047876
6674.0,2024-25,13,1.9454982,0,2.6447031
6674.0,2024-25,14,2.7310035,0,2.5833797
6674.0,2024-25,15,1.4512109,4,2.8870769
6674.0,2024-25,16,3.532108,-2,2.282877
6674.0,2024-25,17,-0.24684745,0,1.0590129
6674.0,2024-25,18,2.1896734,6,0.89959043
6674.0,2024-25,19,1.3615776,10,1.7543819
6674.0,2024-25,20,3.689946,1,1.9421229
6674.0,2024-25,21,1.2991345,1,1.5111308
6674.0,2024-25,22,2.2283368,1,2.4825103
6674.0,2024-25,23,1.3280375,2,1.6313522
6674.0,2024-25,24,3.243746,7,1.5304999
6674.0,2024-25,25,1.7164439,1,1.0773138
6674.0,2024-25,26,0.9863008,6,1.6819783
6674.0,2024-25,27,2.6297271,1,2.2054684
6674.0,2024-25,28,4.4311733,2,2.2921205
6674.0,2024-25,29,4.562973,2,2.0131977
6674.0,2024-25,30,3.3947937,8,1.8043207
6674.0,2024-25,31,6.6220055,2,2.0754228
6674.0,2024-25,32,3.284372,14,2.0959356
6674.0,2024-25,33,3.8761945,5,1.1039982
6674.0,2024-25,34,6.801377,11,1.8217139
6674.0,2024-25,35,5.4750347,2,1.4857687
6674.0,2024-25,36,3.4848711,1,2.5690608
6674.0,2024-25,37,4.455995,0,1.5921592
6674.0,2024-25,38,3.2877755,2,1.9854953
6722.0,2024-25,6,2.5312836,1,1.5765048
6722.0,2024-25,7,0.07474138,0,1.7701412
6722.0,2024-25,8,0.5736701,1,0.81631786
6722.0,2024-25,9,1.7493778,0,1.3278359
6722.0,2024-25,10,1.8700464,1,0.7734166
6722.0,2024-25,11,0.24581183,0,1.265541
6722.0,2024-25,12,2.16185,1,0.6800657
6722.0,2024-25,13,0.13017298,0,1.010746
6722.0,2024-25,14,1.5895394,1,0.6389019
6722.0,2024-25,15,3.6969998,2,0.5706231
6722.0,2024-25,16,1.4261409,2,1.2467928
6722.0,2024-25,17,2.8602414,0,1.3642925
6722.0,2024-25,18,1.8614931,8,2.1084874
6722.0,2024-25,19,1.7719893,0,1.3563068
6722.0,2024-25,20,1.3383148,0,1.6973414
6722.0,2024-25,21,1.6891494,1,1.2798922
6722.0,2024-25,22,1.9061779,-2,1.2407571
6722.0,2024-25,23,0.059331212,0,0.6495925
6722.0,2024-25,24,1.575366,1,-0.07455657
6722.0,2024-25,25,2.054717,2,0.074838765
6722.0,2024-25,26,0.96742094,1,0.18577209
6722.0,2024-25,27,2.277857,1,0.52017957
6722.0,2024-25,28,1.5421951,1,0.9084465
6722.0,2024-25,29,0.6218996,2,0.799255
6722.0,2024-25,30,2.0938163,1,1.9367032
6722.0,2024-25,31,2.6767523,1,2.5239623
6722.0,2024-25,32,1.1305397,1,1.4300004
6722.0,2024-25,33,2.8258317,1,0.6367647
6722.0,2024-25,34,1.3869485,0,0.28285846
6722.0,2024-25,35,2.8031187,1,0.9828277
6722.0,2024-25,36,1.6314312,1,0.91140157
6722.0,2024-25,37,-0.0017808975,0,0.92797965
6722.0,2024-25,38,1.3848152,2,0.206787
6816.0,2024-25,6,1.3653764,2,0.73517615
6816.0,2024-25,7,3.8137646,2,1.4644442
6816.0,2024-25,8,1.6253142,0,2.0226827
6816.0,2024-25,9,2.5452845,1,2.2064664
6816.0,2024-25,10,1.8203754,1,1.2012383
6816.0,2024-25,11,2.31932,6,1.0192732
6816.0,2024-25,12,2.0109828,1,0.67168564
6816.0,2024-25,13,1.6719022,0,0.7709249
6816.0,2024-25,14,0.00020689834,0,1.2122232
6816.0,2024-25,15,3.831492,1,0.8178589
6816.0,2024-25,16,0.17318976,0,0.7382106
6816.0,2024-25,17,2.0052743,1,0.6712378
6816.0,2024-25,18,1.4338205,7,1.0144991
6816.0,2024-25,19,2.166766,0,1.5267304
6816.0,2024-25,20,1.3052621,0,1.6583205
6816.0,2024-25,21,-0.01551002,0,1.8308401
6816.0,2024-25,22,0.015090008,0,0.887441
6816.0,2024-25,23,-0.021329047,0,0.4525004
6816.0,2024-25,24,0.019426243,0,0.5338591
6816.0,2024-25,25,0.024538694,0,0.744718
6816.0,2024-25,26,0.7227901,5,0.8908035
6816.0,2024-25,27,2.278255,6,1.6380293
6816.0,2024-25,28,1.9192537,2,1.4364492
6816.0,2024-25,29,1.3912145,1,1.4281119
6816.0,2024-25,30,0.040745404,0,1.6203262
6816.0,2024-25,31,2.1784282,1,0.94356936
6816.0,2024-25,32,1.2186269,2,1.4072882
6816.0,2024-25,33,2.5794754,2,1.5233868
6816.0,2024-25,34,1.3490485,1,1.156995
6816.0,2024-25,35,2.7775156,2,1.4925314
6816.0,2024-25,36,1.5304077,6,1.0814406
6816.0,2024-25,37,3.4246259,0,1.3493594
6816.0,2024-25,38,2.4491508,2,1.0908813
6837.0,2024-25,18,0.5313742,1,0.71431315
6837.0,2024-25,19,0.03097996,0,1.3151047
6837.0,2024-25,20,0.0314226,0,1.0916727
6837.0,2024-25,21,0.0314226,0,0.8167228
6837.0,2024-25,22,-0.010131297,0,0.71076244
6837.0,2024-25,23,-0.010131297,0,0.69551367
6837.0,2024-25,24,0.6039459,1,0.7746806
6837.0,2024-25,25,1.44078,1,0.9555251
6837.0,2024-25,26,0.031127771,0,1.3891984
6837.0,2024-25,27,1.7242854,8,1.2198018
6837.0,2024-25,28,3.0888777,1,0.99168235
6837.0,2024-25,29,1.9548082,7,1.0102172
6837.0,2024-25,30,2.4487839,4,0.69046485
6837.0,2024-25,31,1.1285294,7,2.4056761
6837.0,2024-25,32,2.3541882,1,1.3505727
6837.0,2024-25,33,0.96051896,11,1.5931822
6837.0,2024-25,34,4.1974597,11,0.8899693
6837.0,2024-25,35,5.19657,0,0.8576713
6837.0,2024-25,36,3.4187012,1,0.91784453
6837.0,2024-25,37,2.087049,1,1.2937909
6837.0,2024-25,38,2.04716,1,1.5043203
6850.0,2024-25,6,-0.00818522,0,0.36093414
6850.0,2024-25,7,-0.02122015,0,0.6188972
6850.0,2024-25,8,-0.01065315,0,0.825591
6850.0,2024-25,9,-0.01065315,0,0.81168425
6850.0,2024-25,10,-0.0034139876,0,0.80402213
6850.0,2024-25,11,-0.021403814,0,0.78483224
6850.0,2024-25,12,-0.021403814,0,0.7654248
6850.0,2024-25,13,-0.021403814,0,0.75702566
6850.0,2024-25,14,-0.021403814,0,0.76017356
6850.0,2024-25,15,-0.021403814,0,0.77096903
6850.0,2024-25,16,0.63943976,1,0.77201265
6850.0,2024-25,17,0.028610473,0,1.5048386
6850.0,2024-25,18,0.028610473,0,1.3712052
6850.0,2024-25,19,1.1696515,0,0.9135117
6850.0,2024-25,20,0.0716253,0,0.8001601
6850.0,2024-25,21,0.0716253,0,0.627691
6850.0,2024-25,22,0.08800535,0,0.79539376
6850.0,2024-25,23,0.01684433,0,0.77680403
6850.0,2024-25,24,1.2898524,1,0.7887401
6850.0,2024-25,25,0.036625437,0,1.0915471
6850.0,2024-25,26,0.036625437,0,0.8845759
6850.0,2024-25,27,0.036625437,0,0.7536348
6850.0,2024-25,28,0.0011876089,0,0.708098
6850.0,2024-25,29,0.0011876089,0,0.73332834
6850.0,2024-25,30,0.007904927,0,0.7851764
6850.0,2024-25,31,1.1153493,1,0.7834485
6851.0,2024-25,9,0.001460577,0,0.8028655
6851.0,2024-25,10,-0.0042149792,0,0.77686983
6851.0,2024-25,11,-0.003772345,0,0.7757582
6851.0,2024-25,12,-0.003772345,0,0.7750784
6851.0,2024-25,13,0.31079835,0,0.7746132
6851.0,2024-25,14,1.6876007,2,1.3497356
6851.0,2024-25,15,1.8765773,1,1.8504611
6851.0,2024-25,16,1.2315322,0,1.4935675
6851.0,2024-25,17,2.0318615,1,1.339203
6851.0,2024-25,18,0.819884,1,0.9022848
6851.0,2024-25,19,1.1876839,1,0.9438365
6851.0,2024-25,20,2.534095,1,0.7941733
6851.0,2024-25,21,0.062330477,0,0.6808081
6851.0,2024-25,22,0.15949431,0,0.6046045
6851.0,2024-25,23,1.2981564,1,0.34639362
6851.0,2024-25,24,-0.087722056,0,1.0171347
6851.0,2024-25,25,-0.016123202,0,0.8340597
6851.0,2024-25,26,1.6027762,1,0.9594818
6851.0,2024-25,27,-0.021033375,0,1.3172227
6851.0,2024-25,28,1.2506332,2,0.96921235
6851.0,2024-25,29,2.3902545,1,1.6225132
6851.0,2024-25,30,1.709584,1,1.2677834
6851.0,2024-25,31,1.9835874,1,1.2075039
6851.0,2024-25,32,1.8545543,0,1.2870146
6851.0,2024-25,33,1.3218774,2,1.0263817
6851.0,2024-25,34,1.8941706,1,1.0688068
6851.0,2024-25,35,2.7464206,8,0.7854479
6851.0,2024-25,36,2.4880512,7,0.512022
6851.0,2024-25,37,1.922127,7,0.67532927
6851.0,2024-25,38,2.941271,0,0.5889968
6852.0,2024-25,6,-0.06025832,0,0.4334238
6852.0,2024-25,7,-0.047009792,0,0.33890757
6852.0,2024-25,8,-0.03141394,0,0.5258107
6852.0,2024-25,9,-0.02943267,0,0.73335886
6852.0,2024-25,10,0.02299662,0,0.88526815
6852.0,2024-25,11,1.8865697,1,0.85147005
6852.0,2024-25,12,1.0613781,1,1.4322246
6852.0,2024-25,13,0.03910163,0,1.5225567
6852.0,2024-25,14,1.8743908,0,1.0740873
6852.0,2024-25,15,1.0048922,6,1.2697335
6852.0,2024-25,16,3.403443,0,1.3939489
6852.0,2024-25,17,3.5383613,10,1.4721591
6852.0,2024-25,18,2.5727081,6,0.7605415
6852.0,2024-25,19,2.501278,1,0.25401694
6852.0,2024-25,20,2.3794904,1,1.8543056
6852.0,2024-25,21,1.2481765,0,1.6848855
6852.0,2024-25,22,1.682581,7,1.7592376
6852.0,2024-25,23,0.9340405,2,1.5011038
6852.0,2024-25,24,3.8712966,6,1.6079468
6852.0,2024-25,25,1.0239384,0,1.538511
6852.0,2024-25,26,1.3705904,5,1.7656425
6852.0,2024-25,27,2.2972655,1,1.6863505
6852.0,2024-25,28,4.2116985,2,1.8828859
6852.0,2024-25,29,2.272016,2,1.5310847
6852.0,2024-25,30,2.4561431,7,1.6033324
6852.0,2024-25,31,2.9635272,2,1.7011558
6852.0,2024-25,32,2.925731,1,1.6025485
6852.0,2024-25,33,1.9791737,1,1.1875795
6852.0,2024-25,34,2.8887725,6,0.8298021
6852.0,2024-25,35,1.9149383,2,1.2259756
6852.0,2024-25,36,2.829527,1,1.5795261
6852.0,2024-25,37,0.25497657,0,1.2856475
6852.0,2024-25,38,2.1413016,2,0.8051787
6885.0,2024-25,9,-0.015212506,0,0.71162194
6885.0,2024-25,10,-0.0026503007,0,0.80616844
6885.0,2024-25,11,0.006193789,0,0.8579412
6885.0,2024-25,12,0.018214962,0,0.8450144
6885.0,2024-25,13,0.004570615,0,0.83485633
6885.0,2024-25,14,0.3262457,8,0.8163553
6885.0,2024-25,15,0.1568647,0,1.609589
6885.0,2024-25,16,0.1568647,0,1.2907985
6885.0,2024-25,17,2.4270575,5,0.7808344
6885.0,2024-25,18,-0.09374522,0,1.3275386
6885.0,2024-25,19,1.7223008,1,0.7532683
6885.0,2024-25,20,0.07202104,0,1.3470057
6885.0,2024-25,21,0.051552102,0,0.8084926
6885.0,2024-25,22,2.4188046,1,0.71795774
6885.0,2024-25,23,-0.1744017,0,1.4332756
6885.0,2024-25,24,-0.1744017,0,1.029446
6885.0,2024-25,25,2.4798665,2,0.86244845
6885.0,2024-25,25,2.4798665,2,1.7401057
6885.0,2024-25,25,1.0569372,0,0.86244845
6885.0,2024-25,25,1.0569372,0,1.7401057
6885.0,2024-25,26,-0.12242109,0,1.685302
6885.0,2024-25,27,1.7368258,0,1.1047059
6885.0,2024-25,28,1.2268153,6,0.8989191
6885.0,2024-25,29,-0.07780649,0,0.71790606
6885.0,2024-25,30,1.6955804,0,0.5479279
6885.0,2024-25,31,2.9172359,2,0.654829
6885.0,2024-25,32,0.022829983,0,0.97314036
6885.0,2024-25,33,0.99970967,1,0.7358262
6888.0,2024-25,6,2.9456887,0,2.0942128
6888.0,2024-25,7,2.8402255,2,2.0575714
6888.0,2024-25,8,1.1389658,-3,1.9928924
6888.0,2024-25,9,-0.0027922608,0,1.4381436
6888.0,2024-25,10,2.1792347,2,1.1014336
6888.0,2024-25,11,1.8167404,2,1.9696172
6888.0,2024-25,12,2.3216717,7,2.0477214
6888.0,2024-25,13,2.1687887,1,2.3855972
6888.0,2024-25,14,2.245154,15,2.861563
6888.0,2024-25,15,3.7427032,9,2.1232514
6888.0,2024-25,16,6.1182127,6,1.7485713
6888.0,2024-25,17,5.259153,2,1.7630671
6888.0,2024-25,18,5.8132544,7,2.1723616
6888.0,2024-25,19,2.348893,2,2.2238808
6888.0,2024-25,20,3.422923,2,1.7754964
6888.0,2024-25,21,3.8870897,2,1.6586137
6888.0,2024-25,22,0.35324427,0,1.7888426
6888.0,2024-25,23,1.4707974,9,1.3049544
6888.0,2024-25,24,1.7442122,2,2.5958464
6888.0,2024-25,25,2.9038396,6,2.1582136
6888.0,2024-25,26,3.8245692,2,2.3925385
6888.0,2024-25,27,1.9591582,8,2.0249023
6888.0,2024-25,28,2.1732647,2,2.5425615
6888.0,2024-25,29,1.1710006,9,2.6889908
6888.0,2024-25,30,2.6005023,2,2.2423108
6888.0,2024-25,31,2.9642453,2,1.8589478
6888.0,2024-25,32,3.2861488,2,2.3612986
6888.0,2024-25,33,4.077268,6,2.3442295
6888.0,2024-25,33,4.077268,6,1.9597888
6888.0,2024-25,33,2.360296,1,2.3442295
6888.0,2024-25,33,2.360296,1,1.9597888
6888.0,2024-25,34,-0.27523348,0,1.6403028
6888.0,2024-25,35,2.9150605,1,1.3650874
6888.0,2024-25,36,1.4709525,1,1.5933837
6888.0,2024-25,37,2.5072024,1,2.0896983
6912.0,2024-25,6,3.5098126,5,2.3523896
6912.0,2024-25,7,3.9410417,1,2.2788785
6912.0,2024-25,8,3.8106265,2,1.6536727
6912.0,2024-25,9,3.312911,2,2.6589344
6912.0,2024-25,10,3.3796556,1,2.5349915
6912.0,2024-25,11,4.637849,4,3.4637697
6912.0,2024-25,12,1.9164274,14,2.209473
6912.0,2024-25,13,3.7237701,2,1.3210341
6912.0,2024-25,14,2.213687,1,1.1525875
6912.0,2024-25,15,2.3608892,3,1.2048578
6912.0,2024-25,16,3.2029731,6,1.3377209
6912.0,2024-25,17,3.3588526,-1,1.6251472
6912.0,2024-25,18,3.2550418,1,2.2421105
6912.0,2024-25,19,2.8573198,4,1.7378925
6912.0,2024-25,20,2.271237,4,1.5748501
6912.0,2024-25,21,1.055375,1,1.5134681
6912.0,2024-25,22,3.0990152,1,1.5623027
6912.0,2024-25,23,2.9191399,6,2.428659
6912.0,2024-25,24,3.4393759,6,1.1487063
6912.0,2024-25,25,3.9890273,6,1.707123
6912.0,2024-25,26,4.936613,1,2.4042041
6912.0,2024-25,27,4.163207,2,1.9036777
6912.0,2024-25,28,3.5651348,1,1.9789885
6912.0,2024-25,29,-0.03390834,0,1.5870118
6912.0,2024-25,30,2.1784148,0,1.5193682
6912.0,2024-25,31,4.1841235,1,1.4457526
6912.0,2024-25,32,0.19504954,0,0.9486882
6912.0,2024-25,33,2.7552934,5,0.98268837
6912.0,2024-25,34,-0.18751585,0,2.2430625
6912.0,2024-25,35,-0.2398246,0,1.1639537
6912.0,2024-25,36,1.8035024,0,0.7299411
6912.0,2024-25,37,-0.4013608,0,0.5257413
6912.0,2024-25,38,1.7541817,-1,0.5262105
6935.0,2024-25,6,0.45237026,0,0.788204
6935.0,2024-25,7,0.86978465,0,0.76300365
6935.0,2024-25,8,0.25284675,0,0.7461614
6935.0,2024-25,9,0.64063305,0,0.7927731
6935.0,2024-25,10,0.52589023,0,0.7364707
6935.0,2024-25,11,0.61365813,0,0.6728665
6935.0,2024-25,12,0.67607635,0,0.69144297
6935.0,2024-25,13,0.35530096,0,0.6879963
6935.0,2024-25,14,0.17459564,0,0.78625244
6935.0,2024-25,15,0.73665,0,0.7371537
6935.0,2024-25,16,0.47182295,0,0.76313126
6935.0,2024-25,17,0.76449805,0,0.80731446
6935.0,2024-25,18,0.34735054,0,0.806315
6935.0,2024-25,19,0.5280369,0,0.7150961
6935.0,2024-25,20,0.10726295,0,0.9333231
6935.0,2024-25,21,0.5584021,0,0.7937809
6935.0,2024-25,22,0.48713797,0,0.7325056
6935.0,2024-25,23,0.4093935,0,0.6664633
6935.0,2024-25,24,0.3300157,0,0.608548
6935.0,2024-25,25,0.56377584,0,0.6950179
6935.0,2024-25,26,0.16303357,0,0.75252503
6935.0,2024-25,27,0.6351936,0,0.7067253
6935.0,2024-25,28,0.35530096,0,0.6952992
6935.0,2024-25,29,0.18222201,0,0.73171043
6935.0,2024-25,30,0.55815595,0,0.7505816
6935.0,2024-25,31,0.4353913,0,0.7644641
6935.0,2024-25,32,0.31642917,0,0.8162968
6935.0,2024-25,33,0.4716741,0,0.8566276
6935.0,2024-25,34,0.41395408,0,0.7392731
6935.0,2024-25,35,0.29621536,0,0.7008581
6935.0,2024-25,36,0.39957827,0,0.6895507
6935.0,2024-25,37,0.45537853,0,0.68037957
6935.0,2024-25,38,0.33245966,0,0.69959635
7134.0,2024-25,6,2.1584308,0,1.6238745
7134.0,2024-25,7,2.6054442,1,1.7512485
7134.0,2024-25,8,0.90070575,0,1.7065309
7134.0,2024-25,9,1.7645608,1,1.2124201
7134.0,2024-25,10,2.5607777,1,0.49453944
7134.0,2024-25,11,1.4908882,1,0.79801327
7134.0,2024-25,12,3.0105774,2,1.3548925
7134.0,2024-25,13,2.6588864,11,1.7728515
7134.0,2024-25,14,2.8695452,2,1.5680176
7134.0,2024-25,15,2.6606357,4,1.9543254
7134.0,2024-25,16,4.727134,5,2.4080856
7134.0,2024-25,17,0.32585314,0,1.627391
7134.0,2024-25,18,2.437899,1,1.6152563
7134.0,2024-25,19,2.5845675,1,0.21400884
7134.0,2024-25,20,1.993415,2,0.068781175
7134.0,2024-25,21,1.8060473,1,0.850889
7134.0,2024-25,22,3.0841331,9,2.4532883
7134.0,2024-25,23,3.9823773,1,1.1554146
7134.0,2024-25,24,2.9871628,2,0.8753943
7134.0,2024-25,25,3.1263084,1,1.4422946
7134.0,2024-25,26,2.985829,1,1.9218066
7134.0,2024-25,27,3.8916407,15,2.7964098
7134.0,2024-25,28,4.634993,15,1.4209821
7134.0,2024-25,29,3.2948818,2,1.4843525
7134.0,2024-25,30,1.9892052,5,2.5535228
7134.0,2024-25,31,2.9419577,1,2.465277
7134.0,2024-25,32,3.4081836,1,2.0827234
7134.0,2024-25,33,3.2636883,1,2.069994
7134.0,2024-25,34,3.218456,6,1.7777219
7134.0,2024-25,35,1.0965885,2,1.8774424
7134.0,2024-25,36,2.3444877,1,2.8723378
7134.0,2024-25,37,4.028439,15,2.4074814
7134.0,2024-25,38,3.4236932,8,1.8350195
7187.0,2024-25,24,0.039497744,0,1.518102
7187.0,2024-25,25,-0.04281584,0,1.0772036
7187.0,2024-25,26,0.012993608,0,0.728531
7187.0,2024-25,27,-0.038542338,0,0.69612396
7187.0,2024-25,28,-0.027038872,0,0.73218256
7187.0,2024-25,29,-0.015406056,0,0.7999838
7187.0,2024-25,30,-0.015406056,0,0.7747496
7187.0,2024-25,31,-0.015406056,0,0.7549613
7187.0,2024-25,32,-0.021403814,0,0.7541618
7187.0,2024-25,33,-0.021403814,0,0.76341325
7187.0,2024-25,34,-0.021403814,0,0.775804
7187.0,2024-25,35,-0.021403814,0,0.77302974
7187.0,2024-25,36,-0.021403814,0,0.77197653
7187.0,2024-25,37,0.33660698,1,0.77201265
7218.0,2024-25,6,2.5014532,6,2.9340506
7218.0,2024-25,7,3.0146122,1,2.6957285
7218.0,2024-25,8,3.296569,2,2.848709
7218.0,2024-25,9,2.8752756,2,2.5818012
7218.0,2024-25,10,2.2889345,1,2.4116051
7218.0,2024-25,11,2.8978221,1,2.331186
7218.0,2024-25,12,0.055920288,0,1.8057594
7218.0,2024-25,13,-0.0062057846,0,1.293971
7218.0,2024-25,14,-0.118116,0,0.91842437
7218.0,2024-25,15,1.4580706,1,1.038786
7218.0,2024-25,16,0.013346337,0,1.3453623
7218.0,2024-25,17,-0.03373075,0,1.0273952
7218.0,2024-25,18,-0.008605138,0,0.7093494
7218.0,2024-25,19,-0.038706463,0,0.60397595
7218.0,2024-25,20,-0.010131297,0,0.66197425
7218.0,2024-25,21,-0.0034139876,0,0.78565574
7218.0,2024-25,22,-0.0034139876,0,0.7655408
7218.0,2024-25,23,-0.0034139876,0,0.7636987
7218.0,2024-25,24,-0.021403814,0,0.77004427
7218.0,2024-25,25,-0.021403814,0,0.77779645
7218.0,2024-25,26,-0.021403814,0,0.7744629
7218.0,2024-25,27,-0.021403814,0,0.772078
7218.0,2024-25,28,0.44450897,2,0.77130306
7218.0,2024-25,29,1.8287392,7,1.4055957
7218.0,2024-25,30,1.4218961,1,1.5073043
7218.0,2024-25,31,3.9796913,2,2.010991
7218.0,2024-25,32,3.246814,3,1.8427027
7218.0,2024-25,33,1.8675363,-1,1.7625272
7240.0,2024-25,6,0.38826418,0,0.7045395
7240.0,2024-25,7,0.3736997,0,0.7673455
7240.0,2024-25,8,0.2814604,1,0.8087432
7240.0,2024-25,9,1.6874642,0,1.3255507
7240.0,2024-25,10,1.5503298,0,0.94623095
7240.0,2024-25,11,1.3397045,0,0.7736974
7240.0,2024-25,12,2.6302245,2,0.76524454
7240.0,2024-25,13,2.035511,1,1.4245511
7240.0,2024-25,14,1.5759276,0,1.3096222
7240.0,2024-25,15,1.6401452,1,0.95794004
7240.0,2024-25,16,2.583461,0,1.4404337
7240.0,2024-25,17,1.2042038,0,0.7379337
7240.0,2024-25,18,1.8143215,0,0.6798634
7240.0,2024-25,19,1.6689618,0,0.80722934
7240.0,2024-25,20,1.2550703,0,0.69999367
7240.0,2024-25,21,1.0038601,0,0.79883975
7240.0,2024-25,22,2.4890664,0,0.9138079
7240.0,2024-25,23,1.0900388,0,0.79104346
7240.0,2024-25,24,0.6051029,0,0.74174553
7240.0,2024-25,25,0.40435287,0,0.7019518
7240.0,2024-25,26,0.59192115,0,0.66119474
7240.0,2024-25,27,0.6752806,0,0.70670795
7240.0,2024-25,28,0.5841659,0,0.68978274
7240.0,2024-25,29,0.50965464,2,0.72587985
7240.0,2024-25,30,2.2548819,0,1.4715824
7240.0,2024-25,31,1.9788011,0,0.9545561
7240.0,2024-25,32,3.5559628,0,0.80235726
7240.0,2024-25,33,1.4437684,0,0.74525744
7240.0,2024-25,34,2.0182495,0,0.6649773
7240.0,2024-25,35,1.1064886,0,0.7786683
7240.0,2024-25,36,0.8937083,0,0.9320199
7240.0,2024-25,37,1.5128291,0,0.85058993
7240.0,2024-25,38,0.53811204,0,0.76412886
7281.0,2024-25,6,4.328595,0,2.6810257
7281.0,2024-25,7,2.6621153,6,1.5167526
7281.0,2024-25,8,3.950269,1,1.1589473
7281.0,2024-25,9,2.288682,1,0.98789114
7281.0,2024-25,10,4.3825526,1,1.3120594
7281.0,2024-25,11,2.0902317,1,1.1169786
7281.0,2024-25,12,2.5442333,2,0.98906094
7281.0,2024-25,13,2.5394552,6,1.4915601
7281.0,2024-25,14,1.4332442,1,1.4384502
7281.0,2024-25,15,3.596721,1,2.2587223
7281.0,2024-25,16,0.50888866,2,2.106766
7281.0,2024-25,17,1.7561213,1,2.7350628
7281.0,2024-25,18,2.1547067,1,1.3462843
7281.0,2024-25,19,2.2179685,1,0.7576564
7281.0,2024-25,20,2.2850487,0,1.0721952
7281.0,2024-25,21,3.3499463,0,1.5917561
7281.0,2024-25,22,2.6636508,1,0.9001284
7281.0,2024-25,23,2.3312051,7,1.0029708
7281.0,2024-25,24,2.4992003,1,0.89750624
7281.0,2024-25,25,1.676276,2,1.6809144
7281.0,2024-25,26,2.771272,1,2.6625743
7281.0,2024-25,27,2.9316735,4,1.5326341
7281.0,2024-25,28,1.8277118,2,1.637833
7281.0,2024-25,29,2.0454373,11,1.4050131
7281.0,2024-25,30,2.2028055,2,1.9574112
7281.0,2024-25,31,2.7106009,5,1.8115002
7281.0,2024-25,32,1.8233938,3,1.6515366
7281.0,2024-25,33,3.846377,1,1.7080141
7281.0,2024-25,34,2.1316533,0,1.0035205
7281.0,2024-25,35,2.0219147,0,1.0369897
7281.0,2024-25,36,1.8917773,0,1.0696883
7281.0,2024-25,37,1.9716957,0,0.8429969
7281.0,2024-25,38,1.8759764,1,0.8164961
7298.0,2024-25,6,2.4922082,0,1.6653489
7298.0,2024-25,7,2.6451232,0,0.95453376
7298.0,2024-25,8,1.7011108,0,0.67110366
7298.0,2024-25,9,2.0781896,4,0.7889671
7298.0,2024-25,10,1.8815413,1,1.3675526
7298.0,2024-25,11,1.743974,1,1.7612952
7298.0,2024-25,12,2.2273645,0,1.6814517
7298.0,2024-25,13,0.7482743,0,0.8198051
7298.0,2024-25,14,1.7682422,0,0.57933307
7298.0,2024-25,15,1.9584849,0,0.55617464
7298.0,2024-25,16,2.2720282,0,0.5849615
7298.0,2024-25,17,2.547466,0,0.79352725
7298.0,2024-25,18,2.5047398,0,0.75599784
7298.0,2024-25,19,1.0943385,0,0.76970834
7298.0,2024-25,20,0.5900126,0,0.740066
7298.0,2024-25,21,0.5891152,0,0.69516605
7298.0,2024-25,22,0.29251626,0,0.7188211
7298.0,2024-25,23,0.42431185,0,0.71963257
7298.0,2024-25,24,0.34895134,0,0.6749596
7298.0,2024-25,25,0.591239,0,0.78703755
7298.0,2024-25,26,0.79084843,1,0.6978019
7298.0,2024-25,27,1.175995,1,0.91003436
7298.0,2024-25,28,2.0413065,0,1.0003276
7298.0,2024-25,29,1.4810371,0,0.9602749
7298.0,2024-25,30,1.5955864,0,0.9929287
7298.0,2024-25,31,1.3826162,2,0.776752
7298.0,2024-25,32,2.5191984,0,0.7319414
7298.0,2024-25,33,3.3145652,6,0.6753512
7298.0,2024-25,33,3.3145652,6,2.1770601
7298.0,2024-25,33,3.0639703,0,0.6753512
7298.0,2024-25,33,3.0639703,0,2.1770601
7298.0,2024-25,34,-0.093952976,0,1.4218665
7298.0,2024-25,35,2.3370805,1,0.81403995
7298.0,2024-25,36,1.4668287,1,1.2633644
7298.0,2024-25,37,2.4754045,6,0.86525875
7298.0,2024-25,38,4.0808764,5,1.2859144
7332.0,2024-25,6,2.4673254,1,1.5885682
7332.0,2024-25,7,3.1961498,2,1.9621315
7332.0,2024-25,8,1.1504341,0,1.5471838
7332.0,2024-25,9,2.3475924,2,2.0623603
7332.0,2024-25,10,2.472893,1,1.1317669
7332.0,2024-25,11,2.954154,6,1.4106373
7332.0,2024-25,12,3.0488443,6,1.923799
7332.0,2024-25,13,2.6725547,0,1.1188617
7332.0,2024-25,14,2.5994503,1,1.2493448
7332.0,2024-25,15,3.1772604,2,1.5051624
7332.0,2024-25,16,0.2716897,2,1.0126069
7332.0,2024-25,17,2.9400396,2,0.8394143
7332.0,2024-25,18,2.9683354,1,0.16135257
7332.0,2024-25,19,1.2261431,0,0.46600044
7332.0,2024-25,20,1.4964441,0,1.1410025
7332.0,2024-25,21,3.1172333,1,1.5059282
7332.0,2024-25,22,2.8898013,1,1.3852761
7332.0,2024-25,23,1.916579,2,1.3073894
7332.0,2024-25,24,1.6403373,1,0.79503983
7332.0,2024-25,25,1.8890724,2,1.3259389
7332.0,2024-25,26,1.180547,8,1.1336886
7332.0,2024-25,27,3.6342146,6,1.3103102
7332.0,2024-25,28,1.5961598,2,1.1021284
7332.0,2024-25,29,1.267009,2,1.5074897
7332.0,2024-25,30,1.9357646,2,2.2959692
7332.0,2024-25,31,1.9415866,1,2.1293602
7332.0,2024-25,32,0.81602794,1,1.8541713
7332.0,2024-25,33,3.5069408,1,1.6742687
7332.0,2024-25,34,1.8093052,1,1.0309193
7332.0,2024-25,35,3.0224452,2,1.3288913
7332.0,2024-25,36,1.8122144,6,1.1998826
7332.0,2024-25,37,2.6618798,1,1.4161123
7332.0,2024-25,38,2.8940816,1,1.480554
7333.0,2024-25,8,3.1195228,1,0.47190413
7333.0,2024-25,9,2.6247911,1,0.7935724
7333.0,2024-25,10,-0.036044367,0,1.1618518
7333.0,2024-25,11,0.249642,0,1.4257636
7333.0,2024-25,12,2.2452934,1,1.0362717
7333.0,2024-25,13,1.2469571,0,1.1575556
7333.0,2024-25,14,0.05666434,0,0.4434902
7333.0,2024-25,15,0.08536688,0,0.77821547
7333.0,2024-25,16,1.9046937,0,0.46197703
7333.0,2024-25,17,0.041015808,0,0.7202752
7333.0,2024-25,18,1.4216052,1,0.922774
7333.0,2024-25,19,1.5387568,1,1.3514348
7333.0,2024-25,20,1.4429939,1,1.2826629
7333.0,2024-25,21,-0.070548296,0,1.2420847
7333.0,2024-25,22,-0.07879119,0,0.79784423
7333.0,2024-25,23,-0.09638583,0,0.5785869
7333.0,2024-25,24,0.9761165,1,0.73813486
7333.0,2024-25,25,1.1073439,1,1.0416046
7333.0,2024-25,26,1.7620374,0,1.5644537
7333.0,2024-25,27,0.099533945,0,1.7172302
7333.0,2024-25,28,0.089320324,0,0.91603667
7333.0,2024-25,29,-0.12781116,0,0.6158989
7333.0,2024-25,30,1.1205896,1,0.614433
7333.0,2024-25,31,-0.03168719,0,1.0119973
7333.0,2024-25,32,1.648939,6,0.9378965
7333.0,2024-25,33,0.26009068,0,1.0523353
7333.0,2024-25,34,0.012461349,0,0.7746189
7333.0,2024-25,35,-0.034837153,0,0.6531477
7333.0,2024-25,36,1.5455315,1,0.66880924
7382.0,2024-25,6,2.1522386,2,1.3993562
7382.0,2024-25,7,2.396308,8,1.6453158
7382.0,2024-25,8,2.6303034,1,1.6786702
7382.0,2024-25,9,1.1330309,1,1.4155682
7382.0,2024-25,10,2.2001028,6,1.8101543
7382.0,2024-25,11,3.0286436,1,1.8000065
7382.0,2024-25,12,0.027168687,0,1.9314283
7382.0,2024-25,13,2.6288989,4,0.9511257
7382.0,2024-25,14,2.807915,1,1.6212887
7382.0,2024-25,15,1.1733401,0,1.5965655
7382.0,2024-25,16,2.797548,6,1.864313
7382.0,2024-25,17,2.511127,6,1.5061039
7382.0,2024-25,18,3.2433476,6,2.1804125
7382.0,2024-25,19,2.8098252,7,1.4382015
7382.0,2024-25,20,1.7466893,1,2.2714884
7382.0,2024-25,21,4.8635306,6,2.568745
7382.0,2024-25,22,2.9034214,0,1.5956907
7382.0,2024-25,23,3.080601,2,1.2909286
7382.0,2024-25,24,1.6737509,0,1.2751247
7382.0,2024-25,25,1.5352964,0,1.3182667
7382.0,2024-25,26,3.1627173,1,1.1265332
7382.0,2024-25,27,3.0893981,1,1.0113744
7382.0,2024-25,28,1.9820548,5,1.2623541
7382.0,2024-25,29,0.26453575,0,1.0352045
7382.0,2024-25,30,1.9346763,2,0.971384
7382.0,2024-25,31,1.8860595,6,1.2703913
7382.0,2024-25,32,3.578805,2,1.0936165
7382.0,2024-25,32,3.578805,2,1.0150079
7382.0,2024-25,32,2.884345,5,1.0936165
7382.0,2024-25,32,2.884345,5,1.0150079
7382.0,2024-25,33,2.106009,-2,1.8066359
7382.0,2024-25,34,2.4686556,13,2.150478
7382.0,2024-25,35,2.1078358,2,1.2204171
7382.0,2024-25,36,3.073413,11,1.2495147
7382.0,2024-25,37,1.8600807,1,1.1807961
7382.0,2024-25,38,2.7885053,2,1.3792166
7430.0,2024-25,6,0.37757218,0,0.79364103
7430.0,2024-25,7,0.5906951,0,0.7518531
7430.0,2024-25,8,0.82295835,0,0.7261295
7430.0,2024-25,9,0.65117604,0,0.776907
7430.0,2024-25,10,0.3623082,0,0.7458069
7430.0,2024-25,11,0.4754998,0,0.78316015
7430.0,2024-25,12,0.3220731,0,0.7411238
7430.0,2024-25,13,0.52745926,0,0.7688665
7430.0,2024-25,14,0.45209187,0,0.75851285
7430.0,2024-25,15,0.39596635,0,0.6908948
7430.0,2024-25,16,0.22210354,0,0.7872745
7430.0,2024-25,17,0.71516955,0,0.6810975
7430.0,2024-25,18,0.7043984,0,0.7688162
7430.0,2024-25,19,1.0615535,0,0.68733954
7430.0,2024-25,20,0.67721814,0,0.65582067
7430.0,2024-25,21,0.39414567,0,0.7854925
7430.0,2024-25,22,0.44799447,0,0.764324
7430.0,2024-25,23,0.59526,0,0.7257537
7430.0,2024-25,24,0.38403744,0,0.74090207
7430.0,2024-25,25,0.5380224,0,0.75062793
7430.0,2024-25,26,0.20189244,0,0.7957068
7430.0,2024-25,27,0.41948104,0,0.72892386
7430.0,2024-25,28,0.44450897,0,0.8364356
7430.0,2024-25,29,0.61079013,0,0.7832894
7430.0,2024-25,30,0.19080198,0,0.71954304
7430.0,2024-25,31,0.5407941,0,0.7128709
7430.0,2024-25,32,0.49235186,0,0.6774116
7430.0,2024-25,33,0.41888183,0,0.71177036
7430.0,2024-25,34,0.3767197,0,0.7615667
7430.0,2024-25,35,0.43869597,0,0.7460072
7430.0,2024-25,36,0.64034253,0,0.6895659
7430.0,2024-25,37,0.33660698,0,0.76998097
7430.0,2024-25,38,0.67784053,0,0.73153573
7589.0,2024-25,6,2.1789162,0,1.1817375
7589.0,2024-25,7,2.2034035,1,1.2553431
7589.0,2024-25,8,0.19743723,0,1.2167723
7589.0,2024-25,9,2.5739436,1,1.3013786
7589.0,2024-25,10,2.178729,2,1.8610485
7589.0,2024-25,11,2.3861163,2,1.6706864
7589.0,2024-25,12,3.21793,2,0.6034526
7589.0,2024-25,13,3.3194444,1,1.2593265
7589.0,2024-25,14,-0.30800945,0,1.6540481
7589.0,2024-25,15,0.13794276,0,0.8965076
7589.0,2024-25,16,0.037482023,0,0.79562587
7589.0,2024-25,17,-0.022546127,0,0.52636373
7589.0,2024-25,18,-0.04621687,0,0.74758947
7589.0,2024-25,19,0.051045563,0,1.1150187
7589.0,2024-25,20,-0.0065545063,0,1.0521973
7589.0,2024-25,21,-0.0065545063,0,0.9746989
7589.0,2024-25,22,-0.021403814,0,0.853627
7589.0,2024-25,23,-0.021403814,0,0.7741818
7589.0,2024-25,24,-0.021403814,0,0.7567386
7589.0,2024-25,25,-0.021403814,0,0.7750997
7589.0,2024-25,26,-0.021403814,0,0.7730636
7589.0,2024-25,27,-0.021403814,0,0.77201265
7589.0,2024-25,28,0.5841659,6,0.77201265
7589.0,2024-25,29,1.7520269,1,1.6443726
7603.0,2024-25,6,4.062982,9,0.6763616
7603.0,2024-25,7,2.1326134,2,0.8359384
7603.0,2024-25,8,2.9017854,2,1.079655
7603.0,2024-25,9,3.4712012,6,1.103913
7603.0,2024-25,10,3.588372,7,1.2325006
7603.0,2024-25,11,2.3188937,1,1.3109732
7603.0,2024-25,12,1.782282,1,1.3595787
7603.0,2024-25,13,2.369433,3,1.8600239
7603.0,2024-25,14,2.5418963,6,1.3687011
7603.0,2024-25,15,2.2441475,1,1.157712
7603.0,2024-25,16,2.3066444,-1,2.1348634
7603.0,2024-25,17,1.5037694,-1,2.2897477
7603.0,2024-25,18,1.3253751,7,2.3507984
7603.0,2024-25,19,-0.18592316,0,1.8192303
7603.0,2024-25,20,2.3064835,2,0.93503267
7603.0,2024-25,21,3.475318,15,1.8208942
7603.0,2024-25,22,2.0740612,8,1.5124766
7603.0,2024-25,23,2.1484966,1,1.142804
7603.0,2024-25,24,2.0151134,6,0.89407486
7603.0,2024-25,25,3.34627,4,1.3307422
7603.0,2024-25,26,2.2151825,5,1.0518317
7603.0,2024-25,27,3.5844128,2,1.9749836
7603.0,2024-25,28,3.9201243,5,1.2992865
7603.0,2024-25,29,0.5109038,0,1.255072
7603.0,2024-25,30,2.0401595,2,1.154935
7603.0,2024-25,31,2.6010704,-1,1.2492732
7603.0,2024-25,32,1.468494,-2,1.4418796
7603.0,2024-25,33,3.2787988,6,1.1740667
7603.0,2024-25,33,3.2787988,6,1.4269763
7603.0,2024-25,33,1.6862605,1,1.1740667
7603.0,2024-25,33,1.6862605,1,1.4269763
7603.0,2024-25,34,-0.13034996,0,1.1380745
7603.0,2024-25,35,3.1123483,2,1.1721466
7603.0,2024-25,36,2.0985227,7,0.23424208
7688.0,2024-25,17,0.24054107,0,1.0308424
7688.0,2024-25,18,1.7953576,6,0.78191394
7688.0,2024-25,19,2.1513343,1,1.5034186
7688.0,2024-25,20,0.032116417,0,1.1463045
7688.0,2024-25,21,0.051167656,0,0.82057875
7688.0,2024-25,22,0.04182963,0,0.6601454
7688.0,2024-25,23,0.008249606,0,0.6681553
7688.0,2024-25,24,0.0114976615,0,0.77680653
7688.0,2024-25,25,0.018214962,0,0.8158775
7688.0,2024-25,26,0.018214962,0,0.8175242
7688.0,2024-25,27,-0.0060753305,0,0.8175242
7688.0,2024-25,28,-0.021403814,0,0.8051339
7688.0,2024-25,29,-0.021403814,0,0.7845345
7688.0,2024-25,30,-0.021403814,0,0.76944655
7688.0,2024-25,31,0.67586166,0,0.7652431
7689.0,2024-25,27,0.015897186,0,1.0830876
7689.0,2024-25,28,0.011378984,0,0.8939746
7689.0,2024-25,29,0.011821619,0,0.7715823
7689.0,2024-25,30,-0.04620443,0,0.7327984
7689.0,2024-25,31,-0.010798683,0,0.76107454
7689.0,2024-25,32,0.003049884,0,0.8072344
7689.0,2024-25,33,0.003049884,0,0.7959163
7689.0,2024-25,34,1.600513,0,0.789373
7699.0,2024-25,6,0.66474855,-1,0.75623673
7699.0,2024-25,7,2.1154227,1,1.333691
7699.0,2024-25,8,-0.07884944,0,1.0427527
7699.0,2024-25,9,-0.07884944,0,0.8179096
7699.0,2024-25,10,-0.04657171,0,0.62719387
7699.0,2024-25,11,-0.03220692,0,0.57846546
7699.0,2024-25,12,-0.024074562,0,0.66733783
7699.0,2024-25,13,0.019241415,0,0.79027194
7699.0,2024-25,14,0.019241415,0,0.7910981
7699.0,2024-25,15,-0.0034139876,0,0.79398185
7699.0,2024-25,16,-0.021403814,0,0.7884755
7699.0,2024-25,17,-0.021403814,0,0.7812064
7699.0,2024-25,18,-0.021403814,0,0.77545303
7699.0,2024-25,19,-0.021403814,0,0.77195597
7699.0,2024-25,20,0.37338454,1,0.7704133
7699.0,2024-25,21,1.9044794,6,1.5171031
7699.0,2024-25,22,-0.02110031,0,1.6118898
7699.0,2024-25,23,2.4694734,1,0.98297507
7699.0,2024-25,24,0.036327966,0,1.1757772
7699.0,2024-25,25,1.213333,6,1.0645331
7699.0,2024-25,26,2.0417187,6,1.6626003
7699.0,2024-25,27,2.775703,2,1.4739413
7699.0,2024-25,28,2.0652728,2,1.1111015
7699.0,2024-25,29,1.0081955,1,1.5139109
7699.0,2024-25,30,-0.25751287,0,1.8429399
7699.0,2024-25,31,0.13974269,0,1.402708
7699.0,2024-25,32,-0.0034220354,0,0.83390456
7699.0,2024-25,33,0.14787953,0,0.5420683
7699.0,2024-25,34,0.15739541,0,0.832421
7699.0,2024-25,35,0.019657344,0,1.1243144
7699.0,2024-25,36,1.3625814,8,1.0387385
7699.0,2024-25,37,1.798771,0,1.64776
7699.0,2024-25,38,2.1774092,5,1.7350222
7726.0,2024-25,6,2.5212011,1,1.2899816
7726.0,2024-25,7,2.6264586,1,1.3608898
7726.0,2024-25,8,-0.09990955,0,1.0925558
7726.0,2024-25,9,2.3420324,2,1.0198184
7726.0,2024-25,10,0.7745458,0,1.3424846
7726.0,2024-25,11,1.1491593,1,1.4121792
7726.0,2024-25,12,0.28961104,0,1.7934788
7726.0,2024-25,13,1.8075869,1,0.92681795
7726.0,2024-25,14,2.6834729,2,1.2807564
7726.0,2024-25,15,3.0781028,8,0.73365587
7726.0,2024-25,16,2.491036,1,0.6684734
7726.0,2024-25,17,3.434275,2,1.4001527
7726.0,2024-25,18,1.849805,1,1.6215967
7726.0,2024-25,19,2.4838042,1,1.7621886
7726.0,2024-25,20,2.5686235,2,1.5677114
7726.0,2024-25,21,2.3065164,8,1.0350356
7726.0,2024-25,22,1.257309,1,1.3682059
7726.0,2024-25,23,2.3077087,2,1.4873672
7726.0,2024-25,24,2.6500995,1,1.7336055
7726.0,2024-25,25,-0.019351998,0,2.0509417
7726.0,2024-25,26,2.7835898,2,1.3472754
7726.0,2024-25,27,2.0545964,0,1.373457
7726.0,2024-25,28,1.3928306,7,0.9680654
7726.0,2024-25,29,0.24553648,0,1.0505811
7726.0,2024-25,30,2.0104706,6,0.65200526
7726.0,2024-25,31,3.5869367,1,1.3503987
7726.0,2024-25,32,2.1030385,7,0.9772716
7726.0,2024-25,33,2.0083246,2,1.6713303
7726.0,2024-25,33,2.0083246,2,1.7609755
7726.0,2024-25,33,2.0129774,1,1.6713303
7726.0,2024-25,33,2.0129774,1,1.7609755
7726.0,2024-25,34,0.067069754,0,2.507594
7726.0,2024-25,35,1.9105413,6,1.3518196
7726.0,2024-25,36,2.9846725,5,1.5840284
7726.0,2024-25,37,2.9856815,15,1.3680226
7726.0,2024-25,38,2.528564,1,1.3745388
7753.0,2024-25,6,1.2862427,12,1.1866087
7753.0,2024-25,7,2.2069774,10,1.2756706
7753.0,2024-25,8,1.6709003,1,0.8334326
7753.0,2024-25,9,1.8562893,1,1.2353307
7753.0,2024-25,10,-0.17484044,0,0.9917707
7753.0,2024-25,11,1.7608336,1,1.1882805
7753.0,2024-25,12,2.101531,1,1.4821428
7753.0,2024-25,13,2.6677115,-1,1.7467067
7753.0,2024-25,14,3.412527,2,0.8158214
7753.0,2024-25,15,2.9094622,1,1.292246
7753.0,2024-25,16,1.7087468,0,1.0729192
7753.0,2024-25,17,2.1544657,0,1.0294843
7753.0,2024-25,18,1.0431341,1,0.666344
7753.0,2024-25,19,2.11585,2,0.6943123
7753.0,2024-25,20,0.69005483,1,0.28468198
7753.0,2024-25,21,2.0633523,1,0.030276634
7753.0,2024-25,22,2.0730128,1,0.5919908
7753.0,2024-25,23,1.6806469,1,1.1461161
7753.0,2024-25,24,3.188661,1,2.0393612
7753.0,2024-25,25,2.9624999,1,0.70529896
7753.0,2024-25,26,0.22402014,0,1.0043504
7753.0,2024-25,27,2.3870254,1,0.16130617
7753.0,2024-25,28,1.3191874,2,-0.005032249
7753.0,2024-25,29,3.4984612,1,0.25557658
7753.0,2024-25,30,1.8537458,0,0.25273213
7753.0,2024-25,31,1.2807754,0,0.758076
7753.0,2024-25,32,1.4454836,1,0.5212325
7753.0,2024-25,33,0.93728536,1,0.5147256
7753.0,2024-25,34,1.3826878,0,0.4316698
7753.0,2024-25,35,2.0150912,7,0.4716686
7753.0,2024-25,36,2.8153384,0,1.0099612
7753.0,2024-25,37,3.0789938,12,1.2551774
7753.0,2024-25,38,2.3616107,1,0.9044278
7902.0,2024-25,6,3.5570521,1,1.5353843
7902.0,2024-25,7,2.6322942,1,1.3944143
7902.0,2024-25,8,3.2404141,2,1.498262
7902.0,2024-25,9,0.96600646,0,1.9903717
7902.0,2024-25,10,2.8782775,2,2.0099716
7902.0,2024-25,11,2.0837018,6,1.95752
7902.0,2024-25,12,3.411607,2,1.7569821
7902.0,2024-25,13,2.7058399,1,1.6563677
7902.0,2024-25,14,1.5240974,1,1.41468
7902.0,2024-25,15,4.189976,1,2.3758671
7902.0,2024-25,16,1.0492991,2,2.0985074
7902.0,2024-25,17,0.10581787,0,1.9004248
7902.0,2024-25,18,-0.032932635,0,0.8395869
7902.0,2024-25,19,1.9183072,1,0.4243117
7902.0,2024-25,20,1.3806833,0,0.65727925
7902.0,2024-25,21,3.0177896,2,0.79938954
7902.0,2024-25,22,3.4133203,1,1.9194562
7902.0,2024-25,23,3.170709,1,1.4832562
7902.0,2024-25,24,2.910899,1,1.6077691
7902.0,2024-25,25,1.1099443,2,0.9376401
7902.0,2024-25,26,1.9409671,1,1.0126277
7902.0,2024-25,27,3.8943052,7,0.94240564
7902.0,2024-25,28,1.8124422,2,1.1592573
7902.0,2024-25,29,4.2626753,6,1.2745367
7902.0,2024-25,30,2.6402361,2,1.4042072
7902.0,2024-25,31,0.15408245,0,1.4776895
7902.0,2024-25,32,0.09958129,0,1.2912679
7902.0,2024-25,33,0.49838865,0,1.2119325
7902.0,2024-25,34,-0.22984892,0,0.90960705
7902.0,2024-25,35,1.4472721,0,0.8673567
7921.0,2024-25,9,1.3051823,1,0.94846034
7921.0,2024-25,10,1.550199,0,1.0767074
7921.0,2024-25,11,1.7091907,0,0.88094974
7921.0,2024-25,12,0.8973034,0,0.8404688
7921.0,2024-25,13,1.5718924,1,0.849821
7921.0,2024-25,14,1.3452849,1,0.8841017
7921.0,2024-25,15,1.7613394,1,1.1297148
7921.0,2024-25,16,1.4511852,1,1.054126
7921.0,2024-25,17,1.5826359,6,1.1730354
7921.0,2024-25,18,1.5487752,1,1.4605922
7921.0,2024-25,19,1.0744755,8,0.9877853
7921.0,2024-25,20,2.3396993,1,1.5836138
7921.0,2024-25,21,2.4369097,1,1.186298
7921.0,2024-25,22,3.214422,1,1.0610722
7921.0,2024-25,23,1.3211426,-1,1.3488153
7921.0,2024-25,24,1.6834141,6,1.1317884
7921.0,2024-25,25,1.3796641,1,1.4952488
7921.0,2024-25,26,1.7793909,0,1.0363501
7921.0,2024-25,27,1.7516185,0,1.2311174
7921.0,2024-25,28,1.5878004,1,0.71037257
7921.0,2024-25,29,0.93219537,0,0.97908646
7921.0,2024-25,30,1.6230904,1,0.996216
7921.0,2024-25,31,1.6464455,0,1.2059245
7921.0,2024-25,32,1.6599208,0,1.2342266
7921.0,2024-25,33,1.0651245,1,0.81995326
7921.0,2024-25,34,1.7864664,0,1.2052594
7921.0,2024-25,35,1.4357755,0,0.916995
7921.0,2024-25,36,1.7555312,0,0.9109141
7921.0,2024-25,37,1.1197284,0,1.4426391
7921.0,2024-25,38,1.8941356,0,1.0353264
7943.0,2024-25,11,2.025559,1,1.651589
7943.0,2024-25,12,1.0687782,2,1.316775
7943.0,2024-25,13,2.9955547,2,1.3082932
7943.0,2024-25,14,2.2509542,1,1.3268036
7943.0,2024-25,15,3.7440274,1,1.3971735
7943.0,2024-25,16,-0.30243906,0,0.89475155
7943.0,2024-25,17,-0.026814085,0,0.5672307
7943.0,2024-25,18,-0.02627458,0,0.6033836
7943.0,2024-25,19,1.1816173,0,0.9243262
7943.0,2024-25,20,1.2414291,2,2.3695867
7943.0,2024-25,21,0.088218465,0,1.7303103
7943.0,2024-25,22,0.10226491,0,0.98268014
7943.0,2024-25,23,-0.08486552,0,0.5424938
7943.0,2024-25,24,-0.040345985,0,0.50301754
7943.0,2024-25,25,-0.01571169,0,0.62610775
7943.0,2024-25,26,-0.004426932,0,0.82441384
7943.0,2024-25,27,-0.004426932,0,0.83534086
7943.0,2024-25,28,0.0017884508,0,0.83664143
7943.0,2024-25,29,-0.021403814,0,0.8272738
7943.0,2024-25,30,-0.021403814,0,0.80618936
7943.0,2024-25,31,-0.021403814,0,0.7867089
7943.0,2024-25,32,-0.021403814,0,0.7748944
7943.0,2024-25,33,-0.021403814,0,0.77022725
7943.0,2024-25,34,-0.021403814,0,0.77201265
7943.0,2024-25,35,-0.021403814,0,0.77201265
7943.0,2024-25,36,-0.021403814,0,0.77201265
7943.0,2024-25,37,-0.021403814,0,0.77201265
7943.0,2024-25,38,0.59145963,1,0.77201265
8067.0,2024-25,13,-0.22663182,0,0.39389083
8067.0,2024-25,14,-0.00517355,0,0.40005955
8067.0,2024-25,15,-0.011127975,0,0.6770101
8067.0,2024-25,16,-0.027053546,0,0.83585256
8067.0,2024-25,17,0.004211223,0,0.9456147
8067.0,2024-25,18,-0.010921339,0,0.9132718
8067.0,2024-25,19,-0.0034139876,0,0.87196296
8067.0,2024-25,20,-0.021403814,0,0.8153556
8067.0,2024-25,21,0.32131082,7,0.7733895
8067.0,2024-25,22,2.9447842,6,1.8653885
8067.0,2024-25,23,2.729904,1,2.9980195
8067.0,2024-25,24,2.5298784,1,2.8070333
8067.0,2024-25,25,1.7987124,1,1.1729733
8067.0,2024-25,26,1.897043,1,0.5086121
8067.0,2024-25,27,-0.034140635,0,1.0289528
8067.0,2024-25,28,0.020574067,0,0.70405906
8067.0,2024-25,29,1.182329,2,0.43995997
8067.0,2024-25,30,2.4200232,1,1.1050318
8067.0,2024-25,31,1.6425732,9,1.0438384
8067.0,2024-25,32,-0.03928559,0,1.4858726
8067.0,2024-25,33,2.268188,1,0.6933518
8067.0,2024-25,34,2.706377,1,0.7426384
8067.0,2024-25,35,1.2128704,1,1.2936686
8067.0,2024-25,36,1.0233033,1,1.3819721
8067.0,2024-25,37,2.7893188,10,1.6123823
8067.0,2024-25,38,2.2892704,6,1.9907032
8089.0,2024-25,26,-0.06566715,0,1.4010149
8089.0,2024-25,27,0.98323584,1,1.0453774
8089.0,2024-25,28,3.3896694,1,0.9666958
8089.0,2024-25,29,2.652395,1,1.5882841
8089.0,2024-25,30,0.36900383,0,1.8835607
8089.0,2024-25,31,1.7559279,1,2.1637104
8089.0,2024-25,32,1.994646,6,1.927199
8089.0,2024-25,33,3.3712842,1,1.23708
8089.0,2024-25,33,3.3712842,1,0.92583454
8089.0,2024-25,33,2.1770513,1,1.23708
8089.0,2024-25,33,2.1770513,1,0.92583454
8089.0,2024-25,34,-0.1285025,0,0.5979254
8089.0,2024-25,35,-0.10971406,0,0.59484226
8089.0,2024-25,36,1.0301255,1,1.0948051
8089.0,2024-25,37,1.5726899,1,1.7961439
8089.0,2024-25,38,2.7559264,10,1.8010982
8090.0,2024-25,6,0.24824144,0,0.8167682
8090.0,2024-25,7,0.09450907,0,0.6601686
8090.0,2024-25,8,0.194448,0,0.66726
8090.0,2024-25,9,0.7538056,1,0.93237096
8090.0,2024-25,10,1.6068175,1,1.406084
8090.0,2024-25,11,0.077526204,0,1.5011356
8090.0,2024-25,12,2.6350858,0,1.4922475
8090.0,2024-25,13,0.14351983,0,1.2810038
8090.0,2024-25,14,0.12883088,0,0.63886803
8090.0,2024-25,15,0.12883088,0,0.61669767
8090.0,2024-25,16,-0.026524179,0,0.87495935
8090.0,2024-25,17,-0.026524179,0,0.97314346
8090.0,2024-25,18,0.0036452312,0,0.8077822
8090.0,2024-25,19,0.0036452312,0,0.8048613
8090.0,2024-25,20,1.055185,1,0.8008109
8090.0,2024-25,21,0.0314226,0,1.3813334
8090.0,2024-25,22,0.0314226,0,1.1208065
8090.0,2024-25,23,0.0314226,0,0.80238473
8090.0,2024-25,24,0.89937407,1,0.6841202
8090.0,2024-25,25,0.073851675,0,0.83638424
8090.0,2024-25,26,2.150202,0,0.92828363
8090.0,2024-25,27,0.073851675,0,1.1218046
8090.0,2024-25,28,-0.01566816,0,1.0057027
8090.0,2024-25,29,-0.01566816,0,0.85420233
8090.0,2024-25,30,-0.000275425,0,0.70026064
8090.0,2024-25,31,-0.000275425,0,0.72955865
8090.0,2024-25,32,-0.000275425,0,0.7699989
8090.0,2024-25,33,-0.021403814,0,0.7699509
8090.0,2024-25,34,-0.021403814,0,0.7708969
8090.0,2024-25,35,-0.021403814,0,0.7670597
8090.0,2024-25,36,-0.021403814,0,0.76527077
8090.0,2024-25,37,0.1933394,0,0.76705414
8090.0,2024-25,38,0.5991378,0,0.8279435
8129.0,2024-25,7,2.6925654,2,1.590207
8129.0,2024-25,8,4.419109,1,1.3064033
8129.0,2024-25,9,0.002400421,0,1.1680471
8129.0,2024-25,10,0.040288348,0,1.0920695
8129.0,2024-25,11,0.3283292,0,1.0145452
8129.0,2024-25,12,1.9156917,6,0.97030735
8129.0,2024-25,13,2.0593276,0,1.593177
8129.0,2024-25,14,0.024985675,0,1.9229158
8129.0,2024-25,15,0.031094676,0,1.0533916
8129.0,2024-25,16,0.20478442,0,0.5425235
8129.0,2024-25,17,1.4326166,4,0.4480416
8129.0,2024-25,18,-0.060230356,0,1.8107604
8129.0,2024-25,19,1.1420943,1,1.0760692
8129.0,2024-25,20,2.2600446,1,1.0168962
8129.0,2024-25,21,0.09651335,0,0.6811215
8129.0,2024-25,22,0.04545718,0,0.15610373
8129.0,2024-25,23,1.823883,7,0.61063
8129.0,2024-25,24,1.9453336,1,0.96425915
8129.0,2024-25,25,2.3605733,1,1.4730142
8129.0,2024-25,26,3.1162217,1,1.1064838
8129.0,2024-25,27,2.2600574,0,0.49632385
8129.0,2024-25,28,1.3843851,1,0.4697971
8129.0,2024-25,29,0.4548598,0,0.9926273
8129.0,2024-25,30,0.45208472,0,1.208547
8129.0,2024-25,31,0.2442272,0,0.8404343
8129.0,2024-25,32,-0.03712622,0,0.8581452
8129.0,2024-25,33,-0.06589391,0,0.8109421
8129.0,2024-25,34,0.004979566,0,0.9025621
8129.0,2024-25,35,-0.01647848,0,0.8496722
8129.0,2024-25,36,0.9800968,1,0.8133475
8129.0,2024-25,37,1.4172426,1,1.0493375
8204.0,2024-25,6,2.9154177,1,1.4333957
8204.0,2024-25,7,1.3189596,0,0.9932423
8204.0,2024-25,8,2.8541598,1,1.143507
8204.0,2024-25,9,1.2624573,1,0.80428594
8204.0,2024-25,10,-0.001570444,0,1.7630314
8204.0,2024-25,11,-0.0071578086,0,1.8692406
8204.0,2024-25,12,1.6107041,1,1.6751777
8204.0,2024-25,13,2.7520978,6,1.1376522
8204.0,2024-25,14,0.032919288,0,0.96169513
8204.0,2024-25,15,2.517196,0,1.0261332
8204.0,2024-25,16,1.9760807,2,1.1491007
8204.0,2024-25,17,2.2214072,11,1.4720457
8204.0,2024-25,18,2.4304578,6,1.1483053
8204.0,2024-25,19,1.4127027,6,1.4766392
8204.0,2024-25,20,2.6496484,6,1.8641394
8204.0,2024-25,21,2.7212565,2,2.413558
8204.0,2024-25,22,3.885675,1,1.8331484
8204.0,2024-25,23,1.5532556,1,1.2102103
8204.0,2024-25,24,2.2416654,12,0.9474109
8204.0,2024-25,25,2.961749,1,1.0884938
8204.0,2024-25,26,2.5977943,0,1.0852691
8204.0,2024-25,27,2.439651,9,1.8631921
8204.0,2024-25,28,2.43898,6,1.8423423
8204.0,2024-25,29,3.0069234,1,1.8314261
8204.0,2024-25,30,2.5954692,5,2.2512834
8204.0,2024-25,31,2.1405191,4,1.6996106
8204.0,2024-25,32,3.765686,2,1.5490118
8204.0,2024-25,33,2.1226652,2,1.0452114
8204.0,2024-25,34,3.010384,0,1.6899114
8204.0,2024-25,35,2.5899246,5,1.4058472
8204.0,2024-25,36,3.789769,1,1.6764343
8204.0,2024-25,37,1.2278813,4,1.5109253
8204.0,2024-25,38,3.8674765,2,2.403504
8214.0,2024-25,6,3.4450197,1,1.5251929
8214.0,2024-25,7,2.97245,1,1.8658025
8214.0,2024-25,8,3.2036147,2,2.236659
8214.0,2024-25,9,2.3325648,6,1.9098748
8214.0,2024-25,10,2.4050276,1,1.511299
8214.0,2024-25,11,2.1987448,1,1.5186373
8214.0,2024-25,12,2.5940402,0,1.9783632
8214.0,2024-25,13,2.8793547,1,1.9648379
8214.0,2024-25,14,1.5778662,6,1.3299814
8214.0,2024-25,15,2.3120697,1,1.4205838
8214.0,2024-25,16,1.7599449,11,1.2591829
8214.0,2024-25,17,1.4585944,3,1.5781864
8214.0,2024-25,18,1.1704184,7,1.2948607
8214.0,2024-25,19,3.8440447,2,1.1797233
8214.0,2024-25,20,2.1614792,2,0.80763584
8214.0,2024-25,21,3.1416008,6,1.1026787
8214.0,2024-25,22,2.4215243,6,1.3951975
8214.0,2024-25,23,1.3628811,1,1.7877239
8214.0,2024-25,24,1.781271,6,1.0856788
8214.0,2024-25,25,2.5109062,1,1.7604002
8214.0,2024-25,26,1.9807314,7,0.6305556
8214.0,2024-25,27,2.4634957,5,1.8103514
8214.0,2024-25,28,1.9362457,6,1.3741673
8214.0,2024-25,29,0.014010604,0,1.1188711
8214.0,2024-25,30,3.7659774,1,1.3424823
8214.0,2024-25,31,1.6391522,2,1.2426445
8214.0,2024-25,32,0.5800323,0,2.1618373
8214.0,2024-25,32,0.5800323,0,1.698428
8214.0,2024-25,32,2.0234582,0,2.1618373
8214.0,2024-25,32,2.0234582,0,1.698428
8214.0,2024-25,33,3.1657343,6,1.4443909
8214.0,2024-25,33,3.1657343,6,1.2467996
8214.0,2024-25,33,1.5646605,1,1.4443909
8214.0,2024-25,33,1.5646605,1,1.2467996
8214.0,2024-25,34,-0.05366085,0,1.4513892
8214.0,2024-25,35,3.0777473,5,0.9741823
8214.0,2024-25,36,1.9399371,6,1.4425224
8214.0,2024-25,37,0.09739179,0,1.3880546
8214.0,2024-25,38,1.2162856,5,1.0582199
8226.0,2024-25,14,1.9903643,0,0.5435527
8226.0,2024-25,15,3.4016192,8,1.2478344
8226.0,2024-25,16,2.3097088,0,2.2018106
8226.0,2024-25,17,2.4030285,1,0.9689032
8226.0,2024-25,18,0.3138599,0,0.39656755
8226.0,2024-25,19,1.3038458,7,0.4018242
8226.0,2024-25,20,-0.037488617,0,0.5898382
8226.0,2024-25,21,0.23956932,0,1.4742397
8226.0,2024-25,22,1.7450919,1,0.8656598
8226.0,2024-25,23,1.6595793,2,0.9286524
8226.0,2024-25,24,2.2113395,-1,0.66454387
8226.0,2024-25,25,1.9228814,6,1.9606726
8226.0,2024-25,26,2.9720898,6,1.7065681
8226.0,2024-25,27,2.9320734,2,1.2715142
8226.0,2024-25,28,-0.1589455,0,1.1974939
8226.0,2024-25,29,-0.049420178,0,0.9016536
8226.0,2024-25,30,-0.19847336,0,0.6605214
8226.0,2024-25,31,-0.07587122,0,0.6271867
8226.0,2024-25,32,-0.004758343,0,0.8652616
8226.0,2024-25,33,-0.010584068,0,1.169671
8226.0,2024-25,34,-0.010226385,0,1.0899642
8226.0,2024-25,35,1.2250205,1,0.98960394
8226.0,2024-25,36,1.9713509,1,1.5599679
8430.0,2024-25,6,-0.11305885,0,1.2137765
8430.0,2024-25,7,-0.0151171265,0,0.6661003
8430.0,2024-25,8,0.023706058,0,0.21216196
8430.0,2024-25,9,-0.008778995,0,0.41270104
8430.0,2024-25,10,0.007846741,0,0.6208989
8430.0,2024-25,11,0.02699626,0,1.0114228
8430.0,2024-25,12,1.2679939,1,0.9540991
8430.0,2024-25,13,-0.037251234,0,1.4841572
8430.0,2024-25,14,1.3535994,1,1.2414759
8430.0,2024-25,15,0.012676113,0,0.95193964
8430.0,2024-25,16,0.053372554,0,0.7141604
8430.0,2024-25,17,1.2334412,0,0.582748
8430.0,2024-25,18,0.2367162,0,1.4267477
8430.0,2024-25,19,2.720274,2,1.0067772
8430.0,2024-25,20,1.4431489,2,1.5373014
8430.0,2024-25,21,1.2216051,6,1.6159484
8430.0,2024-25,22,2.4556668,6,1.0957391
8430.0,2024-25,23,1.7904304,1,1.7781827
8430.0,2024-25,24,1.2198043,6,1.7991167
8430.0,2024-25,25,2.614,1,1.6559998
8430.0,2024-25,26,2.561274,7,1.3878697
8430.0,2024-25,27,3.086886,5,1.5593455
8430.0,2024-25,28,2.906549,6,1.5157777
8430.0,2024-25,29,0.560933,0,1.558195
8430.0,2024-25,30,0.15439577,0,1.6047915
8430.0,2024-25,31,0.3497086,0,0.9292417
8430.0,2024-25,32,0.76708823,6,0.68869114
8430.0,2024-25,32,0.76708823,6,0.58712953
8430.0,2024-25,32,1.8394359,0,0.68869114
8430.0,2024-25,32,1.8394359,0,0.58712953
8430.0,2024-25,33,3.169531,-2,0.8219186
8430.0,2024-25,34,0.47944784,0,0.14311302
8430.0,2024-25,35,3.8120198,2,0.018519357
8430.0,2024-25,36,2.2571452,6,0.64607525
8430.0,2024-25,37,3.4187818,1,2.0485942
8430.0,2024-25,38,2.0267665,2,2.8397863
8476.0,2024-25,11,0.9835382,6,0.9589663
8476.0,2024-25,12,2.767111,6,1.4334621
8476.0,2024-25,13,1.5519612,0,1.2444323
8476.0,2024-25,14,3.8323755,7,1.549332
8476.0,2024-25,15,0.20212169,0,1.4088387
8476.0,2024-25,16,1.2299508,6,1.0499548
8476.0,2024-25,17,1.9641969,6,1.470797
8476.0,2024-25,18,1.4455562,1,1.2653732
8476.0,2024-25,19,2.746695,0,1.4606727
8476.0,2024-25,20,1.3808638,1,0.7126015
8476.0,2024-25,21,2.09664,2,1.283787
8476.0,2024-25,22,2.667043,1,1.1733176
8476.0,2024-25,23,1.6648548,8,1.3631506
8476.0,2024-25,24,2.410741,6,1.4151703
8476.0,2024-25,24,2.410741,6,1.266019
8476.0,2024-25,24,2.2053943,4,1.4151703
8476.0,2024-25,24,2.2053943,4,1.266019
8476.0,2024-25,25,3.3813164,2,1.2657312
8476.0,2024-25,26,3.8629937,1,1.6992939
8476.0,2024-25,27,2.357811,2,1.6449922
8476.0,2024-25,28,2.9653847,2,2.3105328
8476.0,2024-25,29,3.1558933,2,1.5257101
8476.0,2024-25,30,1.1849452,2,1.6766098
8476.0,2024-25,31,2.2359517,2,1.8304119
8476.0,2024-25,32,2.7945256,5,1.4271866
8476.0,2024-25,33,3.1434526,1,1.2142147
8476.0,2024-25,34,1.8092611,2,0.96716475
8476.0,2024-25,35,3.1209307,1,1.5351372
8476.0,2024-25,36,1.9634924,2,1.2573637
8476.0,2024-25,37,2.9812603,6,1.4459879
8489.0,2024-25,14,1.160978,1,0.7246503
8489.0,2024-25,15,1.3613373,1,1.4375224
8489.0,2024-25,16,1.2829992,1,1.601313
8489.0,2024-25,17,0.11889459,0,2.0107806
8489.0,2024-25,18,0.12908016,0,0.9766775
8489.0,2024-25,19,0.1416148,0,0.5161214
8489.0,2024-25,20,0.064747,0,0.52994716
8489.0,2024-25,21,0.064747,0,0.64058405
8489.0,2024-25,22,0.07256824,0,0.8124973
8489.0,2024-25,23,0.03516548,0,0.81444293
8489.0,2024-25,24,0.03562219,0,0.8134718
8489.0,2024-25,25,-0.021403814,0,0.8104114
8489.0,2024-25,26,-0.021403814,0,0.7957296
8489.0,2024-25,27,0.6811831,2,0.7813393
8489.0,2024-25,28,0.022734964,0,1.6691916
8489.0,2024-25,29,0.022734964,0,1.079118
8489.0,2024-25,30,1.6840717,1,0.80122143
8489.0,2024-25,31,-0.05034316,0,1.208177
8489.0,2024-25,32,-0.05034316,0,0.8370138
8489.0,2024-25,33,-0.024650116,0,0.841293
8489.0,2024-25,34,-0.067059994,0,0.76230174
8489.0,2024-25,35,-0.067059994,0,0.7749134
8489.0,2024-25,36,-0.025955457,0,0.84475285
8489.0,2024-25,37,0.83950645,1,0.8325133
8489.0,2024-25,38,0.95569557,1,1.3518902
8495.0,2024-25,6,2.1481547,7,0.55323756
8495.0,2024-25,7,0.95539266,1,0.7224316
8495.0,2024-25,8,2.7567253,0,1.0485593
8495.0,2024-25,9,1.1355326,2,0.7915608
8495.0,2024-25,10,2.8780253,6,0.8483471
8495.0,2024-25,11,0.8369887,0,0.91211265
8495.0,2024-25,12,1.8377638,1,1.3592341
8495.0,2024-25,13,3.082971,1,1.786701
8495.0,2024-25,14,0.08546102,0,2.4175298
8495.0,2024-25,15,1.1201068,2,0.8945222
8495.0,2024-25,16,2.2934937,0,1.0440185
8495.0,2024-25,17,1.9610971,8,1.0035352
8495.0,2024-25,18,3.139683,2,1.0889617
8495.0,2024-25,19,2.8413846,0,1.4872172
8495.0,2024-25,20,2.319378,-1,1.7808522
8495.0,2024-25,21,1.6466336,1,1.6550663
8495.0,2024-25,22,2.240721,1,1.614612
8495.0,2024-25,23,3.0932238,1,1.1010929
8495.0,2024-25,24,3.8101525,1,0.7172134
8495.0,2024-25,25,0.117074564,0,0.6404712
8495.0,2024-25,26,0.0021138475,0,0.379389
8495.0,2024-25,27,1.7043321,1,0.36675456
8495.0,2024-25,28,1.6287489,1,1.4016953
8495.0,2024-25,29,2.6201873,1,1.538161
8495.0,2024-25,30,2.2461197,2,1.403198
8495.0,2024-25,31,1.4650915,1,0.68481374
8495.0,2024-25,32,3.2505705,0,0.5969587
8495.0,2024-25,33,2.656003,2,0.8274732
8495.0,2024-25,34,1.1444874,1,1.0716821
8495.0,2024-25,35,2.6510909,0,0.95180637
8495.0,2024-25,36,2.2802265,6,0.7645172
8495.0,2024-25,37,2.1360521,1,0.77783567
8562.0,2024-25,18,-0.10255481,0,0.74035496
8562.0,2024-25,19,-0.03294108,0,0.81416816
8562.0,2024-25,20,1.5070258,1,0.8127233
8562.0,2024-25,21,0.017063498,0,1.6129516
8562.0,2024-25,22,0.024478186,0,1.0462023
8562.0,2024-25,23,0.024478186,0,0.774241
8562.0,2024-25,24,-0.04438473,0,0.666351
8562.0,2024-25,25,-0.04438473,0,0.67842525
8562.0,2024-25,26,-0.025083754,0,0.8033711
8562.0,2024-25,27,1.6305027,1,0.8070753
8562.0,2024-25,28,1.1799417,2,1.1496108
8562.0,2024-25,29,2.2048533,1,1.8742526
8562.0,2024-25,30,1.486554,0,1.7344352
8562.0,2024-25,31,1.4006124,1,1.78094
8562.0,2024-25,32,1.4017878,1,1.2557384
8562.0,2024-25,33,1.6809503,2,0.8946186
8562.0,2024-25,34,2.526363,1,0.9356459
8562.0,2024-25,35,2.9607239,6,0.8849524
8562.0,2024-25,36,2.7325957,0,0.9573918
8562.0,2024-25,37,3.1680384,6,1.3075718
8562.0,2024-25,38,2.0154245,5,1.4017643
8635.0,2024-25,25,0.013175883,0,0.50471634
8635.0,2024-25,26,-0.0036318558,0,0.39778784
8635.0,2024-25,27,-0.0005791328,0,0.8053097
8635.0,2024-25,28,-0.011107961,0,0.9671313
8635.0,2024-25,29,-0.024542099,0,0.9253976
8635.0,2024-25,30,-0.012744713,0,0.8847831
8635.0,2024-25,31,-0.021403814,0,0.8360485
8635.0,2024-25,32,-0.021403814,0,0.79300505
8635.0,2024-25,33,-0.021403814,0,0.77067274
8635.0,2024-25,34,0.5865961,1,0.76733613
8635.0,2024-25,35,1.2323139,1,1.1668633
8635.0,2024-25,36,1.5726289,1,1.2520711
8635.0,2024-25,37,1.2220368,2,1.6353768
8635.0,2024-25,38,3.0709019,6,1.6294048
8646.0,2024-25,6,2.546155,0,1.161741
8646.0,2024-25,7,3.3901405,6,1.3374218
8646.0,2024-25,8,2.2721598,1,1.1625601
8646.0,2024-25,9,3.1274073,1,1.0765312
8646.0,2024-25,10,2.0332742,2,1.0646509
8646.0,2024-25,11,2.154507,1,1.3143682
8646.0,2024-25,12,2.607667,0,1.4338695
8646.0,2024-25,13,1.0078278,0,2.4524539
8646.0,2024-25,14,2.0545027,1,1.8959779
8646.0,2024-25,15,1.9341794,1,0.8657743
8646.0,2024-25,16,-0.045877602,0,0.26246864
8646.0,2024-25,17,2.4519846,1,0.0781127
8646.0,2024-25,18,-0.03337836,0,0.33846012
8646.0,2024-25,19,-0.0040904586,0,0.41265845
8646.0,2024-25,20,1.6328229,1,0.55404747
8646.0,2024-25,21,2.0604067,1,1.0468689
8646.0,2024-25,22,1.6348487,0,1.840946
8646.0,2024-25,23,1.3572589,2,1.8711609
8646.0,2024-25,24,2.2153065,0,1.4434012
8646.0,2024-25,25,1.462164,1,0.9566184
8646.0,2024-25,26,1.3343493,0,0.9324767
8646.0,2024-25,27,1.4831902,1,0.81116104
8646.0,2024-25,28,1.1573584,2,0.489203
8646.0,2024-25,29,1.8789818,1,0.4838648
8646.0,2024-25,30,1.6338578,1,0.37930363
8646.0,2024-25,31,1.3918794,1,0.56130064
8646.0,2024-25,32,-0.21498518,0,0.52688575
8646.0,2024-25,33,0.89910585,2,0.20707035
8646.0,2024-25,34,1.9070415,0,0.7322174
8646.0,2024-25,35,2.361681,7,0.7178814
8646.0,2024-25,36,2.7054417,1,0.5407234
8646.0,2024-25,37,3.0707977,7,1.0490383
8646.0,2024-25,38,3.2599225,1,1.2007105
8756.0,2024-25,8,2.731633,1,1.957158
8756.0,2024-25,9,1.5148238,0,1.4818733
8756.0,2024-25,10,2.2823892,2,1.4680098
8756.0,2024-25,11,1.6284432,2,0.9275058
8756.0,2024-25,12,2.6983407,2,0.83827674
8756.0,2024-25,13,3.3185372,1,0.86019605
8756.0,2024-25,14,3.6490638,1,0.93028677
8756.0,2024-25,15,2.573799,1,1.1954328
8756.0,2024-25,16,1.2370908,2,1.3179681
8756.0,2024-25,17,2.0283244,0,1.0531642
8756.0,2024-25,18,0.4643938,2,0.95556766
8756.0,2024-25,19,1.617688,5,1.2750345
8756.0,2024-25,20,2.6797516,0,1.8084843
8756.0,2024-25,21,2.9927578,1,1.8653226
8756.0,2024-25,22,1.7124515,-1,1.4339539
8756.0,2024-25,23,2.4729867,0,1.101513
8756.0,2024-25,24,3.6187918,1,1.1419828
8756.0,2024-25,25,3.0849755,2,0.56459546
8756.0,2024-25,26,3.0053866,0,0.4576082
8756.0,2024-25,27,1.8935386,0,0.80251855
8756.0,2024-25,28,1.7009104,2,1.0310668
8756.0,2024-25,29,2.6454113,3,1.2897185
8756.0,2024-25,30,1.2387463,2,0.3382582
8756.0,2024-25,31,2.35046,4,0.29899442
8756.0,2024-25,32,1.8443748,1,0.2591573
8756.0,2024-25,33,2.3600647,0,0.44416705
8756.0,2024-25,34,2.4811666,1,0.7238615
8756.0,2024-25,35,2.9081726,1,1.21094
8756.0,2024-25,36,2.587987,2,2.5208733
8756.0,2024-25,37,2.5325837,1,1.7377675
8756.0,2024-25,38,2.0125778,1,0.9008049
8780.0,2024-25,6,1.1210723,0,1.2857958
8780.0,2024-25,7,1.6931012,1,0.7326796
8780.0,2024-25,8,1.9225917,7,1.3827404
8780.0,2024-25,9,2.4745324,1,1.3965983
8780.0,2024-25,10,1.3709576,1,0.99829787
8780.0,2024-25,11,2.766615,2,1.3519474
8780.0,2024-25,12,1.798238,2,1.3459059
8780.0,2024-25,13,0.26409954,0,1.2086201
8780.0,2024-25,14,-0.10959867,0,0.87908083
8780.0,2024-25,15,0.06955159,0,0.46677718
8780.0,2024-25,16,-0.010205611,0,0.59434026
8780.0,2024-25,17,2.3659556,1,0.8310335
8780.0,2024-25,18,2.6544163,8,1.64797
8780.0,2024-25,19,0.218853,0,1.7195767
8780.0,2024-25,20,1.4576946,1,1.1737157
8780.0,2024-25,21,2.3609037,5,1.3541037
8780.0,2024-25,22,1.1749016,2,1.2987655
8780.0,2024-25,23,2.7062867,2,1.7561864
8780.0,2024-25,24,4.238482,-1,1.562666
8780.0,2024-25,25,1.953466,6,1.3791169
8780.0,2024-25,26,0.2323993,0,0.9921883
8780.0,2024-25,27,-0.013120177,0,0.9854412
8780.0,2024-25,28,0.16983591,0,0.8281503
8780.0,2024-25,29,-0.06910977,0,1.0062654
8780.0,2024-25,30,-0.006835681,0,1.1475519
8780.0,2024-25,31,0.014565208,0,1.2663962
8780.0,2024-25,32,0.031834133,0,1.1719395
8780.0,2024-25,33,0.057847038,0,1.0222551
8780.0,2024-25,34,-0.021403814,0,0.8974876
8780.0,2024-25,35,0.6537972,1,0.8129993
8780.0,2024-25,36,0.04520002,0,1.1294451
8780.0,2024-25,37,0.04520002,0,0.8753472
8780.0,2024-25,38,1.7795844,0,0.7348061
8831.0,2024-25,6,3.1988635,1,1.3739526
8831.0,2024-25,7,2.7231774,0,1.5772659
8831.0,2024-25,8,3.220548,5,1.1918794
8831.0,2024-25,9,2.418416,2,0.7605794
8831.0,2024-25,10,3.7221193,2,0.6891511
8831.0,2024-25,11,5.4765244,1,1.9602968
8831.0,2024-25,12,2.3125324,6,1.7990589
8831.0,2024-25,13,3.5240355,2,1.5365232
8831.0,2024-25,14,1.7830979,2,1.1511358
8831.0,2024-25,15,3.020291,0,1.346789
8831.0,2024-25,16,2.7745564,1,1.7506642
8831.0,2024-25,17,2.8820739,0,1.2789165
8831.0,2024-25,18,1.8086722,2,0.8694381
8831.0,2024-25,19,2.8486507,1,1.1767937
8831.0,2024-25,20,1.5217611,0,1.490399
8831.0,2024-25,21,0.6605964,0,1.2102036
8831.0,2024-25,22,2.4087117,0,0.7703461
8831.0,2024-25,23,2.8106627,0,0.5988452
8831.0,2024-25,24,1.4651585,0,0.7863615
8831.0,2024-25,25,2.2084448,0,0.80663913
8831.0,2024-25,26,1.7154255,2,0.80897623
8831.0,2024-25,27,1.6523682,2,1.4551216
8831.0,2024-25,28,1.8152668,1,1.569165
8831.0,2024-25,29,1.6864492,1,0.96408576
8831.0,2024-25,30,1.5067661,2,1.3394247
8831.0,2024-25,31,3.4905167,0,1.3340014
8831.0,2024-25,32,2.095177,0,0.59771854
8831.0,2024-25,33,2.5573115,0,0.50604314
8831.0,2024-25,34,0.87539846,-2,0.39902213
8831.0,2024-25,35,1.6540165,0,0.995028
8831.0,2024-25,36,1.6442907,0,0.96193486
8831.0,2024-25,37,1.5050671,0,0.94397616
8831.0,2024-25,38,1.3075441,0,0.81720376
8852.0,2024-25,6,0.033607088,0,0.8812799
8852.0,2024-25,7,1.0719942,6,0.8488285
8852.0,2024-25,8,-0.12259583,0,2.4431632
8852.0,2024-25,9,1.1741484,1,1.2246277
8852.0,2024-25,10,2.114257,3,1.0409187
8852.0,2024-25,11,0.46079656,0,0.5889288
8852.0,2024-25,12,0.49060416,0,0.36717498
8852.0,2024-25,13,0.44804382,0,0.651396
8852.0,2024-25,14,-0.0077221678,0,0.6353615
8852.0,2024-25,15,-0.018745532,0,0.87472695
8852.0,2024-25,16,-0.0061592213,0,0.98777324
8852.0,2024-25,17,-0.0061592213,0,0.95451695
8852.0,2024-25,18,2.8747869,1,0.90595704
8852.0,2024-25,19,0.90175897,1,1.3140669
8852.0,2024-25,20,-0.22786166,0,1.3212721
8852.0,2024-25,21,1.2183745,4,0.9976712
8852.0,2024-25,22,0.85762864,5,1.5762053
8852.0,2024-25,23,0.0040911795,0,1.7689546
8852.0,2024-25,24,2.551324,1,0.95745
8852.0,2024-25,25,-0.09615968,0,0.40890598
8852.0,2024-25,26,1.4248006,1,0.17554322
8852.0,2024-25,27,1.3637798,6,0.75804985
8852.0,2024-25,28,2.3430307,0,1.67666
8852.0,2024-25,29,0.11115095,0,1.4433414
8852.0,2024-25,30,0.16921832,0,1.1395341
8852.0,2024-25,31,-0.067775905,0,0.685143
8852.0,2024-25,32,1.7857585,1,0.6197801
8852.0,2024-25,33,2.5995817,8,1.10993
8852.0,2024-25,34,0.7113615,0,2.3713942
8852.0,2024-25,35,3.0152686,1,1.4118243
8852.0,2024-25,36,-0.03612494,0,1.3123074
8852.0,2024-25,37,2.1660209,1,0.90966165
8853.0,2024-25,9,1.654436,5,1.2485813
8853.0,2024-25,10,2.328753,1,1.3529555
8853.0,2024-25,11,3.174301,0,1.3268839
8853.0,2024-25,12,1.7848848,1,1.3759447
8853.0,2024-25,13,2.8753922,2,1.4660114
8853.0,2024-25,14,1.7626833,8,1.0547354
8853.0,2024-25,15,2.7506816,7,1.2247206
8853.0,2024-25,16,2.5128276,2,1.0826597
8853.0,2024-25,17,1.1435093,0,1.4797908
8853.0,2024-25,18,0.8449698,6,1.8356303
8853.0,2024-25,19,2.1459548,2,1.9955138
8853.0,2024-25,20,1.7198302,2,1.3945249
8853.0,2024-25,21,2.3510966,8,1.9203753
8853.0,2024-25,22,2.4625,7,1.420606
8853.0,2024-25,23,1.9082663,0,1.6242484
8853.0,2024-25,24,2.3396425,10,1.8080599
8853.0,2024-25,25,3.3873134,1,2.562906
8853.0,2024-25,26,2.557059,9,1.4739593
8853.0,2024-25,27,2.6652045,2,1.7345634
8853.0,2024-25,28,3.5027971,6,1.7652609
8853.0,2024-25,29,0.20254734,0,2.4031665
8853.0,2024-25,30,2.306637,2,1.5492777
8853.0,2024-25,31,2.6687143,2,1.7484603
8853.0,2024-25,32,1.3306338,-1,1.5710362
8853.0,2024-25,32,1.3306338,-1,2.489229
8853.0,2024-25,32,2.0217068,0,1.5710362
8853.0,2024-25,32,2.0217068,0,2.489229
8853.0,2024-25,33,3.2850409,6,2.558314
8853.0,2024-25,33,3.2850409,6,2.574755
8853.0,2024-25,33,0.7996728,1,2.558314
8853.0,2024-25,33,0.7996728,1,2.574755
8853.0,2024-25,34,0.07936811,0,2.6153872
8853.0,2024-25,35,3.3438616,2,1.0766221
8853.0,2024-25,36,2.3097177,6,0.69659173
8853.0,2024-25,37,3.3808544,1,0.46680814
8853.0,2024-25,38,2.0008533,2,0.55877715
8864.0,2024-25,6,2.2012055,0,0.72730786
8864.0,2024-25,7,1.5557902,6,0.7339043
8864.0,2024-25,8,1.4512117,2,1.6356994
8864.0,2024-25,9,2.3814654,1,1.9891913
8864.0,2024-25,10,1.7468643,1,2.0695407
8864.0,2024-25,11,1.1233231,0,1.7958997
8864.0,2024-25,12,2.1894202,1,1.0859958
8864.0,2024-25,13,1.481156,0,0.71242684
8864.0,2024-25,14,2.665712,7,1.075661
8864.0,2024-25,15,2.6797543,0,0.8897146
8864.0,2024-25,16,2.6223977,1,0.9824301
8864.0,2024-25,17,1.3027519,1,0.3571444
8864.0,2024-25,18,1.455043,0,0.48811492
8864.0,2024-25,19,2.2127614,0,0.52732605
8864.0,2024-25,20,3.111226,3,0.6608479
8864.0,2024-25,21,2.8779762,6,0.7682149
8864.0,2024-25,22,1.5198349,4,0.8287011
8864.0,2024-25,23,1.9896697,2,1.6766912
8864.0,2024-25,24,2.5977273,0,2.137314
8864.0,2024-25,25,2.8380084,0,1.2679552
8864.0,2024-25,25,2.8380084,0,0.4595144
8864.0,2024-25,25,0.99006647,1,1.2679552
8864.0,2024-25,25,0.99006647,1,0.4595144
8864.0,2024-25,26,2.0066433,2,0.7631486
8864.0,2024-25,27,1.6990991,0,0.9961223
8864.0,2024-25,28,1.2855104,0,1.3956411
8864.0,2024-25,29,0.036259014,0,1.7000108
8864.0,2024-25,30,1.107851,6,0.667604
8864.0,2024-25,31,3.195525,0,1.4311154
8864.0,2024-25,32,1.753627,6,0.7704214
8864.0,2024-25,33,0.9510578,2,1.2994089
8864.0,2024-25,33,0.9510578,2,1.4997933
8864.0,2024-25,33,1.2839681,2,1.2994089
8864.0,2024-25,33,1.2839681,2,1.4997933
8864.0,2024-25,34,0.07780167,0,1.471131
8864.0,2024-25,35,1.8649453,7,0.84615767
8864.0,2024-25,36,2.5645502,6,1.184662
8864.0,2024-25,37,2.3768904,5,1.2791402
8864.0,2024-25,38,2.233772,1,1.552755
8905.0,2024-25,14,-0.05131063,0,1.2600502
8905.0,2024-25,15,-0.0062247226,0,0.740141
8905.0,2024-25,16,-0.0057820817,0,0.75870305
8905.0,2024-25,17,-0.0057820817,0,0.76431936
8905.0,2024-25,18,-0.021403814,0,0.76687735
8905.0,2024-25,19,-0.021403814,0,0.7662716
8905.0,2024-25,20,-0.021403814,0,0.7654628
8905.0,2024-25,21,-0.021403814,0,0.76598984
8905.0,2024-25,22,-0.021403814,0,0.7683315
8905.0,2024-25,23,0.6054513,1,0.77201265
8905.0,2024-25,24,-0.1449346,0,1.5490788
8905.0,2024-25,25,1.6433668,2,1.1524378
8905.0,2024-25,26,0.023043418,0,2.1110122
8905.0,2024-25,27,-0.07804442,0,1.0446731
8905.0,2024-25,28,-0.07804442,0,0.54739714
8905.0,2024-25,29,-0.04544308,0,0.6077211
8905.0,2024-25,30,1.1276376,4,0.6177227
8905.0,2024-25,31,3.270627,2,2.501812
8905.0,2024-25,32,1.983803,1,1.7928504
8919.0,2024-25,6,3.6894805,2,0.80110765
8919.0,2024-25,7,3.6028752,0,0.36840427
8919.0,2024-25,8,3.1328583,1,0.58325887
8919.0,2024-25,9,1.9780306,2,0.5063522
8919.0,2024-25,10,2.31552,10,1.0876135
8919.0,2024-25,11,2.0537224,1,1.8280143
8919.0,2024-25,12,3.084432,2,2.26824
8919.0,2024-25,13,3.3942144,2,2.268335
8919.0,2024-25,14,4.851879,2,2.4237704
8919.0,2024-25,15,2.4915922,1,2.5080817
8919.0,2024-25,16,5.0172067,2,2.8361526
8919.0,2024-25,17,3.167642,0,2.6031606
8919.0,2024-25,18,1.4022859,1,1.4999863
8919.0,2024-25,19,1.9259791,5,1.1294919
8919.0,2024-25,20,1.9223369,0,1.1368357
8919.0,2024-25,21,2.3964589,1,1.5835756
8919.0,2024-25,22,2.0752542,-1,1.3609471
8919.0,2024-25,23,1.8443007,0,1.4213341
8919.0,2024-25,24,3.1542318,1,0.8846242
8919.0,2024-25,25,0.27635664,0,0.36930656
8919.0,2024-25,26,2.9641252,0,0.1636537
8919.0,2024-25,27,2.5397143,1,0.45795467
8919.0,2024-25,28,1.8415039,2,0.6577064
8919.0,2024-25,29,4.047316,0,0.682246
8919.0,2024-25,30,0.085171156,0,0.7444811
8919.0,2024-25,31,2.6855984,1,0.26724768
8919.0,2024-25,32,1.6748149,2,0.15214565
8919.0,2024-25,33,1.1331635,-4,0.4369027
8919.0,2024-25,34,0.21741904,0,0.6927584
8919.0,2024-25,35,0.14305943,0,0.5849007
8919.0,2024-25,36,0.08969584,0,0.5878311
8919.0,2024-25,37,1.4159055,1,0.6401022
8919.0,2024-25,38,2.4563777,1,1.3308234
8940.0,2024-25,6,3.7225068,7,1.6145841
8940.0,2024-25,7,1.9997971,1,1.5713629
8940.0,2024-25,8,4.0113225,1,2.6214306
8940.0,2024-25,9,2.9471197,2,1.8394433
8940.0,2024-25,10,3.0294116,6,1.1926504
8940.0,2024-25,11,3.1200774,6,1.2990083
8940.0,2024-25,12,5.674608,0,1.7922286
8940.0,2024-25,13,2.3463736,2,1.4209193
8940.0,2024-25,14,4.460436,6,2.0577638
8940.0,2024-25,15,3.2059808,1,1.1748906
8940.0,2024-25,16,1.8808122,6,1.330092
8940.0,2024-25,17,2.8345063,6,2.0392852
8940.0,2024-25,18,2.6377034,1,1.7001544
8940.0,2024-25,19,3.1921713,4,1.8291724
8940.0,2024-25,20,4.119486,1,1.4695667
8940.0,2024-25,21,3.9686172,7,0.87098825
8940.0,2024-25,22,5.056701,8,1.2762011
8940.0,2024-25,23,5.3838654,2,1.7604654
8940.0,2024-25,24,4.467135,4,0.9982043
8940.0,2024-25,25,4.0119205,2,2.0082662
8940.0,2024-25,26,3.7303698,1,1.8210322
8940.0,2024-25,27,2.738998,0,1.3289102
8940.0,2024-25,28,2.726781,0,1.4189628
8940.0,2024-25,29,3.042671,7,1.2964927
8940.0,2024-25,30,2.2047226,1,2.5681205
8940.0,2024-25,31,2.3510778,1,2.7990496
8940.0,2024-25,32,2.4287882,1,2.340194
8940.0,2024-25,33,3.0724645,1,2.3928425
8940.0,2024-25,34,0.29527837,0,1.3749958
8940.0,2024-25,35,1.0675514,2,0.38630685
8940.0,2024-25,36,0.055085737,0,0.3079455
8940.0,2024-25,37,0.85969794,1,0.14943862
8940.0,2024-25,38,1.4226098,1,0.77600783
8961.0,2024-25,6,2.4638636,1,1.2780837
8961.0,2024-25,7,2.89338,1,1.5313234
8961.0,2024-25,8,3.5915473,2,2.123312
8961.0,2024-25,9,4.8885994,7,2.3344812
8961.0,2024-25,10,0.2972744,0,2.1439526
8961.0,2024-25,11,-0.09258247,0,1.0586971
8961.0,2024-25,12,0.12611182,0,0.81781644
8961.0,2024-25,13,0.8696468,1,0.87849957
8961.0,2024-25,14,2.3183255,6,1.5069096
8961.0,2024-25,15,1.5114857,1,2.029808
8961.0,2024-25,16,3.4520996,1,2.0030732
8961.0,2024-25,17,0.053923085,0,1.5941701
8961.0,2024-25,18,0.19566745,0,0.91562015
8961.0,2024-25,19,0.0068978053,0,0.7241892
8961.0,2024-25,20,-0.055683322,0,1.1043576
8961.0,2024-25,21,-0.07973379,0,1.3078128
8961.0,2024-25,22,4.4341173,6,1.0768356
8961.0,2024-25,23,-0.022580212,0,1.7006775
8961.0,2024-25,24,-0.13335443,0,1.1304045
8961.0,2024-25,25,-0.09576517,0,0.67381
8961.0,2024-25,26,0.9220145,1,0.559441
8961.0,2024-25,27,0.95151573,6,0.95431274
8961.0,2024-25,28,1.4724237,2,1.7545458
8961.0,2024-25,29,2.5546012,1,1.9568
8961.0,2024-25,30,3.477263,6,2.016495
8961.0,2024-25,31,1.1220803,5,1.4267644
8961.0,2024-25,32,3.9057288,1,1.6570292
8961.0,2024-25,33,1.7968606,7,1.9907552
8961.0,2024-25,33,1.7968606,7,1.3930796
8961.0,2024-25,33,2.7996216,2,1.9907552
8961.0,2024-25,33,2.7996216,2,1.3930796
8961.0,2024-25,34,0.23933622,0,1.9373319
8961.0,2024-25,35,4.1798854,7,1.6859778
8961.0,2024-25,36,4.416466,9,1.8658577
8961.0,2024-25,37,3.3449345,2,1.7269167
8961.0,2024-25,38,3.936443,7,1.368733
8965.0,2024-25,6,-0.07162848,0,0.8822513
8965.0,2024-25,7,-0.0881128,0,0.72938055
8965.0,2024-25,8,0.009680626,0,0.85826254
8965.0,2024-25,9,0.00814641,0,0.86530125
8965.0,2024-25,10,0.003108182,0,0.9337202
8965.0,2024-25,11,2.4550717,0,0.8828795
8965.0,2024-25,12,1.84261,1,1.0459459
8965.0,2024-25,13,1.7507536,1,1.3747109
8965.0,2024-25,14,2.2219405,0,1.4732457
8965.0,2024-25,15,-0.13772012,0,1.7782863
8965.0,2024-25,16,0.8731495,2,1.0160649
8965.0,2024-25,17,2.924383,1,1.4589119
8965.0,2024-25,18,2.44685,1,1.3909647
8965.0,2024-25,19,2.090404,0,0.9739409
8965.0,2024-25,20,1.3549769,-2,1.2544429
8965.0,2024-25,21,-0.29026735,0,1.3848495
8965.0,2024-25,22,-0.17011742,0,0.68137133
8965.0,2024-25,23,1.1036052,3,0.56324834
8965.0,2024-25,24,1.2887834,2,0.72059286
8965.0,2024-25,25,0.10631458,0,0.81143945
8965.0,2024-25,26,-0.030466573,0,0.81058425
8965.0,2024-25,27,-0.07984819,0,0.43954664
8965.0,2024-25,28,-0.032168373,0,0.41967475
8965.0,2024-25,29,0.029277153,0,0.5945934
8965.0,2024-25,30,0.09315035,0,0.9054242
8965.0,2024-25,31,0.09315035,0,0.86949426
8965.0,2024-25,32,0.7460594,0,0.8551635
8965.0,2024-25,33,3.0921457,1,1.158803
8965.0,2024-25,34,1.219154,0,1.4395756
8965.0,2024-25,35,2.4389403,1,1.2774314
8965.0,2024-25,36,1.0581605,6,0.9331146
8965.0,2024-25,37,2.5723324,0,1.3065003
8965.0,2024-25,38,2.5497546,1,1.7886606
9017.0,2024-25,6,1.3918161,1,0.29295722
9017.0,2024-25,7,1.2557173,2,1.0572766
9017.0,2024-25,8,1.4145492,1,0.9383193
9017.0,2024-25,9,2.0969152,2,2.1066263
9017.0,2024-25,10,2.6609907,0,1.6423973
9017.0,2024-25,11,1.8743778,2,1.2626097
9017.0,2024-25,12,0.11482742,0,1.2334566
9017.0,2024-25,13,2.4257636,1,0.46685708
9017.0,2024-25,14,2.0531409,5,1.5663801
9017.0,2024-25,15,2.3993106,1,1.3971859
9017.0,2024-25,16,3.3846593,2,1.4356426
9017.0,2024-25,17,3.6335046,6,1.5187523
9017.0,2024-25,18,3.4310706,1,1.6060673
9017.0,2024-25,19,6.2142,0,2.309839
9017.0,2024-25,20,2.9696257,2,1.2303244
9017.0,2024-25,21,0.45012072,0,1.686515
9017.0,2024-25,22,2.863379,1,0.8068324
9017.0,2024-25,23,1.8086331,1,0.9633494
9017.0,2024-25,24,2.2600818,1,1.1509286
9017.0,2024-25,25,1.605816,1,0.6611382
9017.0,2024-25,26,1.5722984,1,1.506878
9017.0,2024-25,27,4.754773,6,2.1369648
9017.0,2024-25,28,0.01923676,0,1.1351984
9017.0,2024-25,29,1.7919321,1,0.6961488
9017.0,2024-25,30,1.7123154,8,0.40373024
9017.0,2024-25,31,2.4194758,5,0.75192744
9017.0,2024-25,32,4.321041,1,1.095192
9017.0,2024-25,33,4.2520757,1,2.5966568
9017.0,2024-25,34,0.5499575,0,1.9837497
9017.0,2024-25,35,2.1792996,1,1.2603427
9017.0,2024-25,36,1.0241516,1,0.7491479
9017.0,2024-25,37,1.8991439,1,1.3283349
9017.0,2024-25,38,1.9659674,1,1.5620741
9105.0,2024-25,8,-0.16677101,0,0.9100484
9105.0,2024-25,9,0.017318755,0,0.8419521
9105.0,2024-25,10,1.1277027,2,0.80169946
9105.0,2024-25,11,3.032193,1,1.9654785
9105.0,2024-25,12,1.7314283,6,1.6051613
9105.0,2024-25,13,2.1037343,2,1.5730673
9105.0,2024-25,14,1.6646279,2,1.3268845
9105.0,2024-25,15,2.676194,0,1.341199
9105.0,2024-25,16,2.171818,6,1.4276024
9105.0,2024-25,17,2.1147935,-1,0.9511022
9105.0,2024-25,18,2.1372557,1,1.1349512
9105.0,2024-25,19,2.6195052,1,1.2148759
9105.0,2024-25,20,2.101073,0,1.2436732
9105.0,2024-25,21,0.616768,1,1.0282462
9105.0,2024-25,22,2.3828316,0,1.3534368
9105.0,2024-25,23,3.0816903,1,0.88906777
9512.0,2024-25,6,0.9651831,1,1.445243
9512.0,2024-25,7,2.06962,1,1.2063891
9512.0,2024-25,8,1.7708294,2,1.3499378
9512.0,2024-25,9,1.1117105,1,1.7341453
9512.0,2024-25,10,1.7681012,7,2.7451835
9512.0,2024-25,11,3.6206138,2,1.5422186
9512.0,2024-25,12,3.15144,1,1.9370893
9512.0,2024-25,13,3.51409,2,1.9687277
9512.0,2024-25,14,2.5649831,1,1.6567703
9512.0,2024-25,15,1.850947,0,1.5788233
9512.0,2024-25,16,2.103053,6,1.702789
9512.0,2024-25,17,2.0309548,6,1.0100044
9512.0,2024-25,18,2.130985,0,1.7084662
9512.0,2024-25,19,1.6212573,1,1.030004
9512.0,2024-25,20,1.0956613,2,0.87984675
9512.0,2024-25,21,2.951248,6,2.2112799
9512.0,2024-25,22,2.9867501,0,1.7945398
9512.0,2024-25,23,3.4053988,2,1.859322
9512.0,2024-25,24,2.1991127,2,1.897365
9512.0,2024-25,25,1.3395256,1,1.1641005
9512.0,2024-25,26,3.0425887,0,1.3993179
9512.0,2024-25,27,1.462216,1,0.6630943
9512.0,2024-25,28,1.7631978,7,0.7053621
9512.0,2024-25,29,-0.00048692498,0,1.0298258
9512.0,2024-25,30,1.9641299,2,0.505788
9512.0,2024-25,31,3.2193718,11,0.62422657
9512.0,2024-25,32,3.446031,2,0.95860845
9512.0,2024-25,32,3.446031,2,1.22311
9512.0,2024-25,32,4.2081857,6,0.95860845
9512.0,2024-25,32,4.2081857,6,1.22311
9512.0,2024-25,33,3.4258254,0,1.3459245
9512.0,2024-25,34,3.1596706,6,1.0222847
9512.0,2024-25,35,3.130842,2,1.0184418
9512.0,2024-25,36,2.7587776,7,1.293687
9512.0,2024-25,37,3.2615404,2,1.2990645
9512.0,2024-25,38,3.4919243,2,2.11147
9677.0,2024-25,6,2.502052,2,0.82086825
9677.0,2024-25,7,2.292904,0,0.9895403
9677.0,2024-25,8,1.921174,0,0.901467
9677.0,2024-25,9,0.047988776,0,0.7905495
9677.0,2024-25,10,-0.26671565,0,0.54241234
9677.0,2024-25,11,-0.04146408,0,0.44715154
9677.0,2024-25,12,-0.0218101,0,0.5519575
9677.0,2024-25,13,-0.01809838,0,0.77739793
9677.0,2024-25,14,0.0016671458,0,0.9682672
9677.0,2024-25,15,0.0020005105,0,0.9341194
9677.0,2024-25,16,0.68876135,1,0.8885441
9677.0,2024-25,17,2.163859,1,1.6179892
9677.0,2024-25,18,-0.11061867,0,2.0158079
9677.0,2024-25,19,-0.11061867,0,1.3743509
9677.0,2024-25,20,0.09072614,0,1.0906442
9677.0,2024-25,21,0.020834317,0,0.9000189
9677.0,2024-25,22,0.008538354,0,1.2137086
9677.0,2024-25,23,0.012905941,0,0.8072093
9677.0,2024-25,24,1.6398643,2,0.8072093
9677.0,2024-25,25,1.7937111,6,1.795406
9677.0,2024-25,26,1.4318516,6,1.8641626
9677.0,2024-25,27,2.6962345,2,1.9181312
9677.0,2024-25,28,3.4497323,1,1.5749463
9677.0,2024-25,29,2.3717577,2,1.6341418
9677.0,2024-25,30,1.2574693,1,1.8469445
9677.0,2024-25,31,2.0613422,6,1.009418
9677.0,2024-25,32,0.9271503,2,1.3300682
9677.0,2024-25,33,2.3571756,1,1.0434501
9677.0,2024-25,34,2.9798198,0,0.7083305
9677.0,2024-25,35,3.1359065,0,1.2458745
9677.0,2024-25,36,0.23425636,0,1.2796435
9677.0,2024-25,37,1.7660221,0,1.2894586
9677.0,2024-25,38,1.8158813,1,1.4320927
9678.0,2024-25,6,2.6796103,2,0.92135197
9678.0,2024-25,7,1.9145448,7,1.0236518
9678.0,2024-25,8,2.7594714,7,0.86312324
9678.0,2024-25,9,2.599987,1,0.4558075
9678.0,2024-25,10,3.5434208,1,0.54537326
9678.0,2024-25,11,3.428394,1,0.75165176
9678.0,2024-25,12,5.020621,6,1.2580402
9678.0,2024-25,13,4.0724444,2,2.0310278
9678.0,2024-25,14,2.349219,0,1.9702549
9678.0,2024-25,15,2.614452,1,1.2487518
9678.0,2024-25,16,1.3824294,1,1.2407616
9678.0,2024-25,17,0.18939911,0,1.6320814
9678.0,2024-25,18,0.3509759,0,1.5380787
9678.0,2024-25,19,0.06057888,0,0.8186144
9678.0,2024-25,20,0.03419125,0,0.5576062
9678.0,2024-25,21,0.01173003,0,0.6832532
9678.0,2024-25,22,0.0016671458,0,1.0506362
9678.0,2024-25,23,-0.0090571875,0,0.9599343
9678.0,2024-25,24,0.008289638,0,0.86989325
9678.0,2024-25,25,0.4945536,1,0.8230161
9678.0,2024-25,26,1.3903686,6,1.0768585
9678.0,2024-25,27,2.358439,2,2.035097
9678.0,2024-25,28,3.1514099,2,1.5996362
9678.0,2024-25,29,1.6108831,2,1.5039014
9678.0,2024-25,30,1.3416969,1,1.5880444
9679.0,2024-25,26,0.0011759422,0,0.8058089
9679.0,2024-25,27,0.05317284,0,0.7721656
9679.0,2024-25,28,0.05361548,0,0.7754222
9679.0,2024-25,29,0.05361548,0,0.7756641
9679.0,2024-25,30,-0.021403814,0,0.7754669
9679.0,2024-25,31,-0.021403814,0,0.7741954
9679.0,2024-25,32,-0.021403814,0,0.77218944
9679.0,2024-25,33,0.52310985,1,0.77090627
9679.0,2024-25,34,1.6619598,1,1.1058213
9679.0,2024-25,35,2.0353515,0,1.2330395
9679.0,2024-25,36,0.15377681,0,1.4023117
9679.0,2024-25,37,1.7322001,1,0.9271855
9685.0,2024-25,6,-0.1695873,0,0.5344477
9685.0,2024-25,7,2.167479,1,0.5834452
9685.0,2024-25,8,2.2571363,1,1.6343032
9685.0,2024-25,9,3.121557,4,1.7117699
9685.0,2024-25,10,2.3598282,0,2.1910665
9685.0,2024-25,11,1.1632506,0,1.5654758
9685.0,2024-25,12,0.99015385,0,0.5174561
9685.0,2024-25,13,1.5524125,1,0.08179652
9685.0,2024-25,14,1.0834112,1,0.17399931
9685.0,2024-25,15,0.09146465,0,1.0104331
9685.0,2024-25,16,1.3291094,2,0.93220586
9685.0,2024-25,17,3.0568008,1,1.1306114
9685.0,2024-25,18,2.7135248,6,0.993506
9685.0,2024-25,19,1.6392246,1,1.3898557
9685.0,2024-25,20,2.045607,6,1.3937477
9685.0,2024-25,21,2.2194393,4,1.0912535
9685.0,2024-25,22,1.2622676,0,1.3771893
9685.0,2024-25,23,2.4725206,2,0.70498115
9685.0,2024-25,24,1.4039047,0,1.0190533
9685.0,2024-25,25,2.3697083,0,0.68230015
9685.0,2024-25,26,-0.061139148,0,0.2850435
9685.0,2024-25,27,0.21825376,0,0.5534625
9685.0,2024-25,28,3.447758,0,0.65371114
9733.0,2024-25,6,2.2605293,2,1.6052401
9733.0,2024-25,7,1.920101,10,2.344858
9733.0,2024-25,8,2.1564007,1,1.265479
9733.0,2024-25,9,2.7104607,1,1.019934
9733.0,2024-25,10,3.2203465,1,1.8069896
9733.0,2024-25,11,1.9236639,1,1.5310202
9733.0,2024-25,12,2.6577702,6,1.9967033
9733.0,2024-25,13,2.3810797,5,2.6235185
9733.0,2024-25,14,1.9167523,0,2.1158059
9733.0,2024-25,15,2.0907648,7,1.570902
9733.0,2024-25,16,1.4366491,1,1.8448352
9733.0,2024-25,17,4.700029,1,2.718011
9733.0,2024-25,18,4.655465,6,2.7430751
9733.0,2024-25,19,1.1899787,1,2.3546784
9733.0,2024-25,20,2.3880467,6,1.751777
9733.0,2024-25,21,2.8972428,1,2.0451813
9733.0,2024-25,22,1.3588251,1,1.2693816
9733.0,2024-25,23,2.6204166,7,1.6068813
9733.0,2024-25,24,2.118253,1,2.0485373
9733.0,2024-25,25,1.6815602,8,0.922493
9733.0,2024-25,26,2.2969239,6,1.9272782
9733.0,2024-25,27,2.9038808,1,2.1585534
9733.0,2024-25,28,3.5269864,1,1.5928906
9733.0,2024-25,29,2.1094906,2,1.7723774
9733.0,2024-25,30,2.184643,1,1.9940933
9733.0,2024-25,31,3.180115,7,1.6946075
9733.0,2024-25,32,1.5103264,6,1.440879
9733.0,2024-25,33,1.7288349,0,1.5994662
9733.0,2024-25,34,2.417311,11,1.1745526
9733.0,2024-25,35,3.097343,1,1.7136292
9733.0,2024-25,36,5.9873204,8,1.7596081
9733.0,2024-25,37,1.6093968,1,1.493318
9733.0,2024-25,38,3.0090654,2,1.5867149
9790.0,2024-25,6,2.5189877,9,1.6377051
9790.0,2024-25,7,3.934642,1,1.1739861
9790.0,2024-25,8,5.9169555,10,2.0985162
9790.0,2024-25,9,5.1394806,9,0.9782166
9790.0,2024-25,10,3.3372636,7,0.925649
9790.0,2024-25,11,4.726444,1,1.5676583
9790.0,2024-25,12,4.4395194,0,2.6743467
9790.0,2024-25,13,0.25878397,0,1.7304049
9790.0,2024-25,14,3.0329125,6,1.5956892
9790.0,2024-25,15,1.5376415,1,1.5801636
9790.0,2024-25,16,3.530262,7,1.736538
9790.0,2024-25,17,2.3183007,0,1.252556
9790.0,2024-25,18,3.8900068,2,1.8864491
9790.0,2024-25,19,4.1992283,6,1.4179829
9790.0,2024-25,20,2.5223308,2,1.3718393
9790.0,2024-25,21,2.986928,1,2.1254072
9790.0,2024-25,22,3.9187229,6,1.8245045
9790.0,2024-25,23,2.1521099,8,2.0961065
9790.0,2024-25,24,2.9297788,0,1.4080614
9790.0,2024-25,25,4.040257,6,1.8868465
9790.0,2024-25,26,3.6850972,1,2.3279936
9790.0,2024-25,27,3.2863173,7,3.2268422
9790.0,2024-25,28,3.558193,2,2.416126
9790.0,2024-25,29,3.8112879,1,2.5079932
9790.0,2024-25,30,3.5142078,6,1.8099777
9790.0,2024-25,31,2.3917835,9,1.7452642
9790.0,2024-25,32,3.5715237,1,2.5109992
9790.0,2024-25,33,2.5599365,6,2.3861158
9790.0,2024-25,33,2.5599365,6,1.714565
9790.0,2024-25,33,2.870448,1,2.3861158
9790.0,2024-25,33,2.870448,1,1.714565
9790.0,2024-25,34,0.24416792,0,2.1987128
9790.0,2024-25,35,4.1005816,8,1.3833258
9790.0,2024-25,36,4.503558,6,2.0192797
9790.0,2024-25,37,3.7097342,2,1.6609584
9790.0,2024-25,38,3.4745727,8,1.6887155
10012.0,2024-25,10,0.041203238,0,1.4801971
10012.0,2024-25,11,0.25658846,0,0.8417924
10012.0,2024-25,12,1.4384093,1,0.5339445
10012.0,2024-25,13,1.0946976,1,1.2363944
10012.0,2024-25,14,1.644831,6,1.5202388
10012.0,2024-25,15,1.6907464,2,1.6609329
10012.0,2024-25,16,0.07437285,0,1.5630105
10012.0,2024-25,17,-0.040507045,0,0.82138306
10012.0,2024-25,18,0.07663769,0,0.6026256
10012.0,2024-25,19,-0.035823382,0,0.63922304
10012.0,2024-25,20,-0.004931132,0,0.787398
10012.0,2024-25,21,-0.00012242261,0,0.9153374
10012.0,2024-25,22,-0.006136504,0,0.9084229
10012.0,2024-25,23,-0.015862767,0,0.89644676
10012.0,2024-25,24,-0.021403814,0,0.8628979
10012.0,2024-25,25,-0.021403814,0,0.81440717
10012.0,2024-25,26,-0.021403814,0,0.7804245
10012.0,2024-25,27,-0.021403814,0,0.7676036
10012.0,2024-25,28,-0.021403814,0,0.77058864
10012.0,2024-25,29,-0.021403814,0,0.77201265
10012.0,2024-25,30,0.5819542,2,0.77201265
10012.0,2024-25,31,1.5573215,2,1.768748
10012.0,2024-25,32,2.1871717,2,2.6109965
10012.0,2024-25,33,3.0897162,6,2.6641788
10012.0,2024-25,33,3.0897162,6,2.0672967
10012.0,2024-25,33,2.625951,7,2.6641788
10012.0,2024-25,33,2.625951,7,2.0672967
10012.0,2024-25,34,0.031617578,0,1.4542909
10012.0,2024-25,35,2.5358422,1,1.1844248
10012.0,2024-25,36,1.7990928,1,0.8816009
10012.0,2024-25,37,2.2895558,7,0.83017194
10012.0,2024-25,38,3.5704093,2,0.7756136
10025.0,2024-25,8,-0.019316256,0,0.5731007
10025.0,2024-25,9,0.07347268,0,0.72411984
10025.0,2024-25,10,0.17670625,0,0.9038936
10025.0,2024-25,11,0.14655891,0,0.8753864
10025.0,2024-25,12,2.1970873,0,0.8569194
10025.0,2024-25,13,-0.043867476,0,1.1192764
10025.0,2024-25,14,-0.043867476,0,0.8450132
10025.0,2024-25,15,-0.043867476,0,0.72190434
10025.0,2024-25,16,-0.034533896,0,0.68886554
10025.0,2024-25,17,-0.034533896,0,0.7282587
10025.0,2024-25,18,-0.017206425,0,0.78968257
10025.0,2024-25,19,-0.017206425,0,0.78968257
10025.0,2024-25,20,-0.017206425,0,0.78968257
10025.0,2024-25,21,-0.021403814,0,0.78968257
10025.0,2024-25,22,0.39989603,1,0.78384566
10025.0,2024-25,23,-0.018712793,0,1.4721507
10025.0,2024-25,24,1.7367221,1,1.2147222
10025.0,2024-25,25,1.3425888,1,1.4986806
10025.0,2024-25,26,1.604352,1,1.41708
10025.0,2024-25,27,1.5865974,0,1.2579833
10050.0,2024-25,6,2.499151,11,0.7367332
10050.0,2024-25,7,3.2173214,1,1.0281987
10050.0,2024-25,8,3.8202875,1,1.9598545
10050.0,2024-25,9,2.7775836,1,1.5957134
10050.0,2024-25,10,0.30711535,0,1.8405486
10050.0,2024-25,11,0.08261408,0,0.89976996
10050.0,2024-25,12,0.123795,0,0.6521402
10050.0,2024-25,13,-0.054423362,0,0.7807525
10050.0,2024-25,14,0.098015435,0,1.158107
10050.0,2024-25,15,1.413102,1,1.3232112
10050.0,2024-25,16,-0.14246403,0,1.9122788
10050.0,2024-25,17,-0.12662402,0,1.2817281
10050.0,2024-25,18,-0.076689176,0,0.83995515
10050.0,2024-25,19,0.048827447,0,0.69286734
10050.0,2024-25,20,0.048827447,0,0.7760224
10050.0,2024-25,21,0.035076384,0,0.80003077
10050.0,2024-25,22,0.035076384,0,0.79522115
10050.0,2024-25,23,0.035076384,0,0.7994255
10050.0,2024-25,24,-0.021403814,0,0.7994255
10050.0,2024-25,25,-0.021403814,0,0.7910243
10050.0,2024-25,26,-0.021403814,0,0.7725845
10050.0,2024-25,27,-0.021403814,0,0.76250273
10050.0,2024-25,28,0.44450897,1,0.7631892
10050.0,2024-25,29,0.01788166,0,1.1696995
10050.0,2024-25,30,1.2164301,2,0.9201073
10050.0,2024-25,31,0.085439004,0,1.2876328
10050.0,2024-25,32,0.11477793,0,0.84831935
10050.0,2024-25,33,2.3346353,0,0.7624708
10050.0,2024-25,34,-0.102040656,0,1.8494035
10050.0,2024-25,35,-0.102040656,0,1.1819451
10050.0,2024-25,36,-0.033759724,0,0.8279479
10050.0,2024-25,37,0.024630368,0,0.73762256
10050.0,2024-25,38,1.9157004,1,0.7616249
10120.0,2024-25,6,0.18071629,0,1.0316631
10120.0,2024-25,7,0.07016987,0,0.76954675
10120.0,2024-25,8,0.16001008,0,0.76128733
10120.0,2024-25,9,0.08782157,0,0.6080622
10120.0,2024-25,10,1.7711929,1,0.7963037
10120.0,2024-25,11,1.9373156,6,1.402585
10120.0,2024-25,12,1.7988402,0,1.7954668
10120.0,2024-25,13,0.3386839,0,2.2458894
10120.0,2024-25,14,0.4574088,0,1.2114807
10120.0,2024-25,15,0.1479066,0,0.6752459
10120.0,2024-25,16,-0.015448638,0,0.71920806
10120.0,2024-25,17,-0.0677245,0,0.9870365
10120.0,2024-25,18,0.056603245,0,0.87733585
10120.0,2024-25,19,0.056603245,0,0.87733585
10120.0,2024-25,20,2.680018,1,0.87580603
10120.0,2024-25,21,0.05138226,0,1.4946655
10120.0,2024-25,22,0.05138226,0,1.1569397
10120.0,2024-25,23,0.05138226,0,1.0384182
10120.0,2024-25,24,0.9490714,1,0.93016624
10120.0,2024-25,24,0.9490714,1,1.866739
10120.0,2024-25,24,2.564338,1,0.93016624
10120.0,2024-25,24,2.564338,1,1.866739
10120.0,2024-25,25,2.1546428,1,1.3073406
10120.0,2024-25,25,2.1546428,1,1.1345435
10120.0,2024-25,25,2.0472617,1,1.3073406
10120.0,2024-25,25,2.0472617,1,1.1345435
10120.0,2024-25,26,0.021444047,0,1.3050404
10120.0,2024-25,27,0.12047437,0,0.7622133
10120.0,2024-25,28,-0.06858389,0,0.7042628
10120.0,2024-25,29,0.021294283,0,0.7427784
10120.0,2024-25,30,0.023801835,0,0.7712191
10120.0,2024-25,31,1.7486206,4,0.8305828
10120.0,2024-25,32,1.7054462,9,1.8939396
10120.0,2024-25,33,2.61141,5,1.9338087
10120.0,2024-25,34,1.2052332,0,2.7125974
10120.0,2024-25,35,2.5606906,1,1.4357629
10120.0,2024-25,36,1.5661407,1,0.41755062
10120.0,2024-25,37,1.7663522,4,1.0361838
10120.0,2024-25,38,2.0979874,1,1.3986028
10187.0,2024-25,6,-0.011524788,0,0.72972184
10187.0,2024-25,7,-0.004671688,0,0.7994619
10187.0,2024-25,8,-0.0042290543,0,0.7968336
10187.0,2024-25,9,-0.0042290543,0,0.7932289
10187.0,2024-25,10,-0.021403814,0,0.7903597
10187.0,2024-25,11,-0.021403814,0,0.7825735
10187.0,2024-25,12,-0.021403814,0,0.7750253
10187.0,2024-25,13,0.6295941,1,0.77099645
10187.0,2024-25,14,1.182911,0,1.115981
10187.0,2024-25,15,-0.067332685,0,1.7357777
10187.0,2024-25,16,2.9621925,1,0.99454737
10187.0,2024-25,17,-0.12640807,0,1.3515879
10187.0,2024-25,18,-0.040592138,0,0.8616001
10187.0,2024-25,19,1.3430448,1,0.7381352
10187.0,2024-25,20,-0.057985347,0,1.781148
10187.0,2024-25,21,-0.057985347,0,1.022062
10187.0,2024-25,22,-0.110048294,0,0.8493702
10187.0,2024-25,23,0.09484982,0,0.7410858
10187.0,2024-25,24,0.09484982,0,0.7170291
10187.0,2024-25,25,2.971958,1,0.8049754
10187.0,2024-25,25,2.971958,1,1.4092847
10187.0,2024-25,25,1.4779879,1,0.8049754
10187.0,2024-25,25,1.4779879,1,1.4092847
10187.0,2024-25,26,1.3346654,1,1.480316
10187.0,2024-25,27,1.1560168,1,1.0979898
10187.0,2024-25,28,1.3305928,1,1.0808818
10187.0,2024-25,29,-0.0014273081,0,0.84898806
10187.0,2024-25,30,0.0031400183,0,0.84975773
10187.0,2024-25,31,0.0031400183,0,0.6564525
10187.0,2024-25,32,0.99798894,1,0.6713119
10187.0,2024-25,33,-0.10287469,0,0.70588565
10187.0,2024-25,34,-0.1317364,0,1.0691762
10187.0,2024-25,35,1.245033,-2,1.0275108
10187.0,2024-25,36,-0.052356523,0,1.8039695
10187.0,2024-25,37,1.4464351,1,1.3306242
10216.0,2024-25,6,1.6855017,2,1.140447
10216.0,2024-25,7,3.686972,5,1.4516943
10216.0,2024-25,8,3.3577785,1,2.159732
10216.0,2024-25,9,2.661873,4,2.2314637
10216.0,2024-25,10,3.9835558,8,2.3073945
10216.0,2024-25,11,4.270429,2,1.6752831
10216.0,2024-25,12,4.031192,1,1.715191
10216.0,2024-25,13,4.294118,2,1.0578412
10216.0,2024-25,14,2.8705924,1,0.9297974
10216.0,2024-25,15,2.2318172,1,1.808683
10216.0,2024-25,16,3.5729535,15,1.4662565
10216.0,2024-25,17,5.6232886,7,1.7030987
10216.0,2024-25,18,4.207924,6,2.072734
10216.0,2024-25,19,3.8369932,12,2.4674215
10216.0,2024-25,20,2.405191,2,3.2343884
10216.0,2024-25,21,4.0218787,6,2.970065
10216.0,2024-25,22,3.4779217,4,1.7467883
10216.0,2024-25,23,7.1599097,2,1.2532219
10216.0,2024-25,24,2.9124594,1,1.6044585
10216.0,2024-25,25,1.2964212,0,1.6063439
10216.0,2024-25,26,2.6334677,9,1.8602852
10216.0,2024-25,27,2.5997243,1,2.084318
10291.0,2024-25,6,1.8180773,2,0.37277082
10291.0,2024-25,7,-0.27006882,0,0.6932059
10291.0,2024-25,8,1.8977575,7,0.4185797
10291.0,2024-25,9,2.3033466,2,1.443211
10291.0,2024-25,10,2.6206548,2,1.4840406
10291.0,2024-25,11,1.519248,6,1.5833508
10291.0,2024-25,12,3.939994,6,2.065383
10291.0,2024-25,13,3.3096645,-1,2.080608
10291.0,2024-25,14,3.5472796,11,1.6088893
10291.0,2024-25,15,-0.061518673,0,1.5562085
10291.0,2024-25,16,0.7184728,7,1.0468469
10291.0,2024-25,17,1.7385105,7,1.5440934
10291.0,2024-25,18,1.8247929,1,1.6562897
10291.0,2024-25,19,3.7809188,1,1.7575523
10291.0,2024-25,20,1.060361,2,0.8900775
10291.0,2024-25,21,2.4859214,2,1.2270018
10291.0,2024-25,22,2.2611957,1,1.1634568
10291.0,2024-25,23,1.0992556,6,0.8736172
10291.0,2024-25,24,2.1241488,6,1.4993334
10291.0,2024-25,24,2.1241488,6,1.5539442
10291.0,2024-25,24,1.7872491,1,1.4993334
10291.0,2024-25,24,1.7872491,1,1.5539442
10291.0,2024-25,25,2.4687245,2,1.9704094
10291.0,2024-25,26,3.8130426,1,1.7818873
10291.0,2024-25,27,1.4072849,6,0.94922227
10291.0,2024-25,28,2.829397,2,1.050803
10291.0,2024-25,29,2.4366975,2,0.9314234
10291.0,2024-25,30,2.1917374,2,1.157488
10291.0,2024-25,31,-0.25287178,0,1.6551521
10291.0,2024-25,32,1.7892698,6,0.8620906
10291.0,2024-25,33,2.522979,1,1.4992114
10291.0,2024-25,34,1.3401346,2,0.74609
10291.0,2024-25,35,3.7829218,0,1.2910547
10291.0,2024-25,36,2.0343013,8,1.1073753
10291.0,2024-25,37,2.4596398,8,1.5976521
10291.0,2024-25,38,2.1891007,9,1.3807892
10292.0,2024-25,18,0.56519026,1,0.8066827
10292.0,2024-25,19,2.4049356,1,1.2244837
10292.0,2024-25,20,1.0681045,1,2.02724
10292.0,2024-25,21,0.16752636,0,2.0348458
10292.0,2024-25,22,2.031106,1,1.1879789
10292.0,2024-25,23,1.7358948,1,1.271811
10292.0,2024-25,24,1.5730062,1,1.3221403
10292.0,2024-25,25,-0.001974538,0,1.2039702
10292.0,2024-25,26,-0.0006382471,0,0.9206149
10292.0,2024-25,27,6.498184e-05,0,0.71746033
10292.0,2024-25,28,-0.020212071,0,0.704516
10292.0,2024-25,29,-0.01279264,0,0.700332
10292.0,2024-25,30,-0.0060753305,0,0.79034203
10292.0,2024-25,31,0.6580035,2,0.77109414
10292.0,2024-25,32,0.013635356,0,1.2914511
10292.0,2024-25,33,0.0050607393,0,0.9651757
10292.0,2024-25,34,1.3451128,2,0.7715255
10292.0,2024-25,35,1.8863851,3,1.0995996
10293.0,2024-25,6,1.8479748,1,0.124502584
10293.0,2024-25,7,1.5636296,0,0.67253834
10293.0,2024-25,8,1.4138029,0,1.0718626
10293.0,2024-25,9,1.7507166,0,1.216888
10293.0,2024-25,10,3.086291,2,0.53472614
10293.0,2024-25,11,2.823913,8,0.31853846
10293.0,2024-25,12,1.7292427,2,0.44865456
10293.0,2024-25,13,1.9095564,1,1.1782302
10293.0,2024-25,14,3.563777,1,1.411163
10293.0,2024-25,15,0.5933941,1,1.4738681
10293.0,2024-25,16,3.4873662,1,1.8762738
10293.0,2024-25,17,2.3934877,6,1.060645
10293.0,2024-25,18,3.1102462,8,1.1962123
10293.0,2024-25,19,2.037819,0,1.6183459
10293.0,2024-25,20,3.637756,0,1.2969662
10293.0,2024-25,21,0.9569249,0,0.7542271
10293.0,2024-25,22,1.3022671,0,0.5961771
10293.0,2024-25,23,1.4117628,0,0.690356
10293.0,2024-25,24,2.337161,7,0.7966736
10293.0,2024-25,25,1.0391556,1,1.5351249
10293.0,2024-25,26,1.2432783,6,1.7724267
10293.0,2024-25,27,2.3085067,1,2.0281832
10293.0,2024-25,28,3.8713443,2,2.0694897
10293.0,2024-25,29,3.9679806,2,1.4847518
10293.0,2024-25,30,2.3149266,6,1.733322
10293.0,2024-25,31,4.868035,2,1.4150227
10293.0,2024-25,32,3.019808,0,1.5823683
10293.0,2024-25,33,1.7693936,9,1.6447201
10293.0,2024-25,34,3.260916,5,1.6268733
10293.0,2024-25,35,1.4898015,2,1.7048175
10293.0,2024-25,36,2.9003904,1,2.0886722
10293.0,2024-25,37,2.1365914,-1,1.8320094
10293.0,2024-25,38,2.6707492,2,1.7639683
10564.0,2024-25,19,1.3794465,1,0.5649162
10564.0,2024-25,20,1.557198,1,0.87506366
10564.0,2024-25,21,2.5183969,2,1.4658188
10564.0,2024-25,22,2.6459146,0,2.6013536
10564.0,2024-25,23,2.2125173,1,1.1354877
10564.0,2024-25,24,2.5318024,1,1.1088439
10564.0,2024-25,25,-0.08620756,0,0.82056236
10564.0,2024-25,26,1.2517865,1,0.76473105
10564.0,2024-25,27,1.9785329,0,0.58878404
10564.0,2024-25,28,1.1066101,1,0.6344135
10564.0,2024-25,29,0.035545863,0,0.46988857
10564.0,2024-25,30,1.6565667,2,0.64274555
10564.0,2024-25,31,2.082691,5,1.2030218
10564.0,2024-25,32,1.2106712,-1,0.9491641
10564.0,2024-25,33,2.7891545,1,1.321402
10564.0,2024-25,34,1.6081321,2,0.85940444
10564.0,2024-25,35,2.0447485,0,1.2822293
10564.0,2024-25,36,2.0432982,1,0.9575718
10696.0,2024-25,6,3.5091307,0,1.9265766
10696.0,2024-25,7,2.0120738,1,0.91470164
10696.0,2024-25,8,2.842759,1,0.8495684
10696.0,2024-25,9,1.0829613,2,0.6909831
10696.0,2024-25,10,2.2440355,2,1.5841062
10696.0,2024-25,11,2.288995,8,1.6796693
10696.0,2024-25,12,2.667351,2,1.2534238
10696.0,2024-25,13,2.657272,1,1.242148
10696.0,2024-25,14,1.2911886,1,1.1531154
10696.0,2024-25,15,3.4596267,1,1.681223
10696.0,2024-25,16,0.6650431,2,1.0848522
10696.0,2024-25,17,2.05678,1,1.7636861
10696.0,2024-25,18,2.952669,1,1.1536814
10696.0,2024-25,19,1.7918917,1,1.2726681
10696.0,2024-25,20,1.9415125,1,1.4021819
10696.0,2024-25,21,2.1612487,2,1.3437587
10696.0,2024-25,22,3.6441205,1,1.2489763
10696.0,2024-25,23,2.3722565,6,0.9546376
10696.0,2024-25,24,3.0391486,2,1.0883567
10696.0,2024-25,25,1.2113628,2,1.1446766
10696.0,2024-25,26,1.2342092,1,1.2965074
10696.0,2024-25,27,1.8578234,0,1.3379946
10696.0,2024-25,28,1.0933233,2,1.0419488
10696.0,2024-25,29,1.8152374,6,0.88830215
10696.0,2024-25,30,2.247555,2,0.6226178
10696.0,2024-25,31,3.2322266,7,1.4387726
10696.0,2024-25,32,1.6390347,0,1.9065745
10696.0,2024-25,33,3.3481128,2,1.7005575
10696.0,2024-25,34,1.8002185,2,1.2840264
10696.0,2024-25,35,0.15650092,0,1.4046353
10696.0,2024-25,36,2.1304357,1,1.0211046
10696.0,2024-25,37,1.6659795,1,1.1831802
10696.0,2024-25,38,1.5786682,1,1.4190302
10721.0,2024-25,8,1.9599662,1,0.63715535
10721.0,2024-25,9,2.897341,1,0.5115565
10721.0,2024-25,10,2.5791326,1,0.6472755
10721.0,2024-25,11,2.2032385,1,1.4223627
10721.0,2024-25,12,2.485224,6,1.7074724
10721.0,2024-25,13,2.5294633,2,0.6697089
10721.0,2024-25,14,1.5681493,1,0.81933486
10721.0,2024-25,15,1.9652666,0,0.9955029
10721.0,2024-25,16,0.59277683,1,1.6260391
10721.0,2024-25,17,0.28920156,0,1.7321619
10721.0,2024-25,18,-0.06048548,0,1.2298018
10721.0,2024-25,19,1.0461835,1,0.13224313
10721.0,2024-25,20,1.696752,10,0.5757233
10721.0,2024-25,21,2.5501237,1,1.0158113
10721.0,2024-25,22,1.5338312,1,1.8704809
10721.0,2024-25,23,1.8745694,2,1.3286995
10721.0,2024-25,24,1.9651182,1,1.464214
10721.0,2024-25,25,1.7352167,1,1.3489438
10721.0,2024-25,26,0.7723285,0,1.2554761
10721.0,2024-25,27,0.25868475,0,1.1471906
10721.0,2024-25,28,0.23315158,0,0.6398793
10721.0,2024-25,29,1.5937992,1,0.58998746
10721.0,2024-25,30,1.3643526,1,1.2128699
10721.0,2024-25,31,2.1843545,5,2.0130835
10721.0,2024-25,32,1.2119155,2,1.6308036
10721.0,2024-25,33,2.2750418,1,1.5170301
10721.0,2024-25,34,2.4285595,6,1.8934506
10721.0,2024-25,35,3.8709621,1,1.5998926
10721.0,2024-25,36,3.020375,6,1.6664878
10721.0,2024-25,37,1.7210681,0,1.1780041
10721.0,2024-25,38,2.2233653,2,1.687667
10747.0,2024-25,20,2.9747221,6,1.3154439
10747.0,2024-25,21,1.9023052,1,0.7769132
10747.0,2024-25,22,-0.18627524,0,0.49873307
10747.0,2024-25,23,0.10743426,0,0.60650814
10747.0,2024-25,24,0.0390873,0,0.40074047
10747.0,2024-25,25,0.02018766,0,0.726484
10747.0,2024-25,26,2.7668135,1,0.85046107
10747.0,2024-25,27,2.0426478,1,1.5321779
10747.0,2024-25,28,1.8003808,1,1.6595184
10747.0,2024-25,29,1.7779126,0,1.8676426
10747.0,2024-25,30,0.119018346,0,1.3617045
10747.0,2024-25,31,1.9103765,1,0.9035726
10758.0,2024-25,6,-0.059815597,0,0.76366633
10758.0,2024-25,7,-0.02313819,0,0.76956666
10758.0,2024-25,8,-0.013017858,0,0.77985346
10758.0,2024-25,9,-0.013017858,0,0.781337
10758.0,2024-25,10,-0.021403814,0,0.7811697
10758.0,2024-25,11,-0.021403814,0,0.77536577
10758.0,2024-25,12,-0.021403814,0,0.7686534
10758.0,2024-25,13,-0.021403814,0,0.76599723
10758.0,2024-25,14,-0.021403814,0,0.76757926
10758.0,2024-25,15,-0.021403814,0,0.77201265
10758.0,2024-25,16,-0.021403814,0,0.77201265
10758.0,2024-25,17,0.62526804,1,0.77201265
10758.0,2024-25,18,0.0314226,0,1.2357464
10758.0,2024-25,19,0.8821655,1,1.124642
10758.0,2024-25,20,0.020636613,0,0.990197
10758.0,2024-25,21,0.020636613,0,0.7300015
10758.0,2024-25,22,0.020636613,0,0.5964453
10758.0,2024-25,23,-0.010131297,0,0.740766
10758.0,2024-25,24,-0.010131297,0,0.7505274
10758.0,2024-25,25,-0.0034139876,0,0.77882344
10758.0,2024-25,26,-0.0034139876,0,0.77882344
10758.0,2024-25,27,-0.0034139876,0,0.77782017
10758.0,2024-25,28,-0.021403814,0,0.7759232
10758.0,2024-25,29,-0.021403814,0,0.77236134
10758.0,2024-25,30,-0.021403814,0,0.7695605
10758.0,2024-25,31,-0.021403814,0,0.76937777
10758.0,2024-25,32,-0.021403814,0,0.7698492
10758.0,2024-25,33,0.33027762,1,0.77201265
10764.0,2024-25,6,1.0714644,0,0.648832
10764.0,2024-25,7,-0.07113315,0,1.0224767
10764.0,2024-25,8,-0.010931867,0,0.93381333
10764.0,2024-25,9,-0.010931867,0,0.82765365
10764.0,2024-25,10,-0.02374439,0,0.77797025
10764.0,2024-25,11,-0.02374439,0,0.774664
10764.0,2024-25,12,1.0176961,1,0.7924953
10764.0,2024-25,13,0.014314923,0,1.2777234
10764.0,2024-25,14,0.014314923,0,1.1714151
10764.0,2024-25,15,0.0314226,0,0.8451007
10764.0,2024-25,16,0.7527483,9,0.68641096
10764.0,2024-25,17,3.0834613,-1,2.2856991
10764.0,2024-25,18,3.0014825,-1,2.5188134
10764.0,2024-25,19,0.19109619,0,1.9036202
10764.0,2024-25,20,1.3722758,1,0.32157174
10764.0,2024-25,21,0.46737087,1,0.07610705
10764.0,2024-25,22,2.3531163,1,0.59552175
10764.0,2024-25,23,0.023295866,0,1.2655745
10764.0,2024-25,24,1.8576957,9,0.8150092
10764.0,2024-25,25,2.8331378,9,1.1087751
10764.0,2024-25,26,3.8040822,8,0.67552704
10764.0,2024-25,27,3.3227968,1,1.3105769
10764.0,2024-25,28,2.643825,1,1.1692032
10764.0,2024-25,29,3.3082652,1,0.93609583
10764.0,2024-25,30,2.0822098,1,1.2057667
10764.0,2024-25,31,2.688894,5,1.1424731
10764.0,2024-25,32,3.1616697,-2,1.3710737
10764.0,2024-25,33,3.540328,1,1.2085855
10764.0,2024-25,34,0.8643924,0,1.9463493
10764.0,2024-25,35,2.0207753,2,1.2265118
10764.0,2024-25,36,1.714689,1,1.8040296
10764.0,2024-25,37,1.146966,1,1.9227244
10764.0,2024-25,38,2.1821048,0,1.710314
10802.0,2024-25,6,4.678573,0,1.9627358
10802.0,2024-25,7,0.6208386,0,1.1792789
10802.0,2024-25,8,3.1039793,2,0.7319782
10802.0,2024-25,9,1.581395,1,2.1637933
10802.0,2024-25,10,2.754208,1,2.3005676
10802.0,2024-25,11,2.588153,6,2.808173
10802.0,2024-25,12,0.0158803,0,1.7358643
10802.0,2024-25,13,2.403799,5,1.4787269
10802.0,2024-25,14,-0.10189835,0,1.2264663
10802.0,2024-25,15,3.6530926,1,1.0622168
10802.0,2024-25,16,0.87097347,6,0.77594453
10802.0,2024-25,17,2.0939736,1,1.1091546
10802.0,2024-25,18,5.8505645,1,1.1187576
10802.0,2024-25,19,2.283241,0,1.7386538
10802.0,2024-25,20,1.4353465,7,1.3254386
10802.0,2024-25,21,2.7507403,1,0.99136966
10802.0,2024-25,22,0.5357667,0,1.0525415
10802.0,2024-25,23,3.2559838,15,0.98906463
10802.0,2024-25,24,2.6077352,2,1.0598533
10803.0,2024-25,19,-0.12724228,0,0.85058296
10803.0,2024-25,20,-0.11624398,0,0.7617427
10803.0,2024-25,21,-0.041643243,0,0.68560845
10803.0,2024-25,22,-0.041643243,0,0.6893865
10803.0,2024-25,23,1.8418753,1,0.81750137
10805.0,2024-25,6,1.5985274,1,1.3596517
10805.0,2024-25,7,2.985336,1,1.417934
10805.0,2024-25,8,2.7318003,1,1.1607919
10805.0,2024-25,9,2.1998267,2,1.691888
10805.0,2024-25,10,2.504678,2,1.4965003
10805.0,2024-25,11,1.6897199,1,1.3062469
10805.0,2024-25,12,3.8553343,2,1.3055091
10805.0,2024-25,13,2.7963722,6,1.0838988
10805.0,2024-25,14,-0.31227922,0,1.320494
10805.0,2024-25,15,2.7407556,1,0.85077894
10805.0,2024-25,16,3.6452696,2,0.9118856
10805.0,2024-25,17,2.3632388,6,0.7884168
10805.0,2024-25,18,2.4627528,4,0.81266636
10805.0,2024-25,19,2.3755393,0,1.2999231
10805.0,2024-25,20,2.1888688,1,1.1734866
10805.0,2024-25,21,1.6281399,1,1.5336144
10805.0,2024-25,22,-0.08215313,0,1.5400969
10805.0,2024-25,23,1.4240364,0,1.0524832
10805.0,2024-25,24,1.9346044,2,0.72602564
10805.0,2024-25,25,1.9058129,1,0.67083985
10805.0,2024-25,26,2.681378,1,0.6218563
10805.0,2024-25,27,3.256886,14,1.503332
10805.0,2024-25,28,2.565242,6,0.92987037
10805.0,2024-25,29,0.93340254,1,0.9132203
10805.0,2024-25,30,2.2901149,6,1.1942655
10805.0,2024-25,31,0.1316918,0,1.2710251
10805.0,2024-25,32,4.7044606,1,1.2917489
10805.0,2024-25,33,3.79305,1,0.84549075
10805.0,2024-25,34,2.572174,6,0.5815622
10805.0,2024-25,35,1.1390275,2,0.87795013
10805.0,2024-25,36,1.910439,0,2.8573174
10805.0,2024-25,37,2.818002,6,2.3290963
10805.0,2024-25,38,2.4122121,15,1.5163583
10807.0,2024-25,6,-0.2660374,0,1.4719762
10807.0,2024-25,7,-0.01583294,0,1.3573366
10807.0,2024-25,8,1.8619841,1,0.57087266
10807.0,2024-25,9,2.3447707,1,0.5380669
10807.0,2024-25,10,1.2549812,1,0.3355108
10807.0,2024-25,11,2.2410712,1,2.0712614
10807.0,2024-25,12,1.5745331,1,1.7213155
10807.0,2024-25,13,3.333692,2,1.4415945
10807.0,2024-25,14,1.5159763,1,1.3186452
10807.0,2024-25,15,2.4429097,1,1.582764
10807.0,2024-25,16,1.6592325,1,1.0055398
10807.0,2024-25,17,1.9471563,2,1.0635077
10807.0,2024-25,18,2.9189434,9,1.4057804
10807.0,2024-25,19,2.3208797,1,2.701426
10807.0,2024-25,20,1.59616,2,1.4805341
10807.0,2024-25,21,3.4701495,7,1.6395503
10807.0,2024-25,22,2.0511448,2,2.1300511
10807.0,2024-25,23,1.9111449,2,2.659393
10807.0,2024-25,24,3.0458941,-1,1.6786643
10807.0,2024-25,25,0.70216435,6,1.6014298
10807.0,2024-25,26,3.2713666,7,1.8659948
10807.0,2024-25,27,3.4901674,1,1.6212388
10807.0,2024-25,28,2.4556437,9,1.2072176
10807.0,2024-25,29,1.9306749,1,1.1354207
10807.0,2024-25,30,4.237434,1,1.789495
10807.0,2024-25,31,1.7378399,-2,2.154287
10807.0,2024-25,32,-0.12287003,0,2.042484
10807.0,2024-25,33,2.7123973,-1,1.3006401
10807.0,2024-25,34,0.9247882,0,1.474639
10807.0,2024-25,35,3.4628775,2,0.9427014
10807.0,2024-25,36,2.4777284,7,1.5222981
10807.0,2024-25,37,2.2232513,1,1.7120862
10807.0,2024-25,38,3.4161415,2,1.41034
10847.0,2024-25,6,1.6548638,2,1.6419121
10847.0,2024-25,7,2.69706,4,2.5929363
10847.0,2024-25,8,2.6168761,2,1.6329806
10847.0,2024-25,9,4.41869,6,1.5451312
10847.0,2024-25,10,2.8588896,1,2.1619508
10847.0,2024-25,11,3.498003,0,1.7521027
10847.0,2024-25,12,2.0009377,0,2.0231385
10847.0,2024-25,13,1.0729144,1,1.5213262
10847.0,2024-25,14,2.9547,1,1.2994639
10847.0,2024-25,15,0.7881312,4,1.0043814
10847.0,2024-25,16,0.09940553,0,0.7858519
10847.0,2024-25,17,1.9764754,0,1.057934
10847.0,2024-25,18,3.914137,2,1.7737182
10847.0,2024-25,19,2.877003,6,1.3800895
10847.0,2024-25,20,2.3702972,2,1.0243912
10847.0,2024-25,21,0.20647976,0,1.806455
10847.0,2024-25,22,2.6281354,1,1.2275499
10847.0,2024-25,23,0.11023348,0,0.96441466
10847.0,2024-25,24,-0.022315897,0,0.7260825
10847.0,2024-25,25,1.7595936,6,0.7811118
10847.0,2024-25,26,1.5550244,1,1.9611465
10847.0,2024-25,27,0.3714187,0,1.7488192
10847.0,2024-25,28,2.6682494,1,1.3986028
10847.0,2024-25,29,2.616769,1,1.1180905
10847.0,2024-25,30,2.8993366,1,1.7120155
10847.0,2024-25,31,1.4676862,1,0.90594685
10847.0,2024-25,32,2.6397243,1,1.2812082
10847.0,2024-25,33,-0.022658631,0,1.1176497
10847.0,2024-25,34,-0.18932016,0,1.0650061
10847.0,2024-25,35,3.2913828,1,0.7337319
10847.0,2024-25,36,2.3512697,6,0.8666223
10856.0,2024-25,26,0.65784,0,0.9996099
10856.0,2024-25,27,0.19403674,0,0.98367935
10856.0,2024-25,28,2.9775314,2,0.65785295
10856.0,2024-25,29,2.2689116,2,1.1116965
10856.0,2024-25,30,2.1996279,6,1.1389769
10856.0,2024-25,31,4.4158816,2,1.4714607
10856.0,2024-25,32,3.4129217,1,1.8182634
10856.0,2024-25,33,2.060258,7,1.5509034
10856.0,2024-25,34,3.5743258,6,2.0266554
10856.0,2024-25,35,2.6116273,2,1.3982317
10856.0,2024-25,36,3.458293,1,1.545904
10856.0,2024-25,37,2.3832586,5,1.5326296
10856.0,2024-25,38,2.564032,2,1.1551942
10864.0,2024-25,7,2.655845,1,0.59147674
10864.0,2024-25,8,1.0682229,9,0.45762363
10864.0,2024-25,9,2.9240956,2,0.71216387
10864.0,2024-25,10,2.7787423,2,1.6926361
10864.0,2024-25,11,2.705662,0,1.4242207
10864.0,2024-25,12,3.257412,1,2.5824735
10864.0,2024-25,13,2.7416189,1,1.3649448
10864.0,2024-25,14,0.3148155,0,0.9193199
10864.0,2024-25,15,0.23703666,0,0.915821
10864.0,2024-25,16,0.19688727,0,1.1226568
10864.0,2024-25,17,-0.013236138,0,0.69185
10864.0,2024-25,18,0.026744824,0,0.9487563
10864.0,2024-25,19,-0.014414413,0,1.1439817
10864.0,2024-25,20,-0.012922226,0,0.99252456
10864.0,2024-25,21,-0.033217575,0,0.9005416
10864.0,2024-25,22,-0.021403814,0,0.8052512
10864.0,2024-25,23,-0.021403814,0,0.73926276
10864.0,2024-25,24,-0.021403814,0,0.73304075
10864.0,2024-25,25,-0.021403814,0,0.77044636
10864.0,2024-25,26,-0.021403814,0,0.76900965
10864.0,2024-25,27,-0.021403814,0,0.77201265
10864.0,2024-25,28,-0.021403814,0,0.77201265
10864.0,2024-25,29,-0.021403814,0,0.77201265
10864.0,2024-25,30,1.3279521,1,0.77201265
10864.0,2024-25,31,1.3922098,1,1.1916968
10864.0,2024-25,32,1.1490753,0,1.2772255
10864.0,2024-25,33,-0.05629301,0,1.6136619
10864.0,2024-25,34,2.5183156,1,1.0342537
10864.0,2024-25,35,0.013693113,0,1.270571
10864.0,2024-25,36,2.0467658,1,0.8793594
10864.0,2024-25,37,0.041523043,0,0.98864883
10864.0,2024-25,38,2.9922552,6,0.9089789
10945.0,2024-25,10,2.7570772,1,1.3388242
10945.0,2024-25,11,2.465216,6,0.84702563
10945.0,2024-25,12,-0.05559925,0,0.8334319
10945.0,2024-25,13,-0.039044853,0,0.91529936
10945.0,2024-25,14,2.6687589,0,0.8242021
10945.0,2024-25,15,0.8756446,1,1.8034403
10945.0,2024-25,16,3.6889775,1,1.5458051
10945.0,2024-25,17,2.4419682,6,1.4291142
10945.0,2024-25,18,3.2852533,6,1.1838335
10945.0,2024-25,19,1.6687338,1,1.0443472
10945.0,2024-25,20,2.8354156,1,1.648889
10945.0,2024-25,21,1.4356691,1,1.4581107
10945.0,2024-25,22,1.6286751,1,1.6547215
10945.0,2024-25,23,1.7473967,2,1.425524
10945.0,2024-25,24,3.8532624,1,0.7959476
10945.0,2024-25,25,0.6997367,1,0.2683757
10945.0,2024-25,26,0.8521652,7,0.43945235
10945.0,2024-25,27,1.6111176,0,1.109692
10945.0,2024-25,28,3.1709225,1,1.37141
10945.0,2024-25,29,2.38326,1,0.79756457
10945.0,2024-25,30,2.3247116,1,1.091272
10945.0,2024-25,31,1.4923724,1,1.1910313
10945.0,2024-25,32,2.2518897,0,0.7136077
10945.0,2024-25,33,1.3590467,6,0.93881494
10945.0,2024-25,34,3.4780364,1,1.4965812
10945.0,2024-25,35,1.797476,1,0.8983187
10945.0,2024-25,36,-0.11641196,0,0.94171035
10945.0,2024-25,37,0.007888704,0,0.70414215
10945.0,2024-25,38,1.498454,1,0.6242619
11281.0,2024-25,29,-0.079948746,0,1.1968809
11281.0,2024-25,30,-0.0050455625,0,0.8437527
11281.0,2024-25,31,1.3132975,1,0.8881925
11281.0,2024-25,32,0.69736886,1,1.112535
11281.0,2024-25,33,1.6845965,1,1.2396712
11281.0,2024-25,34,2.0288208,6,1.459669
11281.0,2024-25,35,3.2426734,5,1.3146251
11281.0,2024-25,36,4.7584357,5,1.9706218
11281.0,2024-25,37,2.7572613,2,2.977963
11281.0,2024-25,38,3.1917176,2,1.531643
11359.0,2024-25,14,1.3790995,0,0.8291795
11359.0,2024-25,15,1.0165423,1,1.754776
11359.0,2024-25,16,-0.12631755,0,1.3397269
11359.0,2024-25,17,2.0026696,1,0.8830952
11359.0,2024-25,18,2.165553,1,0.79918045
11359.0,2024-25,19,1.7574042,1,1.0490522
11359.0,2024-25,20,3.2278855,1,2.41384
11359.0,2024-25,21,2.321251,1,2.4166138
11359.0,2024-25,22,3.2143123,1,1.5651189
11359.0,2024-25,23,1.3016324,4,0.62390894
11359.0,2024-25,24,1.8800318,2,0.101357676
11359.0,2024-25,25,1.3377198,1,0.3876048
11359.0,2024-25,26,1.8636677,0,0.517717
11359.0,2024-25,27,1.1586707,0,0.84604686
11359.0,2024-25,28,0.09458812,0,0.8077173
11359.0,2024-25,29,-0.09121764,0,0.49841997
11359.0,2024-25,30,-0.05603664,0,0.38375238
11359.0,2024-25,31,-0.024556562,0,0.6149535
11359.0,2024-25,32,-0.052248765,0,0.9100262
11359.0,2024-25,33,0.012419576,0,1.0502586
11359.0,2024-25,34,1.1981328,1,0.94796175
11359.0,2024-25,35,0.019191362,0,1.3935348
11359.0,2024-25,36,1.3599718,6,1.0513225
11359.0,2024-25,37,1.8587506,1,1.6606532
11367.0,2024-25,6,1.8621206,0,1.1281887
11367.0,2024-25,7,2.6029603,6,1.4110775
11367.0,2024-25,8,2.7207885,0,0.9096339
11367.0,2024-25,9,-0.058362722,0,1.0642164
11367.0,2024-25,10,2.0430431,2,0.7778873
11367.0,2024-25,11,1.9375758,-1,0.77353376
11367.0,2024-25,12,2.7474532,1,0.7008333
11367.0,2024-25,13,0.28259152,0,0.6663293
11367.0,2024-25,14,2.8748684,5,0.3828601
11367.0,2024-25,15,2.454101,1,0.36409035
11367.0,2024-25,16,2.0293462,0,0.36560407
11367.0,2024-25,17,2.9799893,1,0.559107
11367.0,2024-25,18,1.1541803,1,0.79714406
11367.0,2024-25,19,2.2014518,1,0.79698336
11367.0,2024-25,20,0.101775385,0,0.5706648
11367.0,2024-25,21,2.5260239,1,0.49707016
11367.0,2024-25,22,1.9280888,1,0.5811785
11367.0,2024-25,23,1.1965208,2,0.35784033
11367.0,2024-25,24,2.730413,0,0.63768286
11367.0,2024-25,25,1.74095,1,0.86506605
11367.0,2024-25,26,1.7694055,0,0.3587142
11367.0,2024-25,27,1.8487498,1,0.4949943
11367.0,2024-25,28,0.7329277,2,0.13640842
11367.0,2024-25,29,2.5148818,1,0.35963008
11367.0,2024-25,30,1.6384486,0,0.39853778
11367.0,2024-25,31,1.8999661,0,0.39413363
11367.0,2024-25,32,-0.19541298,0,0.20168579
11367.0,2024-25,33,-0.062585264,0,0.11864279
11367.0,2024-25,34,-0.21322237,0,0.2969467
11367.0,2024-25,35,-0.0005739579,0,0.58716655
11367.0,2024-25,36,1.8153331,1,0.895806
11367.0,2024-25,37,-0.060450543,0,1.5232121
11367.0,2024-25,38,1.946144,1,1.0031655
11486.0,2024-25,6,3.0278761,2,1.7986081
11486.0,2024-25,7,2.3329182,2,1.3506103
11486.0,2024-25,8,1.4593949,6,1.2287375
11486.0,2024-25,9,2.7954051,2,1.269276
11486.0,2024-25,10,2.2126975,2,1.7726676
11486.0,2024-25,11,2.8584614,0,2.1270592
11486.0,2024-25,12,2.651122,1,2.165461
11486.0,2024-25,13,3.324862,0,1.4815907
11486.0,2024-25,14,1.5625354,6,1.2974203
11486.0,2024-25,15,2.4922895,4,1.5901295
11486.0,2024-25,16,3.8825493,2,1.6323973
11486.0,2024-25,17,2.6682062,6,1.3894604
11486.0,2024-25,18,2.106973,6,2.0076253
11486.0,2024-25,19,2.8671641,1,2.0585093
11486.0,2024-25,20,3.4383934,7,1.9013605
11486.0,2024-25,21,2.5417547,1,1.5262504
11486.0,2024-25,22,1.3378323,2,1.4682949
11486.0,2024-25,23,4.023984,5,1.1919962
11486.0,2024-25,24,1.2287966,1,1.6549249
11486.0,2024-25,25,1.296147,2,1.8932939
11486.0,2024-25,26,1.9312738,-2,1.4896005
11486.0,2024-25,27,-0.13742892,0,0.9934977
11486.0,2024-25,28,0.29405102,0,0.82491726
11486.0,2024-25,29,1.9300172,1,0.47423926
11486.0,2024-25,30,2.7360938,1,1.7124382
11486.0,2024-25,31,2.3449044,1,1.5535904
11486.0,2024-25,32,1.3573512,1,1.5624486
11486.0,2024-25,33,1.3471743,9,1.2825595
11486.0,2024-25,34,3.3453393,2,1.8725518
11486.0,2024-25,35,1.9262047,2,1.5044769
11486.0,2024-25,36,2.205843,1,1.8256062
11486.0,2024-25,37,1.8379135,1,1.9212474
11486.0,2024-25,38,3.1326613,11,1.8592026
11707.0,2024-25,6,2.4101489,4,2.0532403
11707.0,2024-25,7,-0.2072336,0,2.3328469
11707.0,2024-25,8,-0.13364775,0,1.0480099
11707.0,2024-25,9,2.0261314,2,0.27409157
11707.0,2024-25,10,1.9511176,1,0.5855675
11707.0,2024-25,11,1.5120149,2,0.895301
11707.0,2024-25,12,2.571199,6,2.3852084
11707.0,2024-25,13,1.6423581,1,1.6483332
11707.0,2024-25,14,3.1974275,14,1.6481606
11707.0,2024-25,15,3.7401855,2,1.4367439
11707.0,2024-25,16,2.8802862,6,1.4704292
11707.0,2024-25,17,4.684427,1,0.96628493
11707.0,2024-25,18,3.5770447,9,1.3899599
11707.0,2024-25,19,2.9229743,1,1.4830929
11707.0,2024-25,20,0.7925361,0,1.7528043
11707.0,2024-25,21,2.738691,2,1.169757
11707.0,2024-25,22,1.5568353,1,1.8013767
11707.0,2024-25,23,3.0833232,5,1.6676127
11707.0,2024-25,24,1.5387388,1,1.473576
11707.0,2024-25,25,2.186851,6,1.3122689
11707.0,2024-25,26,2.9254768,2,2.0287871
11707.0,2024-25,27,1.6399657,6,1.5428321
11707.0,2024-25,28,2.8882139,5,1.7075144
11707.0,2024-25,29,0.79175824,9,2.5351908
11707.0,2024-25,30,2.4374545,7,2.1532915
11707.0,2024-25,31,2.6633961,1,2.1068041
11707.0,2024-25,32,4.321402,1,2.8965752
11707.0,2024-25,33,3.086696,4,2.0254188
11709.0,2024-25,6,3.3401535,1,1.4546915
11709.0,2024-25,7,3.329801,2,1.1131636
11709.0,2024-25,8,1.8148433,7,0.97141016
11709.0,2024-25,9,2.4540653,2,0.93023056
11709.0,2024-25,10,2.5213776,10,1.1432437
11709.0,2024-25,11,2.7222004,1,1.3486782
11709.0,2024-25,12,3.0980356,1,1.6538764
11709.0,2024-25,13,3.385575,7,1.3537842
11709.0,2024-25,14,2.0852435,8,2.05446
11709.0,2024-25,15,4.3132954,2,2.1757448
11709.0,2024-25,16,4.617158,2,2.3475542
11709.0,2024-25,17,2.814178,6,1.3244128
11709.0,2024-25,18,2.3920026,6,1.5461819
11709.0,2024-25,19,3.533042,1,1.9822236
11709.0,2024-25,20,3.3371317,12,2.566925
11709.0,2024-25,21,3.5063481,1,2.0424461
11709.0,2024-25,22,2.3114963,7,1.1557324
11709.0,2024-25,23,4.172724,6,1.8516054
11709.0,2024-25,24,1.9031475,1,1.9092739
11709.0,2024-25,25,2.6747906,2,1.3217195
11709.0,2024-25,26,1.7935992,1,1.3192254
11709.0,2024-25,27,1.5707016,4,0.83122766
11709.0,2024-25,28,2.0429568,4,1.34756
11709.0,2024-25,29,1.4342071,4,1.311905
11709.0,2024-25,30,3.9182773,1,1.340587
11709.0,2024-25,31,3.5814228,1,1.0118966
11709.0,2024-25,32,2.0632577,6,1.167029
11709.0,2024-25,33,0.9343841,8,2.0004458
11709.0,2024-25,34,2.717223,2,1.9554331
11709.0,2024-25,35,2.3283179,2,1.2422115
11709.0,2024-25,36,3.2934396,2,1.6988221
11709.0,2024-25,37,2.395827,1,1.2832934
11709.0,2024-25,38,4.043747,6,1.5285243
11728.0,2024-25,6,2.3312676,6,1.5291673
11728.0,2024-25,7,1.0090872,0,1.5424441
11728.0,2024-25,8,5.1737804,0,1.934161
11728.0,2024-25,9,2.2476249,2,1.5240794
11728.0,2024-25,10,2.148456,2,1.7296172
11728.0,2024-25,11,2.1300986,6,1.5109774
11728.0,2024-25,12,2.8218598,-1,1.6278492
11728.0,2024-25,13,1.9783434,2,1.1048508
11728.0,2024-25,14,2.5486634,2,1.7005794
11728.0,2024-25,15,1.3417077,1,1.4946564
11728.0,2024-25,16,-0.36698458,0,1.7018315
11728.0,2024-25,17,3.1812284,6,0.944452
11728.0,2024-25,18,1.2498442,2,1.1427267
11728.0,2024-25,19,2.0578527,1,0.8699501
11728.0,2024-25,20,3.1865451,1,1.3642527
11728.0,2024-25,21,2.1417046,1,1.4989759
11728.0,2024-25,22,2.073373,6,1.6852356
11728.0,2024-25,23,3.1229384,2,1.4661465
11728.0,2024-25,24,2.1645198,2,1.3306867
11728.0,2024-25,25,2.9667988,8,2.2640698
11728.0,2024-25,26,1.9823049,1,2.0382547
11728.0,2024-25,27,2.5146933,1,2.2964747
11728.0,2024-25,28,3.0633745,1,1.5641996
11728.0,2024-25,29,2.085586,6,1.4311359
11728.0,2024-25,30,-0.07572836,0,1.5597614
11728.0,2024-25,31,1.9364063,1,1.1085869
11728.0,2024-25,32,2.0307827,2,1.5486395
11728.0,2024-25,33,2.8427737,0,1.3819057
11728.0,2024-25,34,2.5951402,2,1.1347495
11728.0,2024-25,35,1.277491,1,1.3912194
11728.0,2024-25,36,1.8583916,1,1.5777162
11728.0,2024-25,37,1.3188232,1,1.4341682
11745.0,2024-25,6,0.0274708,0,1.2018168
11745.0,2024-25,7,-0.006144142,0,0.5905142
11745.0,2024-25,8,1.3695905,1,0.5756566
11745.0,2024-25,9,2.237526,0,1.0908072
11745.0,2024-25,10,-0.008639669,0,0.8988279
11745.0,2024-25,11,1.5098099,1,0.85973823
11745.0,2024-25,12,-0.0046917475,0,1.0631293
11745.0,2024-25,13,0.009411783,0,0.87080556
11745.0,2024-25,14,0.0015670817,0,0.7996413
11745.0,2024-25,15,-0.018512929,0,0.76736706
11745.0,2024-25,16,-0.018512929,0,0.76585674
11745.0,2024-25,17,0.01127025,0,0.81060654
11745.0,2024-25,18,-0.0034139876,0,0.801933
11745.0,2024-25,19,-0.0034139876,0,0.79162174
11745.0,2024-25,20,-0.021403814,0,0.7832584
11745.0,2024-25,21,-0.021403814,0,0.7775668
11745.0,2024-25,22,-0.021403814,0,0.7741893
11745.0,2024-25,23,-0.021403814,0,0.77110785
11745.0,2024-25,24,-0.021403814,0,0.77086693
11745.0,2024-25,25,-0.021403814,0,0.77201265
11745.0,2024-25,26,-0.021403814,0,0.77201265
11745.0,2024-25,27,-0.021403814,0,0.77201265
11745.0,2024-25,28,-0.021403814,0,0.77201265
11745.0,2024-25,29,-0.021403814,0,0.77201265
11745.0,2024-25,30,-0.021403814,0,0.77201265
11745.0,2024-25,31,-0.021403814,0,0.77201265
11745.0,2024-25,32,-0.021403814,0,0.77201265
11745.0,2024-25,33,0.37043896,1,0.77201265
11745.0,2024-25,34,-0.14190927,0,1.0613041
11745.0,2024-25,35,0.78417826,2,0.87476104
11745.0,2024-25,36,1.4819832,1,1.4586815
11745.0,2024-25,37,1.2749212,0,1.0285258
11763.0,2024-25,28,2.031967,2,1.3473217
11763.0,2024-25,29,2.4315023,-1,1.8848578
11763.0,2024-25,30,3.0488882,0,1.8041188
11763.0,2024-25,31,1.4141533,0,1.1144346
11763.0,2024-25,32,2.543097,0,0.6916678
11763.0,2024-25,33,1.3054726,0,0.76624435
11763.0,2024-25,33,1.3054726,0,0.8951543
11763.0,2024-25,33,2.2315245,0,0.76624435
11763.0,2024-25,33,2.2315245,0,0.8951543
11763.0,2024-25,34,0.12559243,0,0.9333102
11763.0,2024-25,35,2.6038644,0,0.75334036
11763.0,2024-25,36,3.4770715,0,0.84626055
11763.0,2024-25,37,0.6556452,0,0.75426275
11763.0,2024-25,38,0.5836303,0,0.82210845
11807.0,2024-25,6,3.329974,1,1.1496674
11807.0,2024-25,7,2.432684,1,0.9052302
11807.0,2024-25,8,0.004891926,0,0.90815586
11807.0,2024-25,9,1.5342543,1,0.8695459
11807.0,2024-25,10,0.0026165922,0,1.6074063
11807.0,2024-25,11,1.9050233,1,1.390212
11807.0,2024-25,12,2.2254336,0,1.2611729
11807.0,2024-25,13,-0.07735803,0,1.5093056
11807.0,2024-25,14,3.151479,1,1.5542332
11807.0,2024-25,15,3.6856263,1,1.69594
11807.0,2024-25,16,2.0377111,1,1.6480151
11807.0,2024-25,17,0.26419824,0,0.89350003
11807.0,2024-25,18,0.0796451,0,1.0608447
11807.0,2024-25,19,2.2339857,1,0.75362873
11807.0,2024-25,20,2.3321438,4,1.1588229
11807.0,2024-25,21,-0.08106649,0,1.1363847
11807.0,2024-25,22,1.7544669,0,0.96855533
11807.0,2024-25,23,1.723818,1,0.72064
11807.0,2024-25,24,2.3659863,1,0.70274657
11807.0,2024-25,25,3.754225,1,0.9375508
11807.0,2024-25,25,3.754225,1,3.5073354
11807.0,2024-25,25,1.6230392,1,0.9375508
11807.0,2024-25,25,1.6230392,1,3.5073354
11807.0,2024-25,26,3.084409,2,2.5643551
11807.0,2024-25,27,2.661983,1,1.1477513
11807.0,2024-25,28,-0.42215428,0,0.5843905
11807.0,2024-25,29,-0.12993716,0,0.65418273
11807.0,2024-25,30,0.10246321,0,0.66039306
11807.0,2024-25,31,2.6518643,5,0.6836928
11807.0,2024-25,32,2.8368146,6,2.39203
11807.0,2024-25,33,2.739025,8,2.8399787
11807.0,2024-25,34,0.85122514,0,1.9576931
11807.0,2024-25,35,2.5110233,6,1.7106823
11807.0,2024-25,36,4.7114735,1,0.8508218
11807.0,2024-25,37,2.3379464,6,0.66130525
11807.0,2024-25,38,2.9085815,1,0.77907753
11943.0,2024-25,6,-0.14754537,0,1.7115211
11943.0,2024-25,7,0.21975018,0,1.687955
11943.0,2024-25,8,0.21142848,0,1.1631098
11943.0,2024-25,9,-0.06434554,0,0.7241775
11943.0,2024-25,10,1.3155314,1,0.6827778
11943.0,2024-25,11,1.6206745,1,1.673163
11943.0,2024-25,12,2.3794231,1,2.4153662
11943.0,2024-25,13,3.239157,1,3.1179035
11943.0,2024-25,14,3.5128174,15,2.6825693
11943.0,2024-25,15,3.6653962,2,1.4457865
11943.0,2024-25,16,3.451055,2,2.2270381
11943.0,2024-25,17,2.736127,14,1.0085667
11943.0,2024-25,18,2.0716703,8,0.4997904
11943.0,2024-25,19,2.8231478,1,0.8011084
11943.0,2024-25,20,4.342969,8,1.7119564
11943.0,2024-25,21,3.5011654,0,1.2090923
11943.0,2024-25,22,0.7183047,2,1.7321345
11943.0,2024-25,23,4.399611,6,2.4984825
11943.0,2024-25,24,2.8708236,0,2.6751738
11943.0,2024-25,25,4.7936497,2,2.6311443
11943.0,2024-25,26,2.368548,2,2.191066
11943.0,2024-25,27,1.5388879,1,1.399779
11943.0,2024-25,28,2.8837564,0,2.1086586
11943.0,2024-25,29,2.2695057,1,1.7593199
11943.0,2024-25,30,4.0866823,0,1.6601332
11943.0,2024-25,31,2.4025364,4,1.1765939
11943.0,2024-25,32,1.2576623,7,1.5410417
11943.0,2024-25,33,1.5108944,8,1.7778378
11943.0,2024-25,34,2.7334063,1,2.5853946
11943.0,2024-25,35,2.6225817,8,1.3840225
11943.0,2024-25,36,2.2525702,1,1.6121908
11943.0,2024-25,37,2.0744452,0,1.5942422
11943.0,2024-25,38,2.5771716,4,1.6972307
11944.0,2024-25,30,1.5393232,2,-0.05305598
11944.0,2024-25,31,2.3695126,6,0.18057713
11944.0,2024-25,32,1.6873834,0,1.4992809
11944.0,2024-25,33,4.1186423,0,1.575236
11944.0,2024-25,34,1.9108168,1,1.5718393
11944.0,2024-25,35,2.2838635,0,1.7877787
11944.0,2024-25,36,2.3761342,1,0.5416271
11944.0,2024-25,37,2.7552977,2,0.8675158
11944.0,2024-25,38,1.3440806,7,0.93043756
12014.0,2024-25,6,2.5716338,0,0.81940824
12014.0,2024-25,7,2.1605635,0,0.8383651
12014.0,2024-25,8,2.1018252,0,0.881581
12014.0,2024-25,9,1.5975715,0,0.7492544
12014.0,2024-25,10,2.1714053,0,0.7805161
12014.0,2024-25,11,0.7417149,0,0.7056976
12014.0,2024-25,12,2.937426,0,0.7288092
12014.0,2024-25,13,0.27751186,1,0.7600711
12014.0,2024-25,14,2.1165905,0,0.8050243
12014.0,2024-25,15,0.023448745,0,0.7647055
12014.0,2024-25,16,0.8008155,0,0.673989
12014.0,2024-25,17,0.6721039,0,0.76035124
12014.0,2024-25,18,0.4014311,0,0.84714365
12014.0,2024-25,19,1.0873225,0,0.77755535
12014.0,2024-25,20,0.8143642,0,0.7066248
12014.0,2024-25,21,0.97608614,1,0.66705704
12014.0,2024-25,22,1.1143695,2,0.7965756
12014.0,2024-25,23,1.4989204,5,1.8021486
12014.0,2024-25,24,2.312727,6,1.590132
12014.0,2024-25,24,2.312727,6,1.4006768
12014.0,2024-25,24,2.2036955,1,1.590132
12014.0,2024-25,24,2.2036955,1,1.4006768
12014.0,2024-25,25,2.9787624,2,1.7143734
12014.0,2024-25,26,3.2658641,0,1.8249977
12014.0,2024-25,27,1.6615335,10,1.6075052
12014.0,2024-25,28,2.9195995,2,1.3235875
12014.0,2024-25,29,2.3613007,10,1.0881505
12014.0,2024-25,30,1.5751119,2,0.83643216
12014.0,2024-25,31,2.2762802,1,1.0845586
12014.0,2024-25,32,2.9308996,6,1.5269489
12014.0,2024-25,33,4.0015087,1,1.8208438
12014.0,2024-25,34,1.9582492,2,1.2066798
12014.0,2024-25,35,2.8310657,0,1.7674695
12014.0,2024-25,36,2.451651,0,1.2601134
12014.0,2024-25,37,2.7950006,7,1.1996
12014.0,2024-25,38,2.0152252,6,1.801763
12123.0,2024-25,6,2.5751474,1,2.2432187
12123.0,2024-25,7,1.0986122,2,1.5076218
12123.0,2024-25,8,2.6362305,8,1.8337108
12123.0,2024-25,9,1.2645707,2,1.6538609
12123.0,2024-25,10,3.5536194,6,1.435896
12123.0,2024-25,11,4.1440315,7,0.96504647
12123.0,2024-25,12,0.89335006,1,1.2975549
12123.0,2024-25,13,4.125332,7,1.6886033
12123.0,2024-25,14,1.5121803,0,1.4618132
12123.0,2024-25,15,4.5318,1,1.8953153
12123.0,2024-25,16,2.0251617,2,1.7012099
12123.0,2024-25,17,1.8935409,5,1.6945251
12123.0,2024-25,18,1.8851249,8,2.2730668
12123.0,2024-25,19,2.0940456,0,2.353608
12123.0,2024-25,20,2.2642462,9,1.3102897
12123.0,2024-25,21,2.292761,3,2.2722495
12123.0,2024-25,22,5.063747,1,2.047037
12123.0,2024-25,23,2.6201632,0,2.1629384
12123.0,2024-25,24,3.6433318,5,2.3312004
12123.0,2024-25,25,2.7745993,1,1.4782653
12123.0,2024-25,26,2.712332,0,1.4680477
12123.0,2024-25,27,1.3076465,6,1.2970861
12123.0,2024-25,28,2.438711,8,1.6345385
12123.0,2024-25,29,1.2847239,1,1.7854699
12123.0,2024-25,30,1.6219127,9,1.5674886
12123.0,2024-25,31,1.1998762,1,1.7186637
12123.0,2024-25,32,1.9118599,2,2.11985
12123.0,2024-25,33,0.57296467,2,1.2960228
12123.0,2024-25,34,1.8132731,1,1.8761182
12123.0,2024-25,35,2.473598,10,1.5164682
12123.0,2024-25,36,4.71763,0,1.4234886
12123.0,2024-25,37,2.3971515,1,1.2110579
12123.0,2024-25,38,3.5459018,2,1.4625053
12136.0,2024-25,23,-0.014555874,0,0.67873424
12136.0,2024-25,24,-0.013235279,0,0.70320266
12136.0,2024-25,25,-0.0060753305,0,0.79291016
12136.0,2024-25,26,-0.0060753305,0,0.7905466
12136.0,2024-25,27,-0.0011704244,0,0.78827304
12136.0,2024-25,28,0.49923506,1,0.7847672
12358.0,2024-25,16,0.44874683,1,0.76313126
12358.0,2024-25,17,1.8426676,1,0.98129743
12358.0,2024-25,18,1.6678337,0,1.1465882
12358.0,2024-25,19,1.6206765,0,0.88651437
12358.0,2024-25,20,1.0314363,0,1.0634587
12358.0,2024-25,21,1.1243519,1,0.8158094
12358.0,2024-25,22,1.4559876,1,0.8411939
12358.0,2024-25,23,1.174158,1,1.3171962
12358.0,2024-25,24,1.1467971,1,1.4289504
12358.0,2024-25,25,1.6540009,1,1.5988232
12358.0,2024-25,26,0.85217714,7,1.5475782
12358.0,2024-25,27,2.749727,6,1.5119691
12358.0,2024-25,28,2.3587136,2,1.4685081
12358.0,2024-25,29,1.4079814,0,2.018529
12358.0,2024-25,30,2.0701644,2,2.2365549
12358.0,2024-25,31,1.9460003,1,2.1685948
12358.0,2024-25,32,0.8214578,1,1.2159811
12358.0,2024-25,33,2.565045,1,1.0375715
12358.0,2024-25,34,1.3128469,0,0.6711916
12358.0,2024-25,35,2.158469,0,0.5469812
12358.0,2024-25,36,1.455752,0,0.6129637
12358.0,2024-25,37,2.1342964,0,0.6469017
12358.0,2024-25,38,1.8568906,2,0.7369256
12408.0,2024-25,6,4.092517,1,1.0925746
12408.0,2024-25,7,2.4247146,1,1.0001297
12408.0,2024-25,8,3.2639165,1,0.79805267
12408.0,2024-25,9,2.8416886,5,1.9375266
12408.0,2024-25,10,2.7130532,3,1.2898327
12408.0,2024-25,11,3.9235237,1,1.7049776
12408.0,2024-25,12,2.1841812,1,1.3388172
12408.0,2024-25,13,2.5338464,11,0.9293907
12408.0,2024-25,14,5.6435018,6,0.43791148
12408.0,2024-25,15,3.6248631,7,0.742168
12408.0,2024-25,16,3.7899818,1,1.2814983
12408.0,2024-25,17,1.710614,0,2.4033
12408.0,2024-25,18,2.5674765,6,1.7683353
12408.0,2024-25,19,2.941024,2,2.515227
12408.0,2024-25,20,1.8871228,2,1.7467808
12408.0,2024-25,21,3.664678,6,2.1304061
12408.0,2024-25,22,2.9530346,6,3.0050302
12408.0,2024-25,23,2.147235,4,3.7384887
12408.0,2024-25,24,2.7930055,11,2.8404562
12408.0,2024-25,25,2.6085503,1,2.5197341
12408.0,2024-25,26,2.5312028,13,1.4059461
12408.0,2024-25,27,2.4059248,4,1.8936822
12408.0,2024-25,28,3.3965604,6,1.4647759
12408.0,2024-25,29,-0.4054051,0,1.7202802
12408.0,2024-25,30,4.044418,2,1.7023114
12408.0,2024-25,31,2.434522,8,1.3762546
12408.0,2024-25,32,1.4076548,0,2.1112363
12408.0,2024-25,32,1.4076548,0,3.028973
12408.0,2024-25,32,1.7964207,-1,2.1112363
12408.0,2024-25,32,1.7964207,-1,3.028973
12408.0,2024-25,33,2.710771,5,2.7585328
12408.0,2024-25,33,2.710771,5,2.0997553
12408.0,2024-25,33,1.6135008,1,2.7585328
12408.0,2024-25,33,1.6135008,1,2.0997553
12408.0,2024-25,34,-0.007902973,0,0.9269151
12408.0,2024-25,35,3.7031739,1,1.085332
12408.0,2024-25,36,2.770537,11,1.7873838
12408.0,2024-25,37,3.9495916,1,2.4841208
12408.0,2024-25,38,2.3326242,2,3.2918239
12535.0,2024-25,25,0.0048017963,0,0.24979407
12535.0,2024-25,26,-0.03970835,0,0.16841507
12535.0,2024-25,27,2.8929539,1,0.9370859
12535.0,2024-25,28,2.5363483,0,1.2765846
12559.0,2024-25,34,-0.23650025,0,2.0273423
12559.0,2024-25,35,1.8136098,0,1.1934402
12559.0,2024-25,36,1.9578484,1,1.3144234
12745.0,2024-25,6,3.883222,0,0.5713831
12745.0,2024-25,7,2.4750955,0,1.0334302
12745.0,2024-25,8,-0.41402918,0,1.1777307
12745.0,2024-25,9,-0.14279154,0,0.84306914
12745.0,2024-25,10,0.26842508,0,0.7075533
12745.0,2024-25,11,0.08327787,0,0.9186687
12745.0,2024-25,12,0.022899335,0,1.1812255
12745.0,2024-25,13,0.122416265,0,1.1167825
12745.0,2024-25,14,2.577992,1,1.048995
12745.0,2024-25,15,0.06666627,0,1.7798016
12745.0,2024-25,16,0.06875016,0,1.1238581
12745.0,2024-25,17,0.06875016,0,0.7279454
12745.0,2024-25,18,0.8400231,2,0.56310755
12745.0,2024-25,19,1.5227263,6,1.5013157
12745.0,2024-25,20,1.584374,1,1.6210414
12745.0,2024-25,21,3.640625,1,1.8809606
12745.0,2024-25,22,0.248637,0,1.2986603
12745.0,2024-25,23,1.9831947,6,0.83504444
12745.0,2024-25,24,3.4286978,1,0.84353846
12745.0,2024-25,25,2.331101,1,0.5624695
12745.0,2024-25,26,2.9665024,0,0.75640243
12745.0,2024-25,27,2.0256672,1,1.2718261
12745.0,2024-25,28,1.8670099,1,1.174217
12745.0,2024-25,29,2.6732934,0,0.7119187
12745.0,2024-25,30,0.26326057,0,0.2900207
12745.0,2024-25,31,-0.062235907,0,0.12402624
12745.0,2024-25,32,0.025498211,0,0.3573098
12745.0,2024-25,33,1.0432675,0,0.6531879
12745.0,2024-25,34,2.399427,0,1.3137863
12745.0,2024-25,35,1.9061016,1,1.3349851
12745.0,2024-25,36,2.5023406,2,0.67095286
12745.0,2024-25,37,3.0751579,1,0.3510463
12745.0,2024-25,38,1.9500215,1,0.25712323
12746.0,2024-25,6,-0.065109394,0,0.11429402
12746.0,2024-25,7,-0.004003988,0,0.36889884
12746.0,2024-25,8,1.1701194,1,0.70164174
12746.0,2024-25,9,1.0391315,1,1.92536
12746.0,2024-25,10,0.0024969317,0,1.4258523
12746.0,2024-25,11,-0.02592386,0,0.8871772
12746.0,2024-25,12,-0.004501525,0,0.6614
12746.0,2024-25,13,-0.026363116,0,0.67197484
12746.0,2024-25,14,-0.028852284,0,0.7893605
12746.0,2024-25,15,-0.009689207,0,0.8221587
12746.0,2024-25,16,-0.009689207,0,0.81590074
12746.0,2024-25,17,0.007904927,0,0.81923324
12746.0,2024-25,18,0.7311447,2,0.8078797
12746.0,2024-25,19,1.6062123,6,1.4751576
12746.0,2024-25,20,1.6355141,1,1.63182
12746.0,2024-25,21,3.7074373,0,1.7898505
12746.0,2024-25,22,0.12975769,0,1.3010541
12746.0,2024-25,23,0.09080453,0,0.72864264
12746.0,2024-25,24,0.053742558,0,0.5476803
12746.0,2024-25,25,1.4443032,1,0.66690975
12746.0,2024-25,26,2.4283612,0,1.4801768
12746.0,2024-25,27,0.10268491,0,1.6314299
12746.0,2024-25,28,1.6326356,2,1.0900952
12746.0,2024-25,29,3.1172943,0,1.9110652
12746.0,2024-25,30,0.5803153,0,1.233442
12746.0,2024-25,31,0.6669154,0,0.7261004
12746.0,2024-25,32,0.106395975,0,0.518553
12746.0,2024-25,33,0.016230863,0,0.5356984
12746.0,2024-25,34,1.5133815,1,0.7546161
12746.0,2024-25,35,1.6861428,1,1.6482965
12755.0,2024-25,13,1.9397159,2,1.382016
12755.0,2024-25,14,-0.11250402,0,1.0443236
12755.0,2024-25,15,2.2324965,4,0.55330634
12755.0,2024-25,16,1.870802,2,0.7221599
12755.0,2024-25,17,2.4220445,0,0.74552935
12755.0,2024-25,18,0.73485684,0,1.6901087
12755.0,2024-25,19,-0.08414702,0,1.5379204
12755.0,2024-25,20,0.0028245056,0,1.0247592
12755.0,2024-25,21,0.02172186,0,0.61332697
12755.0,2024-25,22,1.5237303,-1,0.4787675
12755.0,2024-25,23,-0.044526134,0,1.529333
12755.0,2024-25,24,-0.025910096,0,1.1544806
12755.0,2024-25,25,-0.0145684155,0,0.9096268
12755.0,2024-25,26,-0.0065106405,0,0.7674013
12755.0,2024-25,27,-0.0065106405,0,0.8375618
12755.0,2024-25,28,0.0052285935,0,0.78068304
12755.0,2024-25,29,2.2292414,1,0.7953765
12755.0,2024-25,30,1.7818022,2,1.457966
12755.0,2024-25,31,2.7129312,1,2.270951
12755.0,2024-25,32,1.757242,1,1.6914015
12755.0,2024-25,33,1.3161018,0,1.2875676
12755.0,2024-25,34,2.1502705,1,0.7139186
12755.0,2024-25,35,1.6094594,4,0.49301842
12755.0,2024-25,36,1.9840832,2,0.5947778
12761.0,2024-25,6,3.6475663,0,-0.04964497
12761.0,2024-25,7,1.102362,1,0.89690524
12761.0,2024-25,8,2.3569872,5,1.5767204
12761.0,2024-25,9,-0.0037551858,0,1.5977584
12761.0,2024-25,10,2.9428701,4,1.3394281
12761.0,2024-25,11,3.434895,1,0.79145074
12761.0,2024-25,12,1.408515,1,0.67191964
12761.0,2024-25,13,1.6973474,2,0.8058941
12761.0,2024-25,14,1.84052,0,1.43786
12761.0,2024-25,15,-0.15769777,0,0.44106945
12761.0,2024-25,16,1.5795139,1,0.6837985
12761.0,2024-25,17,1.7901953,5,0.92749816
12761.0,2024-25,18,1.8356724,2,1.288694
12761.0,2024-25,19,0.43357095,0,2.0974534
12761.0,2024-25,20,2.797279,-1,1.4374696
12761.0,2024-25,21,1.4306734,1,0.9199437
12761.0,2024-25,22,2.3617232,0,0.8227004
12761.0,2024-25,23,1.9630389,1,1.0743116
12761.0,2024-25,24,3.349365,0,1.235874
12761.0,2024-25,25,1.7607075,1,0.63219464
12761.0,2024-25,26,2.7931335,0,0.777256
12761.0,2024-25,27,1.0676231,0,1.1105496
12761.0,2024-25,28,1.3774275,1,1.3356305
12761.0,2024-25,29,2.2310658,1,0.7291041
12761.0,2024-25,30,2.1299236,1,0.075894825
12761.0,2024-25,31,1.8660617,1,0.38007635
12761.0,2024-25,32,3.1326737,1,0.82277244
12761.0,2024-25,33,0.29628304,0,0.843878
12761.0,2024-25,34,0.1956452,0,1.0782626
12761.0,2024-25,35,-0.05655668,0,0.912213
12761.0,2024-25,36,0.0058135795,0,1.0412904
12761.0,2024-25,37,-0.00029101814,0,0.90675217
12761.0,2024-25,38,1.4920363,1,0.88692194
12763.0,2024-25,19,2.6771917,1,1.1596295
12763.0,2024-25,20,2.346903,1,1.4961292
12763.0,2024-25,21,2.0471082,0,1.623053
12763.0,2024-25,22,0.22955538,0,1.2513149
12763.0,2024-25,23,0.29458338,0,0.8520315
12763.0,2024-25,24,0.32889155,0,0.4961343
12763.0,2024-25,25,1.6285698,0,1.072003
12763.0,2024-25,26,0.17026322,0,1.8241915
12763.0,2024-25,27,0.056586236,0,1.0159212
12763.0,2024-25,28,0.10861942,0,0.754668
12763.0,2024-25,29,0.045347676,0,0.6680164
12763.0,2024-25,30,0.045347676,0,0.7160905
12763.0,2024-25,31,-0.003772345,0,0.79915375
12763.0,2024-25,32,-0.003772345,0,0.7920472
12763.0,2024-25,33,-0.003772345,0,0.78954333
12763.0,2024-25,34,-0.021403814,0,0.7896177
12763.0,2024-25,35,-0.021403814,0,0.7855132
12763.0,2024-25,36,-0.021403814,0,0.78048146
12763.0,2024-25,37,0.56669354,0,0.7767392
12763.0,2024-25,38,2.136117,1,1.1725718
12775.0,2024-25,6,-0.031547077,0,0.72977644
12775.0,2024-25,7,-0.013253317,0,0.6960105
12775.0,2024-25,8,-0.026243167,0,0.79640883
12775.0,2024-25,9,0.0017884508,0,0.82647824
12775.0,2024-25,10,-0.0070112157,0,0.81833935
12775.0,2024-25,11,0.049856238,0,0.811777
12775.0,2024-25,12,-0.021403814,0,0.7969374
12775.0,2024-25,13,-0.021403814,0,0.7812868
12775.0,2024-25,14,-0.021403814,0,0.7715828
12775.0,2024-25,15,-0.021403814,0,0.7691496
12775.0,2024-25,16,-0.021403814,0,0.7704672
12775.0,2024-25,17,-0.021403814,0,0.77201265
12775.0,2024-25,18,0.33564955,1,0.77201265
12775.0,2024-25,19,0.04520002,0,0.9793802
12775.0,2024-25,20,0.04520002,0,0.828281
12775.0,2024-25,21,0.04520002,0,0.7434682
12775.0,2024-25,22,0.0011876089,0,0.7125903
12775.0,2024-25,23,0.0011876089,0,0.7217869
12775.0,2024-25,24,1.3972576,1,0.78327644
12775.0,2024-25,25,0.028304039,0,0.9673789
12775.0,2024-25,26,0.028304039,0,0.85137165
12775.0,2024-25,27,-0.022341246,0,0.7791136
12775.0,2024-25,28,-0.027044075,0,0.7489959
12775.0,2024-25,29,-0.027044075,0,0.7541167
12775.0,2024-25,30,-0.0051521305,0,0.7788965
12775.0,2024-25,31,1.7013485,0,0.77737904
12775.0,2024-25,32,-0.0051521305,0,0.88872784
12775.0,2024-25,33,0.31126276,0,0.7761405
12775.0,2024-25,34,-0.021403814,0,0.9039544
12775.0,2024-25,35,0.5898646,0,0.7305885
12775.0,2024-25,36,0.63782746,0,0.83157986
13066.0,2024-25,9,3.969069,6,1.2015349
13066.0,2024-25,10,1.5365758,6,0.7381636
13080.0,2024-25,33,-0.015010242,0,0.6783741
13080.0,2024-25,34,-0.00974748,0,0.7455399
13080.0,2024-25,35,-0.016111376,0,0.8332531
13080.0,2024-25,36,-0.01345003,0,0.8221685
13080.0,2024-25,37,1.5900205,0,0.8144568
13080.0,2024-25,38,1.2079949,8,0.9103351
13130.0,2024-25,16,0.110155106,0,0.71210617
13130.0,2024-25,17,0.9874363,1,0.75301754
13133.0,2024-25,13,1.983687,1,0.8514507
13133.0,2024-25,14,3.3444803,2,1.1237096
13133.0,2024-25,15,0.124629855,0,2.2321193
13133.0,2024-25,16,1.7972217,1,1.2057877
13133.0,2024-25,17,1.675006,0,2.2874215
13133.0,2024-25,18,1.2299118,1,1.1781174
13134.0,2024-25,12,-0.20240892,0,0.23529789
13134.0,2024-25,13,1.5966485,2,0.33230162
13134.0,2024-25,14,2.1485865,0,1.5034724
13134.0,2024-25,15,0.96126497,2,1.439607
13134.0,2024-25,16,1.9798973,0,1.1792886
13134.0,2024-25,17,-0.36751416,0,0.57498777
13134.0,2024-25,18,1.7587186,1,0.18429296
13134.0,2024-25,19,1.9805075,1,0.1816124
13134.0,2024-25,20,-0.20454161,0,0.6258044
13134.0,2024-25,21,-0.027239889,0,1.69232
13134.0,2024-25,22,2.1253085,1,2.1559074
13134.0,2024-25,23,1.3984373,0,2.4252996
13134.0,2024-25,24,0.40232825,0,1.6771091
13134.0,2024-25,25,2.1861286,1,1.2764652
13134.0,2024-25,26,-0.1362596,0,1.1681696
13134.0,2024-25,27,0.9626889,0,0.83053213
13134.0,2024-25,28,1.3026108,1,1.5827918
13134.0,2024-25,29,1.8199521,1,2.8932335
13134.0,2024-25,30,2.3883579,6,2.128094
13134.0,2024-25,31,2.4886765,1,1.5004364
13134.0,2024-25,32,3.3350925,1,0.3866245
13134.0,2024-25,33,3.8343787,2,0.27768165
13134.0,2024-25,34,1.9697797,4,0.22529343
13134.0,2024-25,35,2.6934922,1,0.2721669
13134.0,2024-25,36,2.6014528,1,1.253059
13156.0,2024-25,25,0.6214447,1,0.6491689
13156.0,2024-25,26,1.1155466,1,1.1533691
13185.0,2024-25,16,0.033798505,0,0.6980215
13185.0,2024-25,17,0.07467293,0,0.85010415
13185.0,2024-25,18,3.2239108,1,0.82925445
13392.0,2024-25,28,-0.19187152,0,1.0743858
13392.0,2024-25,29,-0.258023,0,0.8947466
13392.0,2024-25,30,-0.22870028,0,0.56616116
13392.0,2024-25,31,2.9355235,1,1.0274403
13392.0,2024-25,32,2.0739691,1,1.7684212
13403.0,2024-25,26,3.5445442,1,1.5592831
13403.0,2024-25,27,2.1718376,1,1.006213
13403.0,2024-25,28,1.2232739,0,0.6628276
13403.0,2024-25,29,1.3837668,0,0.4065117
13403.0,2024-25,30,0.99625766,1,0.6681034
13403.0,2024-25,31,1.2684398,1,0.87100923
13403.0,2024-25,32,3.149934,0,0.9896317
13403.0,2024-25,33,2.0170336,1,0.8055039
13403.0,2024-25,34,1.3964722,0,0.7477374
13403.0,2024-25,35,1.5684924,0,0.78894025
13403.0,2024-25,36,1.5935544,6,0.8035887
13403.0,2024-25,37,1.6567904,1,1.7732108
13403.0,2024-25,38,1.7726122,1,1.7327379
13463.0,2024-25,31,0.98290837,1,1.0650111
13463.0,2024-25,32,0.028318616,0,1.2086442
13463.0,2024-25,33,1.0542024,1,0.9658676
13463.0,2024-25,34,0.028761258,0,0.9928973
13463.0,2024-25,35,0.0314226,0,1.0217754
13463.0,2024-25,36,0.0314226,0,0.72144717
13463.0,2024-25,37,0.8995168,0,0.72237974
13474.0,2024-25,37,0.77176356,1,0.61623436
13474.0,2024-25,38,1.2615992,1,0.9303198
999999.0,2024-25,6,0.47532737,0,0.6761025
999999.0,2024-25,7,0.5278041,0,0.65581214
999999.0,2024-25,8,0.26344618,0,0.720398
999999.0,2024-25,9,0.517739,0,0.68639976
999999.0,2024-25,10,0.85852444,0,0.7011177
999999.0,2024-25,11,0.5181176,0,0.7224442
999999.0,2024-25,12,0.37035567,0,0.7813354
999999.0,2024-25,13,0.4699063,0,0.69385546
999999.0,2024-25,14,0.650694,0,0.75218195
999999.0,2024-25,15,0.6537972,0,0.7505562
999999.0,2024-25,16,0.19879496,0,0.7965549
999999.0,2024-25,17,0.8813844,0,0.7725336
999999.0,2024-25,18,0.83264387,0,0.72837144
999999.0,2024-25,19,0.48960468,0,0.68933994
999999.0,2024-25,20,0.33123115,0,0.8654415
999999.0,2024-25,21,0.5368708,0,0.7344906
999999.0,2024-25,22,0.48372713,0,0.7663463
999999.0,2024-25,23,0.8728727,0,0.84728444
999999.0,2024-25,24,0.692286,0,0.71244365
999999.0,2024-25,25,0.4945536,0,0.7277965
999999.0,2024-25,26,0.2732089,0,0.66703975
999999.0,2024-25,27,0.5278041,0,0.6748192
999999.0,2024-25,28,0.49923506,0,0.753367
999999.0,2024-25,29,0.37137744,0,0.76281244
999999.0,2024-25,30,0.049204994,0,0.7796387
999999.0,2024-25,31,0.46720022,0,0.75632924
999999.0,2024-25,32,0.13511354,0,0.77017194
999999.0,2024-25,33,0.52310985,0,0.7110211
999999.0,2024-25,34,0.8316893,0,0.7617568
999999.0,2024-25,35,0.8134668,0,0.69474864
999999.0,2024-25,36,0.25801653,0,0.75044435
999999.0,2024-25,37,0.55744666,0,0.71509767
999999.0,2024-25,38,0.40611017,0,0.8149537
