{
  "position": "FWD",
  "weight_xgb": 0.7830959558486938,
  "weight_lstm": 0.19891396164894104,
  "intercept": 0.2141704559326172,
  "alpha": 10.0,
  "model_type": "ridge",
  "mae": 1.8653227090835571,
  "rmse": 2.8333013383143433,
  "dominant_model": "xgb",
  "trust_ratio": 3.9368577003479004
}