{
  "position": "GK",
  "weight_xgb": 0.5920954942703247,
  "weight_lstm": 0.672214686870575,
  "intercept": 0.08241963386535645,
  "alpha": 10.0,
  "model_type": "ridge",
  "mae": 1.8032872676849365,
  "rmse": 2.5321341018479275,
  "dominant_model": "lstm",
  "trust_ratio": 1.135314702987671
}