{
  "position": "DEF",
  "weight_xgb": 0.7842890024185181,
  "weight_lstm": 0.2113807499408722,
  "intercept": 0.14330101013183594,
  "alpha": 10.0,
  "model_type": "ridge",
  "mae": 1.5278135538101196,
  "rmse": 2.3680447577873256,
  "dominant_model": "xgb",
  "trust_ratio": 3.7103142738342285
}