{
  "position": "GK",
  "weight_xgb": 0.6164053678512573,
  "weight_lstm": 0.5210202932357788,
  "intercept": 0.24106287956237793,
  "alpha": 10.0,
  "model_type": "ridge",
  "mae": 1.807840347290039,
  "rmse": 2.5384805335154463,
  "dominant_model": "xgb",
  "trust_ratio": 1.18307363986969
}