player_id,season,GW,pred_xgb,actual,pred_lstm
318.0,2022-23,14,1.4776589,1,0.9386562
318.0,2022-23,15,0.8556158,1,1.2561127
318.0,2022-23,16,0.10487113,0,1.1742486
318.0,2022-23,17,2.5377092,1,0.9382733
318.0,2022-23,18,2.421674,1,1.209159
318.0,2022-23,19,2.10168,2,1.0308636
318.0,2022-23,20,2.496611,1,1.0730114
318.0,2022-23,21,2.0725358,1,1.1140087
318.0,2022-23,22,-0.009332212,0,0.97782135
318.0,2022-23,23,-0.103186905,0,0.749215
318.0,2022-23,24,-0.06136165,0,0.6300653
318.0,2022-23,25,1.475566,1,0.5097792
318.0,2022-23,26,0.08418125,0,0.86312294
318.0,2022-23,27,0.060798064,0,0.63530934
318.0,2022-23,28,0.0016968413,0,0.5296675
318.0,2022-23,29,0.038730547,0,0.48192158
318.0,2022-23,30,1.330117,1,0.45720524
318.0,2022-23,31,0.0063992813,0,0.7463962
318.0,2022-23,32,0.0063992813,0,0.5402555
318.0,2022-23,33,1.5026598,1,0.45214412
318.0,2022-23,34,2.529884,1,0.9239514
468.0,2022-23,6,0.49315843,0,0.92008686
468.0,2022-23,7,0.13880913,0,1.0304248
468.0,2022-23,8,0.020653134,0,0.8590419
468.0,2022-23,9,0.48734754,6,0.9153713
468.0,2022-23,10,1.1976587,5,1.3780125
468.0,2022-23,11,1.2656028,2,1.4860502
468.0,2022-23,12,1.8662479,2,1.108934
468.0,2022-23,13,2.0765028,5,1.0440569
468.0,2022-23,14,4.1256185,19,1.1860634
468.0,2022-23,15,3.3190148,1,2.0161402
468.0,2022-23,16,5.4511914,1,1.9196098
468.0,2022-23,17,1.001315,0,1.3349566
468.0,2022-23,18,5.689508,0,0.9427321
468.0,2022-23,19,3.440078,1,1.2386749
468.0,2022-23,20,3.5347269,5,1.5169169
468.0,2022-23,21,3.6219118,2,1.4742095
468.0,2022-23,22,2.1388566,7,1.5373126
468.0,2022-23,23,0.4363112,0,1.4034262
468.0,2022-23,24,2.8423984,1,1.1162364
468.0,2022-23,25,-0.12089282,0,1.1484032
468.0,2022-23,26,2.4417913,2,1.4450575
468.0,2022-23,27,3.427044,1,1.7723447
468.0,2022-23,28,0.059733544,0,1.6087357
468.0,2022-23,29,1.7806221,6,1.2445087
468.0,2022-23,29,1.7806221,6,1.8735193
468.0,2022-23,29,1.4767523,13,1.2445087
468.0,2022-23,29,1.4767523,13,1.8735193
468.0,2022-23,30,2.2755332,4,1.4834132
468.0,2022-23,31,3.6302276,1,1.3270205
468.0,2022-23,32,4.0163894,5,0.944698
468.0,2022-23,33,3.7956865,13,0.8829737
468.0,2022-23,34,4.841855,12,0.9083371
468.0,2022-23,35,4.036138,2,1.0323528
468.0,2022-23,36,4.700961,12,0.8527458
468.0,2022-23,36,4.700961,12,0.4633533
468.0,2022-23,36,3.4960427,12,0.8527458
468.0,2022-23,36,3.4960427,12,0.4633533
468.0,2022-23,37,2.4946077,2,0.87526596
468.0,2022-23,38,4.7968917,1,0.9177098
482.0,2022-23,6,5.676206,1,1.9454923
482.0,2022-23,7,2.924747,0,1.6785048
482.0,2022-23,8,2.8528607,0,0.9249116
482.0,2022-23,9,4.874856,12,0.7836307
482.0,2022-23,10,3.818034,6,1.9355482
482.0,2022-23,11,4.417299,2,2.1635783
482.0,2022-23,12,4.631824,2,1.6470186
482.0,2022-23,13,3.009808,2,1.6483088
482.0,2022-23,14,3.1493406,2,1.4800186
482.0,2022-23,15,3.903857,2,1.9439669
482.0,2022-23,16,5.100864,6,1.8586559
482.0,2022-23,17,3.420906,0,1.941037
482.0,2022-23,18,1.8180561,0,1.4876959
482.0,2022-23,19,1.4264014,0,0.85608804
482.0,2022-23,20,0.24119642,0,0.660046
482.0,2022-23,21,0.22078983,0,0.6624718
482.0,2022-23,22,0.14816658,0,0.9546969
482.0,2022-23,23,1.6565459,1,0.8447672
482.0,2022-23,24,1.6883429,1,0.970598
482.0,2022-23,25,2.0071204,1,1.3316259
482.0,2022-23,25,2.0071204,1,0.9953109
482.0,2022-23,25,1.4962374,1,1.3316259
482.0,2022-23,25,1.4962374,1,0.9953109
482.0,2022-23,26,1.4522339,8,0.6594012
482.0,2022-23,27,2.110824,1,0.5273571
482.0,2022-23,28,0.2704373,0,0.61361516
482.0,2022-23,29,2.0439997,1,0.45975253
482.0,2022-23,29,2.0439997,1,0.5490178
482.0,2022-23,29,1.8849108,2,0.45975253
482.0,2022-23,29,1.8849108,2,0.5490178
482.0,2022-23,30,1.6908945,6,0.55958223
482.0,2022-23,31,2.6122196,1,1.1344479
482.0,2022-23,32,0.6143709,0,1.3520089
482.0,2022-23,33,0.32826498,0,0.9313452
482.0,2022-23,34,0.5736625,0,0.52736366
482.0,2022-23,35,-0.0051421993,0,0.33815715
482.0,2022-23,36,-0.14685848,0,0.58049047
482.0,2022-23,37,0.9191065,7,0.64083564
482.0,2022-23,38,1.8257254,5,1.1718273
501.0,2022-23,6,3.6584759,5,1.4520823
501.0,2022-23,7,3.399634,0,1.9260801
501.0,2022-23,8,1.6408403,0,1.2803987
501.0,2022-23,9,2.856264,5,0.79754496
501.0,2022-23,10,3.6198869,2,1.4622375
501.0,2022-23,11,1.9243073,2,1.4595112
501.0,2022-23,12,3.09747,2,1.654646
501.0,2022-23,13,3.5463758,2,1.634238
501.0,2022-23,14,1.7575649,0,1.1903511
501.0,2022-23,15,1.7959113,1,1.0040759
501.0,2022-23,16,3.9760232,1,1.0330888
501.0,2022-23,17,0.4906297,0,1.2752466
501.0,2022-23,18,0.6042861,0,1.0852963
501.0,2022-23,19,0.45878398,0,0.83434176
501.0,2022-23,20,1.7432393,5,0.7309226
501.0,2022-23,21,3.6132324,2,1.4720424
501.0,2022-23,22,2.2330763,1,1.3696826
501.0,2022-23,23,0.36726552,0,1.0454371
501.0,2022-23,24,0.053836823,0,0.67859447
501.0,2022-23,25,0.7679029,0,0.51639354
501.0,2022-23,26,2.1910565,5,0.6593846
501.0,2022-23,27,2.1039248,1,1.2253541
501.0,2022-23,27,2.1039248,1,1.3552213
501.0,2022-23,27,2.2412524,2,1.2253541
501.0,2022-23,27,2.2412524,2,1.3552213
501.0,2022-23,28,0.41442138,0,1.1188946
501.0,2022-23,29,1.8579133,6,0.74681246
501.0,2022-23,29,1.8579133,6,1.0814925
501.0,2022-23,29,2.4401534,1,0.74681246
501.0,2022-23,29,2.4401534,1,1.0814925
501.0,2022-23,30,2.9560199,2,1.492514
501.0,2022-23,31,2.4245908,5,1.4677383
501.0,2022-23,32,0.2400112,0,1.5106412
501.0,2022-23,33,3.486179,1,1.1558479
501.0,2022-23,34,3.1586258,15,1.0859784
501.0,2022-23,34,3.1586258,15,1.793695
501.0,2022-23,34,3.4526079,2,1.0859784
501.0,2022-23,34,3.4526079,2,1.793695
501.0,2022-23,35,4.4635196,1,1.8318797
501.0,2022-23,36,4.7462687,1,1.429192
501.0,2022-23,36,4.7462687,1,1.316826
501.0,2022-23,36,2.8917847,1,1.429192
501.0,2022-23,36,2.8917847,1,1.316826
501.0,2022-23,37,3.5822635,1,1.3187145
501.0,2022-23,37,3.5822635,1,1.6625264
501.0,2022-23,37,2.0677152,2,1.3187145
501.0,2022-23,37,2.0677152,2,1.6625264
531.0,2022-23,6,1.0865169,5,1.221541
531.0,2022-23,7,0.75459343,0,1.6140193
531.0,2022-23,8,1.7323259,2,1.0354024
531.0,2022-23,9,3.05015,1,1.078328
531.0,2022-23,10,2.4763522,8,0.93091977
531.0,2022-23,11,1.8247062,1,0.9994992
531.0,2022-23,12,1.4185345,1,0.6441976
531.0,2022-23,13,1.5937438,1,0.48252842
531.0,2022-23,14,1.190086,1,0.27535218
531.0,2022-23,15,1.5096586,1,0.28932878
531.0,2022-23,16,-0.15538034,0,0.5900911
531.0,2022-23,17,1.4482207,2,0.5147984
531.0,2022-23,18,3.5726888,1,1.3595084
531.0,2022-23,19,2.8838284,1,1.3424921
531.0,2022-23,20,2.446752,2,1.1766211
531.0,2022-23,21,3.7745185,5,1.3193867
531.0,2022-23,22,2.713197,2,1.4019927
531.0,2022-23,23,3.029479,2,1.0802106
531.0,2022-23,24,4.0227056,1,1.1259005
531.0,2022-23,25,4.8948126,5,1.1386477
531.0,2022-23,26,0.4510611,0,1.0725148
531.0,2022-23,27,0.08616925,0,0.937701
531.0,2022-23,28,0.5787105,0,0.6086675
531.0,2022-23,29,1.93183,1,0.48785117
531.0,2022-23,29,1.93183,1,0.78278756
531.0,2022-23,29,2.189979,2,0.48785117
531.0,2022-23,29,2.189979,2,0.78278756
531.0,2022-23,30,2.8059292,2,1.5628091
531.0,2022-23,31,2.383474,2,1.6021785
531.0,2022-23,32,2.7423508,6,1.6072608
531.0,2022-23,33,5.310989,5,1.7531044
531.0,2022-23,34,4.907938,7,1.3040246
531.0,2022-23,34,4.907938,7,1.2585042
531.0,2022-23,34,3.0203152,2,1.3040246
531.0,2022-23,34,3.0203152,2,1.2585042
531.0,2022-23,35,5.074387,2,1.1022953
531.0,2022-23,36,0.420602,0,1.1034034
531.0,2022-23,37,0.13066287,0,1.2972732
531.0,2022-23,38,4.645272,2,1.3689101
553.0,2022-23,8,-0.12366297,0,0.49629906
553.0,2022-23,9,0.14910425,10,0.63385475
553.0,2022-23,10,1.4586712,4,0.9043788
553.0,2022-23,11,0.5137644,0,0.77479696
553.0,2022-23,12,0.58564305,0,0.47830412
553.0,2022-23,13,-0.1594944,0,0.36331964
553.0,2022-23,14,-0.07259293,0,0.33241647
553.0,2022-23,15,0.08774842,1,0.4644453
553.0,2022-23,16,2.1823618,2,0.6114173
553.0,2022-23,17,1.2888966,6,1.0199941
553.0,2022-23,18,2.681098,2,1.2922763
553.0,2022-23,19,4.6502233,2,1.2889392
553.0,2022-23,20,4.077091,1,1.2336594
553.0,2022-23,21,-0.5110767,0,1.0102906
553.0,2022-23,22,-0.18702435,0,0.8571451
553.0,2022-23,23,0.10774052,0,0.667732
553.0,2022-23,24,-0.09323036,0,0.69667673
553.0,2022-23,25,0.04690786,0,0.82964885
553.0,2022-23,26,-0.03406834,0,0.88669705
553.0,2022-23,27,-0.09018921,0,0.83574283
553.0,2022-23,28,-0.0018502849,0,0.7473837
553.0,2022-23,29,0.7603574,1,0.6361048
553.0,2022-23,29,0.7603574,1,1.0025879
553.0,2022-23,29,2.2481017,1,0.6361048
553.0,2022-23,29,2.2481017,1,1.0025879
553.0,2022-23,30,2.123768,5,0.7350353
553.0,2022-23,31,1.8650618,5,0.9314419
553.0,2022-23,32,0.10258673,0,0.9907768
553.0,2022-23,33,2.6376362,1,0.6494671
553.0,2022-23,34,1.8001119,1,0.6829399
553.0,2022-23,34,1.8001119,1,0.4975616
553.0,2022-23,34,1.0905017,2,0.6829399
553.0,2022-23,34,1.0905017,2,0.4975616
553.0,2022-23,35,2.0519097,1,1.0727125
553.0,2022-23,36,3.1465504,8,1.7864275
553.0,2022-23,37,3.7341535,1,2.3820834
553.0,2022-23,37,3.7341535,1,2.1652513
553.0,2022-23,37,4.467686,7,2.3820834
553.0,2022-23,37,4.467686,7,2.1652513
553.0,2022-23,38,3.2194595,1,1.3894731
620.0,2022-23,7,0.14344019,0,1.2007016
620.0,2022-23,8,0.7797248,1,0.8317379
620.0,2022-23,9,0.3445907,0,0.6870439
620.0,2022-23,10,0.78454745,1,0.58080196
620.0,2022-23,11,1.0984155,1,0.6656549
620.0,2022-23,12,0.98379487,1,0.67017376
620.0,2022-23,13,0.105134234,0,0.67976606
620.0,2022-23,14,0.8935393,1,0.6356567
620.0,2022-23,15,0.054950736,0,0.73580897
620.0,2022-23,16,0.10459396,0,0.6519171
620.0,2022-23,17,1.7521908,1,0.4988127
620.0,2022-23,18,1.7063037,1,0.82420135
620.0,2022-23,19,1.6958294,1,0.7919997
620.0,2022-23,20,1.5545354,1,0.7152909
620.0,2022-23,21,-0.036740214,0,0.7516718
620.0,2022-23,22,1.467993,15,0.61679506
620.0,2022-23,23,2.899684,12,1.4611188
620.0,2022-23,24,3.3353877,2,1.9639469
620.0,2022-23,25,3.0101576,2,1.9092512
620.0,2022-23,26,3.0994062,2,1.3607029
620.0,2022-23,27,4.053777,2,1.1567234
620.0,2022-23,28,2.1304178,1,1.6581193
620.0,2022-23,29,3.1444535,1,1.4461137
620.0,2022-23,30,4.3170023,1,1.5516839
620.0,2022-23,31,2.0005698,6,1.7878278
620.0,2022-23,32,3.6354856,8,2.0192113
620.0,2022-23,33,2.806279,2,1.5876096
620.0,2022-23,34,0.86144507,0,1.2351342
620.0,2022-23,35,0.5330319,0,1.1559339
620.0,2022-23,36,0.31348315,0,0.9863719
620.0,2022-23,37,1.4331187,1,0.8720026
620.0,2022-23,38,3.2495284,5,1.7007033
647.0,2022-23,6,6.391034,9,2.474697
647.0,2022-23,7,4.0783224,0,2.804032
647.0,2022-23,8,6.711456,10,1.5474349
647.0,2022-23,9,5.105371,6,2.4701586
647.0,2022-23,10,4.17191,7,2.5081964
647.0,2022-23,11,4.9493976,9,2.58223
647.0,2022-23,12,4.879402,2,2.787158
647.0,2022-23,13,6.146661,8,2.4625006
647.0,2022-23,14,6.7482066,1,2.6920226
647.0,2022-23,15,5.180888,8,2.115067
647.0,2022-23,16,9.880609,11,2.2302792
647.0,2022-23,17,9.923006,7,2.9516084
647.0,2022-23,18,10.040214,2,3.1920922
647.0,2022-23,19,8.313011,16,2.5142126
647.0,2022-23,20,6.8931646,2,3.0188682
647.0,2022-23,20,6.8931646,2,2.650603
647.0,2022-23,20,8.162158,5,3.0188682
647.0,2022-23,20,8.162158,5,2.650603
647.0,2022-23,21,6.963717,6,2.7592077
647.0,2022-23,22,3.4481034,8,3.4970984
647.0,2022-23,23,5.236862,2,2.9459949
647.0,2022-23,24,5.507231,5,1.9146401
647.0,2022-23,25,6.99946,6,2.0211139
647.0,2022-23,26,5.745759,2,2.3590174
647.0,2022-23,27,5.240224,13,2.6850672
647.0,2022-23,28,4.2502117,6,2.7908323
647.0,2022-23,29,5.0886397,7,2.5024056
647.0,2022-23,30,4.5592313,9,2.4715223
647.0,2022-23,31,5.6768317,2,2.4757419
647.0,2022-23,32,4.5282493,6,2.2387981
647.0,2022-23,33,4.2456927,11,3.078631
647.0,2022-23,34,5.4539423,8,2.6313708
647.0,2022-23,35,8.74921,8,3.3141203
647.0,2022-23,36,8.200197,7,3.1615834
647.0,2022-23,37,6.301571,7,3.289907
647.0,2022-23,38,4.717319,16,3.2213764
755.0,2022-23,6,1.7100471,1,1.1526631
755.0,2022-23,7,0.7136149,0,1.179367
755.0,2022-23,8,1.3276966,1,0.88378274
755.0,2022-23,9,1.6427897,5,0.84868324
755.0,2022-23,10,1.1779026,1,1.3116018
755.0,2022-23,11,1.9334939,0,1.0104432
755.0,2022-23,12,1.6332523,2,0.7857958
755.0,2022-23,13,0.65379107,10,0.8636018
755.0,2022-23,14,1.5811685,2,1.0562407
755.0,2022-23,15,1.0380195,1,0.94545007
755.0,2022-23,16,2.5393686,1,0.66152203
755.0,2022-23,17,2.4996066,1,0.9440421
755.0,2022-23,18,1.7519609,2,1.0560501
755.0,2022-23,19,2.842923,2,1.6281347
755.0,2022-23,20,3.4855914,2,1.7089401
755.0,2022-23,21,4.0601525,2,1.6603293
755.0,2022-23,22,4.365987,1,1.50125
755.0,2022-23,23,2.8264375,1,1.3644134
755.0,2022-23,24,2.1113648,1,1.2628572
755.0,2022-23,25,2.1296,1,1.1846927
755.0,2022-23,26,1.889192,1,1.1935092
755.0,2022-23,27,2.0278804,1,1.4458301
755.0,2022-23,28,2.0284412,1,1.486523
755.0,2022-23,29,2.691915,2,1.549545
755.0,2022-23,30,3.7883701,1,1.2624398
755.0,2022-23,31,1.1732699,1,1.1267271
755.0,2022-23,32,3.8844433,4,1.1672724
755.0,2022-23,33,3.237416,7,1.0371505
755.0,2022-23,34,3.931349,6,1.0087557
755.0,2022-23,35,6.542991,0,0.85106194
755.0,2022-23,36,4.685997,2,0.8362726
755.0,2022-23,37,2.7807572,2,0.90838933
755.0,2022-23,38,4.4729996,1,1.2214878
773.0,2022-23,6,5.3822703,5,2.5218887
773.0,2022-23,7,2.39804,0,2.6643014
773.0,2022-23,8,3.875986,2,1.6666198
773.0,2022-23,9,2.9632585,0,2.05212
773.0,2022-23,10,0.98264915,0,1.6290413
773.0,2022-23,11,2.4775686,7,1.3328105
773.0,2022-23,12,2.4405162,6,2.02664
773.0,2022-23,13,2.6331954,6,2.2472696
773.0,2022-23,14,4.9123826,1,2.5466359
773.0,2022-23,15,2.5271428,0,2.1978567
773.0,2022-23,16,2.2865217,0,1.1752058
773.0,2022-23,17,4.5630193,15,0.7340112
773.0,2022-23,18,3.8738585,0,1.8135065
773.0,2022-23,19,3.6975958,5,1.7865058
773.0,2022-23,20,4.7061386,0,2.2421274
773.0,2022-23,21,4.2125416,2,1.7877692
773.0,2022-23,22,3.436164,2,1.7157842
773.0,2022-23,23,5.6558995,2,2.2103286
773.0,2022-23,24,1.596354,0,2.2163243
773.0,2022-23,25,0.9506838,0,2.2202642
773.0,2022-23,26,3.439544,1,1.7078667
773.0,2022-23,27,2.6246777,2,2.7406387
773.0,2022-23,28,0.5784174,0,2.8277278
773.0,2022-23,29,0.33479166,0,2.5200515
773.0,2022-23,30,0.35462445,0,1.5705634
773.0,2022-23,31,0.13569175,0,1.0959666
773.0,2022-23,32,0.1384949,0,0.85735214
773.0,2022-23,33,-0.008828654,0,0.781124
773.0,2022-23,34,-0.008828654,0,0.661909
773.0,2022-23,35,-0.070433885,0,0.58191085
773.0,2022-23,36,0.46269438,5,0.52481365
773.0,2022-23,37,1.668633,13,0.9798336
773.0,2022-23,38,1.9160826,-1,1.202797
802.0,2022-23,14,1.970265,-1,1.1309612
802.0,2022-23,15,0.70352626,0,1.1530057
802.0,2022-23,16,-0.21141267,0,0.8873142
802.0,2022-23,17,2.6429374,1,0.7715452
802.0,2022-23,18,3.1642847,1,1.3926033
802.0,2022-23,19,2.7737157,1,1.5743552
802.0,2022-23,20,0.20570427,0,1.4559743
802.0,2022-23,21,0.095507555,0,1.1723906
802.0,2022-23,22,0.41722003,0,0.9552338
802.0,2022-23,23,1.5590643,1,0.79218435
802.0,2022-23,24,3.0072603,1,1.3995543
802.0,2022-23,25,2.7389817,1,1.2169683
802.0,2022-23,25,2.7389817,1,1.0674679
802.0,2022-23,25,2.176245,1,1.2169683
802.0,2022-23,25,2.176245,1,1.0674679
802.0,2022-23,26,1.8621342,1,0.94277775
802.0,2022-23,27,0.04922223,0,0.781718
802.0,2022-23,28,0.097065724,0,0.624944
802.0,2022-23,29,2.0468361,1,0.55348814
802.0,2022-23,30,2.2622664,2,0.8423296
802.0,2022-23,31,1.8115137,9,0.84335935
802.0,2022-23,32,5.838911,1,1.3947943
802.0,2022-23,33,5.2764187,1,1.1805599
802.0,2022-23,34,4.1082606,1,1.3638914
802.0,2022-23,35,3.0225782,1,1.2473315
802.0,2022-23,36,2.7747324,1,1.3744103
802.0,2022-23,37,4.106336,1,1.4614934
813.0,2022-23,7,-0.044081774,0,0.5308844
813.0,2022-23,8,0.6250059,1,0.61172795
813.0,2022-23,9,0.93083453,1,0.52298164
813.0,2022-23,10,1.1654357,1,0.43614605
813.0,2022-23,11,0.8059864,1,0.4612421
822.0,2022-23,6,0.7687284,1,0.6773963
822.0,2022-23,7,0.57537013,0,0.9685868
822.0,2022-23,8,0.1893043,0,0.6759509
822.0,2022-23,9,1.3930653,1,0.5385623
822.0,2022-23,10,0.5344319,2,0.53251874
822.0,2022-23,11,0.90161854,-1,0.6878116
822.0,2022-23,12,2.7184157,2,0.7898469
822.0,2022-23,13,3.2722414,1,0.9044956
822.0,2022-23,14,2.7117267,4,0.8145635
822.0,2022-23,15,1.1453208,0,0.69799614
822.0,2022-23,16,0.7358681,0,0.5037571
822.0,2022-23,17,-0.032112334,0,0.47096583
822.0,2022-23,18,0.034331016,0,0.46984217
822.0,2022-23,19,-0.25605914,0,0.5814196
822.0,2022-23,20,1.3479992,6,0.63664174
822.0,2022-23,21,1.4900545,1,1.1970661
822.0,2022-23,22,1.9986602,2,1.0194138
822.0,2022-23,22,1.9986602,2,0.94242
822.0,2022-23,22,1.5390352,5,1.0194138
822.0,2022-23,22,1.5390352,5,0.94242
822.0,2022-23,23,1.1816661,1,0.8447437
822.0,2022-23,24,2.3418374,2,0.65087163
822.0,2022-23,25,2.838167,1,0.9858072
822.0,2022-23,26,-0.26320738,0,1.0940636
822.0,2022-23,27,2.5340242,8,0.93847084
822.0,2022-23,28,3.5697968,2,1.7202853
822.0,2022-23,29,2.721109,0,1.7670683
822.0,2022-23,29,2.721109,0,1.7178807
822.0,2022-23,29,3.682148,2,1.7670683
822.0,2022-23,29,3.682148,2,1.7178807
822.0,2022-23,30,2.503535,6,1.5101558
822.0,2022-23,31,0.54535466,0,1.6118633
822.0,2022-23,32,4.130856,4,1.3373979
822.0,2022-23,33,3.0207372,2,1.3751746
822.0,2022-23,34,2.5789669,6,1.4545187
822.0,2022-23,35,3.063387,2,1.454414
822.0,2022-23,36,3.1259506,2,1.3550878
822.0,2022-23,37,2.8452864,1,1.1138662
986.0,2022-23,6,0.4916405,0,0.84561646
986.0,2022-23,7,0.43398452,0,0.8661686
986.0,2022-23,8,0.9880453,1,0.9015213
986.0,2022-23,9,0.77123696,1,0.80580664
986.0,2022-23,10,0.60153383,1,0.6629112
986.0,2022-23,11,0.7820962,2,0.68478966
986.0,2022-23,12,1.186461,2,1.1000817
986.0,2022-23,13,1.2909877,12,1.2692527
986.0,2022-23,14,2.64138,2,1.9946519
986.0,2022-23,15,2.5084333,1,1.4867196
986.0,2022-23,16,3.489465,13,0.92395914
986.0,2022-23,17,6.4216285,1,1.6413208
986.0,2022-23,18,5.0317316,1,1.3400732
986.0,2022-23,19,3.8291595,8,1.3696837
986.0,2022-23,20,4.669869,1,1.8494319
986.0,2022-23,21,4.9092264,1,1.7962462
986.0,2022-23,22,3.9528031,1,1.4178888
986.0,2022-23,23,2.3981197,1,1.1616592
986.0,2022-23,24,2.1111677,1,0.9985179
986.0,2022-23,25,2.2834036,13,1.4116787
986.0,2022-23,26,3.0630746,2,1.5055648
986.0,2022-23,27,4.5133367,2,1.4750183
986.0,2022-23,28,0.95148754,0,1.3888775
986.0,2022-23,29,3.9645476,2,1.3768183
986.0,2022-23,29,3.9645476,2,1.783924
986.0,2022-23,29,1.9899033,1,1.3768183
986.0,2022-23,29,1.9899033,1,1.783924
986.0,2022-23,30,4.000128,2,1.9738518
986.0,2022-23,31,0.2411201,0,1.8307778
986.0,2022-23,32,2.4440908,1,1.3158402
986.0,2022-23,33,2.2817416,1,1.5977274
986.0,2022-23,34,3.0143263,1,1.5212442
986.0,2022-23,34,3.0143263,1,1.5674784
986.0,2022-23,34,1.9120003,1,1.5212442
986.0,2022-23,34,1.9120003,1,1.5674784
986.0,2022-23,35,-0.04963839,0,1.4219033
986.0,2022-23,36,1.9305001,2,1.0268103
986.0,2022-23,37,2.3050296,5,1.2306894
986.0,2022-23,38,4.1295605,3,1.1721553
998.0,2022-23,6,5.3798847,17,1.7957115
998.0,2022-23,7,2.5502295,0,2.648697
998.0,2022-23,8,4.9020696,2,1.5578191
998.0,2022-23,9,2.5830426,1,1.3595436
998.0,2022-23,10,1.8543736,5,1.590705
998.0,2022-23,11,3.0620751,12,2.075987
998.0,2022-23,12,2.7473586,2,2.819366
998.0,2022-23,13,2.8204184,2,2.2593827
998.0,2022-23,14,4.2786875,1,1.9994096
998.0,2022-23,15,1.3020988,0,1.8574557
998.0,2022-23,16,5.56619,13,1.3628877
998.0,2022-23,17,6.044897,5,2.0172188
998.0,2022-23,18,6.41772,12,2.18044
998.0,2022-23,19,0.11491778,0,2.0495238
998.0,2022-23,20,5.8421316,9,1.5779277
998.0,2022-23,21,4.0024204,1,1.9586774
998.0,2022-23,22,4.525597,1,2.1594596
998.0,2022-23,23,3.3270397,9,2.4674911
998.0,2022-23,24,8.60335,2,2.9178226
998.0,2022-23,25,0.7437469,0,2.589164
998.0,2022-23,26,6.9335065,8,2.152245
998.0,2022-23,27,5.8187017,2,2.3237734
998.0,2022-23,27,5.8187017,2,2.6418116
998.0,2022-23,27,5.148498,11,2.3237734
998.0,2022-23,27,5.148498,11,2.6418116
998.0,2022-23,28,3.8440855,2,2.6899827
998.0,2022-23,29,3.5072,9,2.9558895
998.0,2022-23,29,3.5072,9,2.4072692
998.0,2022-23,29,3.7255359,2,2.9558895
998.0,2022-23,29,3.7255359,2,2.4072692
998.0,2022-23,30,5.2789326,4,2.710196
998.0,2022-23,31,3.8982987,2,2.1361938
998.0,2022-23,32,3.6645386,9,2.1411743
998.0,2022-23,33,3.8099258,2,1.9809505
998.0,2022-23,34,4.9123125,7,2.0033767
998.0,2022-23,35,3.556123,2,2.7844543
1679.0,2022-23,6,1.5024736,12,0.93422306
1679.0,2022-23,7,0.17570493,0,1.8662795
1679.0,2022-23,8,1.7854439,2,1.1535163
1679.0,2022-23,9,2.2000813,2,1.1317599
1679.0,2022-23,10,1.3401451,8,1.093752
1679.0,2022-23,11,1.956478,12,1.4767984
1679.0,2022-23,12,1.5097141,2,2.2775326
1679.0,2022-23,13,1.7914563,1,1.6234096
1679.0,2022-23,14,2.0020204,2,1.2507747
1679.0,2022-23,15,2.9047923,6,1.2795002
1679.0,2022-23,16,4.9167953,5,1.8613223
1679.0,2022-23,17,4.72385,2,2.1642818
1679.0,2022-23,18,5.326318,1,1.712016
1679.0,2022-23,19,5.049806,2,1.4885117
1679.0,2022-23,20,-0.018172512,0,1.6705687
1679.0,2022-23,21,-0.16592823,0,1.5187868
1679.0,2022-23,22,0.038906593,0,1.3048722
1679.0,2022-23,23,2.3825905,2,1.064057
1679.0,2022-23,24,2.5730186,5,1.9454464
1679.0,2022-23,25,2.8263822,5,2.007916
1679.0,2022-23,26,3.1758897,2,1.728741
1679.0,2022-23,27,3.8255055,2,1.5484656
1679.0,2022-23,28,2.9130604,2,1.3317473
1679.0,2022-23,29,4.412859,9,1.3315713
1679.0,2022-23,29,4.412859,9,1.4650477
1679.0,2022-23,29,4.3739133,2,1.3315713
1679.0,2022-23,29,4.3739133,2,1.4650477
1679.0,2022-23,30,4.267804,2,1.5571582
1679.0,2022-23,31,3.5535133,15,1.8708454
1679.0,2022-23,32,2.921979,2,2.1877768
1679.0,2022-23,33,3.7330801,5,2.2816663
1679.0,2022-23,34,4.0046206,8,2.3073573
1679.0,2022-23,35,5.2291923,2,2.549304
1679.0,2022-23,36,6.237882,2,2.9103997
1679.0,2022-23,37,5.673556,2,3.01101
1679.0,2022-23,38,2.8887732,1,3.2388096
2371.0,2022-23,6,0.83305496,1,0.77481437
2371.0,2022-23,7,0.28621757,0,1.0851285
2371.0,2022-23,8,0.44185865,0,0.73925245
2371.0,2022-23,9,0.049599815,0,0.5751972
2371.0,2022-23,10,0.56446993,9,0.48431203
2371.0,2022-23,11,1.2971534,1,0.882218
2371.0,2022-23,12,0.1576586,0,0.9399215
2371.0,2022-23,13,0.14869538,0,0.66910875
2371.0,2022-23,14,1.2175324,2,0.54304624
2371.0,2022-23,15,1.3463048,1,0.73159194
3621.0,2022-23,11,2.1556718,1,1.2804396
3621.0,2022-23,12,2.4097269,1,1.2717022
3621.0,2022-23,13,1.7428199,1,0.9531069
3621.0,2022-23,14,1.2365742,1,0.9843588
3621.0,2022-23,15,0.98410714,1,0.9888421
3621.0,2022-23,16,2.8977425,2,1.0628436
3621.0,2022-23,17,3.2732916,2,1.5215858
3621.0,2022-23,18,3.3833368,0,1.4165676
3621.0,2022-23,19,3.4359586,1,1.2726766
3621.0,2022-23,20,0.31596363,0,1.1386436
3621.0,2022-23,21,0.13585383,0,0.9403224
3621.0,2022-23,22,2.1108012,0,0.76133585
3621.0,2022-23,23,2.0621219,1,0.98088634
3621.0,2022-23,24,2.2580395,2,0.92836225
3621.0,2022-23,25,2.035509,2,1.1135161
3621.0,2022-23,25,2.035509,2,1.3247988
3621.0,2022-23,25,3.7002494,2,1.1135161
3621.0,2022-23,25,3.7002494,2,1.3247988
3621.0,2022-23,26,2.280751,1,1.3835776
3621.0,2022-23,27,2.4274678,1,1.1553134
3621.0,2022-23,28,-0.26577455,0,1.1506356
3621.0,2022-23,29,0.055660535,0,0.973822
3621.0,2022-23,30,1.8372688,1,0.83921313
3621.0,2022-23,31,2.6724257,2,1.3989831
3621.0,2022-23,32,2.475008,1,1.5335138
3621.0,2022-23,33,1.6624923,0,1.1791958
3621.0,2022-23,34,-0.5588553,0,1.0696503
3621.0,2022-23,35,1.1129905,1,0.8592
3621.0,2022-23,36,1.6242394,1,0.9123366
3621.0,2022-23,37,2.4928055,1,1.0018293
3697.0,2022-23,6,1.6228915,1,0.71167266
3697.0,2022-23,7,1.0622014,0,0.81148577
3697.0,2022-23,8,0.6911693,0,0.6875942
3697.0,2022-23,9,1.3881999,5,0.81535184
3697.0,2022-23,10,0.9940805,8,1.3178515
3697.0,2022-23,11,1.3030615,2,1.7625005
3697.0,2022-23,12,2.3078785,5,1.2863888
3697.0,2022-23,13,2.4142358,2,1.2503371
3697.0,2022-23,14,2.9446235,6,1.0050164
3697.0,2022-23,15,0.09720433,0,1.4251608
3697.0,2022-23,16,4.0347595,1,1.0220765
3697.0,2022-23,17,0.93745613,0,1.0061867
3697.0,2022-23,18,3.1537883,1,0.9293308
3697.0,2022-23,19,4.4640245,1,1.9137288
3697.0,2022-23,20,4.4479184,1,1.5623249
3697.0,2022-23,20,4.4479184,1,1.3748642
3697.0,2022-23,20,3.072599,2,1.5623249
3697.0,2022-23,20,3.072599,2,1.3748642
3697.0,2022-23,21,1.9933527,2,1.260153
3697.0,2022-23,22,1.4337649,2,1.3420434
3697.0,2022-23,23,3.1117942,1,1.8376774
3697.0,2022-23,24,2.525896,1,1.5511954
3697.0,2022-23,25,2.2913115,1,1.4988327
3697.0,2022-23,26,0.35292187,0,1.312177
3697.0,2022-23,27,2.530197,1,0.9638102
3697.0,2022-23,27,2.530197,1,1.0496428
3697.0,2022-23,27,1.6553975,2,0.9638102
3697.0,2022-23,27,1.6553975,2,1.0496428
3697.0,2022-23,28,1.783802,2,1.1647798
3697.0,2022-23,29,2.858842,2,1.1142198
3697.0,2022-23,30,3.3949587,6,1.2328254
3697.0,2022-23,31,2.9667857,2,1.4216526
3697.0,2022-23,32,3.739993,2,1.4306487
3697.0,2022-23,33,3.0078275,1,1.1523273
3697.0,2022-23,34,3.2359703,1,1.2008599
3697.0,2022-23,35,3.5654957,1,1.3170882
3697.0,2022-23,36,3.4389489,1,1.3901286
3697.0,2022-23,37,3.420378,8,1.4270414
3697.0,2022-23,38,3.0674863,2,1.9984484
4105.0,2022-23,8,1.1443353,0,0.6981914
4105.0,2022-23,9,0.23811637,0,0.6899648
4105.0,2022-23,10,0.27670392,0,0.70152044
4105.0,2022-23,11,0.2930264,0,0.68803287
4105.0,2022-23,12,0.020626076,0,0.62394816
4105.0,2022-23,13,-0.0024500967,0,0.5809636
4105.0,2022-23,14,-0.010182104,0,0.5495032
4105.0,2022-23,15,-0.010182104,0,0.5153824
4105.0,2022-23,16,-0.010182104,0,0.46958342
4105.0,2022-23,17,-0.010182104,0,0.4254209
4105.0,2022-23,18,0.6629661,1,0.38847545
4105.0,2022-23,19,-0.05339316,0,0.6981398
4105.0,2022-23,20,1.8827145,1,0.5458544
4105.0,2022-23,21,1.3888392,1,0.6635089
4105.0,2022-23,22,1.1366168,1,0.638782
4105.0,2022-23,23,-0.064236015,0,0.72931063
4105.0,2022-23,24,1.1631173,1,0.6147574
4105.0,2022-23,25,2.030977,5,0.68524754
4105.0,2022-23,25,2.030977,5,1.0451972
4105.0,2022-23,25,1.556581,2,0.68524754
4105.0,2022-23,25,1.556581,2,1.0451972
4105.0,2022-23,26,2.8408103,5,0.97199845
4105.0,2022-23,27,2.9117925,2,1.184815
4105.0,2022-23,28,3.323704,2,1.1461108
4105.0,2022-23,29,-0.3706434,0,1.1829802
4105.0,2022-23,30,0.25137523,0,1.0530964
4105.0,2022-23,31,0.12266296,0,0.690523
4105.0,2022-23,32,-0.18741837,0,0.7499399
4105.0,2022-23,33,-0.2915449,0,0.79634607
4105.0,2022-23,34,0.1790456,0,0.8847821
4105.0,2022-23,35,0.015161342,0,0.8322816
4105.0,2022-23,36,0.78044057,1,0.7773746
4105.0,2022-23,37,0.3433231,0,1.2814913
4105.0,2022-23,38,1.9587994,2,0.8283279
4419.0,2022-23,6,2.2134964,2,0.9152205
4419.0,2022-23,7,1.1375393,0,0.81549215
4419.0,2022-23,8,1.7202953,2,0.89263535
4419.0,2022-23,9,1.338516,1,0.8759966
4419.0,2022-23,10,1.0405354,2,0.9453466
4419.0,2022-23,11,1.4089676,2,1.1941334
4419.0,2022-23,12,1.1968197,2,1.1809944
4419.0,2022-23,13,1.2848325,2,1.2356862
4419.0,2022-23,14,0.12914331,0,1.2392877
4419.0,2022-23,15,1.3194407,1,1.0988209
4419.0,2022-23,16,2.7000601,1,0.9426358
4419.0,2022-23,17,3.3090436,1,1.3416846
4419.0,2022-23,18,2.6126196,1,1.1298975
4419.0,2022-23,19,2.8613527,1,0.7264309
4419.0,2022-23,20,2.6819856,1,0.7207935
4419.0,2022-23,21,2.4465997,2,0.9087573
4419.0,2022-23,22,1.9822259,1,0.98085177
4419.0,2022-23,23,-0.03560836,0,1.0070003
4419.0,2022-23,24,2.0347035,1,0.9098667
4419.0,2022-23,25,2.0798783,1,1.2755514
4419.0,2022-23,26,2.1240885,0,1.0926391
4419.0,2022-23,27,1.1690665,1,0.9279276
4419.0,2022-23,28,-0.13383958,0,0.9918126
4419.0,2022-23,29,-0.2146523,0,0.7741351
4419.0,2022-23,30,0.5177585,0,0.62598
4419.0,2022-23,31,0.042049687,0,0.54567116
4419.0,2022-23,32,1.3324202,1,0.50650287
4419.0,2022-23,33,2.2878706,2,0.9120561
4419.0,2022-23,34,1.9073397,1,0.855677
4419.0,2022-23,35,1.9227033,1,0.88443637
4419.0,2022-23,36,2.829374,1,0.8595457
4419.0,2022-23,37,0.113241225,0,0.8308548
4419.0,2022-23,38,1.6958233,5,0.57471067
4456.0,2022-23,6,1.0902735,1,0.56206393
4456.0,2022-23,7,0.025935968,0,0.39478508
4456.0,2022-23,8,0.6839827,1,0.30574518
4456.0,2022-23,9,0.15332378,0,0.27720845
4456.0,2022-23,10,0.7936939,1,0.3374459
4456.0,2022-23,11,1.0206734,1,0.3715779
4456.0,2022-23,12,1.2064494,1,0.49301043
4456.0,2022-23,13,0.71163416,1,0.48076433
4456.0,2022-23,14,0.7097546,1,0.43255576
4456.0,2022-23,15,0.4297788,7,0.4644871
4456.0,2022-23,16,1.7427868,2,0.57285845
4456.0,2022-23,17,2.7947001,8,0.6656431
4456.0,2022-23,18,3.627322,2,0.72409856
4456.0,2022-23,19,2.8613548,1,0.5273677
4456.0,2022-23,20,2.6962945,1,0.6584265
4456.0,2022-23,21,1.6425198,2,0.6309751
4456.0,2022-23,22,2.359485,2,1.2053361
4456.0,2022-23,23,3.2902772,2,1.3486654
4456.0,2022-23,24,3.4644768,8,1.5333537
4456.0,2022-23,25,2.870799,2,1.3842078
4456.0,2022-23,26,4.214339,2,1.1560053
4456.0,2022-23,27,3.177171,1,0.82264507
5220.0,2022-23,6,2.3656213,6,1.3789984
5220.0,2022-23,7,0.6192658,0,1.5119219
5220.0,2022-23,8,0.40413272,0,0.97939515
5220.0,2022-23,9,0.83966684,2,0.6285352
5220.0,2022-23,10,1.06599,6,0.908836
5220.0,2022-23,11,1.9334414,1,1.288684
5220.0,2022-23,12,1.682261,2,1.3994836
5220.0,2022-23,13,0.9055845,0,1.2031716
5220.0,2022-23,14,1.2490395,9,0.84865403
5220.0,2022-23,15,2.4842129,2,1.4969893
5220.0,2022-23,16,4.3205333,1,1.4415284
5220.0,2022-23,17,3.998796,12,1.313451
5220.0,2022-23,18,3.9656053,2,1.9520904
5220.0,2022-23,19,3.1839201,2,1.9835173
5220.0,2022-23,19,3.1839201,2,1.7653438
5220.0,2022-23,19,6.004735,2,1.9835173
5220.0,2022-23,19,6.004735,2,1.7653438
5220.0,2022-23,20,5.3755927,6,1.846126
5220.0,2022-23,21,4.188048,2,1.9424254
5220.0,2022-23,22,5.4844613,2,1.6825981
5220.0,2022-23,23,5.5185094,2,1.5319705
5220.0,2022-23,24,6.4599643,1,2.0297844
5220.0,2022-23,25,2.4323945,1,1.901524
5220.0,2022-23,26,4.866497,2,2.663396
5220.0,2022-23,27,4.7410774,9,2.573344
5220.0,2022-23,28,6.4028864,8,3.1263833
5220.0,2022-23,29,4.9703903,2,2.5431957
5220.0,2022-23,29,4.9703903,2,2.3152711
5220.0,2022-23,29,4.51074,2,2.5431957
5220.0,2022-23,29,4.51074,2,2.3152711
5220.0,2022-23,30,5.642245,2,2.3690717
5220.0,2022-23,31,0.8436947,0,2.2275944
5220.0,2022-23,32,0.9299561,0,1.6225647
5220.0,2022-23,33,0.2078224,0,1.1410636
5220.0,2022-23,34,3.4495609,1,1.2115054
5220.0,2022-23,35,3.9737253,2,2.820092
5220.0,2022-23,36,3.7231488,1,2.9149592
5220.0,2022-23,37,1.4194398,1,2.4827812
5220.0,2022-23,37,1.4194398,1,2.0856388
5220.0,2022-23,37,2.1845663,2,2.4827812
5220.0,2022-23,37,2.1845663,2,2.0856388
5220.0,2022-23,38,3.7779825,1,2.0996547
5232.0,2022-23,10,0.602715,0,0.8927543
5232.0,2022-23,11,0.8534062,0,0.8680452
5232.0,2022-23,12,0.05631433,0,0.84725547
5232.0,2022-23,13,0.13762142,0,0.7923082
5232.0,2022-23,14,-0.007799959,0,0.88277733
5232.0,2022-23,15,0.08342202,0,0.79314923
5232.0,2022-23,16,0.08342202,0,0.7175646
5232.0,2022-23,17,-0.010182104,0,0.6400484
5232.0,2022-23,18,-0.010182104,0,0.57270795
5232.0,2022-23,19,-0.010182104,0,0.4957953
5232.0,2022-23,20,0.6534159,8,0.43623465
5232.0,2022-23,21,1.5527567,1,0.7507199
5232.0,2022-23,22,0.41237545,0,0.73894155
5232.0,2022-23,23,2.42267,2,0.5182234
5232.0,2022-23,24,2.1488066,2,0.778188
5232.0,2022-23,25,-0.064432584,0,0.67094564
5232.0,2022-23,26,1.3170094,1,0.71538043
5232.0,2022-23,27,2.0685513,7,1.3503605
5232.0,2022-23,28,3.8837326,13,1.6108427
5232.0,2022-23,29,3.2923503,2,1.5586122
5232.0,2022-23,29,3.2923503,2,1.4250951
5232.0,2022-23,29,3.2286718,6,1.5586122
5232.0,2022-23,29,3.2286718,6,1.4250951
5232.0,2022-23,30,3.3281546,5,1.5699409
5232.0,2022-23,31,3.995272,2,1.5987079
5232.0,2022-23,32,3.5316443,13,1.4487172
5232.0,2022-23,33,2.7882166,1,1.2382594
5232.0,2022-23,34,5.2359257,7,1.9406027
5232.0,2022-23,35,5.164953,2,2.4250188
5232.0,2022-23,36,3.0755818,5,2.7809198
5232.0,2022-23,36,3.0755818,5,2.9781222
5232.0,2022-23,36,4.6116366,2,2.7809198
5232.0,2022-23,36,4.6116366,2,2.9781222
5232.0,2022-23,37,3.0202029,1,2.5215654
5232.0,2022-23,38,3.089214,2,2.140091
5543.0,2022-23,6,6.908724,1,2.5557415
5543.0,2022-23,7,4.338401,0,2.3644865
5543.0,2022-23,8,4.056137,6,1.3805262
5543.0,2022-23,9,4.9561925,8,2.0854237
5543.0,2022-23,10,5.275428,5,2.5302913
5543.0,2022-23,11,5.09494,2,2.5527492
5543.0,2022-23,12,3.9264324,0,2.2863274
5543.0,2022-23,13,5.0028987,2,1.3718827
5543.0,2022-23,14,3.5673568,9,1.4625921
5543.0,2022-23,15,4.138474,2,2.2603488
5543.0,2022-23,16,8.099294,2,2.6479528
5543.0,2022-23,17,7.942355,0,2.496021
5543.0,2022-23,18,5.2585435,0,1.7200518
5543.0,2022-23,19,4.2534933,0,1.1969109
5543.0,2022-23,20,2.4197407,0,1.1764468
5543.0,2022-23,21,1.8970829,0,1.1641518
5543.0,2022-23,22,1.4359646,0,1.2167386
5543.0,2022-23,23,1.247121,0,1.1386153
5543.0,2022-23,23,1.247121,0,1.0721629
5543.0,2022-23,23,0.49766862,0,1.1386153
5543.0,2022-23,23,0.49766862,0,1.0721629
5543.0,2022-23,24,0.36936817,0,1.0100552
5543.0,2022-23,25,0.5322679,0,0.8382076
5543.0,2022-23,25,0.5322679,0,0.69967556
5543.0,2022-23,25,0.510788,0,0.8382076
5543.0,2022-23,25,0.510788,0,0.69967556
5543.0,2022-23,26,0.8143032,0,0.533437
5543.0,2022-23,27,0.5974261,1,0.49174443
5543.0,2022-23,28,2.2819092,1,0.692482
5543.0,2022-23,29,1.4046783,12,0.7356529
5543.0,2022-23,30,1.4866952,7,1.0770037
5543.0,2022-23,31,4.759603,7,1.1910806
5543.0,2022-23,32,4.375671,2,0.986071
5543.0,2022-23,33,1.7699007,2,1.0709766
5543.0,2022-23,34,6.2750683,7,1.147487
5543.0,2022-23,35,2.3820915,2,1.3560005
5543.0,2022-23,36,5.223226,2,1.7696824
5543.0,2022-23,37,5.9565163,1,1.716464
5543.0,2022-23,38,4.5596204,12,2.2066884
5555.0,2022-23,15,2.0779629,2,1.1317917
5555.0,2022-23,16,0.9996326,0,1.1879143
5555.0,2022-23,17,0.6981071,0,0.7639911
5555.0,2022-23,18,2.5160139,2,0.5832608
5555.0,2022-23,19,2.7585902,2,1.1634778
5555.0,2022-23,20,3.1829762,2,1.304315
5555.0,2022-23,21,3.1553946,2,1.4873685
5555.0,2022-23,22,3.0331526,2,1.478161
5555.0,2022-23,23,-0.54134923,0,1.6573488
5555.0,2022-23,24,-0.23427746,0,1.4255122
5555.0,2022-23,25,0.6968773,0,1.069515
5555.0,2022-23,26,0.14552246,0,0.82029617
5555.0,2022-23,27,0.03722674,0,0.67899394
5555.0,2022-23,28,-0.02686963,0,0.8372674
5555.0,2022-23,29,-0.020586716,0,0.80476785
5555.0,2022-23,30,-0.039075702,0,0.7656994
5555.0,2022-23,31,-0.010182104,0,0.69621336
5555.0,2022-23,32,0.48844665,1,0.59429896
5555.0,2022-23,33,1.9915167,2,1.065028
5555.0,2022-23,34,2.0228047,6,1.0147798
5555.0,2022-23,35,4.074787,4,1.3624436
5555.0,2022-23,36,5.1504145,1,1.4459959
5555.0,2022-23,37,4.1195793,1,1.1337365
5602.0,2022-23,6,-0.02063512,0,0.49401146
5602.0,2022-23,7,0.044702686,0,0.50043356
5602.0,2022-23,8,0.837979,1,0.479614
5602.0,2022-23,9,0.034896497,0,0.4955355
5602.0,2022-23,10,0.7951976,1,0.44215605
5602.0,2022-23,11,0.5643915,1,0.43635398
5602.0,2022-23,12,0.12945618,0,0.34929016
5602.0,2022-23,13,-0.051732454,0,0.375916
5602.0,2022-23,14,0.23656821,0,0.40544358
5602.0,2022-23,15,0.54740226,1,0.417314
5602.0,2022-23,16,2.1109283,1,0.38093933
5602.0,2022-23,17,1.4392649,1,0.6090218
5602.0,2022-23,18,1.6155103,1,0.79401994
5602.0,2022-23,19,1.344147,1,0.7363541
5602.0,2022-23,20,2.4305289,1,0.85642946
5602.0,2022-23,21,1.6237776,8,1.1055658
5602.0,2022-23,22,3.3969834,0,1.0216416
5602.0,2022-23,23,0.8852617,0,0.83636475
5602.0,2022-23,24,-0.0912326,0,0.60946846
5602.0,2022-23,25,3.5808022,1,0.44185466
5602.0,2022-23,26,-0.13508494,0,0.58778
5602.0,2022-23,27,-0.1096128,0,0.70362127
5602.0,2022-23,28,1.5912402,1,0.66749537
5602.0,2022-23,29,-0.032010432,0,1.023419
5602.0,2022-23,30,0.061195318,0,0.73229337
5602.0,2022-23,31,2.3185377,1,0.54947174
5602.0,2022-23,32,0.9332071,1,0.701249
5602.0,2022-23,33,0.49406153,0,0.6774063
5602.0,2022-23,34,0.48601627,0,0.50464636
5602.0,2022-23,35,2.5925212,1,0.39854392
5602.0,2022-23,36,-0.012967212,0,0.61268187
5602.0,2022-23,37,0.001267442,0,0.47133788
5602.0,2022-23,38,1.9571521,1,0.39533702
5735.0,2022-23,6,1.5298121,2,0.4199932
5735.0,2022-23,7,0.951256,0,0.5226817
5735.0,2022-23,8,0.7005348,0,0.38874802
5735.0,2022-23,9,1.114699,1,0.6339812
5735.0,2022-23,10,0.58799106,1,0.5914533
5735.0,2022-23,11,0.5924433,1,0.5886022
5735.0,2022-23,12,1.2193686,1,0.59869504
5735.0,2022-23,13,0.79297405,0,0.5693072
5735.0,2022-23,14,0.047764096,0,0.58220214
5735.0,2022-23,15,-0.015306625,0,0.5610449
5735.0,2022-23,16,1.6268766,1,0.53818357
5735.0,2022-23,17,-0.026909228,0,0.8483081
5735.0,2022-23,18,1.053772,1,0.61828226
5735.0,2022-23,19,2.6069021,1,0.95559335
5735.0,2022-23,20,2.4188519,1,0.764344
5735.0,2022-23,20,2.4188519,1,0.7464222
5735.0,2022-23,20,1.8813182,1,0.764344
5735.0,2022-23,20,1.8813182,1,0.7464222
5735.0,2022-23,21,1.5333011,1,0.6967881
5735.0,2022-23,22,1.2032026,1,0.7810421
5735.0,2022-23,23,1.4423728,2,1.0187628
5735.0,2022-23,24,1.7415074,2,1.0984707
5735.0,2022-23,25,2.607496,2,1.1446991
5735.0,2022-23,26,2.9873166,1,1.105397
5735.0,2022-23,27,2.2690523,1,1.1604791
5735.0,2022-23,28,-0.063104615,0,1.2894677
5735.0,2022-23,29,1.6586955,7,0.97789264
5735.0,2022-23,30,1.9025952,1,0.5568522
5735.0,2022-23,31,2.3044853,1,0.58937377
5735.0,2022-23,32,2.2003577,1,0.3854146
5735.0,2022-23,33,2.4646008,1,0.40461138
5735.0,2022-23,34,0.07316105,0,0.21527857
5735.0,2022-23,35,-0.03001945,0,0.6720933
5735.0,2022-23,36,0.6864269,0,0.46986753
5735.0,2022-23,37,1.5092996,1,0.33134112
5735.0,2022-23,38,1.6325976,1,0.4292835
6026.0,2022-23,6,1.1230534,5,0.43337858
6026.0,2022-23,7,1.0222245,0,0.9396589
6026.0,2022-23,8,1.5225585,1,0.5745224
6026.0,2022-23,9,1.2499399,5,0.6130508
6026.0,2022-23,10,1.3071414,1,1.0093008
6026.0,2022-23,11,1.765835,1,0.712358
6026.0,2022-23,12,1.6910444,0,0.8419405
6026.0,2022-23,13,1.3491471,0,0.6634294
6026.0,2022-23,14,0.9019536,0,0.62341154
6026.0,2022-23,15,0.6165052,0,0.68917024
6026.0,2022-23,16,2.0186794,2,0.6255814
6026.0,2022-23,17,2.2867703,0,1.1849478
6026.0,2022-23,18,1.7454002,0,0.9016595
6026.0,2022-23,19,1.3261948,0,0.69638085
6026.0,2022-23,20,1.1043483,1,0.5990838
6026.0,2022-23,20,1.1043483,1,0.72438264
6026.0,2022-23,20,1.3828657,1,0.5990838
6026.0,2022-23,20,1.3828657,1,0.72438264
6026.0,2022-23,21,2.4826403,1,0.8550756
6026.0,2022-23,22,1.7573054,0,0.7985214
6026.0,2022-23,23,2.8787074,1,0.7372515
6026.0,2022-23,24,1.790635,2,0.7792164
6026.0,2022-23,25,1.9540113,2,1.0224687
6026.0,2022-23,26,4.2034583,1,1.1624714
6026.0,2022-23,27,3.9529862,9,0.9659704
6026.0,2022-23,28,3.1732056,1,1.2221719
6026.0,2022-23,29,2.954153,0,0.78804517
6026.0,2022-23,30,2.162608,0,0.51664627
6026.0,2022-23,31,2.367308,1,0.4223891
6026.0,2022-23,32,2.095938,1,0.5070816
6026.0,2022-23,33,2.2049537,2,0.84536815
6026.0,2022-23,34,1.2750024,4,1.1370453
6026.0,2022-23,35,1.8890724,2,1.113168
6026.0,2022-23,36,2.5317357,2,0.9960567
6026.0,2022-23,37,3.4475985,1,0.8483708
6026.0,2022-23,38,3.1670177,1,0.7473122
6253.0,2022-23,6,0.38436767,0,0.58556056
6253.0,2022-23,7,0.22043616,0,0.6039866
6253.0,2022-23,8,0.8881609,0,0.5877923
6253.0,2022-23,9,1.3016907,8,0.5923461
6253.0,2022-23,10,1.2979233,9,0.9838884
6253.0,2022-23,11,1.5425687,2,1.4228071
6253.0,2022-23,12,3.110934,2,1.4739047
6253.0,2022-23,13,2.518807,2,1.1209317
6253.0,2022-23,14,2.53646,0,1.0433614
6253.0,2022-23,15,2.098049,1,1.0091151
6253.0,2022-23,16,3.152245,1,1.0031041
6253.0,2022-23,17,0.43191543,0,1.7514988
6253.0,2022-23,18,5.190734,2,1.304793
6253.0,2022-23,19,5.123289,8,1.8260306
6253.0,2022-23,20,4.7511797,1,2.0750473
6482.0,2022-23,6,1.5422462,1,0.49000296
6482.0,2022-23,7,0.40777072,0,0.4081942
6482.0,2022-23,8,0.82864517,1,0.40509805
6482.0,2022-23,9,1.0182866,1,0.41932857
6482.0,2022-23,10,1.0542496,1,0.5152271
6482.0,2022-23,11,0.60772073,1,0.48647946
6482.0,2022-23,12,-0.05655352,0,0.49149448
6482.0,2022-23,13,0.55498046,1,0.4876974
6482.0,2022-23,14,0.95943874,1,0.54856086
6482.0,2022-23,15,-0.026530704,0,0.51519495
6482.0,2022-23,16,-0.045742206,0,0.4558487
6482.0,2022-23,17,1.988785,6,0.44357377
6482.0,2022-23,18,2.2279842,8,0.9969555
6482.0,2022-23,19,2.9197905,1,1.3000968
6482.0,2022-23,20,4.9151073,2,1.3631479
6482.0,2022-23,21,3.189845,13,1.3252628
6482.0,2022-23,22,2.688574,2,1.3132194
6482.0,2022-23,23,3.115236,2,1.5896949
6482.0,2022-23,23,3.115236,2,1.5928823
6482.0,2022-23,23,3.819343,4,1.5896949
6482.0,2022-23,23,3.819343,4,1.5928823
6482.0,2022-23,24,4.46594,2,1.6660193
6482.0,2022-23,25,4.04409,1,1.8782982
6482.0,2022-23,25,4.04409,1,2.4318724
6482.0,2022-23,25,5.607532,4,1.8782982
6482.0,2022-23,25,5.607532,4,2.4318724
6482.0,2022-23,26,1.3232014,0,2.4391174
6482.0,2022-23,27,0.5886429,0,2.583085
6482.0,2022-23,28,0.2493371,0,2.1660907
6482.0,2022-23,29,0.19514477,0,1.583611
6482.0,2022-23,30,0.6583579,0,1.1844621
6482.0,2022-23,31,2.2290447,1,1.1933041
6482.0,2022-23,32,2.1725316,1,1.2253366
6482.0,2022-23,33,0.64055324,1,1.0603502
6482.0,2022-23,34,-0.011675623,0,1.0952314
6482.0,2022-23,35,0.87530124,0,0.8153353
6482.0,2022-23,36,1.1683239,1,0.87080395
6482.0,2022-23,37,1.5080086,1,0.5598111
6482.0,2022-23,38,2.007564,1,0.56779313
6552.0,2022-23,6,3.647999,8,1.2606395
6552.0,2022-23,7,1.1174495,0,1.8391436
6552.0,2022-23,8,1.8837187,2,1.0998454
6552.0,2022-23,9,1.2422259,2,1.5181171
6552.0,2022-23,10,1.1827235,2,1.3508781
6552.0,2022-23,11,2.1832123,2,1.2693474
6552.0,2022-23,12,1.9506515,2,1.7028481
6552.0,2022-23,13,1.7445658,2,1.4959141
6552.0,2022-23,14,2.2130365,4,1.5436629
6552.0,2022-23,15,2.4599447,6,1.4752469
6552.0,2022-23,16,4.0904746,1,1.5999111
6552.0,2022-23,17,4.4539557,1,1.8277758
6552.0,2022-23,18,4.250719,1,1.5786053
6552.0,2022-23,19,3.0460403,12,1.2557112
6552.0,2022-23,20,4.617566,2,1.7413737
6552.0,2022-23,21,4.7138777,2,1.6106871
6552.0,2022-23,22,4.983329,12,1.6039795
6552.0,2022-23,23,3.0416794,2,2.210984
6552.0,2022-23,24,5.422,5,2.132598
6552.0,2022-23,25,0.49859115,0,2.5137587
6552.0,2022-23,26,3.9460745,2,1.3927982
6552.0,2022-23,27,2.5004027,2,1.6341753
6552.0,2022-23,27,2.5004027,2,2.417398
6552.0,2022-23,27,5.2190547,2,1.6341753
6552.0,2022-23,27,5.2190547,2,2.417398
6552.0,2022-23,28,8.394678,2,3.1024687
6552.0,2022-23,29,4.9838443,9,2.8114398
6552.0,2022-23,29,4.9838443,9,1.9050568
6552.0,2022-23,29,4.769567,2,2.8114398
6552.0,2022-23,29,4.769567,2,1.9050568
6552.0,2022-23,30,4.154186,1,1.7668648
6552.0,2022-23,31,3.5108204,2,1.4045788
6552.0,2022-23,32,4.192811,7,1.6500733
6552.0,2022-23,33,5.3480477,6,2.1713386
6552.0,2022-23,34,5.4054036,2,2.1305084
6552.0,2022-23,35,4.8211884,1,2.2008028
6552.0,2022-23,36,4.7341037,9,1.8794508
6552.0,2022-23,37,4.2599325,16,1.8973619
6552.0,2022-23,38,4.5151315,5,2.2584844
6854.0,2022-23,6,0.12823306,1,0.32951975
6854.0,2022-23,7,0.25514498,0,0.36996284
6854.0,2022-23,8,0.25514498,0,0.36182827
6854.0,2022-23,9,1.1109606,1,0.3971289
6854.0,2022-23,10,0.4064206,5,0.45535824
6854.0,2022-23,11,0.5426166,1,0.8250618
6854.0,2022-23,12,2.239467,0,0.91496193
6854.0,2022-23,13,1.6920565,0,0.5659952
6854.0,2022-23,14,1.2365911,0,0.4272828
6854.0,2022-23,15,0.86141217,0,0.38467127
6854.0,2022-23,16,2.1721296,0,0.48777428
6854.0,2022-23,17,2.2610826,0,0.69195104
6854.0,2022-23,18,1.9070809,0,0.7139983
6854.0,2022-23,19,1.2084817,0,0.6386869
6854.0,2022-23,20,0.3920628,0,0.6657237
6854.0,2022-23,21,0.5222737,0,0.6513972
6854.0,2022-23,22,0.5156223,0,0.6084684
6854.0,2022-23,23,0.7249655,1,0.57119644
6854.0,2022-23,24,1.636533,1,0.5592811
6854.0,2022-23,25,1.6914723,2,0.8545661
6854.0,2022-23,25,1.6914723,2,1.009998
6854.0,2022-23,25,2.148276,5,0.8545661
6854.0,2022-23,25,2.148276,5,1.009998
6854.0,2022-23,26,3.400264,1,0.8980111
6854.0,2022-23,27,2.1826987,1,0.62107074
6854.0,2022-23,28,-0.397539,0,0.5776861
6854.0,2022-23,29,1.5479323,5,0.51859343
6854.0,2022-23,29,1.5479323,5,0.8771224
6854.0,2022-23,29,1.3392528,2,0.51859343
6854.0,2022-23,29,1.3392528,2,0.8771224
6854.0,2022-23,30,2.0909925,2,1.598051
6854.0,2022-23,31,4.2400637,16,1.3522102
6854.0,2022-23,32,4.278687,13,2.0753846
6854.0,2022-23,33,2.9919612,1,1.6504748
6854.0,2022-23,34,4.708567,4,1.2459506
6854.0,2022-23,34,4.708567,4,1.326801
6854.0,2022-23,34,2.8349473,1,1.2459506
6854.0,2022-23,34,2.8349473,1,1.326801
6854.0,2022-23,35,5.8381743,2,1.0257715
6854.0,2022-23,36,3.2478728,1,1.1511315
6854.0,2022-23,37,3.878159,1,1.4819733
6854.0,2022-23,38,3.8716993,13,1.9774292
6937.0,2022-23,26,2.0710273,2,0.70633996
6937.0,2022-23,27,2.1019995,1,0.99613905
6937.0,2022-23,28,0.26500818,0,0.8521309
6937.0,2022-23,29,1.8143541,1,0.70653844
6937.0,2022-23,30,2.4674392,1,0.9182776
6937.0,2022-23,31,2.1200323,1,0.93351555
6937.0,2022-23,32,0.074759096,0,0.8693012
6937.0,2022-23,33,0.014953702,0,0.6736877
6937.0,2022-23,34,0.23896468,0,0.5878811
6937.0,2022-23,35,0.0034447506,0,0.51745546
6937.0,2022-23,36,-0.07053944,0,0.49805957
6937.0,2022-23,37,0.041293565,0,0.4851861
6937.0,2022-23,38,1.1072236,4,0.45634493
7052.0,2022-23,24,5.323959,2,1.6217813
7052.0,2022-23,25,0.7579788,0,1.7606558
7052.0,2022-23,26,3.593119,1,1.3133613
7052.0,2022-23,27,4.1770277,1,1.264147
7052.0,2022-23,28,-0.43037558,0,1.1723481
7052.0,2022-23,29,3.3794084,2,1.1771718
7052.0,2022-23,30,2.5994241,1,1.575569
7052.0,2022-23,31,2.6278434,0,0.8983395
7052.0,2022-23,32,0.09242514,0,1.2952782
7052.0,2022-23,33,1.7539681,1,1.1281172
7052.0,2022-23,34,1.1508707,1,1.5754001
7052.0,2022-23,35,1.5013691,1,1.4312114
7052.0,2022-23,36,2.2683465,1,1.0621321
7052.0,2022-23,37,2.3432524,1,0.891893
7052.0,2022-23,38,1.8353974,1,1.0231543
7080.0,2022-23,24,4.4623594,2,1.0464734
7080.0,2022-23,25,2.9499228,1,1.2612776
7080.0,2022-23,26,4.377407,1,1.3619453
7080.0,2022-23,27,-0.16918829,0,1.2977623
7080.0,2022-23,28,3.213507,8,1.013341
7080.0,2022-23,29,2.3698535,2,1.5877451
7080.0,2022-23,30,3.5858831,2,1.6053537
7080.0,2022-23,31,3.4175327,2,1.4578444
7080.0,2022-23,32,3.8308911,8,1.5707949
7080.0,2022-23,33,4.1213293,2,1.8805552
7080.0,2022-23,34,0.33529234,0,1.6239058
7080.0,2022-23,35,3.0180128,2,1.2620615
7080.0,2022-23,36,2.4019604,2,1.5860437
7080.0,2022-23,37,5.005888,1,1.672445
7395.0,2022-23,11,1.825705,1,0.5840567
7395.0,2022-23,12,1.537495,1,0.4389322
7395.0,2022-23,13,0.8934652,1,0.38686243
7395.0,2022-23,14,0.15936802,0,0.30034485
7395.0,2022-23,15,0.57453156,2,0.4422191
7395.0,2022-23,16,1.9331045,2,0.6003475
7395.0,2022-23,17,2.075065,1,0.99713624
7395.0,2022-23,18,-0.15460521,0,0.9886519
7395.0,2022-23,19,1.9964978,9,0.73817277
7395.0,2022-23,20,3.871727,1,1.4456445
7395.0,2022-23,21,3.653648,1,0.99129474
7395.0,2022-23,22,2.9123013,1,0.98403823
7395.0,2022-23,23,2.353995,1,0.92978
7395.0,2022-23,24,2.0394921,3,0.9721626
7395.0,2022-23,25,1.7327113,2,1.1067886
7395.0,2022-23,26,1.6691599,7,1.075375
7395.0,2022-23,27,0.12919123,0,0.86182535
7395.0,2022-23,28,0.5924068,0,0.52524495
7395.0,2022-23,29,1.6877936,2,0.36916977
7395.0,2022-23,30,3.1785579,1,0.6601566
7395.0,2022-23,31,4.0972157,1,0.74923706
7395.0,2022-23,32,4.3046017,1,1.1662924
7395.0,2022-23,33,2.5904539,1,0.9368794
7395.0,2022-23,34,2.0380807,8,1.1688579
7395.0,2022-23,34,2.0380807,8,1.4335796
7395.0,2022-23,34,2.8300138,2,1.1688579
7395.0,2022-23,34,2.8300138,2,1.4335796
7395.0,2022-23,35,5.2148848,9,1.613101
7395.0,2022-23,36,5.433615,9,1.4776942
7395.0,2022-23,37,0.7550001,0,1.3573576
7395.0,2022-23,38,3.5304844,1,1.2341441
7700.0,2022-23,7,2.5936608,0,1.1364404
7700.0,2022-23,8,1.4829354,2,1.075109
7700.0,2022-23,9,1.6161853,5,1.2770435
7700.0,2022-23,10,1.2061573,2,2.03041
7700.0,2022-23,11,2.5106792,2,1.7094527
7700.0,2022-23,12,3.1944392,6,1.7196542
7700.0,2022-23,13,2.5603461,1,1.8901306
7700.0,2022-23,14,1.6344422,2,1.1597378
7700.0,2022-23,15,1.9054372,2,1.6167568
7700.0,2022-23,16,5.03474,8,1.5279902
7700.0,2022-23,17,5.493073,2,1.8546551
7700.0,2022-23,18,2.7114778,5,1.8261496
7700.0,2022-23,19,4.127084,2,1.4866338
7700.0,2022-23,20,3.3735292,9,1.1325172
7700.0,2022-23,21,3.8180304,2,1.5283009
7700.0,2022-23,22,1.7648052,2,1.6035887
7700.0,2022-23,23,3.002147,1,1.4932113
7700.0,2022-23,24,0.23080039,0,1.5465688
7700.0,2022-23,25,0.23320107,0,1.0840832
7700.0,2022-23,26,3.4667768,4,1.119421
7700.0,2022-23,27,1.2963766,2,1.5759526
7700.0,2022-23,27,1.2963766,2,1.6695017
7700.0,2022-23,27,2.672866,2,1.5759526
7700.0,2022-23,27,2.672866,2,1.6695017
7700.0,2022-23,28,3.927802,9,1.4737772
7700.0,2022-23,29,0.6519066,0,1.1833414
7700.0,2022-23,30,0.30040103,0,0.8970258
7700.0,2022-23,31,0.026723972,0,1.0147654
7700.0,2022-23,32,-0.06238993,0,0.83831894
7700.0,2022-23,33,1.7714343,1,0.7588154
7700.0,2022-23,34,1.8642914,1,1.2915658
7700.0,2022-23,35,2.5039668,2,1.3984443
7814.0,2022-23,6,1.4647886,1,0.6873995
7814.0,2022-23,7,0.026373701,0,0.7306781
7814.0,2022-23,8,1.0537534,7,0.8322258
7814.0,2022-23,9,1.1429667,2,1.2125441
7814.0,2022-23,10,0.41755944,0,1.030086
7814.0,2022-23,11,1.6563332,1,0.76301813
7814.0,2022-23,12,0.8639558,1,0.69484377
7814.0,2022-23,13,0.7984513,9,0.6254544
7814.0,2022-23,14,1.0964499,2,1.3014797
7814.0,2022-23,15,1.6749102,1,0.9785274
7814.0,2022-23,16,0.4704127,0,0.759014
7814.0,2022-23,17,2.0686421,2,0.60767233
7814.0,2022-23,18,3.292788,2,0.95973384
7814.0,2022-23,19,2.0020316,9,1.3823273
7814.0,2022-23,20,0.15660982,0,1.5607878
7814.0,2022-23,21,0.5290894,0,1.2468418
7814.0,2022-23,22,0.7825763,0,0.8713697
7814.0,2022-23,23,0.13116194,0,0.7112384
7814.0,2022-23,24,0.13386707,0,0.79286516
7814.0,2022-23,25,0.08022067,0,0.8155166
7814.0,2022-23,26,0.04851733,0,0.751227
7814.0,2022-23,27,0.017745085,0,0.6960112
7814.0,2022-23,28,-0.010182104,0,0.6690537
7814.0,2022-23,29,0.7092796,1,0.61247385
7814.0,2022-23,29,0.7092796,1,0.91303825
7814.0,2022-23,29,1.4593052,1,0.61247385
7814.0,2022-23,29,1.4593052,1,0.91303825
7814.0,2022-23,30,1.496433,0,0.7076663
7814.0,2022-23,31,2.0063436,2,0.7129227
7814.0,2022-23,32,0.89449394,2,0.78952336
7814.0,2022-23,33,2.1105068,5,0.9839827
7814.0,2022-23,34,2.4540923,1,1.107167
7814.0,2022-23,35,3.0699332,12,1.0471383
7814.0,2022-23,36,2.4788766,12,1.2421168
7814.0,2022-23,37,3.708698,6,1.488493
7814.0,2022-23,38,4.347913,8,1.5978173
7892.0,2022-23,24,3.5458815,2,1.7028531
7892.0,2022-23,25,3.9307876,2,2.136644
7892.0,2022-23,26,4.43688,2,2.0499072
7892.0,2022-23,27,2.0359108,1,1.6895853
7892.0,2022-23,28,3.3086784,8,1.4483043
7892.0,2022-23,29,4.0843797,2,1.7804923
7892.0,2022-23,29,4.0843797,2,1.9060222
7892.0,2022-23,29,3.7953699,2,1.7804923
7892.0,2022-23,29,3.7953699,2,1.9060222
7892.0,2022-23,30,3.4863276,2,2.0230389
7892.0,2022-23,31,2.7001235,1,2.0292916
7892.0,2022-23,32,-0.29218197,0,1.5794128
7892.0,2022-23,33,2.452412,1,1.0878959
7892.0,2022-23,34,0.14213814,0,1.7160755
7892.0,2022-23,35,2.6657004,7,1.3456725
7892.0,2022-23,36,2.6106932,1,1.2251222
7892.0,2022-23,37,1.9937128,5,1.096974
7892.0,2022-23,38,3.056129,1,0.70835304
8260.0,2022-23,6,6.616649,9,2.3542697
8260.0,2022-23,7,2.9011347,0,2.5404406
8260.0,2022-23,8,5.5547953,6,1.7931032
8260.0,2022-23,9,7.8351083,23,2.1980295
8260.0,2022-23,10,5.5694265,6,2.7538424
8260.0,2022-23,11,6.49043,2,2.953467
8260.0,2022-23,12,3.385463,0,2.9899914
8260.0,2022-23,13,6.259451,13,2.0106106
8260.0,2022-23,14,3.4423366,0,2.5947912
8260.0,2022-23,15,3.2969615,5,1.3800005
8260.0,2022-23,16,5.8663454,1,1.7407955
8260.0,2022-23,17,5.238888,13,1.9342889
8260.0,2022-23,18,5.252509,6,2.2049809
8260.0,2022-23,19,3.3812335,2,2.091306
8260.0,2022-23,20,3.3526642,2,1.5951761
8260.0,2022-23,20,3.3526642,2,1.4203216
8260.0,2022-23,20,3.8140507,6,1.5951761
8260.0,2022-23,20,3.8140507,6,1.4203216
8260.0,2022-23,21,3.3905475,17,1.7241966
8260.0,2022-23,22,5.3748775,2,1.9447056
8260.0,2022-23,23,5.431978,4,2.1854396
8260.0,2022-23,23,5.431978,4,2.1366763
8260.0,2022-23,23,5.0345206,6,2.1854396
8260.0,2022-23,23,5.0345206,6,2.1366763
8260.0,2022-23,24,5.0972185,2,2.7984447
8260.0,2022-23,25,5.1257734,10,3.0057406
8260.0,2022-23,26,6.5808883,4,3.7026048
8260.0,2022-23,27,8.861612,6,2.735533
8260.0,2022-23,28,0.73664314,0,2.3675904
8260.0,2022-23,29,0.8463712,0,2.1440806
8260.0,2022-23,30,5.6020985,12,1.8134017
8260.0,2022-23,31,5.178575,12,2.7828145
8260.0,2022-23,32,-0.069625214,0,2.6753635
8260.0,2022-23,33,2.885072,14,1.8759259
8260.0,2022-23,34,3.053465,8,2.5535502
8260.0,2022-23,34,3.053465,8,2.7580233
8260.0,2022-23,34,4.1184034,8,2.5535502
8260.0,2022-23,34,4.1184034,8,2.7580233
8260.0,2022-23,35,5.201417,2,2.7919693
8260.0,2022-23,36,4.3472247,7,2.9068713
8260.0,2022-23,37,5.953125,1,2.8075128
8260.0,2022-23,37,5.953125,1,3.010502
8260.0,2022-23,37,3.95518,5,2.8075128
8260.0,2022-23,37,3.95518,5,3.010502
8384.0,2022-23,6,0.6999871,1,0.5549792
8384.0,2022-23,7,-0.09551859,0,0.5826185
8384.0,2022-23,8,-0.10363062,0,0.47098508
8384.0,2022-23,9,0.37526783,1,0.4316289
8384.0,2022-23,10,0.45804363,5,0.44413522
8384.0,2022-23,11,0.5592174,1,0.59575534
8384.0,2022-23,12,0.4729765,2,0.40121332
8384.0,2022-23,13,1.3539528,4,0.4449371
8384.0,2022-23,14,0.425388,1,0.32434052
8384.0,2022-23,15,0.75268966,1,0.35464013
8384.0,2022-23,16,1.8662542,2,0.5448112
8582.0,2022-23,24,1.4942509,1,0.7611195
8582.0,2022-23,25,1.8002856,1,0.71179605
8582.0,2022-23,26,0.16762812,0,0.71293247
8582.0,2022-23,27,0.30293268,0,0.5660541
8582.0,2022-23,28,2.7891617,5,0.48835713
8582.0,2022-23,29,2.013413,1,0.6207124
8582.0,2022-23,30,1.8267629,2,0.5348386
8582.0,2022-23,31,2.6206713,1,0.62991166
8582.0,2022-23,32,0.19948667,0,0.5599897
8582.0,2022-23,33,1.5012707,1,0.45850947
8582.0,2022-23,34,-0.21546866,0,0.8566102
8582.0,2022-23,35,-0.19158088,0,0.6844648
8582.0,2022-23,36,-0.019614395,0,0.5362942
8582.0,2022-23,37,0.035172593,0,0.51111424
8582.0,2022-23,38,1.5879399,1,0.50155145
8865.0,2022-23,6,2.752691,2,1.3001653
8865.0,2022-23,7,1.3411314,0,1.2667211
8865.0,2022-23,8,2.6392348,2,1.2439941
8865.0,2022-23,9,2.2477293,2,1.5514034
8865.0,2022-23,10,1.5976293,2,1.8411362
8865.0,2022-23,11,1.8967783,2,1.6746228
8865.0,2022-23,12,2.3649166,2,1.8637357
8865.0,2022-23,13,2.4111993,6,1.6704012
8865.0,2022-23,14,3.6011274,1,1.7895972
8865.0,2022-23,15,4.338759,5,1.6011547
8865.0,2022-23,16,2.594796,0,1.3367918
8865.0,2022-23,17,5.8286223,6,1.0267237
8865.0,2022-23,18,6.7601,5,1.7192684
8865.0,2022-23,19,6.086998,2,2.3849797
8865.0,2022-23,20,4.734715,1,1.412175
8865.0,2022-23,21,3.8829012,8,1.1351485
8865.0,2022-23,22,3.1619837,11,1.6018703
8865.0,2022-23,23,2.2646801,7,1.834501
8865.0,2022-23,24,4.438401,8,2.217081
8865.0,2022-23,25,8.282081,6,2.219825
8865.0,2022-23,26,5.1723194,2,2.1144705
8865.0,2022-23,27,4.6861763,8,2.1541479
8865.0,2022-23,28,6.8769293,5,1.9544535
8865.0,2022-23,29,4.5796027,8,1.7069359
8865.0,2022-23,29,4.5796027,8,1.7951701
8865.0,2022-23,29,5.871494,9,1.7069359
8865.0,2022-23,29,5.871494,9,1.7951701
8865.0,2022-23,30,6.240625,7,2.3386993
8865.0,2022-23,31,4.6224327,16,2.6737552
8865.0,2022-23,32,3.2160358,2,3.1089272
8865.0,2022-23,33,5.520694,2,3.2317479
8865.0,2022-23,34,3.601493,2,3.324036
8865.0,2022-23,35,5.4934063,1,3.4284906
8865.0,2022-23,36,5.7671633,4,3.7967718
8865.0,2022-23,37,3.6213877,0,3.1861248
8865.0,2022-23,38,6.719285,9,3.3585815
8970.0,2022-23,7,0.26415166,0,0.5405984
8970.0,2022-23,8,0.79260486,1,0.66945684
8970.0,2022-23,9,0.971287,1,0.73103535
8970.0,2022-23,10,0.72739524,1,0.9297855
8970.0,2022-23,11,1.050415,1,0.78263783
8970.0,2022-23,12,0.16705836,0,0.5988165
8970.0,2022-23,13,0.02649086,0,0.54237497
8970.0,2022-23,14,0.37636486,1,0.53900814
8970.0,2022-23,15,0.3966852,0,0.5695814
8970.0,2022-23,16,0.31643602,0,0.50738543
8970.0,2022-23,17,2.902028,1,0.46435168
8970.0,2022-23,18,2.19339,1,0.67708516
8970.0,2022-23,19,2.455693,2,0.29823834
8970.0,2022-23,20,2.1065,1,0.34372792
8970.0,2022-23,21,2.1801288,1,0.42078748
8970.0,2022-23,22,-0.10486618,0,0.59398717
8970.0,2022-23,23,-0.072400376,0,0.4800788
8970.0,2022-23,24,1.9018319,0,0.47126135
8970.0,2022-23,25,2.3382585,1,0.8120327
8970.0,2022-23,26,2.2646384,1,0.7557168
8970.0,2022-23,27,1.2309618,1,0.7469913
8970.0,2022-23,28,1.8553528,4,0.8453108
8970.0,2022-23,29,1.4607427,1,0.83802986
8970.0,2022-23,30,1.988998,5,0.6661248
8970.0,2022-23,31,0.730426,0,0.7670418
8970.0,2022-23,32,0.40765733,0,0.5967329
8970.0,2022-23,33,0.57405144,0,0.4260067
8970.0,2022-23,34,-0.17380677,0,0.48472497
8970.0,2022-23,35,0.2524728,0,0.39222932
8970.0,2022-23,36,1.188037,1,0.58479977
9301.0,2022-23,9,0.6904581,1,0.4406354
9301.0,2022-23,10,1.2001785,8,0.6177597
9301.0,2022-23,11,1.6464498,1,0.724031
9301.0,2022-23,12,0.6424307,0,0.6304351
9301.0,2022-23,13,0.28523847,0,0.47149605
9301.0,2022-23,14,1.1599072,1,0.42743066
9301.0,2022-23,15,0.8022525,5,0.60809445
9301.0,2022-23,16,0.14469358,0,1.0811673
9301.0,2022-23,17,2.2172725,1,0.71427214
9301.0,2022-23,18,0.3130272,0,1.1789259
9301.0,2022-23,19,0.2887428,0,0.78824866
9301.0,2022-23,20,0.42735836,0,0.5749297
9301.0,2022-23,21,0.13534537,0,0.6015148
9301.0,2022-23,22,0.13534537,0,0.536677
9301.0,2022-23,23,1.4129919,1,0.55229634
9301.0,2022-23,24,-0.039498262,0,0.95246077
9301.0,2022-23,25,-0.039498262,0,0.70299625
9301.0,2022-23,26,2.705494,1,0.5715829
9301.0,2022-23,27,1.1713834,1,0.7134329
9301.0,2022-23,28,1.7743227,6,1.0339285
9301.0,2022-23,29,5.169744,2,1.1889502
9301.0,2022-23,29,5.169744,2,1.2459825
9301.0,2022-23,29,3.60146,5,1.1889502
9301.0,2022-23,29,3.60146,5,1.2459825
9301.0,2022-23,30,0.16234523,0,1.2576121
9301.0,2022-23,31,4.9274063,1,0.97111595
9301.0,2022-23,32,2.6034193,1,0.76328826
9301.0,2022-23,33,-0.043434024,0,0.92013276
9301.0,2022-23,34,0.12160061,0,0.8291317
9301.0,2022-23,35,0.7450188,0,0.73850834
9301.0,2022-23,36,0.077203244,0,0.6773182
9301.0,2022-23,37,0.48119682,0,0.65809846
9301.0,2022-23,38,0.99859416,1,0.68508494
9339.0,2022-23,6,0.54020584,1,0.5049294
9339.0,2022-23,7,0.44623938,0,0.5384963
9339.0,2022-23,8,0.16692722,0,0.47539622
9339.0,2022-23,9,0.23583059,0,0.46087348
9339.0,2022-23,10,0.35925648,1,0.45367572
9339.0,2022-23,11,0.677738,1,0.54661644
9339.0,2022-23,12,0.3796109,1,0.4242728
9339.0,2022-23,13,0.76074535,4,0.45702502
9339.0,2022-23,14,0.23053236,0,0.3295581
9339.0,2022-23,15,0.97568095,0,0.3629778
9339.0,2022-23,16,2.2020178,1,0.4699786
9339.0,2022-23,17,2.079987,1,0.5574527
9339.0,2022-23,18,1.7988788,1,0.8034681
9339.0,2022-23,19,2.109704,1,0.7805077
9339.0,2022-23,20,2.1113744,4,0.69199634
9493.0,2022-23,6,0.436249,1,0.3011906
9493.0,2022-23,7,-0.15344365,0,0.41286415
9493.0,2022-23,8,-0.14175229,0,0.46962556
9493.0,2022-23,9,-0.1395157,0,0.57083505
9493.0,2022-23,10,0.005769229,0,0.63636374
9493.0,2022-23,11,0.005769229,0,0.66210294
9493.0,2022-23,12,0.05063248,0,0.41598514
9493.0,2022-23,13,0.41588157,2,0.40625682
9493.0,2022-23,14,-0.014207848,0,0.516535
9493.0,2022-23,15,0.77692974,9,0.46654353
9493.0,2022-23,16,3.6663435,1,0.941746
9493.0,2022-23,17,3.3984017,4,1.1192
9493.0,2022-23,18,1.3050063,0,1.0518574
9493.0,2022-23,19,1.7893788,1,0.5897565
9493.0,2022-23,20,2.1577563,1,0.6171572
9493.0,2022-23,21,1.5680804,1,0.84123564
9493.0,2022-23,22,1.1957302,1,0.9618417
9493.0,2022-23,22,1.1957302,1,1.3415033
9493.0,2022-23,22,1.2868099,1,0.9618417
9493.0,2022-23,22,1.2868099,1,1.3415033
9493.0,2022-23,23,1.7678652,1,1.3404557
9493.0,2022-23,24,1.5208656,1,1.0994575
9493.0,2022-23,25,-0.28983495,0,1.2551881
9493.0,2022-23,26,1.5300696,1,1.1493689
9493.0,2022-23,27,-0.29846966,0,1.9069782
9493.0,2022-23,28,-0.19011696,0,1.3672597
9493.0,2022-23,29,-0.11738682,0,0.8535019
9493.0,2022-23,30,0.033471696,0,0.5114681
9493.0,2022-23,31,0.036806736,0,0.46485645
9493.0,2022-23,32,0.15150045,0,0.4658943
9493.0,2022-23,33,0.05396386,0,0.4549888
9493.0,2022-23,34,0.05396386,0,0.44527513
9493.0,2022-23,35,0.44016284,1,0.42900714
9493.0,2022-23,36,0.7937781,1,0.8819214
9493.0,2022-23,37,1.4053811,1,0.68414485
9738.0,2022-23,6,0.6695786,11,0.363651
9738.0,2022-23,7,-0.40451768,0,1.0223331
9738.0,2022-23,8,0.7240908,1,0.79576457
9738.0,2022-23,9,1.296202,5,1.2121993
9738.0,2022-23,10,1.08754,6,1.3130306
9738.0,2022-23,11,3.7617385,2,0.9778893
9738.0,2022-23,12,3.255434,1,0.9632404
9738.0,2022-23,13,2.592712,2,0.6234212
9738.0,2022-23,14,1.7081653,1,0.6478051
9738.0,2022-23,15,1.2017866,2,0.8489479
9738.0,2022-23,16,3.896611,5,1.3306888
9738.0,2022-23,17,4.9315577,1,1.8043689
9738.0,2022-23,18,3.364958,4,1.2216463
9738.0,2022-23,19,-0.22022417,0,0.75559044
9738.0,2022-23,20,-0.422476,0,0.58525324
9738.0,2022-23,21,1.4037929,1,0.5790747
9738.0,2022-23,22,0.30022192,0,1.0363477
9738.0,2022-23,23,0.157639,0,0.7827437
9738.0,2022-23,24,0.06557568,0,0.6859293
9738.0,2022-23,25,1.077012,1,0.6072358
9738.0,2022-23,26,-0.054519422,0,0.8576095
9738.0,2022-23,27,1.5182389,7,0.6361174
9738.0,2022-23,28,1.6274755,2,1.0618652
9738.0,2022-23,29,2.7909312,2,0.91843235
9738.0,2022-23,29,2.7909312,2,0.77591455
9738.0,2022-23,29,2.8255854,1,0.91843235
9738.0,2022-23,29,2.8255854,1,0.77591455
9738.0,2022-23,30,2.8105578,1,0.93225074
9738.0,2022-23,31,1.8744115,1,0.95896614
9738.0,2022-23,32,2.1196628,2,1.0631291
9738.0,2022-23,33,1.9859109,1,1.3492402
9738.0,2022-23,34,4.370585,1,1.3314545
9738.0,2022-23,35,3.7883987,4,0.9780942
9738.0,2022-23,36,2.4458752,1,0.98787
9738.0,2022-23,37,0.9332557,1,0.7827879
9912.0,2022-23,6,0.0066278,0,0.38036084
9912.0,2022-23,7,0.025799084,0,0.39396998
9912.0,2022-23,8,0.038730547,0,0.39962015
9912.0,2022-23,9,0.038730547,0,0.4071993
9912.0,2022-23,10,0.29463565,1,0.3854133
9912.0,2022-23,11,0.020954665,0,0.40183505
9912.0,2022-23,12,0.5613314,1,0.3918378
9912.0,2022-23,13,0.78687024,1,0.39945403
9912.0,2022-23,14,0.01163735,0,0.39567378
9912.0,2022-23,15,0.01163735,0,0.3873353
9912.0,2022-23,16,1.2195132,1,0.3831938
10177.0,2022-23,22,-0.022945108,0,1.0263646
10177.0,2022-23,23,2.7251983,1,0.65824723
10177.0,2022-23,24,2.7213664,2,0.97836673
10177.0,2022-23,25,-0.42102876,0,1.5510813
10177.0,2022-23,26,2.3266554,2,1.5418242
10177.0,2022-23,27,4.027878,2,1.9373162
10177.0,2022-23,27,4.027878,2,1.7906823
10177.0,2022-23,27,4.066298,1,1.9373162
10177.0,2022-23,27,4.066298,1,1.7906823
10177.0,2022-23,28,0.8538589,0,1.2975013
10177.0,2022-23,29,1.5151762,7,0.97968435
10177.0,2022-23,30,3.4390163,1,1.3471998
10177.0,2022-23,31,1.3380746,1,1.5847145
10177.0,2022-23,32,0.30160737,0,1.2535007
10177.0,2022-23,33,-0.15580936,0,0.9676758
10177.0,2022-23,34,-0.1853742,0,0.76328754
10177.0,2022-23,35,1.7134194,1,0.7845627
10177.0,2022-23,36,4.2959313,2,1.4741303
10177.0,2022-23,36,4.2959313,2,1.3712529
10177.0,2022-23,36,1.8128338,1,1.4741303
10177.0,2022-23,36,1.8128338,1,1.3712529
10177.0,2022-23,37,2.1445806,13,1.1937629
10177.0,2022-23,37,2.1445806,13,1.3331598
10177.0,2022-23,37,3.1058893,1,1.1937629
10177.0,2022-23,37,3.1058893,1,1.3331598
10177.0,2022-23,38,2.6230206,2,1.3034482
10720.0,2022-23,6,1.5425512,2,0.86390936
10720.0,2022-23,7,1.1074514,0,1.6122481
10720.0,2022-23,8,1.0920188,0,1.0180175
10720.0,2022-23,9,2.4053366,1,0.81383574
10720.0,2022-23,10,0.21569414,6,0.68374705
10720.0,2022-23,11,1.9046504,1,0.99507093
10720.0,2022-23,12,2.2198277,5,0.78800213
10720.0,2022-23,13,1.034726,0,0.8482952
10720.0,2022-23,14,1.6425064,2,0.4937633
10720.0,2022-23,15,2.283677,7,0.73866737
10720.0,2022-23,16,4.820782,13,1.2339522
10720.0,2022-23,17,9.355892,2,2.0092463
10720.0,2022-23,18,5.6860433,5,2.2742815
10720.0,2022-23,19,3.3844109,1,1.929913
10720.0,2022-23,20,-0.75275075,0,2.1080773
10720.0,2022-23,21,4.7630987,1,1.9320883
10720.0,2022-23,22,7.791222,2,2.0024743
10720.0,2022-23,23,4.975814,5,2.4558227
10720.0,2022-23,24,4.20295,5,2.7295976
10720.0,2022-23,25,6.135585,2,3.0756571
10720.0,2022-23,26,4.1463556,12,1.8578211
10720.0,2022-23,27,3.6073303,2,1.8470868
10720.0,2022-23,28,-0.7163958,0,1.8189706
10720.0,2022-23,29,2.3501556,1,1.5991917
10720.0,2022-23,29,2.3501556,1,2.0330758
10720.0,2022-23,29,3.990924,2,1.5991917
10720.0,2022-23,29,3.990924,2,2.0330758
10720.0,2022-23,30,2.6525238,1,2.8570867
10720.0,2022-23,31,3.3827665,5,2.4210477
10720.0,2022-23,32,5.4132853,1,2.5750837
10720.0,2022-23,33,3.7048209,1,1.7809097
10720.0,2022-23,34,2.103109,1,1.1053345
10720.0,2022-23,34,2.103109,1,0.73857784
10720.0,2022-23,34,1.7187665,5,1.1053345
10720.0,2022-23,34,1.7187665,5,0.73857784
10720.0,2022-23,35,2.688225,2,0.90388274
10743.0,2022-23,6,1.9052193,1,1.0489568
10743.0,2022-23,7,-0.03668779,0,1.1023089
10743.0,2022-23,8,0.88265854,1,0.8902699
10743.0,2022-23,9,1.1718471,2,0.7714951
10743.0,2022-23,10,1.6305246,1,0.8833984
10743.0,2022-23,11,1.0226505,1,0.7153884
10743.0,2022-23,12,1.1015286,1,0.6038803
10743.0,2022-23,13,0.641405,1,0.6119313
10743.0,2022-23,14,1.0809256,13,0.6371856
10743.0,2022-23,15,1.0936183,2,1.1765033
10743.0,2022-23,16,4.3981867,6,1.1726418
10743.0,2022-23,17,4.5356274,2,1.4847327
10743.0,2022-23,18,4.5261483,2,1.3863752
10743.0,2022-23,19,2.824264,1,1.2662104
10743.0,2022-23,20,2.9038594,2,1.4177536
10743.0,2022-23,21,4.245176,2,1.605951
10743.0,2022-23,22,0.6998792,0,2.038309
10743.0,2022-23,23,0.12386262,0,1.7024038
10743.0,2022-23,24,0.3593979,0,1.2316159
10743.0,2022-23,25,-0.13086559,0,0.9802042
10743.0,2022-23,26,0.07323997,0,0.8216237
10743.0,2022-23,27,-0.046980713,0,0.938872
10743.0,2022-23,28,1.3925258,1,0.7872658
10743.0,2022-23,29,0.053915787,0,0.86824965
10743.0,2022-23,30,0.025799084,0,0.6328811
10743.0,2022-23,31,0.025799084,0,0.5331621
10743.0,2022-23,32,2.2381272,0,0.46639392
10743.0,2022-23,33,3.8907604,1,0.8505918
10743.0,2022-23,34,3.2913864,1,0.595333
10743.0,2022-23,35,0.15066834,0,0.7259351
10743.0,2022-23,36,3.4390137,1,0.5957923
10743.0,2022-23,37,1.900428,1,0.80699277
10743.0,2022-23,38,2.131621,1,0.8866625
10760.0,2022-23,6,3.0212877,7,1.1750376
10760.0,2022-23,7,0.5391794,0,1.6316316
10760.0,2022-23,8,2.0815244,2,1.1434157
10760.0,2022-23,9,1.7420429,2,1.2213649
10760.0,2022-23,10,2.4214036,2,1.5191392
10760.0,2022-23,11,2.166317,0,1.3565484
10760.0,2022-23,12,2.0795648,2,1.5288559
10760.0,2022-23,13,2.8336816,1,1.4164789
10760.0,2022-23,14,1.7593195,1,1.2496498
10760.0,2022-23,15,1.6899179,2,1.1843969
10760.0,2022-23,16,4.5455227,5,1.4010657
10760.0,2022-23,17,2.5866735,2,1.7561351
10760.0,2022-23,18,3.102448,2,1.5975479
10760.0,2022-23,19,3.441291,4,1.5947489
10760.0,2022-23,20,3.7776985,12,1.3778545
10760.0,2022-23,21,6.854553,5,1.637006
10760.0,2022-23,22,4.283289,9,2.027884
10760.0,2022-23,23,3.1411786,2,2.2497668
10760.0,2022-23,24,3.9052515,2,2.1244783
10760.0,2022-23,25,4.576354,2,3.1181872
10760.0,2022-23,26,4.432595,13,3.4114885
10760.0,2022-23,27,5.795493,2,3.472056
10760.0,2022-23,28,4.64283,2,2.2920048
10760.0,2022-23,29,2.966336,7,2.1817203
10760.0,2022-23,29,2.966336,7,2.7143452
10760.0,2022-23,29,4.162615,1,2.1817203
10760.0,2022-23,29,4.162615,1,2.7143452
10760.0,2022-23,30,3.9242008,2,2.9315867
10760.0,2022-23,31,5.1213756,2,2.2966933
10760.0,2022-23,32,4.2472878,1,2.4020057
10760.0,2022-23,33,3.2187889,0,2.1301904
10760.0,2022-23,34,3.003316,2,2.0058787
10760.0,2022-23,35,3.071965,8,1.7841338
10760.0,2022-23,36,3.3822324,1,1.6351043
10760.0,2022-23,37,2.269883,1,1.3706764
10760.0,2022-23,38,2.6833081,2,1.0344415
10804.0,2022-23,6,1.2425827,1,0.4863145
10804.0,2022-23,7,0.21296102,0,0.22183555
10804.0,2022-23,8,0.21296102,0,0.15982091
10804.0,2022-23,9,0.01614304,0,0.16447134
10804.0,2022-23,10,-0.14505856,0,0.19782129
10804.0,2022-23,11,0.30310676,1,0.4496387
10804.0,2022-23,12,0.83417034,1,0.50815463
10804.0,2022-23,13,0.7115608,1,0.38309652
10804.0,2022-23,14,0.12059797,0,0.4165171
10804.0,2022-23,15,0.48259386,1,0.49073115
10804.0,2022-23,16,2.011038,1,0.743139
10804.0,2022-23,17,-0.08177333,0,0.93424547
10804.0,2022-23,18,-0.05947212,0,0.5156158
10804.0,2022-23,19,-0.12519537,0,0.37708598
10804.0,2022-23,20,-0.033327848,0,0.36528808
10804.0,2022-23,21,-0.02946029,0,0.44108084
10804.0,2022-23,22,1.0916882,2,0.46283332
10804.0,2022-23,23,3.5006998,1,0.9925598
10804.0,2022-23,24,3.8285217,1,1.0948336
10804.0,2022-23,25,0.38229504,0,1.2084852
10804.0,2022-23,26,-0.052574884,0,0.82922363
10804.0,2022-23,27,1.054231,0,0.5866134
10804.0,2022-23,28,0.105476364,0,0.69778967
10804.0,2022-23,29,1.3764564,4,0.62534
10804.0,2022-23,29,1.3764564,4,0.6555395
10804.0,2022-23,29,3.3483827,1,0.62534
10804.0,2022-23,29,3.3483827,1,0.6555395
10804.0,2022-23,30,0.94497555,0,0.7041044
10804.0,2022-23,31,1.3470366,0,0.6720867
10804.0,2022-23,32,0.5111903,0,0.6356026
10804.0,2022-23,33,1.3038088,1,0.57810235
10804.0,2022-23,34,1.8703924,12,0.9113115
10804.0,2022-23,34,1.8703924,12,1.4178448
10804.0,2022-23,34,2.781177,1,0.9113115
10804.0,2022-23,34,2.781177,1,1.4178448
10804.0,2022-23,35,3.9982092,1,1.1658545
10804.0,2022-23,36,3.1412675,10,0.8145969
10804.0,2022-23,36,3.1412675,10,0.35485792
10804.0,2022-23,36,1.1733022,3,0.8145969
10804.0,2022-23,36,1.1733022,3,0.35485792
10804.0,2022-23,37,3.5788767,1,0.24697766
10804.0,2022-23,37,3.5788767,1,0.35601163
10804.0,2022-23,37,3.2050564,1,0.24697766
10804.0,2022-23,37,3.2050564,1,0.35601163
10804.0,2022-23,38,2.679887,5,0.49329492
10846.0,2022-23,6,1.613506,0,0.9120523
10846.0,2022-23,7,1.245272,0,0.6650636
10846.0,2022-23,8,2.0035515,1,0.42795625
10846.0,2022-23,9,2.0607116,1,0.38110298
10846.0,2022-23,10,1.1944804,1,0.5589869
10846.0,2022-23,11,0.7382533,1,0.723155
10846.0,2022-23,12,0.09955773,0,0.54766226
10846.0,2022-23,13,0.8917819,1,0.5539205
10846.0,2022-23,14,0.56555045,2,0.5875331
10846.0,2022-23,15,1.1510954,9,0.791044
10846.0,2022-23,16,3.1689847,1,1.2028804
10846.0,2022-23,17,0.4374002,0,0.8639612
10846.0,2022-23,18,3.2867088,1,0.5774642
10846.0,2022-23,19,-0.09870504,0,0.86432946
10846.0,2022-23,20,1.8843142,7,0.5852661
10846.0,2022-23,21,3.599465,1,1.2869353
10846.0,2022-23,22,3.6026702,2,0.92092764
10846.0,2022-23,23,3.088581,1,1.0072355
10846.0,2022-23,24,2.5156474,1,1.2258536
10846.0,2022-23,25,2.4225843,11,0.9568573
10846.0,2022-23,26,-0.032427885,0,1.6945782
10846.0,2022-23,27,3.2395875,1,1.2818508
10846.0,2022-23,28,0.2707495,0,1.5273104
10846.0,2022-23,29,2.362199,10,1.2475203
10846.0,2022-23,30,4.2825336,5,2.1604085
10846.0,2022-23,31,3.695585,1,2.5053163
10846.0,2022-23,32,0.0025767449,0,1.3659351
10846.0,2022-23,33,2.8159988,1,0.8908235
10846.0,2022-23,34,1.338271,12,0.78655875
10846.0,2022-23,34,1.338271,12,1.646897
10846.0,2022-23,34,2.9391944,2,0.78655875
10846.0,2022-23,34,2.9391944,2,1.646897
10846.0,2022-23,35,4.7528214,2,2.1560087
10846.0,2022-23,36,2.4128642,2,1.8819898
10846.0,2022-23,37,4.1581187,8,1.6392021
10846.0,2022-23,37,4.1581187,8,1.5025531
10846.0,2022-23,37,3.1633258,1,1.6392021
10846.0,2022-23,37,3.1633258,1,1.5025531
10846.0,2022-23,38,2.7199242,2,1.2608745
11058.0,2022-23,19,2.3529832,1,0.89666677
11058.0,2022-23,20,-0.0030835837,0,1.212732
11058.0,2022-23,21,-0.008309308,0,0.78841805
11058.0,2022-23,22,1.5054516,1,0.57393885
11058.0,2022-23,23,0.05385627,0,0.8151177
11058.0,2022-23,24,0.0009999858,0,0.65336597
11058.0,2022-23,25,0.4473928,0,0.53942525
11058.0,2022-23,26,1.4810241,1,0.46969554
11058.0,2022-23,27,2.2106397,1,0.68611646
11058.0,2022-23,28,0.03161645,0,0.76283133
11058.0,2022-23,29,1.5860933,1,0.5796299
11058.0,2022-23,29,1.5860933,1,0.7605213
11058.0,2022-23,29,1.528913,7,0.5796299
11058.0,2022-23,29,1.528913,7,0.7605213
11058.0,2022-23,30,1.5607648,1,0.8200289
11058.0,2022-23,31,1.6129156,9,0.62051606
11058.0,2022-23,32,0.5399098,0,0.88399243
11058.0,2022-23,33,2.4982226,2,0.6806923
11058.0,2022-23,34,5.2274714,8,0.7291987
11058.0,2022-23,34,5.2274714,8,1.2395225
11058.0,2022-23,34,4.0947366,2,0.7291987
11058.0,2022-23,34,4.0947366,2,1.2395225
11058.0,2022-23,35,3.6053932,1,1.429133
11058.0,2022-23,36,3.4975798,6,1.4673553
11058.0,2022-23,36,3.4975798,6,1.1100018
11058.0,2022-23,36,2.397815,1,1.4673553
11058.0,2022-23,36,2.397815,1,1.1100018
11058.0,2022-23,37,3.604268,1,1.0333171
11058.0,2022-23,37,3.604268,1,1.2128364
11058.0,2022-23,37,3.3528607,7,1.0333171
11058.0,2022-23,37,3.3528607,7,1.2128364
11058.0,2022-23,38,3.1557477,2,1.2670131
11155.0,2022-23,19,3.806282,9,0.98218656
11155.0,2022-23,20,4.395065,2,1.4498788
11155.0,2022-23,21,5.651183,2,1.8333153
11155.0,2022-23,22,4.7179484,2,1.9186178
11155.0,2022-23,22,4.7179484,2,1.7574549
11155.0,2022-23,22,6.2301126,9,1.9186178
11155.0,2022-23,22,6.2301126,9,1.7574549
11155.0,2022-23,23,5.6755695,2,2.047442
11155.0,2022-23,24,6.8111897,1,1.5110426
11155.0,2022-23,25,6.721069,1,1.7800107
11155.0,2022-23,26,4.035352,1,1.9984832
11155.0,2022-23,27,3.4644191,4,2.5058389
11155.0,2022-23,28,5.66267,5,1.647004
11155.0,2022-23,29,0.06506481,0,1.473282
11155.0,2022-23,30,2.9557953,0,0.9649221
11155.0,2022-23,31,2.983398,1,1.086708
11155.0,2022-23,32,2.7376852,1,1.0447886
11155.0,2022-23,33,0.09209438,0,1.1434442
11155.0,2022-23,34,3.000266,5,0.9264853
11155.0,2022-23,35,1.9129626,0,1.4902827
11155.0,2022-23,36,1.9852847,0,1.1609824
11155.0,2022-23,37,2.4516222,1,0.9473654
11155.0,2022-23,38,3.0703,1,1.1147851
11208.0,2022-23,21,0.028586948,0,0.39726946
11208.0,2022-23,22,0.64618456,1,0.38377628
11208.0,2022-23,23,0.025799084,0,0.5221149
11208.0,2022-23,24,0.025799084,0,0.47594932
11208.0,2022-23,25,0.025799084,0,0.40854594
11208.0,2022-23,26,1.1673219,1,0.37512973
11242.0,2022-23,22,0.028586948,0,0.38716137
11242.0,2022-23,23,0.007229994,0,0.38653576
11242.0,2022-23,24,0.007229994,0,0.37964812
11242.0,2022-23,25,0.007229994,0,0.37685066
11242.0,2022-23,26,-0.010182104,0,0.3752749
11242.0,2022-23,27,-0.010182104,0,0.37420642
11242.0,2022-23,28,-0.010182104,0,0.37287882
11242.0,2022-23,29,-0.010182104,0,0.37147263
11242.0,2022-23,30,-0.010182104,0,0.37018305
11242.0,2022-23,31,-0.010182104,0,0.3692081
11242.0,2022-23,32,-0.010182104,0,0.3692081
11242.0,2022-23,33,-0.010182104,0,0.3692081
11242.0,2022-23,34,-0.010182104,0,0.3692081
11242.0,2022-23,35,-0.010182104,0,0.3692081
11242.0,2022-23,36,0.6190015,1,0.3692081
11242.0,2022-23,37,2.009305,1,0.7081665
11295.0,2022-23,27,0.27966797,0,0.46251878
11295.0,2022-23,28,-0.05552252,0,0.6156073
11295.0,2022-23,29,-0.061145738,0,0.56241214
11295.0,2022-23,30,0.020413326,0,0.56748265
11295.0,2022-23,31,0.047686234,0,0.5229268
11295.0,2022-23,32,0.047686234,0,0.4867572
11295.0,2022-23,33,-0.010182104,0,0.45850632
11295.0,2022-23,34,-0.010182104,0,0.43722728
11295.0,2022-23,35,-0.010182104,0,0.41411927
11295.0,2022-23,36,-0.010182104,0,0.39272305
11295.0,2022-23,37,0.4014386,1,0.3801837
11360.0,2022-23,27,2.577518,1,1.1970242
11360.0,2022-23,27,2.577518,1,1.5408648
11360.0,2022-23,27,3.9225118,1,1.1970242
11360.0,2022-23,27,3.9225118,1,1.5408648
11360.0,2022-23,28,0.20916873,0,1.3389977
11360.0,2022-23,29,2.520893,1,0.944108
11360.0,2022-23,30,0.16252504,0,1.0728573
11360.0,2022-23,31,2.3906982,1,0.7831279
11360.0,2022-23,32,1.9457418,1,1.1470059
11360.0,2022-23,33,0.054297667,0,1.0502254
11360.0,2022-23,34,0.054297667,0,0.74240863
11360.0,2022-23,35,2.0745895,1,0.5309437
11360.0,2022-23,36,3.315399,2,0.84676325
11363.0,2022-23,27,3.0469239,1,1.4173409
11363.0,2022-23,28,2.6608489,1,1.0673611
11363.0,2022-23,29,2.9512157,1,1.0325812
11363.0,2022-23,29,2.9512157,1,0.6851541
11363.0,2022-23,29,2.5173745,1,1.0325812
11363.0,2022-23,29,2.5173745,1,0.6851541
11363.0,2022-23,30,1.5764719,1,0.95764387
11363.0,2022-23,31,0.020325096,0,0.96786535
11363.0,2022-23,32,0.08401093,0,0.7795268
11363.0,2022-23,33,-0.008753312,0,0.5806984
11363.0,2022-23,34,0.7499778,6,0.4293675
11363.0,2022-23,35,1.5825509,1,0.47753343
11366.0,2022-23,27,1.8622099,1,0.69444144
11366.0,2022-23,28,2.431433,1,0.89875114
11366.0,2022-23,29,2.4807615,1,0.74369586
11366.0,2022-23,30,0.057789743,0,0.8764652
11366.0,2022-23,31,1.1457618,0,0.69929767
11366.0,2022-23,32,0.030333882,0,0.69540596
11366.0,2022-23,33,0.2388001,0,0.5267203
11366.0,2022-23,34,0.9797759,1,0.45963988
11366.0,2022-23,35,1.4938558,1,0.6886121
11366.0,2022-23,36,1.5357107,1,0.5497273
11366.0,2022-23,37,0.9619303,1,0.62361103
65.0,2023-24,26,0.72430557,0,1.0847944
65.0,2023-24,27,2.3156073,9,0.74333984
65.0,2023-24,28,3.5674715,5,1.6341248
65.0,2023-24,29,4.108953,1,1.2487803
65.0,2023-24,30,4.0648236,2,1.1419392
65.0,2023-24,31,3.5789008,7,0.9695202
65.0,2023-24,32,4.672804,4,1.152478
65.0,2023-24,33,5.792661,2,0.9777065
65.0,2023-24,34,2.183025,0,1.5308676
65.0,2023-24,35,7.8532577,1,0.8444035
468.0,2023-24,6,4.0247703,6,0.6098152
468.0,2023-24,7,0.7526048,0,1.4487578
468.0,2023-24,8,5.39637,1,1.2276943
468.0,2023-24,9,2.8981905,6,1.4017079
468.0,2023-24,10,2.7578833,13,1.3550575
468.0,2023-24,11,3.4373322,2,1.767351
468.0,2023-24,12,0.14165658,0,2.2360525
468.0,2023-24,13,0.11711512,0,1.4755992
468.0,2023-24,14,0.21076633,0,1.2998317
468.0,2023-24,15,-0.36548483,0,1.400953
468.0,2023-24,16,1.0995858,4,0.922708
468.0,2023-24,17,2.1975431,2,0.96560746
468.0,2023-24,18,2.967262,2,1.3335128
468.0,2023-24,19,3.5711365,1,1.348341
468.0,2023-24,20,0.012569807,0,0.9298634
468.0,2023-24,21,0.047499403,0,0.69540155
468.0,2023-24,22,-0.08110227,0,0.6054783
468.0,2023-24,23,2.9565227,1,0.684166
468.0,2023-24,24,2.8146098,1,1.0710443
468.0,2023-24,25,0.10389354,0,1.3392606
468.0,2023-24,26,0.29174903,0,0.9153153
468.0,2023-24,27,0.6908269,0,0.7485551
468.0,2023-24,28,0.31410602,0,0.62970567
468.0,2023-24,29,0.24558072,0,0.6499552
468.0,2023-24,30,0.11341082,0,0.6362768
468.0,2023-24,31,0.11341082,0,0.62690777
468.0,2023-24,32,0.055164795,0,0.6251095
468.0,2023-24,33,0.023183005,0,0.6269966
468.0,2023-24,34,0.32839093,1,0.62342757
468.0,2023-24,35,1.7104073,5,0.76224786
468.0,2023-24,36,2.4902537,5,1.1352323
468.0,2023-24,37,-0.06376198,0,1.0865467
468.0,2023-24,38,1.8762696,1,0.80617714
484.0,2023-24,10,0.4212431,0,0.51098967
484.0,2023-24,11,0.36050642,0,0.3829794
484.0,2023-24,12,1.3424457,1,0.471362
484.0,2023-24,13,1.483828,1,0.62865007
484.0,2023-24,14,1.9029195,1,0.5541411
484.0,2023-24,15,2.5675445,1,0.53041244
484.0,2023-24,16,0.27413487,0,0.63861334
484.0,2023-24,17,0.12240777,0,0.6025247
484.0,2023-24,18,1.606321,1,0.8567809
484.0,2023-24,19,0.9122341,0,0.9117744
484.0,2023-24,20,0.97857356,0,0.68204355
484.0,2023-24,21,0.652346,0,0.6946624
484.0,2023-24,22,0.030619431,0,0.6941783
484.0,2023-24,23,0.10023577,0,0.6716139
484.0,2023-24,24,1.1895307,1,0.6290212
484.0,2023-24,25,1.9667805,1,0.7698044
484.0,2023-24,26,1.8116635,4,0.96233404
484.0,2023-24,27,2.176489,2,0.88481826
484.0,2023-24,28,4.121821,2,0.869472
484.0,2023-24,29,4.1388125,2,0.86235577
484.0,2023-24,30,4.416044,1,0.8019837
484.0,2023-24,31,2.8980544,1,0.86961323
484.0,2023-24,32,2.0796635,1,1.0443976
484.0,2023-24,33,1.6027586,1,0.88045436
484.0,2023-24,34,2.5264137,1,0.7629384
501.0,2023-24,6,4.0541153,2,0.92730635
501.0,2023-24,7,2.230615,0,1.2770398
501.0,2023-24,8,5.225636,1,1.6643423
501.0,2023-24,9,3.553068,1,1.3174736
501.0,2023-24,10,2.250577,0,0.9851025
501.0,2023-24,11,0.6954535,0,0.6632431
501.0,2023-24,12,0.2978322,0,0.6699708
501.0,2023-24,13,0.23069774,0,0.7776683
501.0,2023-24,14,0.16467807,0,0.7293759
501.0,2023-24,15,-0.040268414,0,0.6955692
501.0,2023-24,16,0.11674085,0,0.6598157
501.0,2023-24,17,0.8625376,1,0.6358482
501.0,2023-24,18,1.1642107,8,0.716615
501.0,2023-24,19,2.1260056,5,1.0805484
501.0,2023-24,20,2.1540453,2,0.9396277
501.0,2023-24,21,3.9052444,2,1.00379
501.0,2023-24,22,4.4266276,2,0.66902035
501.0,2023-24,23,3.608601,3,0.74690264
501.0,2023-24,24,2.1302843,5,0.29047304
501.0,2023-24,25,1.8065898,6,0.5037575
501.0,2023-24,26,3.721922,2,0.76483154
501.0,2023-24,27,-0.51905715,0,0.797863
501.0,2023-24,28,2.9027646,1,0.6856677
501.0,2023-24,29,-0.26982063,0,1.0590082
501.0,2023-24,30,2.0257838,6,1.0013083
501.0,2023-24,31,2.2342815,1,1.997058
501.0,2023-24,32,2.6967995,2,1.8344182
501.0,2023-24,33,3.7673357,2,2.2603667
501.0,2023-24,34,3.2371082,2,2.105505
501.0,2023-24,35,2.2361991,1,1.3361229
501.0,2023-24,36,2.7130554,2,0.9051593
501.0,2023-24,37,3.2105947,4,1.0374384
501.0,2023-24,37,3.2105947,4,1.0420946
501.0,2023-24,37,3.9557297,5,1.0374384
501.0,2023-24,37,3.9557297,5,1.0420946
501.0,2023-24,38,3.7904286,2,0.84814936
531.0,2023-24,6,2.3227563,2,1.3776293
531.0,2023-24,7,3.3954344,5,1.4020336
531.0,2023-24,8,4.1153507,1,0.99066246
531.0,2023-24,9,6.3046193,2,1.2142196
531.0,2023-24,10,4.9238615,1,1.2991018
531.0,2023-24,11,4.9909563,5,0.969713
531.0,2023-24,12,3.8162258,1,1.1016524
531.0,2023-24,13,-0.13526082,0,0.8599672
531.0,2023-24,14,-0.20272584,0,0.75666535
531.0,2023-24,15,0.9756647,0,0.7523363
531.0,2023-24,16,-0.19497252,0,0.8303016
531.0,2023-24,17,0.027170755,0,0.80432075
531.0,2023-24,18,0.03844112,0,0.7761075
531.0,2023-24,19,0.30798006,0,0.74912536
531.0,2023-24,20,0.12859012,0,0.7150165
531.0,2023-24,21,0.023183005,0,0.6551201
531.0,2023-24,22,0.023183005,0,0.62641555
531.0,2023-24,23,0.023183005,0,0.61087793
531.0,2023-24,24,0.023183005,0,0.6043997
531.0,2023-24,25,0.4923744,1,0.60311574
531.0,2023-24,26,1.6238883,1,0.877395
531.0,2023-24,27,1.555858,0,0.80893415
531.0,2023-24,28,2.0088854,1,0.85750824
531.0,2023-24,29,3.1000297,9,1.0479962
531.0,2023-24,30,1.5892342,6,1.292804
531.0,2023-24,31,3.3819656,1,1.3389572
531.0,2023-24,32,2.833556,1,0.983325
531.0,2023-24,33,3.6527295,2,0.9338502
531.0,2023-24,34,3.5421596,5,1.0130553
531.0,2023-24,35,3.252556,7,1.1707101
531.0,2023-24,36,2.8236227,2,1.2697827
531.0,2023-24,37,4.6394095,2,1.1430279
531.0,2023-24,38,3.218364,2,1.0020635
553.0,2023-24,7,1.7766105,1,0.9307757
553.0,2023-24,8,1.7095035,1,0.6894773
553.0,2023-24,9,2.5339036,1,0.85411406
553.0,2023-24,10,1.2999667,1,1.0003349
553.0,2023-24,11,1.4871812,1,0.95939785
553.0,2023-24,12,2.287954,1,1.0990127
553.0,2023-24,13,1.9912069,11,1.0226581
553.0,2023-24,14,1.2076793,2,1.6150492
553.0,2023-24,15,0.29357398,0,1.4785795
553.0,2023-24,16,2.1299584,1,0.7733292
844.0,2023-24,7,1.0410594,1,0.82474595
844.0,2023-24,7,1.9577153,1,0.82474595
844.0,2023-24,8,0.17937131,0,0.8725862
844.0,2023-24,9,0.13832779,0,0.76330996
844.0,2023-24,10,1.8584799,1,0.7402597
844.0,2023-24,11,2.034639,2,0.8721991
844.0,2023-24,12,1.7729491,2,1.2252474
844.0,2023-24,13,3.3848848,9,1.3663934
844.0,2023-24,14,3.7196767,6,1.1443555
844.0,2023-24,15,5.765293,2,1.050402
844.0,2023-24,16,4.294892,5,0.9179087
844.0,2023-24,17,4.13395,1,0.9730894
844.0,2023-24,18,3.7390041,1,0.9661785
844.0,2023-24,19,0.2833107,0,1.049593
844.0,2023-24,20,0.51566184,0,0.7550655
844.0,2023-24,21,0.5469358,0,0.7825679
844.0,2023-24,22,0.1006076,0,0.8541195
844.0,2023-24,23,0.028776228,0,0.8713245
844.0,2023-24,24,-0.12191998,0,0.84280145
844.0,2023-24,25,0.5586142,1,0.7645405
844.0,2023-24,26,2.0334535,1,0.8151979
844.0,2023-24,27,2.0362294,1,0.59394306
844.0,2023-24,28,0.15165938,0,0.70534706
844.0,2023-24,29,0.19152899,0,0.8230343
844.0,2023-24,30,1.9662467,1,0.9104914
844.0,2023-24,31,2.4836588,1,0.93990815
844.0,2023-24,32,1.8527993,1,0.5530731
844.0,2023-24,33,1.6114472,1,0.69938594
844.0,2023-24,34,0.04575772,0,0.8074309
844.0,2023-24,35,0.3286783,0,0.75488025
844.0,2023-24,36,0.20630029,0,0.8896108
844.0,2023-24,37,-0.003322406,0,0.78172374
844.0,2023-24,38,1.354008,1,0.69775194
986.0,2023-24,6,0.8128979,1,0.61455035
986.0,2023-24,7,0.15383767,0,0.68052834
986.0,2023-24,8,0.1457009,0,0.70062244
986.0,2023-24,9,1.2574005,1,0.7384626
986.0,2023-24,10,1.3929975,1,0.7842143
986.0,2023-24,11,1.3147496,0,0.63183445
986.0,2023-24,12,0.040099394,0,0.7788442
986.0,2023-24,13,1.2511604,2,0.77319306
986.0,2023-24,14,0.3440663,0,1.1042261
986.0,2023-24,15,0.16325435,0,0.86399084
986.0,2023-24,16,0.4235991,0,0.70931315
986.0,2023-24,17,1.12361,1,0.67274934
986.0,2023-24,18,0.13412994,0,0.67662734
986.0,2023-24,19,-0.04443345,0,0.6595241
986.0,2023-24,20,-0.033372823,0,0.692723
986.0,2023-24,21,0.9254769,10,0.71413153
986.0,2023-24,22,2.5740197,1,1.087142
986.0,2023-24,23,0.44260386,0,0.69327205
986.0,2023-24,24,0.44260386,0,0.71066433
986.0,2023-24,25,2.7266731,1,0.81912
986.0,2023-24,26,0.24129446,0,0.59404457
986.0,2023-24,27,0.2588565,0,0.45453465
986.0,2023-24,28,1.487322,7,0.46370453
986.0,2023-24,29,0.120868586,0,0.18689045
986.0,2023-24,30,1.9807633,1,0.17968601
986.0,2023-24,31,1.0781466,0,0.4228562
986.0,2023-24,32,0.6641788,0,0.28748095
986.0,2023-24,33,4.2137747,2,0.32906955
986.0,2023-24,34,1.2659872,1,0.6775778
986.0,2023-24,35,0.10051427,0,0.7568414
986.0,2023-24,36,1.6975493,1,0.71030533
986.0,2023-24,37,2.6776385,1,0.78906083
986.0,2023-24,38,1.0480933,1,0.72276694
998.0,2023-24,25,6.569512,6,1.791077
998.0,2023-24,25,4.922723,1,1.791077
998.0,2023-24,26,3.1281977,2,2.243516
998.0,2023-24,27,5.18359,2,2.0893807
998.0,2023-24,28,3.8437212,2,2.4942203
998.0,2023-24,29,4.6460013,1,2.4682837
998.0,2023-24,30,4.6980577,5,1.9212232
998.0,2023-24,31,4.5077677,2,1.5726647
998.0,2023-24,32,3.4868634,1,1.4382594
998.0,2023-24,33,-0.38144946,0,1.0621309
998.0,2023-24,34,-0.038641233,0,0.64457196
998.0,2023-24,35,2.0076036,2,0.7127904
998.0,2023-24,36,2.4857426,2,1.4226484
998.0,2023-24,37,2.261682,1,1.9373809
998.0,2023-24,38,3.2091184,4,1.8882961
1679.0,2023-24,6,4.7251134,6,1.8002026
1679.0,2023-24,7,4.6753945,2,2.3395364
1679.0,2023-24,8,4.241631,1,2.0853467
1679.0,2023-24,9,6.779053,7,2.2260542
1679.0,2023-24,10,5.4680934,2,1.8897839
1679.0,2023-24,11,2.9945312,2,1.7547684
1679.0,2023-24,12,2.7392695,13,1.4239094
1679.0,2023-24,13,4.023082,2,1.7483213
1679.0,2023-24,14,5.169994,6,2.1529815
1679.0,2023-24,15,4.434783,2,1.8064585
1679.0,2023-24,16,3.5589182,7,1.9170637
1679.0,2023-24,17,1.0610831,0,1.9569206
1679.0,2023-24,18,7.115842,17,1.1329588
1679.0,2023-24,19,7.295348,6,1.9919164
1679.0,2023-24,20,4.8280725,2,2.5534282
1679.0,2023-24,21,6.1866884,2,2.926945
1679.0,2023-24,22,7.1430807,8,3.1101978
1679.0,2023-24,23,5.8538494,2,2.6589446
1679.0,2023-24,24,4.0354233,4,2.0431361
1679.0,2023-24,25,2.2517219,12,1.9553049
1679.0,2023-24,26,3.679594,2,2.149477
1679.0,2023-24,27,3.7852726,2,1.9840314
1679.0,2023-24,28,5.500564,0,1.164515
1679.0,2023-24,28,5.500564,0,0.95292866
1679.0,2023-24,28,3.516232,8,1.164515
1679.0,2023-24,28,3.516232,8,0.95292866
1679.0,2023-24,29,1.712901,0,1.6960425
1679.0,2023-24,30,5.248057,7,1.3105888
1679.0,2023-24,31,7.8066792,2,2.153887
1679.0,2023-24,32,5.9208536,2,2.5787258
1679.0,2023-24,33,4.9817786,7,3.099187
1679.0,2023-24,34,5.2372265,6,2.560596
1679.0,2023-24,34,5.2372265,6,2.4695907
1679.0,2023-24,34,5.3738575,2,2.560596
1679.0,2023-24,34,5.3738575,2,2.4695907
1679.0,2023-24,35,4.7307196,2,2.2247007
1679.0,2023-24,36,2.9684553,2,2.2561922
1679.0,2023-24,37,4.1509867,6,2.3462732
1679.0,2023-24,38,4.153503,1,1.7824556
1736.0,2023-24,8,5.5645175,1,0.6302528
1736.0,2023-24,9,4.0700393,6,1.2019725
1736.0,2023-24,10,-0.1552867,0,1.8305056
1736.0,2023-24,11,0.288333,0,0.9074785
1736.0,2023-24,12,0.21364751,0,0.5710271
1736.0,2023-24,13,1.9201138,5,0.6729789
1736.0,2023-24,14,2.9356947,-2,1.5325668
1736.0,2023-24,15,0.54794097,0,1.3505225
1736.0,2023-24,16,0.76841694,0,0.8447962
1736.0,2023-24,17,3.2560496,2,0.69855934
1736.0,2023-24,18,1.9376711,1,0.9967135
1736.0,2023-24,19,1.9689512,9,0.65830374
1736.0,2023-24,20,0.30393434,0,1.0148892
1736.0,2023-24,21,2.3079982,6,0.68506336
1736.0,2023-24,22,2.7236843,5,0.7041955
1736.0,2023-24,23,0.27027035,0,0.62271845
1736.0,2023-24,24,0.25793928,0,0.48661095
1736.0,2023-24,25,0.3441625,0,0.7946471
1736.0,2023-24,26,3.2440104,1,0.85027426
1736.0,2023-24,27,2.445845,1,1.1349576
1736.0,2023-24,28,1.7678554,1,1.3308644
1736.0,2023-24,29,-0.01774689,0,1.5013065
1736.0,2023-24,30,2.6973855,11,0.82923675
1736.0,2023-24,31,3.3328927,0,0.98129094
1736.0,2023-24,32,3.3840714,8,0.9237794
1736.0,2023-24,33,2.952334,2,1.0505359
1736.0,2023-24,34,4.2842493,2,1.4350872
3300.0,2023-24,23,2.8201144,2,0.7985165
3300.0,2023-24,24,2.7658153,1,1.0201602
3300.0,2023-24,25,3.524892,1,1.7501948
3300.0,2023-24,26,2.4446814,0,1.289583
3300.0,2023-24,27,0.9664496,0,0.6162568
3300.0,2023-24,28,-0.06759396,0,0.48897195
3300.0,2023-24,29,0.18842395,0,0.5788638
3300.0,2023-24,30,-0.11742389,0,0.72527605
3300.0,2023-24,31,-0.09819518,0,0.7355464
3300.0,2023-24,32,-0.040668644,0,0.7069639
3300.0,2023-24,33,-0.0049085133,0,0.66662884
3300.0,2023-24,34,0.023183005,0,0.6380799
3300.0,2023-24,35,0.023183005,0,0.61716205
3300.0,2023-24,36,0.5546963,1,0.6068722
3300.0,2023-24,37,1.29653,1,0.6929407
3300.0,2023-24,37,1.29653,1,0.86748403
3300.0,2023-24,37,1.8474253,7,0.6929407
3300.0,2023-24,37,1.8474253,7,0.86748403
3300.0,2023-24,38,1.5030161,1,1.3072569
3621.0,2023-24,6,0.07300664,0,0.8491982
3621.0,2023-24,7,3.075325,1,0.67673814
3621.0,2023-24,8,2.2697458,0,1.172234
3621.0,2023-24,9,1.9420553,5,1.04058
3621.0,2023-24,10,2.0384545,3,0.68706626
3621.0,2023-24,11,3.429368,8,0.3847643
3621.0,2023-24,12,2.8703418,1,0.446253
3621.0,2023-24,13,1.6213661,1,0.9535962
3621.0,2023-24,14,2.24194,8,1.1034319
3621.0,2023-24,15,2.7569802,2,1.1566541
3621.0,2023-24,16,4.1661987,2,1.152457
3621.0,2023-24,17,4.722829,0,1.2400926
3621.0,2023-24,18,-0.27841055,0,0.88209325
3621.0,2023-24,19,2.9423225,5,0.76232594
3621.0,2023-24,20,4.1963377,1,1.1931796
3621.0,2023-24,21,3.7325296,6,1.2628548
3621.0,2023-24,22,4.91015,6,1.4470882
3621.0,2023-24,23,6.2904363,6,1.7895375
3621.0,2023-24,24,4.9733324,2,1.7123142
3621.0,2023-24,25,3.553384,2,2.0075157
3621.0,2023-24,25,3.553384,2,1.8195381
3621.0,2023-24,25,3.788408,1,2.0075157
3621.0,2023-24,25,3.788408,1,1.8195381
3621.0,2023-24,26,3.5597594,6,1.1751592
3621.0,2023-24,27,3.549324,1,1.648999
3621.0,2023-24,28,2.856842,1,0.8608554
3621.0,2023-24,29,3.2445805,1,1.0242357
3621.0,2023-24,30,3.2229548,0,0.92696995
3621.0,2023-24,31,1.0325187,0,0.92247605
3621.0,2023-24,32,1.7736515,1,0.8069412
3621.0,2023-24,33,1.8308351,1,0.7824718
3621.0,2023-24,34,2.0850568,1,1.1627208
3621.0,2023-24,35,0.36200166,0,0.88445085
3621.0,2023-24,36,0.47028002,0,0.69221425
3621.0,2023-24,37,0.08685906,0,0.5969278
3621.0,2023-24,38,1.7191097,0,0.5433172
3697.0,2023-24,6,5.5128007,2,2.3746266
3697.0,2023-24,7,0.37878412,0,2.0385678
3697.0,2023-24,8,3.694165,2,1.2588261
3697.0,2023-24,9,3.8237393,1,2.866716
3697.0,2023-24,10,4.6489644,2,2.6908734
3697.0,2023-24,11,4.809506,1,1.7310381
3697.0,2023-24,12,3.1718402,6,1.3838286
3697.0,2023-24,13,3.5195982,2,1.2203264
3697.0,2023-24,14,3.5748186,9,1.3136959
3697.0,2023-24,15,4.200949,1,1.0288348
3697.0,2023-24,16,3.4765124,1,0.76204056
3697.0,2023-24,17,-0.35302436,0,0.80912465
3697.0,2023-24,18,0.34824932,0,0.7977541
3697.0,2023-24,19,0.49337447,0,0.94542354
3697.0,2023-24,20,0.03297985,0,0.91199523
3697.0,2023-24,21,0.4263744,0,0.9280167
3697.0,2023-24,22,2.1313105,1,0.8630509
3697.0,2023-24,23,2.2377696,1,0.68132025
3697.0,2023-24,24,1.7443724,1,0.62149286
3697.0,2023-24,25,1.0161011,2,0.6054586
3697.0,2023-24,26,1.766051,2,0.98585826
3697.0,2023-24,27,2.8013027,1,1.153475
3697.0,2023-24,28,2.9571686,1,1.0304611
3697.0,2023-24,29,0.09458677,0,1.2529147
3697.0,2023-24,30,0.13460697,0,0.58045655
3697.0,2023-24,31,2.3439484,1,0.3976279
3697.0,2023-24,32,1.1827668,5,0.29625785
3697.0,2023-24,33,2.7508628,1,0.12987524
3697.0,2023-24,34,3.6125152,1,0.1892776
3697.0,2023-24,35,2.7583272,1,0.09197147
3697.0,2023-24,36,2.0165484,0,0.07672542
3697.0,2023-24,37,2.4662333,1,0.20984428
3697.0,2023-24,38,2.3612525,1,0.72344506
4105.0,2023-24,6,3.6862476,2,1.1313907
4105.0,2023-24,7,2.579383,1,1.2654843
4105.0,2023-24,8,-0.0010532397,0,1.1608732
4105.0,2023-24,9,2.7592044,1,0.87859184
4105.0,2023-24,10,1.9632211,1,1.2997406
4105.0,2023-24,11,3.7634978,0,1.3397112
4105.0,2023-24,12,1.5257038,8,0.946163
4105.0,2023-24,13,3.040025,2,1.5134069
4105.0,2023-24,14,2.3118412,2,1.1055098
4105.0,2023-24,15,3.7564404,13,1.5095669
4105.0,2023-24,16,4.7295585,9,1.676281
4105.0,2023-24,17,3.0473661,-2,1.594413
4105.0,2023-24,18,-0.83952725,0,1.0602117
4105.0,2023-24,19,-0.202963,0,0.3591066
4105.0,2023-24,20,3.8096538,7,0.288149
4105.0,2023-24,21,2.5713015,2,0.85137254
4105.0,2023-24,22,4.9960656,1,1.234005
4105.0,2023-24,23,1.0536597,0,1.6621816
4105.0,2023-24,24,0.6711879,0,1.068132
4105.0,2023-24,25,1.1286329,0,0.73906153
4105.0,2023-24,26,-0.021512732,0,0.68664193
4105.0,2023-24,27,0.19742483,0,0.66379774
4105.0,2023-24,28,0.10579213,0,0.7574131
4105.0,2023-24,29,1.1528226,1,0.74972117
4105.0,2023-24,30,2.5603783,1,0.9381793
4105.0,2023-24,31,0.10492297,0,0.7620529
4105.0,2023-24,32,2.1585705,1,0.57587725
4105.0,2023-24,33,0.3525709,0,0.47119915
4105.0,2023-24,34,0.4655963,0,0.44480073
4105.0,2023-24,35,0.17179811,0,0.6009187
4105.0,2023-24,36,0.94689053,1,0.5842112
4105.0,2023-24,37,0.25680622,0,0.84126884
4105.0,2023-24,38,1.5278579,13,0.7435245
4456.0,2023-24,6,2.113575,1,0.61785406
4456.0,2023-24,7,2.4404454,1,0.5306123
4456.0,2023-24,8,2.0711317,2,0.7050042
4456.0,2023-24,9,2.0308495,13,0.73921824
4456.0,2023-24,10,0.008941746,0,0.45258987
4456.0,2023-24,11,0.004115536,0,0.30323154
4456.0,2023-24,12,2.3827064,1,0.34607065
4456.0,2023-24,13,2.0224168,2,0.6706361
4456.0,2023-24,14,1.9700714,2,1.060396
4456.0,2023-24,15,4.3019094,1,1.4579923
4456.0,2023-24,16,4.0418606,1,1.315823
4456.0,2023-24,17,3.6757922,1,0.9575184
4456.0,2023-24,18,1.9132655,11,0.9172463
4456.0,2023-24,19,2.1241982,17,1.2730575
4456.0,2023-24,20,5.0143795,2,1.5231423
4456.0,2023-24,21,3.5257378,8,2.0150921
4456.0,2023-24,22,3.297712,1,1.9742405
4456.0,2023-24,23,1.0115258,0,1.7370257
4456.0,2023-24,24,1.0357858,0,1.1669766
4456.0,2023-24,25,0.58402187,0,1.0467179
4456.0,2023-24,26,0.4930727,0,1.3502371
4456.0,2023-24,27,0.4480572,0,1.1475792
4456.0,2023-24,28,1.1799556,2,1.1103091
4456.0,2023-24,29,1.7404833,9,1.4992942
4456.0,2023-24,30,3.4359155,8,1.7422076
4456.0,2023-24,31,2.9059474,8,1.2246329
4456.0,2023-24,32,2.6077409,6,0.8472551
4456.0,2023-24,33,5.997482,2,0.7519224
4456.0,2023-24,34,4.5455194,2,0.99247044
4456.0,2023-24,35,5.3051925,2,1.9398977
4456.0,2023-24,36,5.289878,2,1.6583455
4456.0,2023-24,37,4.9433875,2,1.4343046
4456.0,2023-24,38,3.2389357,13,1.4868085
5232.0,2023-24,6,2.3231437,5,0.78260106
5232.0,2023-24,7,5.183137,6,1.2023813
5232.0,2023-24,8,4.0610366,13,1.0040948
5232.0,2023-24,9,4.3223624,1,1.1201742
5232.0,2023-24,10,-0.55926895,0,1.3319962
5232.0,2023-24,11,-0.29633194,0,1.3249226
5232.0,2023-24,12,0.36488158,0,1.4805263
5232.0,2023-24,13,2.4837406,8,2.0200047
5232.0,2023-24,14,6.214085,2,1.993195
5232.0,2023-24,15,5.1717567,2,1.8765832
5232.0,2023-24,16,3.915311,2,2.0747137
5232.0,2023-24,17,0.5024085,0,1.564601
5232.0,2023-24,18,2.9443467,1,0.7690732
5232.0,2023-24,19,3.337796,7,0.7062966
5232.0,2023-24,20,3.0727377,6,0.9626576
5232.0,2023-24,21,3.728013,6,1.5260458
5232.0,2023-24,22,4.368749,1,1.8357755
5232.0,2023-24,23,-0.4824491,0,1.0957376
5232.0,2023-24,24,0.30349797,0,0.6562949
5232.0,2023-24,25,0.08228041,0,0.8323526
5232.0,2023-24,26,1.7699656,2,0.924872
5232.0,2023-24,27,3.9147055,8,1.689167
5232.0,2023-24,28,2.3265355,6,2.0878496
5232.0,2023-24,29,0.32166207,0,2.4596758
5232.0,2023-24,30,1.904883,15,0.98154265
5232.0,2023-24,31,4.3667793,8,1.1402278
5232.0,2023-24,32,2.701331,2,1.1561849
5232.0,2023-24,33,3.3895364,12,1.3247929
5232.0,2023-24,34,2.404401,2,0.99402666
5232.0,2023-24,35,5.6941657,13,0.9907374
5232.0,2023-24,36,3.266824,7,1.627938
5232.0,2023-24,37,5.234197,2,2.464459
5232.0,2023-24,37,5.234197,2,2.8653197
5232.0,2023-24,37,6.4533544,2,2.464459
5232.0,2023-24,37,6.4533544,2,2.8653197
5232.0,2023-24,38,2.9749541,14,2.6012545
5543.0,2023-24,6,3.024089,2,0.85525036
5543.0,2023-24,7,2.5613892,5,0.49201053
5543.0,2023-24,8,4.1465955,1,0.4372598
5543.0,2023-24,9,4.8461328,2,0.9709241
5543.0,2023-24,10,5.313147,0,1.2874287
5543.0,2023-24,11,2.9703958,0,0.8401216
5543.0,2023-24,12,4.544677,0,0.9159891
5543.0,2023-24,13,1.9804817,2,0.90540266
5543.0,2023-24,14,1.6497359,2,1.6613111
5543.0,2023-24,15,1.9939469,11,1.9897914
5543.0,2023-24,16,2.649374,2,2.0079942
5543.0,2023-24,17,4.1330957,9,1.8078969
5543.0,2023-24,18,3.8015342,2,1.3010286
5543.0,2023-24,19,3.5271327,1,1.3148404
5543.0,2023-24,20,4.867938,1,1.3058932
5543.0,2023-24,21,5.555905,5,1.2944841
5543.0,2023-24,22,9.953486,10,1.9540559
5543.0,2023-24,23,4.2436886,0,2.187478
5543.0,2023-24,24,4.3548822,0,1.0692904
5543.0,2023-24,25,3.2280579,0,1.1251292
5543.0,2023-24,26,1.19348,0,1.1213887
5543.0,2023-24,27,1.5421182,1,1.0119709
5543.0,2023-24,28,2.1848876,1,1.1312823
5543.0,2023-24,29,-0.23155539,0,1.0411247
5543.0,2023-24,30,0.8278903,1,0.82857484
5543.0,2023-24,31,1.569828,0,1.5175148
5543.0,2023-24,32,1.6147395,5,0.82691675
5543.0,2023-24,33,2.2845154,2,1.0975785
5543.0,2023-24,34,2.690319,5,0.8527559
5543.0,2023-24,34,2.690319,5,0.46866286
5543.0,2023-24,34,4.0169916,1,0.8527559
5543.0,2023-24,34,4.0169916,1,0.46866286
5543.0,2023-24,35,3.697117,0,0.92095006
5543.0,2023-24,36,1.7834631,4,0.5055394
5543.0,2023-24,37,2.5501997,1,0.12064277
5543.0,2023-24,38,1.3270246,1,0.42438835
5555.0,2023-24,7,2.6216433,6,1.105692
5555.0,2023-24,8,2.218902,2,0.79836184
5555.0,2023-24,9,2.5052013,2,0.77969563
5555.0,2023-24,10,3.0106122,9,0.6316398
5555.0,2023-24,11,2.7227316,2,0.51203346
5555.0,2023-24,12,3.942747,2,0.8142944
5555.0,2023-24,13,4.545676,2,1.454523
5555.0,2023-24,14,0.58133936,0,1.7349463
5555.0,2023-24,15,3.7771084,1,1.172343
5555.0,2023-24,16,4.4259458,5,0.96973157
5555.0,2023-24,17,3.8892617,2,0.7134827
5555.0,2023-24,18,3.5538957,2,0.8561034
5555.0,2023-24,19,3.9323976,1,1.0996062
5555.0,2023-24,20,2.6139066,2,0.8225616
5555.0,2023-24,21,4.363576,2,1.3286009
5555.0,2023-24,22,3.1546466,2,1.4834454
5555.0,2023-24,23,4.86759,5,1.7593675
5555.0,2023-24,24,3.7353687,2,1.613213
5555.0,2023-24,25,4.3456044,2,1.5981982
5555.0,2023-24,26,3.3915849,2,1.378308
5555.0,2023-24,27,2.8112252,1,1.4409993
5555.0,2023-24,28,3.8794684,1,1.1889765
5555.0,2023-24,29,0.18265891,0,1.4599947
5555.0,2023-24,30,2.2499259,2,0.9293228
5555.0,2023-24,31,1.8053092,6,1.4605508
5555.0,2023-24,32,2.3910086,9,1.0964046
5555.0,2023-24,33,0.13305297,0,0.9648796
5555.0,2023-24,34,2.4039657,2,0.6897592
5555.0,2023-24,34,2.4039657,2,0.84629816
5555.0,2023-24,34,2.6798277,6,0.6897592
5555.0,2023-24,34,2.6798277,6,0.84629816
5555.0,2023-24,35,0.5625605,0,1.7781821
5555.0,2023-24,36,3.5914536,8,1.0586239
5555.0,2023-24,37,4.6876864,4,1.7300999
5555.0,2023-24,38,2.660821,2,1.2087767
5569.0,2023-24,12,0.09974143,0,1.1188991
5569.0,2023-24,13,0.24613461,0,0.9001834
5569.0,2023-24,14,0.093293734,0,0.7973048
5569.0,2023-24,15,0.18315737,0,0.7124645
5569.0,2023-24,16,0.22873363,0,0.67073613
5569.0,2023-24,17,0.0042238836,0,0.64882046
5569.0,2023-24,18,0.0042238836,0,0.6415499
5569.0,2023-24,19,1.3448977,1,0.6347956
5569.0,2023-24,20,1.7794076,1,0.7860059
5569.0,2023-24,21,2.3384707,-2,0.48470223
5569.0,2023-24,22,1.3767797,0,0.38875276
5569.0,2023-24,23,1.0036236,0,0.3542828
5569.0,2023-24,24,1.2978251,1,0.3654009
5569.0,2023-24,25,1.2806556,1,0.7103104
5569.0,2023-24,26,1.2532141,2,0.67642856
5569.0,2023-24,27,0.05003546,0,1.1145656
5569.0,2023-24,28,0.4122759,0,0.8449527
5569.0,2023-24,29,0.48806712,0,0.79601055
5569.0,2023-24,30,0.025871642,0,0.7276603
5569.0,2023-24,31,0.032496568,0,0.6399031
5569.0,2023-24,32,0.05460348,0,0.6396758
5569.0,2023-24,33,0.054129086,0,0.6398564
5569.0,2023-24,34,0.111124404,0,0.63758355
5569.0,2023-24,35,0.023183005,0,0.63356584
5569.0,2023-24,36,0.023183005,0,0.6212782
5569.0,2023-24,37,0.4932908,1,0.6110957
5569.0,2023-24,38,1.6113371,1,0.71406555
5735.0,2023-24,8,3.091839,2,0.48890865
5735.0,2023-24,9,1.7040492,1,0.57779247
5735.0,2023-24,10,2.522373,1,0.6699709
5735.0,2023-24,11,0.003449435,0,0.73203295
5735.0,2023-24,12,2.2551985,1,0.54263574
5735.0,2023-24,13,3.4208038,1,0.7511888
5735.0,2023-24,14,1.8660288,1,0.83693546
5735.0,2023-24,15,1.766458,1,0.9076052
5735.0,2023-24,16,2.0724518,7,1.0055468
5735.0,2023-24,17,2.228677,12,0.46885502
5735.0,2023-24,18,2.3528285,1,0.3804345
5735.0,2023-24,19,3.0286136,2,0.1715259
5735.0,2023-24,20,3.9831936,2,0.2168038
5735.0,2023-24,21,4.680354,2,0.3450142
5735.0,2023-24,22,5.8892326,2,0.7038175
5735.0,2023-24,23,3.8001058,6,0.84099406
5735.0,2023-24,24,3.8076663,2,1.3472426
5735.0,2023-24,25,2.9596088,5,1.3646877
5735.0,2023-24,26,4.2565866,6,1.5151751
5735.0,2023-24,27,4.2643685,2,1.2768373
5735.0,2023-24,28,5.4739776,8,1.6929264
5735.0,2023-24,29,-0.12892152,0,1.2602654
5735.0,2023-24,30,3.3148546,9,0.80966824
5735.0,2023-24,31,3.4723504,2,1.3234031
5735.0,2023-24,32,2.3060813,5,1.7364674
5735.0,2023-24,33,2.8945708,2,2.1811414
5735.0,2023-24,34,4.3309693,16,2.2928967
5735.0,2023-24,34,4.3309693,16,1.8000127
5735.0,2023-24,34,6.7948704,13,2.2928967
5735.0,2023-24,34,6.7948704,13,1.8000127
5735.0,2023-24,35,4.923337,2,1.6172376
5735.0,2023-24,36,4.6897726,6,2.6206155
5735.0,2023-24,37,5.9590373,9,2.126523
5735.0,2023-24,38,5.88576,20,2.1643739
5786.0,2023-24,6,5.206702,2,1.8153694
5786.0,2023-24,7,2.5005445,2,1.6111529
5786.0,2023-24,8,2.012774,5,1.5242198
5786.0,2023-24,9,2.9742599,8,1.4604267
5786.0,2023-24,10,2.949927,2,1.8457127
5786.0,2023-24,11,4.1444287,2,1.9304472
5786.0,2023-24,12,3.034647,2,1.5037353
5786.0,2023-24,13,2.7292438,2,1.5136955
5786.0,2023-24,14,5.5731034,2,1.4349922
5786.0,2023-24,15,3.7434678,0,1.4616526
5786.0,2023-24,16,5.4106627,2,1.4684615
5786.0,2023-24,17,3.0910108,2,1.4573786
5786.0,2023-24,18,-0.4789535,0,1.1797242
5786.0,2023-24,19,2.7615638,7,0.8094585
5786.0,2023-24,20,3.1102598,2,1.5509523
5786.0,2023-24,21,-0.31657237,0,1.3767782
5786.0,2023-24,22,-0.0029784108,0,0.7975712
5786.0,2023-24,23,0.52356124,0,0.68090177
5786.0,2023-24,24,0.012613205,0,0.6162655
5786.0,2023-24,25,1.4419066,1,0.7558206
5786.0,2023-24,25,1.4419066,1,1.1762233
5786.0,2023-24,25,1.998979,1,0.7558206
5786.0,2023-24,25,1.998979,1,1.1762233
5786.0,2023-24,26,2.9013083,5,1.7649317
5786.0,2023-24,27,3.3766174,6,1.38271
5786.0,2023-24,28,3.2431948,5,1.099514
5786.0,2023-24,29,3.3416607,2,0.8678854
5786.0,2023-24,30,3.4284723,1,0.900418
5786.0,2023-24,31,4.7986283,2,1.2982957
5786.0,2023-24,32,3.5232313,5,0.8118303
5786.0,2023-24,33,5.71107,2,1.3541315
5786.0,2023-24,34,4.030799,13,1.384906
5786.0,2023-24,35,5.734882,2,2.0025003
5786.0,2023-24,36,3.9731119,1,2.5678487
5786.0,2023-24,37,2.570271,11,2.0905302
5786.0,2023-24,38,3.4811127,9,1.6465425
6219.0,2023-24,28,2.5449684,5,0.8672233
6219.0,2023-24,28,2.5449684,5,0.7823505
6219.0,2023-24,28,3.3023918,7,0.8672233
6219.0,2023-24,28,3.3023918,7,0.7823505
6219.0,2023-24,29,1.3352418,0,0.5918279
6219.0,2023-24,30,3.692125,1,0.475502
6219.0,2023-24,31,2.001066,1,0.8378474
6219.0,2023-24,32,2.5936878,1,0.5876617
6219.0,2023-24,33,2.1223474,1,1.0187693
6219.0,2023-24,34,1.927425,1,1.4171423
6219.0,2023-24,34,1.927425,1,1.7306615
6219.0,2023-24,34,1.3203464,0,1.4171423
6219.0,2023-24,34,1.3203464,0,1.7306615
6219.0,2023-24,35,2.2266767,12,1.7271867
6219.0,2023-24,36,1.8966776,1,0.15045749
6219.0,2023-24,37,1.3368342,1,0.35960793
6219.0,2023-24,38,1.639826,5,0.34075135
6482.0,2023-24,6,3.627011,1,1.86074
6482.0,2023-24,7,3.0145707,5,1.6504319
6482.0,2023-24,8,3.3271582,2,1.740483
6482.0,2023-24,9,4.801335,0,1.5253985
6482.0,2023-24,10,6.3021226,17,1.268671
6482.0,2023-24,11,4.232942,2,1.5757682
6482.0,2023-24,12,4.9451857,1,1.6453443
6482.0,2023-24,13,3.275835,1,1.0208577
6482.0,2023-24,14,3.5437405,1,1.3770314
6482.0,2023-24,15,-0.15784338,0,1.6613972
6482.0,2023-24,16,2.0539138,1,1.1914513
6482.0,2023-24,17,3.0197089,4,1.3894336
6482.0,2023-24,18,1.4146805,0,0.43756706
6482.0,2023-24,19,1.3800509,1,0.5684139
6482.0,2023-24,20,1.4163519,2,0.80429393
6482.0,2023-24,21,2.3892663,4,1.2559757
6482.0,2023-24,22,1.7676711,1,0.7985566
6482.0,2023-24,23,0.18797024,0,0.8710715
6482.0,2023-24,24,1.5392135,1,0.794841
6482.0,2023-24,25,2.118759,1,1.139961
6482.0,2023-24,26,2.182528,1,1.3483238
6482.0,2023-24,27,-0.052212495,0,0.862413
6482.0,2023-24,28,0.18251419,0,0.7612184
6482.0,2023-24,29,0.30740717,0,0.72407407
6482.0,2023-24,30,0.028808719,0,0.7397098
6482.0,2023-24,31,1.0543363,1,0.7741861
6482.0,2023-24,32,1.8572305,1,0.83078545
6482.0,2023-24,33,2.2144258,1,0.5476584
7080.0,2023-24,6,3.5718112,2,1.4643189
7080.0,2023-24,7,3.0941198,5,1.47012
7080.0,2023-24,8,4.211644,2,1.982943
7080.0,2023-24,9,5.6385527,7,1.7130488
7080.0,2023-24,10,4.8373814,2,2.2441254
7080.0,2023-24,11,3.4796999,2,1.8227166
7080.0,2023-24,12,3.8231626,5,1.6745682
7080.0,2023-24,13,6.305573,7,1.9615558
7080.0,2023-24,14,3.924163,5,1.8873298
7080.0,2023-24,15,5.1146383,5,1.7121835
7080.0,2023-24,16,4.454782,9,1.2865484
7080.0,2023-24,17,4.017472,2,1.7143719
7080.0,2023-24,18,5.1402717,1,2.3680532
7080.0,2023-24,19,4.0179787,5,1.8024123
7080.0,2023-24,20,3.9219184,12,1.8194581
7080.0,2023-24,21,4.3065104,1,1.8796697
7080.0,2023-24,22,4.2866373,4,1.4993511
7080.0,2023-24,23,3.32074,17,1.0561306
7080.0,2023-24,24,4.2314157,1,1.1982942
7080.0,2023-24,25,-0.11133744,0,1.5967562
7080.0,2023-24,26,-0.2980162,0,1.4160008
7080.0,2023-24,27,0.9585641,0,2.1638267
7080.0,2023-24,28,-0.040535796,0,2.0624764
7080.0,2023-24,29,0.09783381,0,1.1483042
7080.0,2023-24,30,-0.0013663932,0,1.0977907
7080.0,2023-24,31,1.3139691,1,0.9694757
7080.0,2023-24,32,1.8382727,0,1.0404557
7080.0,2023-24,33,2.5988095,12,0.96185374
7080.0,2023-24,34,2.7758434,0,1.470911
7080.0,2023-24,35,2.3491197,5,1.0583924
7080.0,2023-24,36,4.7398367,2,0.6124433
7080.0,2023-24,37,6.0186486,5,0.596644
7080.0,2023-24,38,3.9112563,2,0.46553385
7395.0,2023-24,10,0.17328715,0,0.6096477
7395.0,2023-24,11,3.937892,1,0.61097765
7395.0,2023-24,12,2.4158056,0,0.7075603
7395.0,2023-24,13,2.9034853,0,0.78215563
7395.0,2023-24,14,0.9160311,1,0.83621234
7395.0,2023-24,15,1.8578367,1,0.73559964
7395.0,2023-24,16,1.9024076,5,0.85523957
7395.0,2023-24,17,0.4701298,0,1.0796714
7395.0,2023-24,18,1.9143269,1,0.95396984
7395.0,2023-24,19,1.3809589,1,0.9873922
7498.0,2023-24,6,0.7982583,0,1.4293183
7498.0,2023-24,7,3.9985876,9,0.8934553
7498.0,2023-24,8,4.5265822,5,1.2581484
7498.0,2023-24,9,3.6228306,2,1.2287674
7498.0,2023-24,10,1.309768,0,1.835437
7498.0,2023-24,11,0.54879963,0,1.1112386
7498.0,2023-24,12,0.23618148,0,0.821992
7498.0,2023-24,13,-0.14626661,0,0.6843685
7498.0,2023-24,14,0.15408297,0,0.75928813
7498.0,2023-24,15,0.28822583,0,0.81457025
7498.0,2023-24,16,0.05061336,0,0.77705204
7498.0,2023-24,17,1.249866,1,0.7243256
7498.0,2023-24,18,1.6444551,5,0.96540207
7498.0,2023-24,19,1.5558819,2,1.1732094
7498.0,2023-24,20,2.8971753,6,1.1808453
7498.0,2023-24,21,6.398384,2,1.4719365
7498.0,2023-24,22,3.4953277,1,1.1692828
7498.0,2023-24,23,4.5082097,2,0.96074456
7498.0,2023-24,24,0.41574326,0,1.0124744
7498.0,2023-24,25,0.06399445,0,0.7599341
7498.0,2023-24,26,-0.2248459,0,0.7348501
7498.0,2023-24,27,-0.22342677,0,0.75664806
7498.0,2023-24,28,-0.17915003,0,0.7208448
7498.0,2023-24,29,1.4849203,1,0.73691964
7498.0,2023-24,30,1.5470884,2,0.71170425
7498.0,2023-24,31,2.4522321,2,1.1165597
7498.0,2023-24,32,3.7198443,2,1.2326926
7498.0,2023-24,33,2.9293022,2,1.2409551
7498.0,2023-24,34,3.7746854,6,0.9893572
7498.0,2023-24,35,3.1373992,2,0.73401076
7498.0,2023-24,36,4.3864036,2,0.9381483
7498.0,2023-24,37,3.4287417,2,0.8745882
7498.0,2023-24,38,3.6889231,2,0.917723
7814.0,2023-24,6,2.0900261,1,1.3483138
7814.0,2023-24,7,2.6689193,2,1.675904
7814.0,2023-24,8,-0.1110183,0,1.404659
7814.0,2023-24,9,-0.1503008,0,0.6505073
7814.0,2023-24,10,1.5616043,1,0.83961886
7814.0,2023-24,11,2.6670885,2,1.2667089
7814.0,2023-24,12,2.1239717,6,1.5501311
7814.0,2023-24,13,0.5074753,0,1.8536804
7814.0,2023-24,14,0.48372906,0,0.9645834
7814.0,2023-24,15,0.48169822,0,0.74510294
7814.0,2023-24,16,0.26630342,0,0.70976096
7814.0,2023-24,17,0.31514096,0,0.8170646
7814.0,2023-24,18,0.13677646,0,0.7637534
7814.0,2023-24,19,0.11033481,0,0.7469233
7814.0,2023-24,20,0.12773228,0,0.73648316
7814.0,2023-24,21,0.023183005,0,0.72285753
7814.0,2023-24,22,0.32342517,5,0.6671243
7814.0,2023-24,23,1.7517575,2,1.1567371
7814.0,2023-24,24,1.9051601,2,1.2118225
7814.0,2023-24,25,4.061579,7,1.1477438
7814.0,2023-24,26,3.178857,4,0.9064694
7814.0,2023-24,27,3.324852,1,0.5281296
7814.0,2023-24,28,2.6475108,1,0.6441596
7814.0,2023-24,29,0.11148933,0,0.47558254
7814.0,2023-24,30,0.7656361,0,0.3554297
7814.0,2023-24,31,0.72037286,0,0.35702962
7814.0,2023-24,32,0.100905076,0,0.55540305
7814.0,2023-24,33,-0.057743084,0,0.78724676
7814.0,2023-24,34,0.23537982,0,0.75988597
7814.0,2023-24,35,0.050075937,0,0.70742095
7814.0,2023-24,36,1.0367835,1,0.67667097
7814.0,2023-24,37,1.5042753,1,0.622093
7814.0,2023-24,38,1.1675289,1,0.6955065
8260.0,2023-24,6,6.2264223,6,2.2389235
8260.0,2023-24,7,7.9155617,2,2.5186157
8260.0,2023-24,8,5.6270514,2,2.941285
8260.0,2023-24,9,4.4344115,8,3.1065938
8260.0,2023-24,10,2.8719068,16,2.4369678
8260.0,2023-24,11,5.6744437,1,2.5173993
8260.0,2023-24,12,5.688364,16,2.7194176
8260.0,2023-24,13,3.320931,7,2.3010645
8260.0,2023-24,14,5.9100194,7,2.7537153
8260.0,2023-24,15,2.7745059,2,2.320501
8260.0,2023-24,16,0.7436309,0,2.652001
8260.0,2023-24,17,0.3598349,0,2.781649
8260.0,2023-24,18,1.0324575,0,2.1577697
8260.0,2023-24,19,0.56555796,0,2.0355208
8260.0,2023-24,20,1.3118576,0,1.6299095
8260.0,2023-24,21,-0.0328914,0,1.4437509
8260.0,2023-24,22,1.5121119,1,1.1124932
8260.0,2023-24,23,1.7352008,5,1.0961486
8260.0,2023-24,24,2.4189975,13,1.3501928
8260.0,2023-24,25,2.8027275,2,1.1493404
8260.0,2023-24,25,2.8027275,2,0.8479071
8260.0,2023-24,25,2.56977,8,1.1493404
8260.0,2023-24,25,2.56977,8,0.8479071
8260.0,2023-24,26,1.7890923,5,0.42321974
8260.0,2023-24,27,2.8044906,6,0.4158677
8260.0,2023-24,28,3.646596,2,0.5731831
8260.0,2023-24,29,0.8959683,0,0.7892819
8260.0,2023-24,30,4.39922,2,0.89416784
8260.0,2023-24,31,-0.047188528,0,1.7295127
8260.0,2023-24,32,4.211037,8,1.439111
8260.0,2023-24,33,6.2563033,10,2.6047463
8260.0,2023-24,34,0.09816322,0,2.2933674
8260.0,2023-24,35,2.829904,5,1.5342602
8260.0,2023-24,36,4.6913705,21,2.2222986
8260.0,2023-24,37,5.71455,2,1.6636554
8260.0,2023-24,37,5.71455,2,2.5509386
8260.0,2023-24,37,4.414713,13,1.6636554
8260.0,2023-24,37,4.414713,13,2.5509386
8260.0,2023-24,38,10.222121,2,2.147199
8272.0,2023-24,6,4.4382596,1,1.2140892
8272.0,2023-24,7,3.628313,4,1.5682858
8272.0,2023-24,8,3.6101274,2,1.420119
8272.0,2023-24,9,4.8358674,2,1.804356
8272.0,2023-24,10,5.2889585,1,2.4237306
8272.0,2023-24,11,3.3778064,1,1.1163468
8272.0,2023-24,12,3.64559,1,1.0059283
8272.0,2023-24,13,4.010023,13,0.99885935
8272.0,2023-24,14,4.066357,4,1.7793907
8272.0,2023-24,15,2.9126148,2,1.5675426
8272.0,2023-24,16,3.343713,2,1.8716824
8272.0,2023-24,17,3.454315,1,1.8994274
8272.0,2023-24,18,3.091555,2,2.3185964
8272.0,2023-24,19,3.0523632,16,1.3336878
8272.0,2023-24,20,3.4518154,2,0.754602
8272.0,2023-24,21,3.337767,2,0.7984596
8272.0,2023-24,22,3.5286672,2,1.0139818
8272.0,2023-24,23,5.791604,8,1.2309688
8272.0,2023-24,24,-0.13794583,0,1.5194422
8272.0,2023-24,25,1.6177362,0,1.0638009
8272.0,2023-24,26,1.9421585,0,0.853454
8272.0,2023-24,27,0.6823578,0,0.91569644
8272.0,2023-24,28,-0.28175056,0,1.0930392
8272.0,2023-24,29,0.11670381,0,0.97759044
8272.0,2023-24,30,0.21169753,0,0.86383396
8272.0,2023-24,31,1.4721295,2,0.7871562
8272.0,2023-24,32,2.4273963,1,1.6543074
8272.0,2023-24,33,1.7919675,2,1.1893207
8272.0,2023-24,34,3.1579137,2,1.1776817
8272.0,2023-24,35,2.2335443,2,0.9520372
8272.0,2023-24,36,4.7947435,5,0.77926475
8272.0,2023-24,37,5.2459607,5,0.7202005
8272.0,2023-24,38,5.0687914,2,0.60070664
8384.0,2023-24,11,0.33241916,0,0.8565338
8384.0,2023-24,12,1.8561101,4,0.70363355
8384.0,2023-24,13,1.3062059,1,0.32179224
8384.0,2023-24,14,1.4807248,1,0.37407994
8384.0,2023-24,15,2.0103412,1,0.48220247
8384.0,2023-24,16,1.8132815,2,0.81280327
8384.0,2023-24,17,1.8900203,1,1.2751256
8384.0,2023-24,18,2.7693715,1,0.9900322
8384.0,2023-24,19,2.4886386,1,0.8132058
8384.0,2023-24,20,2.3362653,2,0.52225393
8384.0,2023-24,21,2.5754576,2,0.40455192
8384.0,2023-24,22,0.1747155,0,0.30800617
8384.0,2023-24,23,4.243726,1,0.81983227
8384.0,2023-24,24,1.9878728,1,0.8082817
8384.0,2023-24,25,0.39451197,0,0.723723
8384.0,2023-24,26,0.330617,0,0.6818693
8384.0,2023-24,27,1.8210964,1,0.78875226
8384.0,2023-24,28,1.3644001,4,0.84116226
8384.0,2023-24,29,-0.206664,0,0.55911165
8384.0,2023-24,30,-0.2022738,0,0.46858388
8384.0,2023-24,31,-0.11228465,0,0.53700393
8384.0,2023-24,32,0.9893303,1,0.6351822
8384.0,2023-24,33,1.9752144,1,0.6421401
8384.0,2023-24,34,0.2151844,0,0.5604517
8384.0,2023-24,35,1.875263,1,0.6578059
8384.0,2023-24,36,0.20198672,0,0.86282986
8384.0,2023-24,37,0.99865574,1,0.8754977
8778.0,2023-24,6,-0.38007605,0,0.76566094
8778.0,2023-24,7,1.9424974,0,0.6316481
8778.0,2023-24,8,2.8652391,1,0.742387
8778.0,2023-24,9,0.2313652,0,0.6949765
8778.0,2023-24,10,0.1509542,0,0.69796044
8778.0,2023-24,11,1.9829943,0,0.6843634
8812.0,2023-24,6,0.67358613,0,0.6303008
8812.0,2023-24,7,0.28769183,0,0.2325976
8812.0,2023-24,8,2.8479328,1,0.32942808
8812.0,2023-24,9,2.8007429,8,0.89314693
8812.0,2023-24,10,4.6784015,1,0.4275428
8812.0,2023-24,11,4.022408,2,0.357889
8812.0,2023-24,12,2.3410082,1,0.31206107
8812.0,2023-24,13,2.2644339,1,0.2790697
8812.0,2023-24,14,1.7057357,1,0.41581064
8812.0,2023-24,15,0.53724575,0,0.6861414
8812.0,2023-24,16,3.2656174,1,0.6785428
8865.0,2023-24,6,2.2234073,9,0.69834536
8865.0,2023-24,7,3.6216297,23,1.0839068
8865.0,2023-24,8,4.6103578,5,1.0609996
8865.0,2023-24,9,3.2730153,11,1.4641914
8865.0,2023-24,10,5.9041724,2,1.0706384
8865.0,2023-24,11,3.9321759,2,1.4085901
8865.0,2023-24,12,4.725897,6,1.2398114
8865.0,2023-24,13,6.002672,5,1.2466589
8865.0,2023-24,14,6.907747,11,2.0407052
8865.0,2023-24,15,4.075008,1,2.035596
8865.0,2023-24,16,4.596604,2,2.075429
8865.0,2023-24,17,3.0663934,9,2.1088862
8865.0,2023-24,18,6.569997,2,2.681202
8865.0,2023-24,19,4.712674,2,2.3601904
8865.0,2023-24,20,5.1025496,8,2.0580602
8865.0,2023-24,21,3.0583377,1,2.2987337
8865.0,2023-24,22,3.5559056,7,2.751057
8865.0,2023-24,23,3.1624503,18,1.8196931
8865.0,2023-24,24,5.0315456,2,1.2737981
8865.0,2023-24,25,4.8816442,13,0.5626587
8865.0,2023-24,26,3.4360833,9,1.3021617
8865.0,2023-24,27,5.826427,13,1.6226854
8865.0,2023-24,28,4.406387,2,1.4214387
8865.0,2023-24,29,5.206021,2,2.245264
8865.0,2023-24,30,5.717561,1,2.531814
8865.0,2023-24,31,1.4584736,0,2.09545
8865.0,2023-24,32,5.9013047,13,1.60043
8865.0,2023-24,33,4.657076,7,1.9534358
8865.0,2023-24,34,4.1617923,9,2.5732841
8865.0,2023-24,35,4.934345,2,2.2594934
8865.0,2023-24,36,4.3636456,2,2.9024076
8865.0,2023-24,37,5.3054433,5,2.859148
8865.0,2023-24,38,2.399322,2,1.2340996
9332.0,2023-24,32,1.255353,1,0.8184767
9332.0,2023-24,33,-0.0014932046,0,0.55905265
9332.0,2023-24,34,-0.0014932046,0,0.62497854
9332.0,2023-24,35,0.017548474,0,0.7280794
9332.0,2023-24,36,0.101910315,0,0.78889805
9332.0,2023-24,37,1.2567456,1,0.7908397
9332.0,2023-24,38,1.516197,1,0.696819
9556.0,2023-24,6,-0.058848284,0,0.8693978
9556.0,2023-24,7,0.10839175,0,0.7615108
9556.0,2023-24,8,0.21318623,0,0.7206845
9556.0,2023-24,9,0.22511907,0,0.7037802
9556.0,2023-24,10,0.0042238836,0,0.6840462
9556.0,2023-24,11,0.055164795,0,0.6644148
9556.0,2023-24,12,0.5481643,1,0.64605314
9556.0,2023-24,13,1.3264881,1,0.5968452
9556.0,2023-24,14,1.0145836,0,0.82543683
9556.0,2023-24,15,1.3552668,2,1.2443202
9556.0,2023-24,16,1.6503935,0,1.4286051
9556.0,2023-24,17,2.861514,1,1.3525739
9556.0,2023-24,18,0.5751842,0,1.0784419
9556.0,2023-24,19,2.8237517,1,0.8317949
9556.0,2023-24,20,1.9122077,2,1.2586001
9556.0,2023-24,21,1.9537637,4,1.4682616
9556.0,2023-24,22,2.2582042,1,1.1673723
9556.0,2023-24,23,2.2555504,1,1.24961
9556.0,2023-24,24,0.21754466,0,1.1058441
9556.0,2023-24,25,2.7934203,1,0.9016054
9556.0,2023-24,26,3.2247076,1,0.97434485
9556.0,2023-24,27,2.1750255,1,1.070575
9556.0,2023-24,28,2.3860903,1,1.2003186
9556.0,2023-24,29,0.27873403,0,0.91594166
9556.0,2023-24,30,0.12954217,0,0.69406474
9556.0,2023-24,31,1.1110142,1,0.62490094
9556.0,2023-24,32,0.04438959,0,0.85720617
9556.0,2023-24,33,0.013798594,0,0.6728164
9556.0,2023-24,34,1.7137426,1,0.6672717
9556.0,2023-24,35,1.2181773,1,0.68100387
9912.0,2023-24,7,3.4814868,2,1.0765394
9912.0,2023-24,8,5.212291,2,0.7325965
9912.0,2023-24,9,3.6306262,2,0.39675134
9912.0,2023-24,10,3.248514,1,0.45164567
9912.0,2023-24,11,2.786899,9,0.6518897
9912.0,2023-24,12,2.2577977,2,0.7631872
9912.0,2023-24,13,2.572571,2,0.9930727
9912.0,2023-24,14,3.977621,1,0.9730759
9912.0,2023-24,15,2.7750373,2,0.93428123
9912.0,2023-24,16,2.6959674,2,1.0188775
9912.0,2023-24,17,2.4128463,2,0.87193793
9912.0,2023-24,18,3.4654076,8,1.1872936
9912.0,2023-24,19,6.0802083,5,1.4325255
9912.0,2023-24,20,4.5681667,1,1.1693795
9912.0,2023-24,21,4.185226,1,0.93349046
9912.0,2023-24,22,3.2233126,1,0.8730034
9912.0,2023-24,23,2.953063,1,1.0575
9912.0,2023-24,24,3.041831,7,1.2578957
9912.0,2023-24,25,0.28531504,0,2.0005333
9912.0,2023-24,26,0.7352295,0,1.1542581
9912.0,2023-24,27,0.70150065,0,1.079172
9912.0,2023-24,28,0.23869348,0,0.8473677
9912.0,2023-24,29,0.0052423556,0,0.92855567
9912.0,2023-24,30,-0.07709302,0,0.7760063
9912.0,2023-24,31,0.08670054,0,0.7374789
9912.0,2023-24,32,1.5349009,4,0.71507245
9912.0,2023-24,33,2.8453848,1,0.49662298
9912.0,2023-24,34,5.008102,1,0.6283348
9912.0,2023-24,34,5.008102,1,0.4499709
9912.0,2023-24,34,3.02899,2,0.6283348
9912.0,2023-24,34,3.02899,2,0.4499709
9912.0,2023-24,35,1.483954,2,0.5608448
9912.0,2023-24,36,3.137015,2,0.4871862
9912.0,2023-24,37,3.0289004,2,0.12227224
9912.0,2023-24,38,3.3354745,2,0.25313377
9983.0,2023-24,9,1.8248969,1,1.2448721
9983.0,2023-24,10,1.8236482,0,1.5185556
9983.0,2023-24,11,1.1114523,1,1.0501518
9983.0,2023-24,12,1.2367272,1,0.6341343
9983.0,2023-24,13,2.1493554,0,0.82689935
9983.0,2023-24,14,2.3677325,2,1.1032867
9983.0,2023-24,15,2.5038974,4,1.7517827
9983.0,2023-24,16,2.5613277,1,0.82796365
9983.0,2023-24,17,2.1747751,1,0.40205878
9983.0,2023-24,18,2.426158,1,0.3779381
9983.0,2023-24,19,2.0974085,2,0.27480853
9983.0,2023-24,20,2.3257756,1,0.32482725
9983.0,2023-24,21,2.1957335,1,1.0065113
9983.0,2023-24,22,1.8151695,1,0.75558174
9983.0,2023-24,23,3.2152762,1,0.8896254
9983.0,2023-24,24,1.1080673,1,0.85460573
9983.0,2023-24,25,1.8449862,1,1.0696106
9983.0,2023-24,26,1.6799369,0,1.1289829
9983.0,2023-24,27,1.6427448,4,1.2919879
9983.0,2023-24,28,3.1943636,2,1.537776
9983.0,2023-24,29,0.8090506,0,1.1553781
9983.0,2023-24,30,2.3397427,8,0.6247851
9983.0,2023-24,31,2.1681488,2,0.21543752
9983.0,2023-24,32,2.3949203,1,0.34046984
9983.0,2023-24,33,2.8230624,2,0.48744935
9983.0,2023-24,34,1.946456,1,0.77657884
9983.0,2023-24,34,1.946456,1,0.8611541
9983.0,2023-24,34,2.0737677,0,0.77657884
9983.0,2023-24,34,2.0737677,0,0.8611541
9983.0,2023-24,35,1.6592185,0,1.3064961
9983.0,2023-24,36,1.9811497,1,1.1122198
9983.0,2023-24,37,3.5783076,0,1.047005
9983.0,2023-24,38,1.084025,1,1.1230159
10048.0,2023-24,6,2.769324,1,1.836665
10048.0,2023-24,7,0.58638066,0,1.8562449
10048.0,2023-24,8,5.212474,6,1.3116655
10048.0,2023-24,9,4.6342063,1,1.7541082
10048.0,2023-24,10,4.9796925,2,1.8071821
10048.0,2023-24,11,5.181977,16,2.655878
10048.0,2023-24,12,3.9379709,5,2.5134141
10048.0,2023-24,13,3.6844556,2,2.4343762
10048.0,2023-24,14,3.9232697,5,1.5917361
10048.0,2023-24,15,4.0551105,2,1.2861652
10048.0,2023-24,16,3.5734258,1,1.6424503
10048.0,2023-24,17,6.5805216,6,1.5450449
10048.0,2023-24,18,6.145334,1,1.5112388
10048.0,2023-24,19,4.5863585,2,1.9460812
10048.0,2023-24,20,4.6415997,5,2.1987712
10048.0,2023-24,21,1.1327387,0,2.2077181
10048.0,2023-24,22,0.21382533,0,1.0463175
10048.0,2023-24,23,3.5901508,1,0.945403
10048.0,2023-24,24,3.1727474,1,1.4367323
10048.0,2023-24,25,2.9284225,5,1.9692545
10048.0,2023-24,26,-0.014602283,0,2.1543527
10048.0,2023-24,27,1.59644,6,1.047816
10048.0,2023-24,28,4.0759945,8,1.6020178
10048.0,2023-24,29,0.044508234,0,1.6345619
10048.0,2023-24,30,4.1503506,2,0.9703974
10048.0,2023-24,31,4.961811,2,1.5389901
10048.0,2023-24,32,4.437188,2,1.7264345
10048.0,2023-24,33,5.8433695,14,2.2620525
10048.0,2023-24,34,3.2276514,2,1.3812611
10048.0,2023-24,35,2.9213262,2,0.95989436
10048.0,2023-24,35,2.9213262,2,1.0165874
10048.0,2023-24,35,4.2891827,6,0.95989436
10048.0,2023-24,35,4.2891827,6,1.0165874
10048.0,2023-24,36,5.5190654,16,1.2914
10048.0,2023-24,37,4.295839,5,0.93842775
10048.0,2023-24,37,4.295839,5,2.2040753
10048.0,2023-24,37,3.6041718,2,0.93842775
10048.0,2023-24,37,3.6041718,2,2.2040753
10048.0,2023-24,38,4.945923,2,2.0846663
10177.0,2023-24,6,4.881267,1,1.3264003
10177.0,2023-24,7,2.61292,1,1.5373346
10177.0,2023-24,8,4.598177,1,1.4950988
10177.0,2023-24,9,4.0115056,2,1.3563893
10177.0,2023-24,10,3.6358778,8,0.3831851
10177.0,2023-24,11,2.3963182,2,0.72036004
10177.0,2023-24,12,-0.08831228,0,0.9011577
10177.0,2023-24,13,2.7367065,5,0.71888155
10177.0,2023-24,14,1.9011042,2,1.7086091
10177.0,2023-24,15,3.036431,1,1.7582004
10177.0,2023-24,16,4.093339,2,0.99980456
10177.0,2023-24,17,2.900756,1,1.2908361
10177.0,2023-24,18,0.022032548,0,1.2150458
10177.0,2023-24,19,2.1958318,4,0.89813846
10177.0,2023-24,20,2.8171299,1,0.7012736
10177.0,2023-24,21,3.0872371,1,0.6225485
10177.0,2023-24,22,2.355286,1,0.6780845
10177.0,2023-24,23,2.9534106,2,0.8624122
10177.0,2023-24,24,2.478649,1,0.83557564
10177.0,2023-24,25,2.1192913,1,0.7836702
10177.0,2023-24,26,1.8887103,2,0.94225353
10177.0,2023-24,27,1.5234044,2,0.9990853
10177.0,2023-24,28,3.0691457,1,1.4114871
10177.0,2023-24,29,0.2120756,0,1.2569135
10177.0,2023-24,30,2.0154881,1,0.87261003
10717.0,2023-24,7,0.5068588,0,0.51929677
10717.0,2023-24,8,2.644901,1,0.638898
10717.0,2023-24,9,1.1763057,0,0.6829837
10717.0,2023-24,10,1.1707965,0,0.6548731
10717.0,2023-24,11,0.9987002,2,0.8726848
10717.0,2023-24,12,0.034232825,0,1.0824572
10717.0,2023-24,13,0.13179956,0,0.85678107
10717.0,2023-24,14,-0.04895418,0,0.73541254
10717.0,2023-24,15,-0.043365147,0,0.6743513
10717.0,2023-24,16,0.1551276,0,0.6643886
10717.0,2023-24,17,0.69338554,1,0.64226836
10717.0,2023-24,18,2.5403624,2,0.801148
10717.0,2023-24,19,2.2693517,2,0.93695056
10717.0,2023-24,20,0.4399028,0,1.0914297
10717.0,2023-24,21,1.5125036,1,0.7433955
10717.0,2023-24,22,2.278384,1,0.5835703
10717.0,2023-24,23,1.5645622,8,0.65739495
10717.0,2023-24,24,2.22262,13,0.94178706
10717.0,2023-24,25,2.9881308,8,0.7989909
10717.0,2023-24,26,4.2205586,2,0.7376906
10717.0,2023-24,27,4.794917,11,1.5968363
10717.0,2023-24,28,3.5404904,2,1.4706296
10717.0,2023-24,29,5.7458267,13,1.4224496
10717.0,2023-24,30,3.7198334,6,0.91169626
10717.0,2023-24,31,5.4770327,2,1.2959006
10717.0,2023-24,32,5.6068597,2,1.8676938
10717.0,2023-24,33,4.867257,2,1.7585361
10717.0,2023-24,34,3.583183,5,2.4725018
10717.0,2023-24,35,5.031016,6,2.1292858
10717.0,2023-24,36,4.6364875,2,1.6201328
10717.0,2023-24,37,5.130204,2,1.6200976
10717.0,2023-24,38,2.8547258,1,1.4670768
10720.0,2023-24,6,2.7395463,6,0.34356838
10720.0,2023-24,7,1.4490814,0,0.41782135
10720.0,2023-24,8,3.1613753,5,0.3913555
10720.0,2023-24,9,2.2782102,4,0.57045037
10720.0,2023-24,10,4.6915574,10,0.70078105
10720.0,2023-24,11,4.1824427,2,0.7907655
10720.0,2023-24,12,1.5952356,5,0.88212353
10720.0,2023-24,13,2.512317,1,0.56824857
10720.0,2023-24,14,3.4843905,2,0.7915959
10720.0,2023-24,15,4.4964256,3,0.96245617
10720.0,2023-24,16,4.548963,2,1.055958
10720.0,2023-24,17,5.2484765,1,1.179606
10720.0,2023-24,18,4.49139,1,1.331654
10720.0,2023-24,19,3.5156636,8,1.4576349
10720.0,2023-24,20,4.6032267,5,2.0870206
10720.0,2023-24,21,4.104671,11,1.6352074
10720.0,2023-24,22,5.8483467,2,2.1250238
10720.0,2023-24,23,5.223015,0,1.6730052
10720.0,2023-24,24,8.228208,6,1.2169285
10720.0,2023-24,25,7.814389,5,1.0902671
10720.0,2023-24,26,0.6902663,0,2.1718793
10720.0,2023-24,27,6.093532,5,0.905609
10720.0,2023-24,28,6.1086926,5,1.8627939
10720.0,2023-24,29,0.9759771,0,2.29596
10720.0,2023-24,30,4.0711937,2,1.9743526
10720.0,2023-24,31,4.54721,6,1.9338619
10720.0,2023-24,32,5.053624,5,1.9117678
10720.0,2023-24,33,5.338879,2,1.5654418
10720.0,2023-24,34,4.583333,1,1.6745305
10720.0,2023-24,34,4.583333,1,0.9864135
10720.0,2023-24,34,3.152465,1,1.6745305
10720.0,2023-24,34,3.152465,1,0.9864135
10720.0,2023-24,35,4.3107905,1,1.3063831
10720.0,2023-24,36,2.379883,1,0.7932475
10720.0,2023-24,37,2.9707704,1,0.93926233
10720.0,2023-24,38,2.0350244,1,1.1985419
10743.0,2023-24,6,0.022587942,0,0.54757166
10743.0,2023-24,7,0.01766447,0,0.49834758
10743.0,2023-24,8,1.1133088,1,0.6421898
10743.0,2023-24,9,1.7924516,1,1.0573019
10743.0,2023-24,10,0.1182672,0,0.6692976
10743.0,2023-24,11,-0.11840611,0,0.49519598
10743.0,2023-24,12,0.31557286,0,0.43243134
10743.0,2023-24,13,0.3494778,0,0.4321587
10743.0,2023-24,14,0.2545639,0,0.6073101
10743.0,2023-24,15,0.79930246,7,0.6234167
10743.0,2023-24,16,0.7680848,0,0.22138463
10743.0,2023-24,17,1.0252714,0,0.0037725903
10743.0,2023-24,18,3.5487373,1,-0.029170364
10743.0,2023-24,19,0.83882576,0,-0.03935796
10743.0,2023-24,20,0.83882576,0,0.033328287
10743.0,2023-24,21,4.358567,1,0.42711377
10846.0,2023-24,6,6.50532,1,1.4838481
10846.0,2023-24,7,8.341898,8,1.6944823
10846.0,2023-24,8,5.4915195,2,0.9749532
10846.0,2023-24,9,6.140083,9,1.0577602
10846.0,2023-24,10,4.225397,2,1.5658573
10846.0,2023-24,11,5.781246,2,2.467327
10846.0,2023-24,12,8.18421,5,2.7551322
10846.0,2023-24,13,9.427173,2,2.344435
10846.0,2023-24,14,6.7334166,5,2.0972502
10846.0,2023-24,15,12.975854,2,1.4072869
10846.0,2023-24,16,14.1943245,5,1.3663615
10846.0,2023-24,17,11.313932,2,1.7975135
10846.0,2023-24,18,4.3730917,0,2.162013
10846.0,2023-24,19,8.364452,8,1.2029272
10846.0,2023-24,20,10.994339,7,2.0471723
10846.0,2023-24,21,5.412752,2,1.7849848
10846.0,2023-24,22,10.074001,13,2.4760118
10846.0,2023-24,23,4.5344195,2,2.4050226
10846.0,2023-24,24,6.017115,2,2.1617064
10846.0,2023-24,25,4.0284524,2,2.103733
10846.0,2023-24,25,4.0284524,2,2.7917492
10846.0,2023-24,25,6.853067,5,2.103733
10846.0,2023-24,25,6.853067,5,2.7917492
10846.0,2023-24,26,7.7743993,1,2.990187
10846.0,2023-24,27,6.0083694,4,2.343361
10846.0,2023-24,28,2.912149,2,1.5334172
10846.0,2023-24,29,-0.4774732,0,1.6656002
10846.0,2023-24,30,-0.4182511,0,1.0457841
10846.0,2023-24,31,1.934863,2,0.79314464
10846.0,2023-24,32,2.2809026,2,1.7162325
10846.0,2023-24,33,1.9323076,5,1.5518166
10846.0,2023-24,34,4.048769,6,1.2384162
10846.0,2023-24,35,2.247594,2,1.3880415
10846.0,2023-24,36,3.6125333,5,1.5163839
10846.0,2023-24,37,3.6826875,5,1.6404707
10846.0,2023-24,37,3.6826875,5,0.9683913
10846.0,2023-24,37,2.913344,1,1.6404707
10846.0,2023-24,37,2.913344,1,0.9683913
11055.0,2023-24,9,5.052444,2,0.8542041
11055.0,2023-24,10,3.7247508,2,1.1483293
11055.0,2023-24,11,3.5721738,2,1.1591108
11055.0,2023-24,12,4.138864,2,1.1279396
11055.0,2023-24,13,0.23616748,0,1.1897056
11055.0,2023-24,14,1.3909873,1,0.8029917
11055.0,2023-24,15,2.2691822,2,0.88252634
11055.0,2023-24,16,2.6744092,0,1.1420845
11055.0,2023-24,17,1.541403,2,1.128041
11055.0,2023-24,18,4.000726,1,1.8357475
11055.0,2023-24,19,3.7939153,7,1.4304783
11055.0,2023-24,20,0.508261,0,1.573957
11055.0,2023-24,21,2.3887527,11,0.85346943
11055.0,2023-24,22,4.0326414,10,1.3455502
11055.0,2023-24,23,3.5458088,8,1.4163699
11055.0,2023-24,24,3.7536986,6,1.3474565
11055.0,2023-24,25,4.80627,13,1.3662288
11055.0,2023-24,26,-0.16078763,0,1.1253948
11055.0,2023-24,27,-0.0027011456,0,1.546283
11055.0,2023-24,28,-0.27446204,0,1.5906171
11055.0,2023-24,29,-0.28086102,0,1.7382965
11055.0,2023-24,30,2.7546406,2,1.7689135
11055.0,2023-24,31,1.5212183,2,2.0212953
11055.0,2023-24,32,3.24635,2,2.2046547
11055.0,2023-24,33,2.553328,2,2.1289768
11055.0,2023-24,34,5.2651734,7,1.6831355
11055.0,2023-24,35,5.107597,2,1.0712974
11055.0,2023-24,36,3.5395973,2,0.7245856
11055.0,2023-24,37,3.2930377,2,0.8518253
11055.0,2023-24,37,3.2930377,2,1.0842917
11055.0,2023-24,37,3.2383075,6,0.8518253
11055.0,2023-24,37,3.2383075,6,1.0842917
11055.0,2023-24,38,2.040551,7,0.6156511
11210.0,2023-24,27,2.389736,1,0.64408195
11210.0,2023-24,28,3.0263438,2,0.86362857
11210.0,2023-24,29,0.27395752,0,1.0116423
11210.0,2023-24,30,1.940229,1,0.791464
11210.0,2023-24,31,-0.16982807,0,0.91859055
11210.0,2023-24,32,0.25704712,0,0.7459374
11210.0,2023-24,33,1.6163169,1,0.7175986
11210.0,2023-24,34,1.0283767,1,0.72527146
11242.0,2023-24,18,-0.11490394,0,0.8175679
11242.0,2023-24,19,-0.10014662,0,0.7701915
11242.0,2023-24,20,1.3699523,1,0.7691206
11242.0,2023-24,21,1.7237052,1,0.80878
11295.0,2023-24,7,0.01661967,0,0.62276244
11295.0,2023-24,8,0.46553478,0,0.6026827
11295.0,2023-24,9,0.26125598,0,0.6430207
11295.0,2023-24,10,0.023183005,0,0.65742517
11295.0,2023-24,11,0.023183005,0,0.66018844
11295.0,2023-24,12,0.18015546,0,0.68841827
11295.0,2023-24,13,0.23044455,0,0.748795
11295.0,2023-24,14,0.023183005,0,0.7574251
11295.0,2023-24,15,0.023183005,0,0.67910105
11295.0,2023-24,16,0.023183005,0,0.71063024
11295.0,2023-24,17,0.023183005,0,0.7152
11295.0,2023-24,18,0.023183005,0,0.6310951
11295.0,2023-24,19,0.023183005,0,0.6026827
11295.0,2023-24,20,0.023183005,0,0.6026827
11295.0,2023-24,21,0.023183005,0,0.6026827
11295.0,2023-24,22,0.23858033,4,0.6026827
11295.0,2023-24,23,1.1430334,11,0.5620613
11295.0,2023-24,24,2.6910155,2,0.32047147
11295.0,2023-24,25,2.3348505,2,0.4072609
11295.0,2023-24,26,5.253081,2,0.45572984
11295.0,2023-24,27,5.016243,2,0.47300774
11295.0,2023-24,28,5.80157,9,0.29485664
11295.0,2023-24,29,3.532859,8,1.3057175
11295.0,2023-24,30,-0.46700412,0,1.5828233
11295.0,2023-24,31,4.604767,2,0.7744435
11295.0,2023-24,32,3.127427,2,1.4410102
11295.0,2023-24,33,3.4034317,2,2.0592484
11295.0,2023-24,34,3.012284,1,1.4459081
11295.0,2023-24,35,2.4791803,1,1.2382276
11295.0,2023-24,36,3.2415144,1,1.0873685
11295.0,2023-24,37,1.2040752,1,0.75848293
11296.0,2023-24,6,3.7376108,1,1.1463976
11296.0,2023-24,7,3.6752067,7,1.1278486
11296.0,2023-24,8,-0.2176657,0,1.3516868
11296.0,2023-24,9,-0.10352802,0,1.0121211
11296.0,2023-24,10,1.4283835,1,1.0163926
11296.0,2023-24,11,3.1598556,1,1.4377172
11296.0,2023-24,12,2.2111266,2,1.6643822
11296.0,2023-24,13,2.311685,1,1.3505036
11296.0,2023-24,14,2.9017198,1,0.96423835
11296.0,2023-24,15,2.3800144,2,0.5556354
11296.0,2023-24,16,2.1142316,1,0.47381014
11296.0,2023-24,17,2.4179494,1,1.1310806
11296.0,2023-24,18,2.04989,2,0.7961068
11296.0,2023-24,19,2.6805599,5,0.5927229
11296.0,2023-24,20,2.847117,5,0.3700782
11296.0,2023-24,21,1.8688258,4,0.36032295
11296.0,2023-24,22,2.230656,1,0.31234473
11296.0,2023-24,23,2.1703136,1,0.68823737
11296.0,2023-24,24,2.8679633,1,1.0939769
11296.0,2023-24,25,2.3131,11,0.80945927
11296.0,2023-24,25,2.3131,11,0.47289687
11296.0,2023-24,25,1.5585736,6,0.80945927
11296.0,2023-24,25,1.5585736,6,0.47289687
11296.0,2023-24,26,-0.14818497,0,0.6783897
11296.0,2023-24,27,2.0952826,2,1.0587945
11296.0,2023-24,28,2.9445596,1,1.6688527
11296.0,2023-24,29,0.18260801,0,1.2485397
11296.0,2023-24,30,3.3079066,0,0.79709226
11296.0,2023-24,31,3.7023413,8,0.9861782
11296.0,2023-24,32,4.4946465,1,0.8534164
11296.0,2023-24,33,5.601566,1,1.1321177
11296.0,2023-24,34,3.6738074,5,0.8765608
11296.0,2023-24,35,2.935987,2,0.75027937
11296.0,2023-24,36,5.5706463,12,0.98100793
11296.0,2023-24,37,4.4857125,6,1.0162741
11296.0,2023-24,38,5.1171584,2,0.840972
11363.0,2023-24,6,3.2453332,1,0.5037701
11363.0,2023-24,7,3.8262432,1,0.713271
11363.0,2023-24,8,-0.022660663,0,0.6686288
11363.0,2023-24,9,-0.1798876,0,0.605967
11363.0,2023-24,10,1.7541444,9,0.73353523
11363.0,2023-24,11,2.2318432,1,1.5186853
11363.0,2023-24,12,2.3158593,2,0.95788115
11363.0,2023-24,13,3.8490462,5,1.0279737
11363.0,2023-24,14,4.5688787,5,0.9113416
11363.0,2023-24,15,3.4111571,2,0.7309835
11363.0,2023-24,16,3.524772,1,0.99653596
11363.0,2023-24,17,0.3968479,0,0.7722733
11363.0,2023-24,18,2.7994783,1,0.5896249
11363.0,2023-24,19,5.0552945,5,1.1976788
11363.0,2023-24,20,1.8895689,1,1.231764
11363.0,2023-24,21,-0.15305062,0,1.2815458
11363.0,2023-24,22,2.0922446,2,0.7805124
11363.0,2023-24,23,2.3125877,1,0.8292542
11363.0,2023-24,24,2.2228336,1,0.9218873
11363.0,2023-24,25,2.2531934,8,0.91732657
11363.0,2023-24,26,2.4279666,2,1.561496
11363.0,2023-24,27,2.835178,7,1.3484612
11363.0,2023-24,28,5.993026,2,1.7746968
11363.0,2023-24,28,5.993026,2,1.448674
11363.0,2023-24,28,4.149202,13,1.7746968
11363.0,2023-24,28,4.149202,13,1.448674
11363.0,2023-24,29,-0.33326644,0,1.1890213
11363.0,2023-24,30,2.8034916,2,0.5606282
11363.0,2023-24,31,5.5676723,3,1.326691
11363.0,2023-24,32,5.4216547,2,1.3397558
11363.0,2023-24,33,0.69634074,0,1.9118668
11363.0,2023-24,34,3.2358973,1,0.8866794
11363.0,2023-24,34,3.2358973,1,1.0592515
11363.0,2023-24,34,2.789485,9,0.8866794
11363.0,2023-24,34,2.789485,9,1.0592515
11363.0,2023-24,35,3.6060367,2,1.8556889
11363.0,2023-24,36,2.8581035,2,1.7311013
11363.0,2023-24,37,3.5911555,2,1.4495814
11363.0,2023-24,38,4.21106,1,1.0303094
11366.0,2023-24,7,2.3492205,0,-0.004429929
11366.0,2023-24,8,0.28569907,0,0.3205908
11366.0,2023-24,9,0.4874971,0,0.49240154
11366.0,2023-24,10,0.8737936,0,0.62880623
11366.0,2023-24,11,-0.039040748,0,0.64872694
11366.0,2023-24,12,0.8860883,0,0.57850033
11366.0,2023-24,13,0.8583111,1,0.6608015
11366.0,2023-24,14,1.616146,0,0.59279335
11366.0,2023-24,15,1.2641398,1,0.746562
11366.0,2023-24,16,0.0023598697,0,0.66535085
11366.0,2023-24,17,1.4859687,0,0.8201566
11366.0,2023-24,18,1.7546443,1,1.3167248
11366.0,2023-24,19,2.5917814,1,0.99414784
11366.0,2023-24,20,1.9899642,4,0.76322
11366.0,2023-24,21,1.4310235,1,0.12254797
11366.0,2023-24,22,0.16264303,0,0.15396689
11366.0,2023-24,23,0.15353173,0,0.3531183
11366.0,2023-24,24,-0.076048054,0,0.569452
11366.0,2023-24,25,-0.21347903,0,0.6530605
11366.0,2023-24,26,0.21668112,0,0.656779
11366.0,2023-24,27,0.5941465,0,0.6637699
11366.0,2023-24,28,0.58794916,0,0.6606044
11366.0,2023-24,29,0.71394235,1,0.65566224
11366.0,2023-24,30,1.5594348,0,0.84356266
11366.0,2023-24,31,1.0846734,7,1.0080649
11366.0,2023-24,32,2.580699,1,1.3220543
11366.0,2023-24,33,-0.1344462,0,0.682746
11366.0,2023-24,34,1.789247,1,0.76318014
11366.0,2023-24,35,2.7284133,1,0.545624
11366.0,2023-24,36,3.3013508,1,0.64084834
11366.0,2023-24,37,1.9947302,12,0.7344615
11366.0,2023-24,38,1.652523,2,0.19059521
11701.0,2023-24,6,4.1242785,2,1.2414109
11701.0,2023-24,7,2.4636784,0,0.8962888
11701.0,2023-24,7,2.4636784,0,0.8493538
11701.0,2023-24,7,2.758241,2,0.8962888
11701.0,2023-24,7,2.758241,2,0.8493538
11701.0,2023-24,8,-0.33600205,0,0.8380315
11701.0,2023-24,9,3.299642,2,0.7005101
11701.0,2023-24,10,2.7291143,1,0.960128
11701.0,2023-24,11,2.9325814,2,1.0428392
11701.0,2023-24,12,2.383595,2,1.2710247
11701.0,2023-24,13,2.4655025,2,1.3583617
11701.0,2023-24,14,4.9138465,11,1.2229083
11701.0,2023-24,15,3.3424046,2,1.8636954
11701.0,2023-24,16,3.5722294,2,1.5510476
11701.0,2023-24,17,4.123312,2,1.3723714
11701.0,2023-24,18,3.5535479,2,1.2457557
11701.0,2023-24,19,4.076961,2,1.2854804
11701.0,2023-24,20,3.305099,7,1.1433423
11701.0,2023-24,21,5.043311,9,1.3521705
11701.0,2023-24,22,2.6794927,1,1.3006227
11701.0,2023-24,23,4.9606733,2,1.3766776
11701.0,2023-24,24,2.6546738,2,1.2683957
11701.0,2023-24,25,3.391249,1,1.9696712
11701.0,2023-24,26,3.0948536,1,1.3937194
11701.0,2023-24,27,2.7805073,1,0.9554475
11701.0,2023-24,28,0.15694337,0,0.92522585
11701.0,2023-24,29,3.1184916,0,0.75228137
11701.0,2023-24,30,1.6316112,1,1.2003919
11701.0,2023-24,31,0.22485034,0,1.2681408
11701.0,2023-24,32,2.2986395,1,0.8376481
11701.0,2023-24,33,0.53097975,0,0.76861036
11701.0,2023-24,34,1.5289129,1,0.65441006
11701.0,2023-24,35,1.446333,7,0.68346226
11701.0,2023-24,36,2.6841314,1,1.1152077
11701.0,2023-24,37,1.2626356,1,0.71372443
11701.0,2023-24,38,2.2022526,2,0.677811
11717.0,2023-24,6,3.4151661,9,1.389397
11717.0,2023-24,7,4.659696,8,1.3739648
11717.0,2023-24,7,4.659696,8,1.1271918
11717.0,2023-24,7,5.5458174,2,1.3739648
11717.0,2023-24,7,5.5458174,2,1.1271918
11717.0,2023-24,8,4.047477,1,1.0032573
11717.0,2023-24,9,6.115216,2,1.4367459
11717.0,2023-24,10,4.0427346,2,1.7238952
11717.0,2023-24,11,4.08128,2,1.7279043
11717.0,2023-24,12,3.0463395,2,1.2614721
11717.0,2023-24,13,2.9580982,5,1.46433
11717.0,2023-24,14,3.2149322,2,1.3959441
11717.0,2023-24,15,3.8942642,1,1.4632647
11717.0,2023-24,16,2.8149447,1,0.9790691
11717.0,2023-24,17,0.44818866,0,0.9775254
11717.0,2023-24,18,2.495063,1,0.8449829
11717.0,2023-24,19,1.3404295,7,0.91301745
11717.0,2023-24,20,1.6201361,1,0.5115866
11717.0,2023-24,21,1.4747279,7,0.35610962
11717.0,2023-24,22,2.02626,5,0.05721243
11717.0,2023-24,23,1.8476876,11,0.09479829
11717.0,2023-24,24,4.3088484,5,0.08626416
11717.0,2023-24,25,3.9547596,8,0.16334216
11717.0,2023-24,25,3.9547596,8,0.27894473
11717.0,2023-24,25,2.722732,2,0.16334216
11717.0,2023-24,25,2.722732,2,0.27894473
11717.0,2023-24,26,0.30725598,0,0.49544072
11717.0,2023-24,27,3.3668854,8,0.41113114
11717.0,2023-24,28,4.2216067,2,1.2111037
11717.0,2023-24,28,4.2216067,2,2.039974
11717.0,2023-24,28,3.2185938,2,1.2111037
11717.0,2023-24,28,3.2185938,2,2.039974
11717.0,2023-24,29,4.516899,2,2.0357177
11717.0,2023-24,30,4.1895976,2,1.7419238
11717.0,2023-24,31,3.503869,2,1.266459
11717.0,2023-24,32,2.8428547,8,1.3918711
11717.0,2023-24,33,2.3134274,2,2.012327
11717.0,2023-24,34,3.9278905,2,1.6139884
11717.0,2023-24,35,3.926063,7,1.2422338
11717.0,2023-24,36,5.613047,2,1.8691602
11717.0,2023-24,37,6.584886,1,1.4895285
11717.0,2023-24,38,4.792095,5,1.5117708
11718.0,2023-24,6,3.3120687,1,1.1886094
11718.0,2023-24,7,2.0225146,1,0.90939707
11718.0,2023-24,7,2.0225146,1,0.75677454
11718.0,2023-24,7,2.645999,7,0.90939707
11718.0,2023-24,7,2.645999,7,0.75677454
11718.0,2023-24,8,2.2635813,2,0.7684157
11718.0,2023-24,9,2.0502088,5,0.82735044
11718.0,2023-24,10,1.3939396,1,1.3035241
11718.0,2023-24,11,1.9056401,1,0.99335057
11718.0,2023-24,12,2.2230885,1,0.8002026
11718.0,2023-24,13,2.9979117,0,0.6848752
11718.0,2023-24,14,2.067071,1,0.7402112
11718.0,2023-24,15,1.629485,6,0.96412367
11718.0,2023-24,16,2.6798224,7,1.531444
11718.0,2023-24,17,0.19850124,0,1.5684807
11718.0,2023-24,18,1.4948121,2,0.7423227
11718.0,2023-24,19,2.6373186,2,0.8513008
11718.0,2023-24,20,3.813141,6,0.95546705
11718.0,2023-24,21,4.322703,2,0.9260859
11718.0,2023-24,22,3.9627354,17,0.79264796
11718.0,2023-24,23,3.1240122,6,0.75801206
11718.0,2023-24,24,6.0162034,5,1.739983
11718.0,2023-24,25,0.36633462,0,1.4656191
11718.0,2023-24,26,1.6646713,0,1.1935432
11718.0,2023-24,27,0.7317662,0,2.1082723
11718.0,2023-24,28,0.42728078,0,1.3007789
11718.0,2023-24,29,-0.0631951,0,1.1670508
11718.0,2023-24,30,-0.29689884,0,1.0528568
11718.0,2023-24,31,0.07100737,0,0.9597901
11718.0,2023-24,32,0.038207233,0,0.81659025
11718.0,2023-24,33,0.023183005,0,0.71620256
11718.0,2023-24,34,0.023183005,0,0.65022606
11718.0,2023-24,35,0.72379,1,0.6179362
11718.0,2023-24,36,1.4314871,9,0.6823255
11718.0,2023-24,37,1.9179269,2,1.1179488
11718.0,2023-24,38,1.7565063,2,1.1391444
11719.0,2023-24,6,1.9329509,2,0.83200985
11719.0,2023-24,7,5.463556,2,1.1134183
11719.0,2023-24,7,5.463556,2,1.0349935
11719.0,2023-24,7,5.4118958,2,1.1134183
11719.0,2023-24,7,5.4118958,2,1.0349935
11719.0,2023-24,8,4.633729,2,0.77493125
11719.0,2023-24,9,4.3497415,8,0.60967904
11719.0,2023-24,10,4.0483756,2,0.6481206
11719.0,2023-24,11,3.8241358,2,0.8608831
11719.0,2023-24,12,4.609845,2,0.692279
11719.0,2023-24,13,3.9563224,5,0.9560813
11719.0,2023-24,14,5.064285,1,1.8437939
11719.0,2023-24,15,5.2240844,1,1.5339582
11719.0,2023-24,16,0.7438584,0,0.96519583
11719.0,2023-24,17,0.3903365,0,0.5676351
11719.0,2023-24,18,2.3757193,1,0.56777424
11719.0,2023-24,19,1.328057,1,0.780911
11719.0,2023-24,20,1.9590932,1,0.834572
11719.0,2023-24,21,3.5394795,2,1.3955472
11719.0,2023-24,22,3.805975,8,1.3850288
11719.0,2023-24,23,3.4429772,5,0.9917689
11719.0,2023-24,24,6.475122,2,0.66870743
11719.0,2023-24,25,5.4840426,2,0.49092716
11719.0,2023-24,25,5.4840426,2,0.89120406
11719.0,2023-24,25,5.8731184,9,0.49092716
11719.0,2023-24,25,5.8731184,9,0.89120406
11719.0,2023-24,26,0.52189845,0,1.4005425
11719.0,2023-24,27,3.5559068,2,0.5582957
11719.0,2023-24,28,3.424437,2,1.1691658
11719.0,2023-24,28,3.424437,2,2.5363007
11719.0,2023-24,28,3.1446366,5,1.1691658
11719.0,2023-24,28,3.1446366,5,2.5363007
11719.0,2023-24,29,4.440979,2,2.6201804
11719.0,2023-24,30,0.7942119,0,2.0801396
11719.0,2023-24,31,-0.34906447,0,1.010268
11719.0,2023-24,32,-0.2519874,0,0.7543536
11719.0,2023-24,33,0.18398552,0,0.7357811
11719.0,2023-24,34,0.08125851,0,0.75289494
11719.0,2023-24,35,-0.008625605,0,0.8118108
11719.0,2023-24,36,0.20257877,0,0.7672863
11719.0,2023-24,37,1.5227468,1,0.7294176
11719.0,2023-24,38,1.5907683,8,0.7733996
11720.0,2023-24,6,1.8879013,2,0.85129315
11720.0,2023-24,7,3.058242,2,0.96223044
11720.0,2023-24,7,3.058242,2,0.926294
11720.0,2023-24,7,4.245694,1,0.96223044
11720.0,2023-24,7,4.245694,1,0.926294
11720.0,2023-24,8,2.8186717,2,0.7511132
11720.0,2023-24,9,3.007075,2,0.6482702
11720.0,2023-24,10,2.3360183,1,1.1566961
11720.0,2023-24,11,2.559096,1,1.2190843
11720.0,2023-24,12,-0.08737322,0,0.94757324
11720.0,2023-24,13,2.6226845,7,0.8776452
11720.0,2023-24,14,2.3751628,6,0.8527877
11720.0,2023-24,15,3.2035816,1,0.6109721
11720.0,2023-24,16,3.1094775,2,0.57606226
11720.0,2023-24,17,0.28616393,0,0.5275729
11720.0,2023-24,18,2.5406766,2,0.40183383
11720.0,2023-24,19,2.8759427,2,1.061706
11720.0,2023-24,20,3.3244615,0,1.3144658
11720.0,2023-24,21,0.8344382,0,1.0678575
11720.0,2023-24,22,0.13134511,0,0.81920034
11720.0,2023-24,23,1.8519771,1,0.63423795
11721.0,2023-24,6,2.1440573,1,0.60099417
11721.0,2023-24,7,1.7918135,1,1.0638355
11721.0,2023-24,8,1.4809049,1,1.1200588
11721.0,2023-24,9,1.88038,1,1.2726281
11721.0,2023-24,10,0.20052241,0,0.8345883
11721.0,2023-24,11,0.20749049,0,0.71231824
11721.0,2023-24,12,0.37259278,0,0.7930059
11721.0,2023-24,13,0.14781697,0,0.7796667
11721.0,2023-24,14,0.17782414,0,0.7722707
11721.0,2023-24,15,0.052217547,0,0.65551525
11721.0,2023-24,16,0.129874,0,0.64411145
11721.0,2023-24,17,0.2228277,0,0.6327141
11721.0,2023-24,18,0.023183005,0,0.6215393
11721.0,2023-24,19,0.023183005,0,0.61174005
11721.0,2023-24,20,0.8192413,1,0.60591984
11721.0,2023-24,21,0.008985135,0,0.5565164
11721.0,2023-24,22,1.5484662,1,0.62479335
11721.0,2023-24,23,0.93506956,1,0.84235436
11721.0,2023-24,24,1.7135476,1,0.9330366
11721.0,2023-24,25,1.6946956,1,0.9823441
11721.0,2023-24,25,1.6946956,1,1.201086
11721.0,2023-24,25,1.3280905,0,0.9823441
11721.0,2023-24,25,1.3280905,0,1.201086
11721.0,2023-24,26,0.08218689,0,1.4482181
11721.0,2023-24,27,0.36106756,0,0.9693659
11721.0,2023-24,28,1.6204147,8,0.7748372
11721.0,2023-24,28,1.6204147,8,0.72804815
11721.0,2023-24,28,1.8154138,1,0.7748372
11721.0,2023-24,28,1.8154138,1,0.72804815
11721.0,2023-24,29,2.560951,1,0.48138613
11721.0,2023-24,30,1.7384826,1,0.48393214
11721.0,2023-24,31,1.918548,1,0.58994406
11721.0,2023-24,32,2.3940837,4,0.7500404
11721.0,2023-24,33,1.067038,1,0.50490284
11721.0,2023-24,34,0.4069113,0,0.8493822
11721.0,2023-24,35,2.3256729,1,0.61477643
11721.0,2023-24,36,2.6553595,1,0.7565479
11721.0,2023-24,37,2.2175958,1,0.81271034
11721.0,2023-24,38,2.384839,1,0.55615014
11729.0,2023-24,6,2.967578,1,0.85430855
11729.0,2023-24,7,-0.012088958,0,0.94397885
11729.0,2023-24,8,0.20847946,0,0.64460033
11729.0,2023-24,9,2.4848804,1,0.70927167
11729.0,2023-24,10,-0.030423352,0,0.70353395
11729.0,2023-24,11,0.11676264,0,0.6207699
11729.0,2023-24,12,0.15087481,0,0.71021694
11729.0,2023-24,13,0.11201428,0,0.7042691
11729.0,2023-24,14,1.3299351,1,0.690533
11729.0,2023-24,15,1.8174636,1,0.8573707
11729.0,2023-24,16,0.31133205,0,0.73137337
11729.0,2023-24,17,0.31133205,0,0.63361025
11729.0,2023-24,18,0.34280452,0,0.6117583
11729.0,2023-24,19,0.10959688,0,0.5926954
11729.0,2023-24,20,0.08904332,0,0.6312582
11729.0,2023-24,21,0.10215986,0,0.6187214
11729.0,2023-24,22,0.10215986,0,0.61801785
11729.0,2023-24,23,0.12859012,0,0.6176997
11729.0,2023-24,24,0.023183005,0,0.61788315
11729.0,2023-24,25,0.023183005,0,0.61416644
11729.0,2023-24,26,0.023183005,0,0.6101671
11729.0,2023-24,27,0.023183005,0,0.6064058
11729.0,2023-24,28,0.023183005,0,0.60315406
11729.0,2023-24,29,0.023183005,0,0.6026827
11729.0,2023-24,30,0.023183005,0,0.6026827
11729.0,2023-24,31,0.023183005,0,0.6026827
11729.0,2023-24,32,0.54630136,0,0.6026827
11729.0,2023-24,33,0.023183005,0,0.6409398
11729.0,2023-24,34,0.58032626,0,0.6316552
11729.0,2023-24,35,0.023183005,0,0.6798207
11729.0,2023-24,36,0.4985033,0,0.69718224
11729.0,2023-24,37,0.023183005,0,0.75726616
11729.0,2023-24,38,0.6120511,0,0.6961531
11984.0,2023-24,8,1.8602803,1,0.7297083
11984.0,2023-24,9,0.91279066,1,0.70194715
11984.0,2023-24,10,1.3334283,1,0.65634006
11984.0,2023-24,11,0.3356953,0,0.52263457
11984.0,2023-24,12,0.20043685,0,0.44834048
11984.0,2023-24,13,1.7407187,1,0.4263988
11984.0,2023-24,14,1.8165172,1,0.19710575
11984.0,2023-24,15,-0.048192687,0,0.35600048
11984.0,2023-24,16,0.0023834864,0,0.56759
11984.0,2023-24,17,-0.04982611,0,0.5434663
11984.0,2023-24,18,0.010294707,0,0.5195592
11984.0,2023-24,19,-0.093848035,0,0.66894865
11984.0,2023-24,20,0.04300452,0,0.627469
11984.0,2023-24,21,0.04300452,0,0.6244927
11984.0,2023-24,22,0.12859012,0,0.6227072
11984.0,2023-24,23,0.69011635,1,0.615552
11984.0,2023-24,24,0.97869295,1,0.87091
11984.0,2023-24,25,0.14076923,0,0.50643826
11984.0,2023-24,26,0.14076923,0,0.43012357
11984.0,2023-24,27,1.3542749,1,0.43946308
11984.0,2023-24,28,1.0890588,1,0.23396672
11984.0,2023-24,29,-0.08971536,0,0.20742898
11984.0,2023-24,30,0.13042414,0,0.32438993
11984.0,2023-24,31,1.3691251,0,0.38258034
11984.0,2023-24,32,0.43820417,0,0.49076045
11984.0,2023-24,33,0.0534499,0,0.68482834
11984.0,2023-24,34,1.5445156,0,0.63968796
11984.0,2023-24,34,1.5445156,0,0.67821896
11984.0,2023-24,34,1.3949656,1,0.63968796
11984.0,2023-24,34,1.3949656,1,0.67821896
11984.0,2023-24,35,1.433814,2,0.5912707
11984.0,2023-24,36,1.9064658,1,0.84960955
11984.0,2023-24,37,1.9288127,1,0.88999313
11984.0,2023-24,38,1.5940427,1,0.8169623
12033.0,2023-24,15,0.37544423,0,0.44111747
12033.0,2023-24,16,0.022418633,0,0.62982196
12033.0,2023-24,17,0.022418633,0,0.6317821
12033.0,2023-24,18,0.028981969,0,0.628521
12033.0,2023-24,19,0.023183005,0,0.6253976
12033.0,2023-24,20,0.023183005,0,0.6134183
12033.0,2023-24,21,0.023183005,0,0.60486096
12033.0,2023-24,22,0.023183005,0,0.6015152
12033.0,2023-24,23,0.023183005,0,0.6015015
12033.0,2023-24,24,0.023183005,0,0.6026827
12033.0,2023-24,25,0.023183005,0,0.6026827
12033.0,2023-24,26,0.023183005,0,0.6026827
12033.0,2023-24,27,0.023183005,0,0.6026827
12033.0,2023-24,28,0.023183005,0,0.6026827
12033.0,2023-24,29,0.023183005,0,0.6026827
12033.0,2023-24,30,0.023183005,0,0.6026827
12033.0,2023-24,31,0.023183005,0,0.6026827
12033.0,2023-24,32,0.023183005,0,0.6026827
12033.0,2023-24,33,0.54349256,1,0.6026827
12105.0,2023-24,12,0.003726881,0,0.8501369
12105.0,2023-24,13,1.4771254,1,0.79186136
12105.0,2023-24,14,-0.011435546,0,0.66787404
12105.0,2023-24,15,1.5533029,1,0.65219736
12105.0,2023-24,16,0.009020208,0,0.6967413
12105.0,2023-24,17,0.9267434,1,0.75536996
12105.0,2023-24,18,0.0038001458,0,0.8001779
12105.0,2023-24,19,1.1084615,5,0.8031469
12105.0,2023-24,20,2.2049568,1,1.2994106
12105.0,2023-24,21,-0.10757427,0,0.8404009
12105.0,2023-24,22,-0.10757427,0,0.84070086
12105.0,2023-24,23,0.24784134,0,0.67145747
12105.0,2023-24,24,-0.07235863,0,0.67919475
12105.0,2023-24,25,1.4107255,0,0.7109604
12105.0,2023-24,26,0.21337306,0,0.70701206
12105.0,2023-24,27,2.621113,0,0.68021244
12105.0,2023-24,28,0.12859012,0,0.73714954
12105.0,2023-24,29,0.023183005,0,0.7241772
12105.0,2023-24,30,0.023183005,0,0.71928793
12105.0,2023-24,31,0.023183005,0,0.6594413
12105.0,2023-24,32,0.023183005,0,0.6529079
12105.0,2023-24,33,0.023183005,0,0.60300976
12105.0,2023-24,34,0.023183005,0,0.6026827
12105.0,2023-24,35,0.023183005,0,0.6026827
12105.0,2023-24,36,0.35145658,0,0.6026827
12105.0,2023-24,37,0.023183005,0,0.6636928
12105.0,2023-24,38,0.71833223,0,0.62149715
12118.0,2023-24,19,-0.030403957,0,0.5915902
12118.0,2023-24,20,-0.07158633,0,0.5301132
12118.0,2023-24,21,-0.07158633,0,0.56715673
12118.0,2023-24,22,1.4869077,0,0.61744434
12418.0,2023-24,28,-0.086748764,0,0.8259719
12418.0,2023-24,29,0.122026786,0,0.6148808
12418.0,2023-24,30,0.122026786,0,0.61176395
12418.0,2023-24,31,0.12859012,0,0.61001354
12418.0,2023-24,32,0.023183005,0,0.60885674
12418.0,2023-24,33,0.5712814,1,0.6061288
12418.0,2023-24,34,1.2358513,1,0.5639482
12418.0,2023-24,35,0.022768542,0,0.7066521
12418.0,2023-24,36,0.022768542,0,0.8044593
12418.0,2023-24,37,0.0105474405,0,0.8836523
12418.0,2023-24,38,1.2048033,1,0.88992304
468.0,2024-25,17,0.12019199,0,0.7785771
468.0,2024-25,18,0.31474027,0,0.59346735
468.0,2024-25,19,-0.010502938,0,0.56916493
468.0,2024-25,20,0.11618191,0,0.51333433
468.0,2024-25,21,0.1357394,0,0.51757807
468.0,2024-25,22,0.06356247,0,0.5157523
468.0,2024-25,23,0.11658448,0,0.5147778
468.0,2024-25,24,-0.0009795327,0,0.5134311
468.0,2024-25,25,0.7454446,1,0.5125098
468.0,2024-25,26,2.7869782,1,0.71534145
468.0,2024-25,27,1.151977,2,0.9882263
468.0,2024-25,28,2.2598474,1,1.4552991
468.0,2024-25,29,0.1385633,0,1.5373917
468.0,2024-25,30,2.2014265,1,1.1752726
468.0,2024-25,31,3.193165,1,0.9927175
468.0,2024-25,32,3.2198586,1,0.93069947
468.0,2024-25,32,3.2198586,1,0.84779584
468.0,2024-25,32,2.6736724,1,0.93069947
468.0,2024-25,32,2.6736724,1,0.84779584
468.0,2024-25,33,2.0281985,1,0.9396969
468.0,2024-25,34,2.403201,1,1.0514144
468.0,2024-25,35,1.8491554,1,1.0704774
468.0,2024-25,36,2.3538399,1,1.1618794
468.0,2024-25,37,2.0736842,2,0.8866644
468.0,2024-25,38,2.636378,1,1.112547
501.0,2024-25,6,3.7588048,2,2.1788776
501.0,2024-25,7,3.4662127,8,2.6190245
501.0,2024-25,8,2.3022945,9,1.7246312
501.0,2024-25,9,3.0617163,7,1.9597216
501.0,2024-25,10,3.8954442,5,1.7252842
501.0,2024-25,11,4.080842,2,1.955243
501.0,2024-25,12,3.0012243,2,1.538412
501.0,2024-25,13,6.0314827,2,1.8321168
501.0,2024-25,14,0.4037362,0,1.7347027
501.0,2024-25,15,3.371252,1,1.5137023
501.0,2024-25,16,0.61455905,0,1.1270615
501.0,2024-25,17,0.31436864,0,1.2193764
501.0,2024-25,18,0.5244732,0,0.91583765
501.0,2024-25,19,0.0813146,0,0.7315823
501.0,2024-25,20,0.026491728,0,0.54249465
501.0,2024-25,21,0.89860725,1,0.6245501
501.0,2024-25,22,1.3735092,2,0.77439404
501.0,2024-25,23,3.5562575,2,0.98301256
501.0,2024-25,24,2.3665204,1,0.7076441
501.0,2024-25,25,3.1844494,8,0.6270796
501.0,2024-25,26,0.0052247355,0,0.82462156
501.0,2024-25,27,2.6747262,7,0.6421449
501.0,2024-25,28,2.5670514,1,0.87984174
501.0,2024-25,29,2.7150836,1,0.7205993
501.0,2024-25,30,3.493209,0,0.96908206
501.0,2024-25,31,2.447888,9,1.0979728
501.0,2024-25,32,3.8962543,2,1.4897219
501.0,2024-25,33,2.0952792,5,1.9076186
501.0,2024-25,34,2.646381,2,1.3781757
501.0,2024-25,35,2.98426,1,1.3964049
501.0,2024-25,36,2.9117057,9,1.3274229
501.0,2024-25,37,3.241963,5,1.2055458
531.0,2024-25,6,1.8297343,5,1.6286509
531.0,2024-25,7,3.4832652,18,1.7871102
531.0,2024-25,8,2.988849,2,1.9794499
531.0,2024-25,9,4.1028237,2,1.6358297
531.0,2024-25,10,3.4106195,1,1.87828
531.0,2024-25,11,2.4243696,2,1.699046
531.0,2024-25,12,1.4884827,2,1.7378066
531.0,2024-25,13,2.2683997,2,1.7898607
531.0,2024-25,14,2.0816908,1,1.6631272
755.0,2024-25,6,1.6121408,1,1.5827214
755.0,2024-25,7,2.9200852,2,1.7813396
755.0,2024-25,8,3.0231245,6,1.3791046
755.0,2024-25,9,3.558234,8,1.2257781
755.0,2024-25,10,1.9505451,5,1.4874098
755.0,2024-25,11,0.7494156,0,1.1447713
755.0,2024-25,12,3.738851,2,0.8100768
755.0,2024-25,13,2.534633,5,0.72863704
755.0,2024-25,14,3.973367,4,1.2021168
755.0,2024-25,15,4.029978,12,1.6563147
755.0,2024-25,16,3.8013947,1,1.8726727
755.0,2024-25,17,3.869317,2,1.4499522
755.0,2024-25,18,0.10205893,0,1.4964417
755.0,2024-25,19,2.8005795,2,1.6136981
755.0,2024-25,20,3.1961832,5,2.1863542
755.0,2024-25,21,3.636299,2,2.4224494
755.0,2024-25,22,5.5216208,2,2.4379723
755.0,2024-25,23,4.891053,9,2.8089077
755.0,2024-25,24,3.1134272,1,1.618622
755.0,2024-25,25,3.7779343,2,1.8827075
755.0,2024-25,26,3.7637026,2,1.5690033
755.0,2024-25,27,5.0055385,2,1.778775
755.0,2024-25,28,2.3119874,2,1.969854
755.0,2024-25,29,6.026883,2,2.918163
755.0,2024-25,30,3.510148,0,2.2847943
755.0,2024-25,31,2.2781022,2,2.1095977
755.0,2024-25,32,4.029097,2,1.7607623
755.0,2024-25,33,3.4157324,2,1.6528622
755.0,2024-25,34,3.1251554,0,1.5167401
755.0,2024-25,35,4.471547,9,1.6807432
755.0,2024-25,36,3.376839,5,1.5632323
755.0,2024-25,37,4.300389,8,1.4168845
986.0,2024-25,6,1.521187,1,0.10184529
986.0,2024-25,7,-0.21909857,0,0.57925934
986.0,2024-25,8,-0.1009465,0,0.34159756
986.0,2024-25,9,1.6852521,8,0.24211729
986.0,2024-25,10,-0.15890536,0,1.0997568
986.0,2024-25,11,1.571662,1,0.6767271
986.0,2024-25,12,1.6000655,1,0.99272406
986.0,2024-25,13,3.1066992,1,0.96093404
986.0,2024-25,14,3.693462,1,1.1029466
986.0,2024-25,15,4.843577,1,1.1519922
986.0,2024-25,16,0.22301976,0,0.9477428
986.0,2024-25,17,0.47652376,0,0.6982813
986.0,2024-25,18,0.1471993,0,0.54329574
986.0,2024-25,19,0.21054834,0,0.69495714
986.0,2024-25,20,1.9997398,1,0.65594816
986.0,2024-25,21,1.6214476,4,0.8109393
986.0,2024-25,22,1.2227889,1,1.3348573
986.0,2024-25,23,1.86259,1,1.1631647
986.0,2024-25,24,1.4928193,1,1.0540866
986.0,2024-25,25,-0.19200319,0,1.0277337
986.0,2024-25,26,0.002798145,0,0.7825008
986.0,2024-25,27,0.1891625,0,0.7601564
986.0,2024-25,28,1.8654422,1,0.4371198
1679.0,2024-25,6,5.015555,6,1.2740864
1679.0,2024-25,7,4.416247,5,0.9168535
1679.0,2024-25,8,4.532642,2,1.2840317
1679.0,2024-25,9,2.6072123,2,1.0349936
1679.0,2024-25,10,3.9941525,16,1.429596
1679.0,2024-25,11,4.128989,2,0.98299336
1679.0,2024-25,12,3.1940022,5,1.5582001
1679.0,2024-25,13,-0.4991087,0,1.8262414
1679.0,2024-25,14,3.3823667,2,1.7302214
1679.0,2024-25,15,1.4107584,6,2.2905204
1679.0,2024-25,16,5.062971,5,2.9756713
1679.0,2024-25,17,4.3508725,9,2.862059
1679.0,2024-25,18,4.243457,2,2.211587
1679.0,2024-25,19,5.689017,2,2.2619672
1679.0,2024-25,20,2.5318763,9,1.9398489
1679.0,2024-25,21,2.7651381,0,2.353166
1679.0,2024-25,22,0.43337756,0,2.5229177
1679.0,2024-25,23,0.05400706,0,1.763301
1679.0,2024-25,24,0.39309576,0,1.0287849
1679.0,2024-25,25,-0.10879897,0,0.48409873
1679.0,2024-25,26,-0.1524819,0,0.6010322
1679.0,2024-25,27,-0.10941611,0,0.6407568
1679.0,2024-25,28,1.5240598,2,0.62337744
1679.0,2024-25,29,2.0933502,2,1.0511717
1679.0,2024-25,30,4.12059,2,1.2065306
1679.0,2024-25,31,5.9543777,2,1.191341
1679.0,2024-25,32,4.6080027,2,0.98222446
1679.0,2024-25,33,3.4219668,1,0.919579
1679.0,2024-25,34,1.8288329,6,0.55044186
1679.0,2024-25,35,0.056495447,0,0.88176847
1679.0,2024-25,36,0.3053497,0,1.0968322
1679.0,2024-25,37,2.3563573,1,0.9606954
1679.0,2024-25,38,2.0692828,7,0.95186406
3697.0,2024-25,6,1.6674078,1,0.8625172
3697.0,2024-25,7,3.098395,1,0.6764282
3697.0,2024-25,8,-0.09326444,0,0.68138194
3697.0,2024-25,9,-0.040732376,0,0.48041147
3697.0,2024-25,10,0.048105665,0,0.27831528
3697.0,2024-25,11,1.4299412,1,0.2280258
4105.0,2024-25,6,2.9279225,9,1.387784
4105.0,2024-25,7,4.252716,5,1.5991448
4105.0,2024-25,8,3.623363,7,1.4060162
4105.0,2024-25,9,3.7428198,2,1.477165
4105.0,2024-25,10,5.6509223,2,1.7967547
4105.0,2024-25,11,2.3644254,5,1.6028771
4105.0,2024-25,12,5.6464567,2,2.066424
4105.0,2024-25,13,4.604567,2,1.9307076
4105.0,2024-25,14,4.7647247,1,2.8031025
4105.0,2024-25,15,1.954605,8,2.4132752
4105.0,2024-25,16,2.5352635,2,2.1663785
4105.0,2024-25,17,4.069817,0,2.2202787
4105.0,2024-25,18,2.576575,2,1.600463
4105.0,2024-25,19,3.2331483,9,1.4136063
4105.0,2024-25,20,4.395775,13,1.1704439
4105.0,2024-25,21,4.215058,1,1.2898787
4105.0,2024-25,22,3.7899094,2,1.7546932
4105.0,2024-25,23,5.2232547,2,2.2187364
4105.0,2024-25,24,2.271621,8,1.6746233
4105.0,2024-25,25,4.8087935,5,1.4238638
4105.0,2024-25,26,3.0948257,2,1.647125
4105.0,2024-25,27,3.6890898,1,1.4967123
4105.0,2024-25,28,3.898107,8,1.641646
4105.0,2024-25,29,3.6727993,2,1.4937885
4105.0,2024-25,30,2.9660516,2,1.1316253
4105.0,2024-25,31,2.8726382,1,1.3151495
4105.0,2024-25,32,3.2578578,1,0.7741526
4105.0,2024-25,33,2.4484012,2,1.2146027
4105.0,2024-25,34,4.1044307,1,1.7094685
4105.0,2024-25,35,2.5685751,2,1.6447012
4105.0,2024-25,36,2.7087777,9,1.9818424
4105.0,2024-25,37,3.2914858,9,1.4001083
4105.0,2024-25,38,3.7352076,2,1.2797271
4419.0,2024-25,6,-0.025074858,0,1.0465126
4419.0,2024-25,7,1.9989854,1,0.8502933
4419.0,2024-25,8,-0.04500276,0,0.9832753
4419.0,2024-25,9,1.6754655,0,0.8558245
4419.0,2024-25,10,1.9257592,7,1.228474
4419.0,2024-25,11,3.343722,2,1.555888
4419.0,2024-25,12,2.3392673,7,1.4532127
4419.0,2024-25,13,4.0471287,5,1.3650484
4419.0,2024-25,14,3.3110518,1,1.2297416
4419.0,2024-25,15,3.7349045,2,0.9806706
4419.0,2024-25,16,3.2186162,2,1.312341
4419.0,2024-25,17,3.2306128,2,1.3126616
4419.0,2024-25,18,2.9962237,2,1.9898442
4419.0,2024-25,19,3.68426,5,1.5302428
4419.0,2024-25,20,2.9029505,1,1.7761239
4419.0,2024-25,21,2.4444487,1,1.1664072
4419.0,2024-25,22,2.6248724,1,0.84451395
4419.0,2024-25,23,2.010822,1,1.0128917
4456.0,2024-25,6,5.920657,2,1.5674607
4456.0,2024-25,7,2.4792197,8,2.1973097
4456.0,2024-25,8,5.624292,7,1.7915154
4456.0,2024-25,9,5.4597917,13,1.5261903
4456.0,2024-25,10,4.30916,7,1.2735559
4456.0,2024-25,11,5.6868114,2,2.1645422
4456.0,2024-25,12,3.2586985,1,2.3849616
4456.0,2024-25,13,6.18976,9,2.3410816
4456.0,2024-25,14,4.645643,2,1.8022062
4456.0,2024-25,15,4.496344,8,1.252278
4456.0,2024-25,16,6.1058607,2,1.6470255
4456.0,2024-25,17,4.3022532,2,1.321446
4456.0,2024-25,18,3.3299463,2,1.924576
4456.0,2024-25,19,4.1434116,12,2.0784636
4456.0,2024-25,20,4.4635477,8,2.1430454
4456.0,2024-25,21,4.0749235,9,2.4152899
4456.0,2024-25,22,5.9519696,12,2.2796035
4456.0,2024-25,23,4.84928,2,2.168273
4456.0,2024-25,24,5.729222,17,2.6347556
4456.0,2024-25,25,4.756433,9,1.8376292
4456.0,2024-25,26,6.716196,5,2.3931427
4456.0,2024-25,27,3.356651,2,1.9727386
4456.0,2024-25,28,4.4569654,2,1.3611139
4456.0,2024-25,29,5.043053,2,1.1924149
4456.0,2024-25,30,1.4822148,0,1.6887084
4456.0,2024-25,31,0.46933898,0,2.0975983
4456.0,2024-25,32,3.122406,2,2.4298973
4456.0,2024-25,33,2.853771,8,1.9065049
4456.0,2024-25,34,4.2149305,2,1.8737941
4456.0,2024-25,35,3.1300268,2,1.4386307
4456.0,2024-25,36,7.1074767,8,1.8649758
4456.0,2024-25,37,3.0765753,2,1.2154787
4456.0,2024-25,38,4.853113,2,1.4147022
5220.0,2024-25,6,5.76304,6,3.123128
5220.0,2024-25,7,7.407,8,2.6090314
5220.0,2024-25,8,5.4641047,2,2.3028107
5220.0,2024-25,9,6.6820707,2,2.2681193
5220.0,2024-25,10,4.11307,1,1.9811064
5220.0,2024-25,11,5.337975,1,2.030455
5220.0,2024-25,12,1.2797904,0,1.4630712
5220.0,2024-25,13,5.0437784,6,2.2443666
5220.0,2024-25,14,4.6779876,2,1.2343954
5220.0,2024-25,15,3.3708358,5,1.1827976
5220.0,2024-25,16,4.046784,2,0.7173616
5220.0,2024-25,17,3.159391,6,0.6055068
5220.0,2024-25,18,4.2004714,7,0.67312837
5220.0,2024-25,19,-0.089790136,0,1.3737332
5220.0,2024-25,20,-0.09890245,0,1.2441316
5220.0,2024-25,21,3.824204,1,0.863371
5220.0,2024-25,22,5.0072837,7,1.5864439
5220.0,2024-25,23,3.2951407,2,1.6924218
5220.0,2024-25,24,4.541307,12,1.2717422
5220.0,2024-25,25,-0.15616074,0,1.5524381
5220.0,2024-25,26,0.01856155,0,1.5871681
5220.0,2024-25,27,0.07721467,0,1.1571337
5220.0,2024-25,28,-0.004532796,0,1.1451424
5220.0,2024-25,29,-0.008289924,0,0.8804903
5220.0,2024-25,30,-0.062714584,0,0.65182996
5220.0,2024-25,31,0.0058146114,0,0.63556683
5220.0,2024-25,32,-0.13384467,0,0.6264899
5220.0,2024-25,33,-0.0009795327,0,0.63522243
5220.0,2024-25,34,-0.0009795327,0,0.63048387
5220.0,2024-25,35,-0.0009795327,0,0.5947788
5220.0,2024-25,36,-0.0009795327,0,0.5578924
5220.0,2024-25,37,1.2016385,0,0.52682185
5220.0,2024-25,38,2.835118,1,0.7510475
5232.0,2024-25,6,0.0011213853,0,1.5128378
5232.0,2024-25,7,0.5360176,0,1.2596532
5232.0,2024-25,8,2.0464442,2,0.5798813
5232.0,2024-25,9,2.3272102,6,1.3893517
5232.0,2024-25,10,3.9148288,9,1.6672124
5232.0,2024-25,11,2.6329126,11,1.9996175
5232.0,2024-25,12,4.0130253,2,2.341384
5232.0,2024-25,13,2.81412,1,1.7915365
5232.0,2024-25,14,3.18256,11,1.3548795
5232.0,2024-25,15,5.043893,8,1.7129184
5232.0,2024-25,16,5.1275826,11,2.488272
5232.0,2024-25,17,6.365713,17,2.384618
5232.0,2024-25,18,5.130627,8,2.6039677
5232.0,2024-25,19,5.0532765,7,2.6410766
5232.0,2024-25,20,5.186517,7,2.6200395
5232.0,2024-25,21,7.36547,16,2.3709211
5232.0,2024-25,22,5.5947504,2,1.8889334
5232.0,2024-25,23,7.810245,13,2.3612585
5232.0,2024-25,24,4.4544444,2,2.1225054
5232.0,2024-25,25,4.9250326,2,2.2073197
5232.0,2024-25,26,3.7846317,13,2.9665747
5232.0,2024-25,27,-0.40002972,0,2.2540655
5232.0,2024-25,28,5.8520665,2,2.0474882
5232.0,2024-25,29,0.14799784,0,2.8240952
5232.0,2024-25,30,3.3741207,8,2.4628165
5232.0,2024-25,31,3.6232762,2,2.1248257
5232.0,2024-25,32,3.0014746,5,2.3869052
5232.0,2024-25,32,3.0014746,5,2.160902
5232.0,2024-25,32,3.8883636,6,2.3869052
5232.0,2024-25,32,3.8883636,6,2.160902
5232.0,2024-25,33,4.5295453,2,2.041408
5232.0,2024-25,34,6.0403743,6,1.8861324
5232.0,2024-25,35,4.8534675,9,1.9964339
5232.0,2024-25,36,5.0746584,2,1.6490217
5232.0,2024-25,37,-0.6111344,0,1.6345757
5232.0,2024-25,38,3.9729607,2,1.6890088
5543.0,2024-25,6,2.027115,1,0.91864383
5543.0,2024-25,7,1.4418169,1,0.6219647
5543.0,2024-25,8,1.4314348,1,0.77753466
5543.0,2024-25,9,2.0114572,0,0.717712
5543.0,2024-25,10,1.8437953,1,0.49402696
5543.0,2024-25,11,2.2680812,1,0.37511444
5543.0,2024-25,12,2.6858907,1,1.2672154
5543.0,2024-25,13,1.689445,1,1.0219951
5543.0,2024-25,14,2.1103191,0,1.0121448
5543.0,2024-25,15,2.361506,1,0.8331863
5543.0,2024-25,16,2.2820082,1,1.0795318
5543.0,2024-25,17,1.3821516,16,1.2972723
5543.0,2024-25,18,2.8665838,2,1.3355062
5543.0,2024-25,19,2.624877,12,1.0997192
5543.0,2024-25,20,3.2300463,2,1.2262766
5543.0,2024-25,21,4.6076207,0,1.5647774
5543.0,2024-25,22,3.8337088,0,1.2825855
5543.0,2024-25,23,2.7952495,0,1.0606128
5543.0,2024-25,24,2.184697,0,1.2218183
5543.0,2024-25,25,1.5967263,0,1.2303348
5543.0,2024-25,26,2.6366184,0,1.0192388
5543.0,2024-25,27,1.7120544,0,1.0027791
5543.0,2024-25,28,0.77541107,0,0.9538975
5543.0,2024-25,29,1.0348598,0,0.872208
5543.0,2024-25,30,1.2339405,0,0.7192856
5543.0,2024-25,31,1.0458932,0,0.69188327
5543.0,2024-25,32,1.0432092,0,0.67022187
5543.0,2024-25,33,0.391027,0,0.73582214
5543.0,2024-25,33,0.391027,0,0.66562265
5543.0,2024-25,33,1.223431,0,0.73582214
5543.0,2024-25,33,1.223431,0,0.66562265
5543.0,2024-25,34,-0.0009795327,0,0.6245713
5543.0,2024-25,35,1.2023398,0,0.46690878
5543.0,2024-25,36,1.0269811,0,0.5985417
5543.0,2024-25,37,1.2016385,0,0.61526716
5543.0,2024-25,38,0.5896682,0,0.7033264
5555.0,2024-25,6,4.585113,1,2.4107933
5555.0,2024-25,7,3.570576,2,2.2512808
5555.0,2024-25,8,2.3508012,2,2.3862467
5555.0,2024-25,9,5.395039,2,1.968307
5555.0,2024-25,10,3.3577244,2,2.282268
5555.0,2024-25,11,4.00627,2,2.2911792
5555.0,2024-25,12,4.244672,2,2.2925622
5555.0,2024-25,13,2.8297913,1,2.1424685
5555.0,2024-25,14,5.071036,5,2.7149441
5555.0,2024-25,15,0.41322812,0,2.1933174
5555.0,2024-25,16,2.271315,2,1.3111628
5555.0,2024-25,17,2.372251,2,1.1805364
5555.0,2024-25,18,1.9296868,2,1.1747214
5555.0,2024-25,19,2.6131399,1,1.5000461
5555.0,2024-25,20,1.5782799,1,1.3169237
5555.0,2024-25,21,2.3716316,2,1.5090407
5555.0,2024-25,22,2.624941,5,1.4948138
5555.0,2024-25,23,2.4151351,1,1.5179776
5555.0,2024-25,24,0.09354298,0,1.2828252
5555.0,2024-25,25,0.2937194,0,0.7471462
5555.0,2024-25,26,0.09619436,0,0.5767732
5555.0,2024-25,27,0.087272644,0,0.54986054
5555.0,2024-25,28,0.00093566393,0,0.5377556
5555.0,2024-25,29,0.2431279,0,0.5900561
5555.0,2024-25,30,0.11801392,0,0.590957
5555.0,2024-25,31,0.06356247,0,0.6006191
5555.0,2024-25,32,-0.0009795327,0,0.6106076
5555.0,2024-25,33,-0.0009795327,0,0.59533155
5555.0,2024-25,34,-0.0009795327,0,0.5696833
5555.0,2024-25,35,0.9163205,1,0.53517014
5555.0,2024-25,36,1.9502739,1,0.7046089
5555.0,2024-25,37,3.3634586,1,0.8921037
5555.0,2024-25,38,1.261414,1,1.0963362
5735.0,2024-25,6,3.8013926,2,0.8968558
5735.0,2024-25,7,3.1907392,1,1.0986451
5735.0,2024-25,8,2.2627797,1,1.002884
5735.0,2024-25,9,1.8729829,8,1.3539714
5735.0,2024-25,10,2.5019984,2,2.6813033
5735.0,2024-25,11,2.023202,2,2.4377263
5735.0,2024-25,12,2.2354398,5,1.8306731
5735.0,2024-25,13,4.292037,2,1.5388132
5735.0,2024-25,14,3.6667159,8,1.2370664
5735.0,2024-25,15,3.174499,2,1.3904828
5735.0,2024-25,16,3.8876054,1,1.2442898
5735.0,2024-25,17,2.2779617,2,1.2651476
5735.0,2024-25,18,1.4592522,2,1.1629831
5735.0,2024-25,19,3.1388955,2,1.633123
5735.0,2024-25,20,3.4949155,8,2.2254457
5735.0,2024-25,21,4.290555,8,2.0012245
5735.0,2024-25,22,4.1071057,13,1.4354004
5735.0,2024-25,23,4.2222514,2,0.9497745
5735.0,2024-25,24,3.5339668,13,1.3464051
5735.0,2024-25,25,5.1440806,7,1.7042266
5735.0,2024-25,26,3.178623,5,1.6043736
5735.0,2024-25,27,4.067452,8,1.7600256
5735.0,2024-25,28,0.25478393,0,1.6728297
5735.0,2024-25,29,0.5518596,0,1.6207402
5735.0,2024-25,30,4.6682596,1,1.6793154
5735.0,2024-25,31,2.4152558,8,2.3266978
5735.0,2024-25,32,4.5423236,1,2.3817687
5735.0,2024-25,32,4.5423236,1,1.6629239
5735.0,2024-25,32,2.5578759,1,2.3817687
5735.0,2024-25,32,2.5578759,1,1.6629239
5735.0,2024-25,33,3.0106204,2,2.0537887
5735.0,2024-25,33,3.0106204,2,1.6605161
5735.0,2024-25,33,1.863877,8,2.0537887
5735.0,2024-25,33,1.863877,8,1.6605161
5735.0,2024-25,34,-0.19911693,0,1.2300135
5735.0,2024-25,35,3.2194512,2,1.3928953
5735.0,2024-25,36,1.7803956,1,1.0527649
5735.0,2024-25,37,3.0843365,1,1.1069926
5735.0,2024-25,38,2.9287276,2,0.988621
5786.0,2024-25,6,-0.5876518,0,2.1917233
5786.0,2024-25,7,0.25830328,0,2.3474596
5786.0,2024-25,8,2.6185772,1,1.3629341
5786.0,2024-25,9,2.481829,10,1.1306405
5786.0,2024-25,10,2.0887852,2,1.3737593
5786.0,2024-25,11,3.1116,13,1.3565192
5786.0,2024-25,12,4.409357,2,1.5790507
5786.0,2024-25,13,4.532963,8,1.5725608
5786.0,2024-25,14,1.8984153,2,1.3846854
5786.0,2024-25,15,3.1225293,7,1.2031969
5786.0,2024-25,16,4.9256763,2,1.4127811
5786.0,2024-25,17,6.6062136,1,1.3824277
5786.0,2024-25,18,2.915263,2,1.3577377
5786.0,2024-25,19,3.1833868,2,1.9677657
5786.0,2024-25,20,4.1045537,11,1.5522766
5786.0,2024-25,21,4.764844,6,2.2934847
5786.0,2024-25,22,4.1271873,2,2.4027135
5786.0,2024-25,23,4.07331,2,2.4062338
5786.0,2024-25,24,4.2466736,2,2.6544852
5786.0,2024-25,25,4.97476,2,1.8411617
5786.0,2024-25,26,5.5234776,8,1.5316843
5786.0,2024-25,27,4.9273334,9,1.8587166
5786.0,2024-25,28,5.2754207,2,1.2356154
5786.0,2024-25,29,4.2378173,8,1.1166867
5786.0,2024-25,30,4.5349827,5,1.1896449
5786.0,2024-25,31,4.14005,2,1.62385
5786.0,2024-25,32,4.1590347,9,1.5011367
5786.0,2024-25,33,3.6520786,11,2.7556834
5786.0,2024-25,34,2.8931496,7,1.7065961
5786.0,2024-25,35,4.145398,7,2.5322058
5786.0,2024-25,36,5.1534367,1,1.8821479
5786.0,2024-25,37,4.61258,10,2.7814412
5786.0,2024-25,38,4.883385,1,2.3035245
6026.0,2024-25,6,1.2585835,0,0.35303456
6026.0,2024-25,7,1.2758561,0,0.77377367
6026.0,2024-25,8,1.4480587,1,0.7236848
6026.0,2024-25,9,1.0634636,0,0.78157926
6026.0,2024-25,10,1.5667831,4,0.8494728
6026.0,2024-25,11,3.667169,0,1.1355463
6026.0,2024-25,12,2.1170747,0,0.82280755
6026.0,2024-25,13,1.9166802,0,0.69980454
6026.0,2024-25,14,1.61688,0,0.51428044
6026.0,2024-25,15,2.2626154,0,0.4950981
6026.0,2024-25,16,2.0358598,0,0.75306225
6026.0,2024-25,17,2.4194345,0,0.63676584
6026.0,2024-25,18,2.4251711,0,0.69162375
6026.0,2024-25,19,0.9442851,0,0.6475525
6026.0,2024-25,20,1.1831372,0,0.6846397
6026.0,2024-25,21,1.1177729,1,0.6473998
6026.0,2024-25,22,2.589156,5,1.1022455
6026.0,2024-25,23,2.9332209,5,1.685018
6026.0,2024-25,24,3.3765588,2,1.6281143
6026.0,2024-25,25,2.867918,0,1.6191336
6026.0,2024-25,26,3.562002,0,1.2264615
6026.0,2024-25,27,3.9272957,0,1.1211356
6026.0,2024-25,28,2.66896,0,0.83540344
6026.0,2024-25,29,2.8395946,0,0.7620206
6026.0,2024-25,30,2.330032,0,0.731345
6026.0,2024-25,31,1.0906405,0,0.785755
6026.0,2024-25,32,1.3352314,5,0.7773901
6026.0,2024-25,33,4.7734437,6,0.6543335
6026.0,2024-25,34,3.0314927,0,0.5139012
6026.0,2024-25,35,3.2946498,2,0.8956166
6026.0,2024-25,36,3.35462,0,1.2939907
6026.0,2024-25,37,2.0729432,1,1.2307013
6026.0,2024-25,38,2.697135,1,1.556832
6098.0,2024-25,6,-0.06786488,0,0.8557386
6098.0,2024-25,7,-0.007082381,0,0.49044806
6098.0,2024-25,8,-0.08314294,0,0.53366715
6098.0,2024-25,9,-0.039822884,0,0.5391638
6098.0,2024-25,10,-0.09989651,0,0.533064
6098.0,2024-25,11,0.024075173,0,0.52956486
6098.0,2024-25,12,-0.0009795327,0,0.52896535
6098.0,2024-25,13,-0.0009795327,0,0.52469397
6098.0,2024-25,14,0.7664933,6,0.5178535
6098.0,2024-25,15,0.5864321,0,0.66676134
6098.0,2024-25,16,1.9947877,1,0.4250804
6098.0,2024-25,17,1.9548563,1,0.5349889
6098.0,2024-25,18,1.0234977,5,0.5906389
6098.0,2024-25,19,2.1682403,1,0.87424827
6098.0,2024-25,20,2.0367737,5,1.2253579
6098.0,2024-25,21,-0.27309352,0,1.4160262
6098.0,2024-25,22,0.08174742,0,1.4545394
6098.0,2024-25,23,0.6829509,0,1.0140055
6098.0,2024-25,24,0.3855647,0,0.83910763
6098.0,2024-25,25,0.056276456,0,0.70874125
6098.0,2024-25,26,0.15703082,0,0.5773629
6098.0,2024-25,27,-0.0054940223,0,0.5694263
6098.0,2024-25,28,0.037180617,0,0.56037176
6098.0,2024-25,29,-0.0009795327,0,0.5614041
6098.0,2024-25,30,0.8887988,0,0.5627569
6098.0,2024-25,31,5.275665,7,1.0356356
6098.0,2024-25,32,2.8549888,1,0.8041494
6098.0,2024-25,33,3.4919624,5,0.62031806
6098.0,2024-25,34,2.2662077,1,0.80705285
6098.0,2024-25,35,1.7360624,2,1.008736
6098.0,2024-25,36,2.6499622,1,1.2683009
6098.0,2024-25,37,3.3513844,1,1.1934334
6098.0,2024-25,38,3.5360134,2,1.4551922
6219.0,2024-25,6,0.8326635,1,1.0584737
6219.0,2024-25,7,1.5913053,1,1.1606282
6219.0,2024-25,8,2.1412072,1,0.95548457
6219.0,2024-25,9,2.3400066,1,1.0827476
6219.0,2024-25,10,2.870171,1,1.192149
6219.0,2024-25,11,2.359247,1,1.0953444
6219.0,2024-25,12,2.4869187,4,1.0451881
6219.0,2024-25,13,2.2367601,1,1.1605669
6219.0,2024-25,14,2.117138,1,1.1064769
6219.0,2024-25,15,2.1748397,6,1.0292618
6219.0,2024-25,16,3.225934,8,0.9634229
6219.0,2024-25,17,3.7173693,1,0.8132398
6219.0,2024-25,18,1.8354981,2,0.53317815
6219.0,2024-25,19,3.362843,0,0.67043567
6219.0,2024-25,20,2.4753613,1,0.9941461
6219.0,2024-25,21,2.641463,0,1.3559304
6219.0,2024-25,22,2.5114737,0,1.4649101
6219.0,2024-25,23,2.8931134,0,1.4164518
6219.0,2024-25,24,2.3288398,0,0.9342142
6219.0,2024-25,25,0.41889977,0,0.9824008
6219.0,2024-25,26,0.8369365,0,0.7637696
6219.0,2024-25,27,1.07732,0,0.74379075
6219.0,2024-25,28,0.891006,0,0.7077612
6219.0,2024-25,29,1.2404758,0,0.63705206
6219.0,2024-25,30,0.8530133,0,0.6824535
6219.0,2024-25,31,1.5596504,0,0.638881
6219.0,2024-25,32,1.1959807,0,0.5873954
6219.0,2024-25,33,0.9323751,0,0.692654
6219.0,2024-25,34,0.9963498,0,0.7004641
6219.0,2024-25,35,1.0546619,0,0.670557
6219.0,2024-25,36,1.2378228,0,0.6397319
6219.0,2024-25,37,0.97431254,0,0.7188556
6219.0,2024-25,38,0.5505802,0,0.65369534
6482.0,2024-25,9,4.5110736,1,1.603557
6482.0,2024-25,10,3.6151145,2,1.8638356
6482.0,2024-25,11,1.0297755,0,2.2626767
6482.0,2024-25,12,0.52222806,0,1.6437197
6482.0,2024-25,13,2.2474754,1,1.1154662
6482.0,2024-25,14,1.8210008,1,0.78675604
6482.0,2024-25,15,1.6024045,0,0.73333114
6482.0,2024-25,16,2.1822095,4,0.7935229
6482.0,2024-25,17,0.9272379,1,1.1143161
6482.0,2024-25,18,0.2782806,0,1.2385826
6482.0,2024-25,19,2.352773,0,1.0568491
6482.0,2024-25,20,2.2931592,1,0.87226033
6482.0,2024-25,21,1.9308345,1,0.7178496
6482.0,2024-25,22,1.8341306,4,0.832051
6482.0,2024-25,23,1.8922954,1,1.1083108
6482.0,2024-25,24,-0.014781757,0,1.3639508
6482.0,2024-25,25,2.6408534,1,0.99506164
6482.0,2024-25,26,0.052165415,0,0.8084378
6482.0,2024-25,27,2.489039,6,0.75048345
6482.0,2024-25,28,3.1791115,2,0.18548763
6482.0,2024-25,29,0.78345907,0,0.025429692
6482.0,2024-25,30,3.9715405,1,-0.027141089
6482.0,2024-25,31,4.2725463,-2,0.16842827
6482.0,2024-25,32,3.118044,1,0.33080488
6482.0,2024-25,33,4.2307715,1,1.9795436
6482.0,2024-25,33,4.2307715,1,1.648569
6482.0,2024-25,33,4.2776427,2,1.9795436
6482.0,2024-25,33,4.2776427,2,1.648569
6482.0,2024-25,34,0.12880951,0,1.9912449
6482.0,2024-25,35,4.1156297,0,1.5288275
6482.0,2024-25,36,2.7917507,1,0.97634494
6482.0,2024-25,37,2.2917902,13,1.2411658
6482.0,2024-25,38,2.616129,1,1.6255544
7080.0,2024-25,6,4.291046,2,1.5887159
7080.0,2024-25,7,5.2818384,9,1.5400833
7080.0,2024-25,8,3.8649344,2,1.051442
7080.0,2024-25,9,3.4181752,9,0.95621186
7080.0,2024-25,10,6.660051,6,1.414651
7080.0,2024-25,11,3.9009578,12,1.8886557
7080.0,2024-25,12,4.780576,16,1.5122055
7080.0,2024-25,13,4.9760146,2,1.6995101
7080.0,2024-25,14,6.833697,2,2.1308722
7080.0,2024-25,15,5.8407564,1,2.7657967
7080.0,2024-25,16,9.54671,9,2.9904468
7080.0,2024-25,17,6.399186,9,2.1334057
7080.0,2024-25,18,4.92141,12,1.7950853
7080.0,2024-25,19,5.99784,1,1.5055106
7080.0,2024-25,20,0.25598633,0,1.9069525
7080.0,2024-25,21,3.6258156,1,1.0456655
7080.0,2024-25,22,3.3506804,2,1.6849421
7080.0,2024-25,23,2.6751268,2,2.1861298
7080.0,2024-25,24,5.373225,7,2.0383902
7080.0,2024-25,25,2.552068,9,2.1159418
7080.0,2024-25,26,3.5843759,9,1.9136449
7080.0,2024-25,27,2.8131263,2,1.5389597
7080.0,2024-25,28,0.2709898,0,1.5915322
7080.0,2024-25,29,-0.2579095,0,1.4499158
7080.0,2024-25,30,-0.60405403,0,0.9216941
7080.0,2024-25,31,-0.05220029,0,0.6517843
7080.0,2024-25,32,2.4412634,7,0.6131657
7080.0,2024-25,33,1.5759747,8,0.69762313
7080.0,2024-25,34,3.137547,15,0.93443644
7080.0,2024-25,35,3.8283224,2,1.6078945
7080.0,2024-25,36,3.8857255,0,2.3990655
7080.0,2024-25,37,1.9191927,1,1.9281416
7080.0,2024-25,38,4.46763,2,1.7191795
7395.0,2024-25,22,0.40655714,0,0.45675373
7395.0,2024-25,23,0.07418689,0,0.5495274
7395.0,2024-25,24,0.1230195,0,0.5331534
7395.0,2024-25,25,0.1674392,0,0.52627766
7395.0,2024-25,26,-0.0009795327,0,0.5223675
7395.0,2024-25,27,-0.0009795327,0,0.5198283
7395.0,2024-25,28,-0.0009795327,0,0.5163675
7395.0,2024-25,29,-0.0009795327,0,0.5131085
7395.0,2024-25,30,-0.0009795327,0,0.5101328
7395.0,2024-25,31,-0.0009795327,0,0.50707024
7395.0,2024-25,32,-0.0009795327,0,0.50707024
7395.0,2024-25,33,0.71935755,1,0.50707024
7395.0,2024-25,34,2.9577014,1,0.64689064
7814.0,2024-25,6,1.9538534,1,0.7017895
7814.0,2024-25,7,0.072478935,0,0.8730784
7814.0,2024-25,8,2.366266,1,0.7166172
7814.0,2024-25,9,1.9196856,1,0.84585184
7814.0,2024-25,10,2.3503063,1,1.1547791
7814.0,2024-25,11,2.7247884,1,1.3135313
7814.0,2024-25,12,2.26416,2,1.0667061
7814.0,2024-25,13,-0.050978903,0,1.4105369
7814.0,2024-25,14,2.0966878,1,1.0026047
7814.0,2024-25,15,2.1626027,1,1.1056885
7814.0,2024-25,16,0.03456539,0,0.93382204
7814.0,2024-25,17,1.6387801,1,0.7245705
7814.0,2024-25,18,1.2978699,1,0.76440805
7814.0,2024-25,19,1.2764544,1,0.9614347
7814.0,2024-25,20,2.5206373,5,1.2669259
7814.0,2024-25,21,2.6488197,1,0.30938196
7814.0,2024-25,22,3.1664994,1,0.25484502
7814.0,2024-25,23,2.1233284,1,0.20236474
7814.0,2024-25,24,1.0839957,1,0.13281631
7814.0,2024-25,25,-0.30246237,0,0.27485996
7814.0,2024-25,26,-0.27415553,0,1.5471225
7814.0,2024-25,27,2.1460264,1,1.0797719
7814.0,2024-25,28,1.802762,1,0.72099864
7814.0,2024-25,29,2.0258071,1,0.57893074
7814.0,2024-25,30,2.9126096,2,0.9690356
7814.0,2024-25,31,0.10502351,0,1.0565771
7814.0,2024-25,32,0.16214432,0,0.7999519
7814.0,2024-25,33,2.0771704,1,0.5369765
7814.0,2024-25,34,2.2781794,1,0.60134184
7814.0,2024-25,35,0.029006941,0,1.023728
7814.0,2024-25,36,3.3876913,1,0.7075117
8044.0,2024-25,6,5.2948008,1,1.5502813
8044.0,2024-25,7,4.4034195,1,1.2311913
8044.0,2024-25,8,2.2700765,1,1.2519876
8044.0,2024-25,9,2.2404108,4,1.4752631
8044.0,2024-25,10,1.8016173,1,1.1233646
8044.0,2024-25,11,1.5728158,1,1.0655584
8044.0,2024-25,12,1.9766845,1,1.0733671
8044.0,2024-25,13,2.061192,13,1.3572093
8044.0,2024-25,14,2.4261413,1,1.6886464
8044.0,2024-25,15,3.1850681,1,1.3396026
8044.0,2024-25,16,2.9400039,1,1.1415316
8044.0,2024-25,17,2.944951,1,0.9727808
8044.0,2024-25,18,2.9454849,1,1.0672854
8044.0,2024-25,19,2.8206055,1,0.9184351
8044.0,2024-25,20,2.2160258,1,0.9828403
8044.0,2024-25,21,3.235862,1,0.686245
8044.0,2024-25,22,3.0363748,5,0.96482086
8044.0,2024-25,23,2.390607,1,1.0252389
8044.0,2024-25,24,2.5727477,1,1.0083284
8044.0,2024-25,25,2.391477,2,1.0520214
8044.0,2024-25,26,2.4842682,2,1.1505901
8044.0,2024-25,27,3.822807,1,1.2825674
8044.0,2024-25,28,2.1300282,2,1.2092974
8044.0,2024-25,29,4.259587,1,1.2019324
8044.0,2024-25,30,3.0400202,2,1.2558218
8044.0,2024-25,31,2.3526754,1,1.4440705
8044.0,2024-25,32,2.104914,1,1.2268057
8260.0,2024-25,6,6.066404,2,2.1872869
8260.0,2024-25,7,8.999382,2,2.5598338
8260.0,2024-25,8,7.303584,2,2.233538
8260.0,2024-25,9,8.191886,6,2.9625711
8260.0,2024-25,10,6.324686,2,2.803605
8260.0,2024-25,11,7.5676503,5,3.7497272
8260.0,2024-25,12,9.047859,2,3.1983886
8260.0,2024-25,13,6.2290735,2,2.6218405
8260.0,2024-25,14,4.2074094,5,2.3386965
8260.0,2024-25,15,3.56542,7,2.0251935
8260.0,2024-25,16,5.6963534,2,2.0190504
8260.0,2024-25,17,3.6744184,2,1.9377512
8260.0,2024-25,18,4.7975674,0,2.4042618
8260.0,2024-25,19,5.242293,8,2.1337447
8260.0,2024-25,20,4.083581,13,1.3261037
8260.0,2024-25,21,4.3379807,2,1.3582561
8260.0,2024-25,22,6.0234036,6,1.5906357
8260.0,2024-25,23,5.313093,12,1.8868496
8260.0,2024-25,24,3.4719644,6,2.2205138
8260.0,2024-25,25,4.175991,5,2.580575
8260.0,2024-25,26,-0.001657316,0,2.2108297
8260.0,2024-25,27,5.284271,8,1.7751402
8260.0,2024-25,28,4.1942635,2,2.3583908
8260.0,2024-25,29,4.3943768,7,2.3986666
8260.0,2024-25,30,-0.08215211,0,2.667776
8260.0,2024-25,31,-0.78943413,0,2.5786314
8260.0,2024-25,32,-0.1761299,0,1.641097
8260.0,2024-25,33,0.36554343,0,1.1820962
8260.0,2024-25,34,0.15261558,0,0.7130308
8260.0,2024-25,35,-0.015589134,0,0.69348055
8260.0,2024-25,36,1.486156,2,0.66305345
8260.0,2024-25,37,3.4609811,2,1.328648
8260.0,2024-25,38,3.1433983,6,1.486185
8272.0,2024-25,6,0.07134611,0,0.8758194
8272.0,2024-25,7,-0.24695376,0,0.69663775
8272.0,2024-25,8,-0.0011551292,0,0.58166975
8272.0,2024-25,9,-0.18375419,0,0.6383726
8272.0,2024-25,10,-0.23351598,0,0.5573627
8272.0,2024-25,11,2.0041304,11,0.6158947
8272.0,2024-25,12,3.6770694,12,1.1267904
8272.0,2024-25,13,4.2245855,2,1.2763673
8272.0,2024-25,14,3.703048,5,1.6820055
8272.0,2024-25,15,5.2458344,2,1.7801563
8272.0,2024-25,16,3.605281,2,1.4255271
8272.0,2024-25,17,2.6946034,2,1.6367389
8272.0,2024-25,18,4.128245,2,2.2984495
8272.0,2024-25,19,3.575978,9,2.3975232
8272.0,2024-25,20,3.983701,9,2.3953838
8272.0,2024-25,21,5.074215,1,2.063496
8272.0,2024-25,22,2.818497,2,2.2742832
8272.0,2024-25,23,5.5906396,1,2.1839345
8272.0,2024-25,24,4.032547,1,2.0328724
8272.0,2024-25,25,5.249206,1,1.177848
8272.0,2024-25,26,4.9604063,12,1.1181904
8272.0,2024-25,27,2.9500668,8,1.3174713
8272.0,2024-25,28,1.7548895,9,1.1210989
8272.0,2024-25,29,2.0189104,1,1.1013006
8272.0,2024-25,30,3.6278453,2,0.85404265
8272.0,2024-25,31,3.2040243,1,1.39089
8272.0,2024-25,32,4.150929,13,0.9786383
8272.0,2024-25,33,3.2600076,-1,1.0481237
8384.0,2024-25,19,1.712336,2,0.6092386
8384.0,2024-25,20,1.542352,1,0.747053
8384.0,2024-25,21,0.2889287,0,0.8534459
8384.0,2024-25,22,0.35290116,0,0.8783467
8384.0,2024-25,23,0.5203044,0,0.7199968
8384.0,2024-25,24,0.16487184,0,0.5604167
8384.0,2024-25,25,0.05154342,0,0.45588428
8384.0,2024-25,26,-0.019173274,0,0.50807476
8384.0,2024-25,27,-0.04882331,0,0.50879073
8384.0,2024-25,28,-0.02595732,0,0.5104409
8384.0,2024-25,29,1.2412131,1,0.51541746
8384.0,2024-25,30,1.1843123,1,0.71910125
8384.0,2024-25,31,1.5806544,1,0.80190057
8384.0,2024-25,32,1.6167136,2,0.9388583
8384.0,2024-25,33,2.6240892,2,1.1760427
8393.0,2024-25,28,2.088716,1,1.0646075
8393.0,2024-25,29,3.89021,12,1.402012
8393.0,2024-25,30,5.9471188,9,1.150771
8393.0,2024-25,31,3.3903942,2,1.2383415
8393.0,2024-25,32,3.3859937,7,1.6861335
8393.0,2024-25,33,2.9130075,2,2.1455345
8393.0,2024-25,33,2.9130075,2,3.3116384
8393.0,2024-25,33,3.8495178,2,2.1455345
8393.0,2024-25,33,3.8495178,2,3.3116384
8393.0,2024-25,34,0.46311834,0,2.2162747
8393.0,2024-25,35,3.0827367,2,2.9874108
8393.0,2024-25,36,3.7580523,1,2.1494896
8393.0,2024-25,37,4.085135,8,1.909849
8393.0,2024-25,38,3.2807372,2,1.9201583
8563.0,2024-25,9,1.2892885,11,0.9624926
8563.0,2024-25,10,2.0053463,0,1.3243632
8563.0,2024-25,11,1.7512559,1,1.3224974
8563.0,2024-25,12,0.02571508,0,1.3630873
8563.0,2024-25,13,0.47668445,0,1.1163207
8563.0,2024-25,14,-0.22791526,0,0.85730875
8563.0,2024-25,15,0.1152473,0,0.705845
8563.0,2024-25,16,0.08639185,0,0.58266413
8563.0,2024-25,17,0.060716886,0,0.60544044
8563.0,2024-25,18,-0.04809073,0,0.5929392
8563.0,2024-25,19,0.027806995,0,0.5780988
8563.0,2024-25,20,-0.0009795327,0,0.56124467
8563.0,2024-25,21,0.96725655,1,0.54322445
8563.0,2024-25,22,1.8780808,1,0.6688672
8563.0,2024-25,23,1.0171016,1,0.67810553
8563.0,2024-25,24,2.6078403,1,1.0388898
8563.0,2024-25,25,1.5018371,1,0.9979905
8563.0,2024-25,26,1.3955648,1,1.198212
8563.0,2024-25,27,2.305241,1,1.1284385
8563.0,2024-25,28,1.6328697,1,0.8489236
8563.0,2024-25,29,3.615671,5,1.1282462
8563.0,2024-25,30,2.0100615,1,1.1530024
8563.0,2024-25,31,2.5394456,1,0.860897
8563.0,2024-25,32,2.837989,2,0.7149161
8563.0,2024-25,33,3.1873794,2,0.7084752
8563.0,2024-25,34,2.6985257,1,0.81841356
8563.0,2024-25,35,3.3709304,5,0.8191962
8563.0,2024-25,36,2.4406726,0,1.0020773
8563.0,2024-25,37,2.6496925,2,0.86802673
8563.0,2024-25,38,2.9924793,2,1.3006881
8865.0,2024-25,6,4.393285,11,1.314399
8865.0,2024-25,7,3.8392682,2,1.6564461
8865.0,2024-25,8,3.1520193,8,2.0216174
8865.0,2024-25,9,7.9595,2,2.7607358
8865.0,2024-25,10,2.971448,2,2.4326496
8865.0,2024-25,11,3.3875802,2,2.5911474
8865.0,2024-25,12,4.3185244,7,2.3521695
8865.0,2024-25,13,3.067304,2,1.4983262
8865.0,2024-25,14,3.2433686,12,1.8994576
8865.0,2024-25,15,4.4979496,1,1.5054182
8865.0,2024-25,16,4.084796,1,1.5036453
8865.0,2024-25,17,5.9069805,1,1.5655315
8865.0,2024-25,18,3.555098,1,1.6421701
8865.0,2024-25,19,4.0797544,12,2.0816083
8865.0,2024-25,20,2.4759266,2,1.994557
8865.0,2024-25,21,3.4073803,8,2.0085747
8865.0,2024-25,22,1.0317074,8,1.8828219
8865.0,2024-25,23,2.997078,5,1.4549273
8865.0,2024-25,24,2.5518754,1,1.1296787
8865.0,2024-25,25,3.5189407,8,0.9300866
8865.0,2024-25,25,3.5189407,8,0.9313715
8865.0,2024-25,25,2.9835813,7,0.9300866
8865.0,2024-25,25,2.9835813,7,0.9313715
8865.0,2024-25,26,5.2727633,2,1.0678908
8865.0,2024-25,27,3.0150855,5,1.9411627
8865.0,2024-25,28,4.4278016,9,1.3838857
8865.0,2024-25,29,-0.018175315,0,1.1030847
8865.0,2024-25,30,3.2318172,0,1.4687172
8865.0,2024-25,31,5.6434846,2,1.8890313
8865.0,2024-25,32,3.4548745,7,1.4869648
8865.0,2024-25,33,2.5767424,12,1.9650986
8865.0,2024-25,33,2.5767424,12,1.4770335
8865.0,2024-25,33,3.0923035,0,1.9650986
8865.0,2024-25,33,3.0923035,0,1.4770335
8865.0,2024-25,34,0.39407223,0,1.5889852
8865.0,2024-25,35,3.062878,2,1.3547752
8865.0,2024-25,36,2.3196995,9,1.3299226
8865.0,2024-25,37,3.7474327,5,1.7622585
8865.0,2024-25,38,3.5129187,2,1.6821903
8868.0,2024-25,6,2.6883447,12,1.1072482
8868.0,2024-25,7,5.3758216,6,0.8798471
8868.0,2024-25,8,5.158951,2,1.32944
8868.0,2024-25,9,4.053488,5,1.2827724
8868.0,2024-25,10,6.285391,2,1.743028
8868.0,2024-25,11,3.0817173,11,2.2130709
8868.0,2024-25,12,6.180519,2,1.9253958
8868.0,2024-25,13,5.1240225,2,2.0396159
8868.0,2024-25,14,6.1140227,2,2.7362416
8868.0,2024-25,15,4.845452,1,2.2788658
8868.0,2024-25,16,3.4515076,1,2.2112238
8868.0,2024-25,17,0.75789833,0,2.365417
8868.0,2024-25,18,3.0715973,2,2.235287
8868.0,2024-25,19,2.7546353,11,1.9595416
8868.0,2024-25,20,2.1955335,8,1.7939925
8868.0,2024-25,21,3.8973722,1,1.7195163
8868.0,2024-25,22,3.2584836,2,1.5006953
8868.0,2024-25,23,2.4820895,1,1.2583773
8868.0,2024-25,24,3.6780438,9,1.5137287
8868.0,2024-25,25,2.6189287,8,1.3326932
8868.0,2024-25,26,3.9369812,2,2.5154228
8868.0,2024-25,27,2.1652875,1,1.9479878
8868.0,2024-25,28,3.7983375,2,2.081033
8868.0,2024-25,29,4.009108,2,2.2552886
8868.0,2024-25,30,3.6716661,9,2.0873146
8868.0,2024-25,31,3.963528,8,2.410972
8868.0,2024-25,32,4.0350423,1,2.139894
8868.0,2024-25,33,3.3382616,1,1.7864035
8868.0,2024-25,34,2.5754004,1,1.1190091
8868.0,2024-25,35,2.3075883,1,0.998898
8868.0,2024-25,36,2.5152006,2,1.149813
8868.0,2024-25,37,3.527036,1,1.4955093
8868.0,2024-25,38,2.4707353,0,1.6749123
9307.0,2024-25,6,3.651,3,0.75387704
9307.0,2024-25,7,3.4472399,2,0.67039645
9307.0,2024-25,8,3.174169,9,0.81669766
9307.0,2024-25,9,3.1440904,2,1.1251099
9307.0,2024-25,10,4.1737013,2,1.0990407
9307.0,2024-25,11,3.0740566,2,1.0020498
9307.0,2024-25,12,4.7017436,2,1.1414682
9307.0,2024-25,13,2.791755,2,1.0922197
9307.0,2024-25,14,5.662876,2,1.1732459
9307.0,2024-25,15,-0.16513242,0,1.6088144
9307.0,2024-25,16,2.7476192,2,1.1334815
9307.0,2024-25,17,3.5921037,1,1.2391939
9307.0,2024-25,18,5.844095,9,0.95393217
9307.0,2024-25,19,2.8735652,2,1.289439
9307.0,2024-25,20,2.039602,2,1.1368407
9307.0,2024-25,21,3.1862044,2,1.1355321
9307.0,2024-25,22,3.118868,7,1.1901217
9307.0,2024-25,23,2.7681491,8,0.91910064
9307.0,2024-25,24,4.573744,8,0.8910792
9307.0,2024-25,24,4.573744,8,0.79681563
9307.0,2024-25,24,3.6249616,1,0.8910792
9307.0,2024-25,24,3.6249616,1,0.79681563
9307.0,2024-25,25,-0.050114296,0,0.63341177
9307.0,2024-25,26,0.19523762,0,0.50142276
9307.0,2024-25,27,0.034628402,0,0.27586532
9307.0,2024-25,28,-0.13917989,0,0.46441364
9307.0,2024-25,29,0.26948,0,0.64286685
9307.0,2024-25,30,1.8415276,1,0.70442617
9307.0,2024-25,31,2.5961375,9,1.1595939
9307.0,2024-25,32,3.5082433,2,1.4598035
9307.0,2024-25,33,3.3580215,2,1.204055
9307.0,2024-25,34,3.0394988,1,1.1446525
9307.0,2024-25,35,2.5577707,2,1.093605
9307.0,2024-25,36,4.1054187,1,1.2994223
9307.0,2024-25,37,4.570469,13,1.8225455
9307.0,2024-25,38,3.7911336,2,1.5100347
9332.0,2024-25,29,2.435817,1,0.37899977
9509.0,2024-25,6,0.5203213,0,0.5037614
9509.0,2024-25,7,0.48675656,0,0.523696
9509.0,2024-25,8,0.5453313,0,0.5238967
9509.0,2024-25,9,0.11073536,0,0.51855844
9509.0,2024-25,10,0.06356247,0,0.5157999
9509.0,2024-25,11,-0.0009795327,0,0.5152795
9509.0,2024-25,12,-0.0009795327,0,0.51404935
9509.0,2024-25,13,-0.0009795327,0,0.51180905
9509.0,2024-25,14,-0.0009795327,0,0.5095681
9509.0,2024-25,15,-0.0009795327,0,0.5079313
9509.0,2024-25,16,-0.0009795327,0,0.50707024
9509.0,2024-25,17,-0.0009795327,0,0.50707024
9509.0,2024-25,18,-0.0009795327,0,0.50707024
9509.0,2024-25,19,-0.0009795327,0,0.50707024
9509.0,2024-25,20,-0.0009795327,0,0.50707024
9509.0,2024-25,21,0.9769146,1,0.50707024
9509.0,2024-25,22,1.8015816,0,1.1174461
9509.0,2024-25,23,3.3963068,1,1.140525
9509.0,2024-25,24,2.4849112,1,1.1315554
9509.0,2024-25,25,4.597035,1,1.1899799
9509.0,2024-25,26,2.6365156,1,0.98379755
9509.0,2024-25,27,-0.026681997,0,0.8710686
9509.0,2024-25,28,0.037048414,0,0.9363359
9509.0,2024-25,29,1.65558,1,0.80284214
9509.0,2024-25,30,2.1070707,1,0.8950119
9509.0,2024-25,31,1.6896,1,0.8083918
9509.0,2024-25,32,0.024882618,0,0.65752816
9509.0,2024-25,33,0.11488764,0,0.6966125
9509.0,2024-25,34,1.7736162,1,0.7183838
9509.0,2024-25,35,1.2142469,1,0.7140292
9509.0,2024-25,36,1.6386707,1,0.81739736
9509.0,2024-25,37,1.1494136,6,0.62387383
9509.0,2024-25,38,2.457655,1,0.37857586
9556.0,2024-25,10,-0.009835057,0,0.60749936
9556.0,2024-25,11,1.3875892,1,0.7123092
9556.0,2024-25,12,-0.01564429,0,0.80550504
9556.0,2024-25,13,0.022776898,0,0.87178785
9556.0,2024-25,14,0.022776898,0,0.65106416
9556.0,2024-25,15,0.020070873,0,0.5682818
9556.0,2024-25,16,1.6317632,1,0.5502374
9556.0,2024-25,17,-0.04110426,0,0.7557496
9556.0,2024-25,18,2.5460165,1,0.5686961
9556.0,2024-25,19,-0.20204817,0,0.6049807
9556.0,2024-25,20,-0.0892517,0,0.56889665
9556.0,2024-25,21,1.9984856,1,0.571664
9556.0,2024-25,22,2.054363,1,0.7793701
9556.0,2024-25,23,0.040670868,0,0.7661849
9556.0,2024-25,24,1.8693477,1,0.63625485
9556.0,2024-25,25,0.05810095,0,0.82754165
9556.0,2024-25,26,0.05406959,0,0.76241755
9556.0,2024-25,27,0.8830796,1,0.60293186
9556.0,2024-25,28,0.2272552,0,0.80138314
9556.0,2024-25,29,0.2272552,0,0.6825259
9556.0,2024-25,30,0.24587138,0,0.5676919
9556.0,2024-25,31,1.6805801,1,0.50820994
9556.0,2024-25,32,0.12952797,0,0.72924423
9556.0,2024-25,33,0.18275255,0,0.65097415
9556.0,2024-25,34,1.8167974,6,0.55755186
9556.0,2024-25,35,0.52273613,0,0.9640584
9556.0,2024-25,36,0.52529854,0,0.6085824
9556.0,2024-25,37,2.4557345,1,0.57279456
9556.0,2024-25,38,2.4496162,1,0.8887076
9738.0,2024-25,17,0.079363465,0,1.0860947
9738.0,2024-25,18,1.6247109,2,0.7932477
9738.0,2024-25,19,2.062062,1,1.1300397
9738.0,2024-25,20,2.4012234,1,1.0116805
9738.0,2024-25,21,3.3933082,1,1.004162
9738.0,2024-25,22,2.8832731,1,1.3793944
9738.0,2024-25,23,2.193508,1,1.4208237
9738.0,2024-25,24,2.6970565,1,1.2804847
9738.0,2024-25,25,2.1696742,1,1.2625335
9738.0,2024-25,26,0.3967111,0,1.0797652
9738.0,2024-25,27,2.2771304,1,0.83367544
9738.0,2024-25,28,1.6360708,2,0.79792297
9738.0,2024-25,29,2.8855288,2,1.2029246
9738.0,2024-25,30,1.7179348,2,1.2751973
9738.0,2024-25,31,2.3935015,1,1.339528
9738.0,2024-25,32,1.60735,1,1.2878498
9738.0,2024-25,33,2.2773268,1,1.8206955
9738.0,2024-25,34,0.3559195,0,1.6529053
9738.0,2024-25,35,4.04172,1,1.1337123
9738.0,2024-25,36,0.16359457,0,0.73640686
9738.0,2024-25,37,1.7675955,1,0.48378086
9738.0,2024-25,38,1.2272459,2,0.76506215
9912.0,2024-25,6,3.6577625,1,1.0439821
9912.0,2024-25,7,2.3460104,7,1.1112702
9912.0,2024-25,8,3.811001,9,1.4869641
9912.0,2024-25,9,5.2793293,2,1.117244
9912.0,2024-25,10,5.113369,2,1.3332908
9912.0,2024-25,11,4.4099116,2,1.4928775
9912.0,2024-25,12,3.7357123,1,1.6630741
9912.0,2024-25,13,1.8106563,2,1.4208759
9912.0,2024-25,14,2.3639016,2,2.3616886
9912.0,2024-25,15,2.3873239,2,2.0763125
9912.0,2024-25,16,2.1146119,1,2.1008883
9912.0,2024-25,17,2.5536258,1,1.4316752
9912.0,2024-25,18,-0.01602167,0,1.3458694
9912.0,2024-25,19,1.6680108,1,0.87465435
9912.0,2024-25,20,2.02317,1,1.0400242
9912.0,2024-25,21,0.07486367,0,1.217333
9912.0,2024-25,22,2.387022,1,0.79543924
9912.0,2024-25,23,2.3349018,1,1.1384554
9912.0,2024-25,24,0.15346564,0,1.1568632
9912.0,2024-25,25,2.2282946,1,0.97237706
9912.0,2024-25,26,1.8976012,2,0.65453464
9912.0,2024-25,27,2.0258493,1,0.7449018
9912.0,2024-25,28,2.1343691,1,0.7336087
9912.0,2024-25,29,2.223812,1,0.76378095
9912.0,2024-25,30,2.1637647,1,0.7656612
9912.0,2024-25,31,2.5897064,2,1.1301695
9912.0,2024-25,32,2.583098,2,1.2516029
9912.0,2024-25,33,3.241374,1,1.4047245
9912.0,2024-25,34,2.5335627,1,1.5460142
9912.0,2024-25,35,3.0475116,1,1.4624048
9912.0,2024-25,36,2.2538803,1,1.2737516
9912.0,2024-25,37,3.2048512,1,1.3370954
9912.0,2024-25,38,2.1945446,1,1.2787583
9983.0,2024-25,6,2.0944633,0,0.8286453
9983.0,2024-25,7,1.8194898,0,0.60384774
9983.0,2024-25,8,1.3922398,0,0.46637726
9983.0,2024-25,9,1.4920858,7,0.58111286
9983.0,2024-25,10,3.154469,1,0.7282208
9983.0,2024-25,11,2.9921494,1,0.6517334
9983.0,2024-25,12,3.035713,1,0.5405134
9983.0,2024-25,13,2.286126,2,0.43239895
9983.0,2024-25,14,3.1114175,0,0.73368764
9983.0,2024-25,15,0.03710823,0,1.0781878
9983.0,2024-25,16,1.4439076,0,0.9868623
9983.0,2024-25,17,2.4836197,0,0.9950005
9983.0,2024-25,18,1.4173797,0,1.074071
9983.0,2024-25,19,1.9875295,1,0.91648567
9983.0,2024-25,20,1.1786509,1,1.1007129
9983.0,2024-25,21,2.2543094,1,1.0597664
9983.0,2024-25,22,2.5743103,0,1.0697013
9983.0,2024-25,23,1.4557376,2,0.8226625
9983.0,2024-25,24,2.671483,13,1.2354428
9983.0,2024-25,24,2.671483,13,1.1742736
9983.0,2024-25,24,2.3670704,8,1.2354428
9983.0,2024-25,24,2.3670704,8,1.1742736
9983.0,2024-25,25,3.0502272,8,1.0317388
9983.0,2024-25,26,4.8835373,6,1.1194872
9983.0,2024-25,27,5.135317,2,1.5449013
9983.0,2024-25,28,4.6285505,2,2.4806952
9983.0,2024-25,29,4.953416,2,2.686913
9983.0,2024-25,30,4.0995297,1,2.5856495
9983.0,2024-25,31,4.802711,2,2.358553
9983.0,2024-25,32,3.3179395,1,1.9653221
9983.0,2024-25,33,2.4377382,1,2.100704
9983.0,2024-25,34,1.9655038,2,1.9391588
9983.0,2024-25,35,2.3821406,6,1.6503602
9983.0,2024-25,36,3.3561983,8,2.020065
9983.0,2024-25,37,5.2471232,2,1.8918878
9983.0,2024-25,38,3.5738437,2,1.7947232
10048.0,2024-25,6,4.3148713,5,1.8895098
10048.0,2024-25,7,4.280929,2,2.1153991
10048.0,2024-25,8,4.500407,6,1.9164119
10048.0,2024-25,9,6.6359224,9,2.4142776
10048.0,2024-25,10,5.980898,1,2.1438186
10048.0,2024-25,11,4.191549,2,2.2526386
10048.0,2024-25,12,5.3649035,12,1.840889
10048.0,2024-25,13,4.4858146,6,2.1993122
10048.0,2024-25,14,-0.9222463,0,2.3218055
10048.0,2024-25,15,3.730086,2,2.3237646
10048.0,2024-25,16,4.6787405,9,2.5652952
10048.0,2024-25,17,5.268775,2,2.9763885
10048.0,2024-25,18,4.629631,2,2.712753
10048.0,2024-25,19,3.7167974,1,1.8189234
10048.0,2024-25,20,3.988277,2,1.6820663
10048.0,2024-25,21,3.4785256,4,1.7263874
10048.0,2024-25,22,4.6137156,2,2.3547602
10048.0,2024-25,23,3.0526388,5,2.1967514
10048.0,2024-25,24,4.8662343,1,1.8816146
10048.0,2024-25,25,0.38065964,0,1.2278641
10048.0,2024-25,26,0.05023827,0,0.879707
10048.0,2024-25,27,0.106531695,0,0.6528343
10048.0,2024-25,28,-0.3782385,0,0.4665199
10048.0,2024-25,29,-0.089986384,0,0.5711845
10048.0,2024-25,30,1.2724861,1,0.4770025
10048.0,2024-25,31,2.9181716,1,0.85226494
10048.0,2024-25,32,3.7691157,1,1.0448934
10048.0,2024-25,33,3.951562,2,1.2808105
10048.0,2024-25,34,2.5185945,8,1.9088999
10048.0,2024-25,35,2.511628,2,1.984049
10048.0,2024-25,36,3.373677,-2,1.5411444
10177.0,2024-25,9,3.4192634,7,0.8869273
10177.0,2024-25,10,3.0452237,1,1.1569556
10177.0,2024-25,11,0.004288716,0,0.83696055
10177.0,2024-25,12,2.6926744,1,0.73384964
10177.0,2024-25,13,2.6714242,1,0.75701594
10177.0,2024-25,14,1.959385,1,0.81162256
10177.0,2024-25,15,2.3576415,2,0.871634
10177.0,2024-25,16,2.74681,1,1.3545693
10177.0,2024-25,17,3.9171507,1,1.0837992
10177.0,2024-25,18,0.032914285,0,0.8894408
10177.0,2024-25,19,0.08235606,0,0.80840313
10177.0,2024-25,20,0.25907966,0,0.7813641
10177.0,2024-25,21,-0.014994709,0,0.66928214
10177.0,2024-25,22,0.05409784,0,0.52540267
10177.0,2024-25,23,0.03731808,0,0.512398
10177.0,2024-25,24,2.4194725,0,0.5111964
10177.0,2024-25,25,2.2168746,1,0.69623595
10177.0,2024-25,26,2.472636,1,1.3596972
10177.0,2024-25,27,1.6868817,1,1.1380718
10177.0,2024-25,28,2.206895,1,1.1166977
10177.0,2024-25,29,1.6447897,1,1.0482546
10177.0,2024-25,30,1.6125891,1,0.91166514
10177.0,2024-25,31,0.18636495,0,1.0788559
10177.0,2024-25,32,0.22953409,0,0.9795495
10177.0,2024-25,33,2.432939,1,0.6656654
10177.0,2024-25,34,0.04655779,0,0.6037934
10177.0,2024-25,35,2.0614576,1,0.5052992
10717.0,2024-25,6,4.387422,1,1.4599594
10717.0,2024-25,7,2.7907865,6,1.1220019
10717.0,2024-25,8,0.0027654795,0,1.6161922
10717.0,2024-25,9,2.8824077,1,1.4031932
10717.0,2024-25,10,2.4344907,0,0.59630436
10717.0,2024-25,11,1.8690875,1,0.3475504
10717.0,2024-25,12,2.9902475,1,0.51968503
10717.0,2024-25,13,2.45286,1,1.1619426
10717.0,2024-25,14,3.1812918,2,0.90544426
10717.0,2024-25,15,3.0180805,1,1.4020075
10717.0,2024-25,16,2.3378322,7,1.135019
10717.0,2024-25,17,4.1299763,2,1.731741
10717.0,2024-25,18,2.9986415,7,1.2340621
10717.0,2024-25,19,3.643549,1,0.94502616
10717.0,2024-25,20,2.853492,1,0.7186321
10717.0,2024-25,21,3.042288,1,0.82062453
10717.0,2024-25,22,2.1624584,1,0.88884896
10717.0,2024-25,23,3.2774098,1,0.8683748
10717.0,2024-25,24,2.4285572,8,1.5672449
10717.0,2024-25,25,2.2293935,1,0.93274474
10717.0,2024-25,26,2.460488,1,0.4247454
10717.0,2024-25,27,1.5028498,9,0.34372807
10717.0,2024-25,28,1.4903798,1,0.527839
10717.0,2024-25,29,2.038132,7,0.5870374
10717.0,2024-25,30,2.3664372,5,1.3502308
10717.0,2024-25,31,2.5853949,7,0.9698181
10717.0,2024-25,32,3.7380974,1,1.1612028
10720.0,2024-25,7,0.3623955,0,0.9518112
10720.0,2024-25,8,3.358782,1,0.72765017
10720.0,2024-25,9,2.4878733,4,1.284955
10720.0,2024-25,10,3.3902254,2,1.7264885
10720.0,2024-25,11,3.6337137,7,1.3408631
10720.0,2024-25,12,5.6327596,2,1.3649515
10720.0,2024-25,13,5.2297554,1,1.6904954
10720.0,2024-25,14,3.8600402,1,1.2746049
10720.0,2024-25,15,0.009798439,0,1.8365971
10720.0,2024-25,16,3.0478778,3,1.4585146
10720.0,2024-25,17,2.681697,1,1.3088807
10720.0,2024-25,18,3.795159,2,0.96282405
10720.0,2024-25,19,-0.15963386,0,1.0758731
10720.0,2024-25,20,2.5837557,0,1.0375853
10720.0,2024-25,21,-0.10020546,0,0.87363017
10720.0,2024-25,22,1.6483037,11,0.56170124
10720.0,2024-25,23,3.4191923,1,1.0109166
10720.0,2024-25,24,2.6762238,1,1.1149317
10720.0,2024-25,24,2.6762238,1,1.2563492
10720.0,2024-25,24,2.93211,1,1.1149317
10720.0,2024-25,24,2.93211,1,1.2563492
10720.0,2024-25,25,2.5304425,1,1.3645958
10720.0,2024-25,25,2.5304425,1,1.3619958
10720.0,2024-25,25,1.8927461,1,1.3645958
10720.0,2024-25,25,1.8927461,1,1.3619958
10720.0,2024-25,26,-0.10517792,0,1.1980712
10720.0,2024-25,27,2.5767944,1,0.9189017
10720.0,2024-25,28,5.3359666,10,0.8007439
10720.0,2024-25,29,-0.04148348,0,0.7376239
10720.0,2024-25,30,2.3761995,0,0.65488315
10720.0,2024-25,31,2.6462665,1,0.97171986
10720.0,2024-25,32,0.5181296,0,1.3125437
10720.0,2024-25,33,0.5592338,0,1.2204118
10720.0,2024-25,34,2.2573535,1,0.7829435
10720.0,2024-25,35,1.6008077,1,1.1545578
10720.0,2024-25,36,2.1627994,1,1.0208194
10720.0,2024-25,37,2.136279,1,1.0672816
10720.0,2024-25,38,2.9788182,1,1.1292378
11055.0,2024-25,10,2.9777741,5,1.2725524
11055.0,2024-25,11,3.1146405,2,1.1119682
11055.0,2024-25,12,3.5749729,1,0.8500905
11055.0,2024-25,13,0.255547,0,0.8647291
11055.0,2024-25,14,2.3809469,2,0.83929276
11055.0,2024-25,15,2.881831,8,1.1646143
11055.0,2024-25,16,2.3090646,1,1.594622
11055.0,2024-25,17,3.7105446,1,1.4680728
11055.0,2024-25,18,3.683844,2,1.3078078
11055.0,2024-25,19,3.3365397,2,1.2814921
11055.0,2024-25,20,2.07969,2,1.2119979
11055.0,2024-25,21,4.4015837,1,1.8330584
11055.0,2024-25,22,4.428235,1,1.5229871
11055.0,2024-25,23,2.4520624,1,1.4744868
11055.0,2024-25,24,2.6511874,1,1.4058758
11055.0,2024-25,25,1.819474,2,1.3288187
11055.0,2024-25,26,1.9330516,2,1.6349479
11055.0,2024-25,27,3.128146,1,1.6619166
11055.0,2024-25,28,1.9707562,1,1.4455508
11055.0,2024-25,29,2.6773016,7,1.4195949
11055.0,2024-25,30,2.6021857,1,1.8183609
11055.0,2024-25,31,3.5038478,2,1.4737016
11055.0,2024-25,32,2.9586105,1,1.0311798
11055.0,2024-25,33,2.6383665,2,0.9116911
11055.0,2024-25,34,2.4884648,9,0.9533898
11055.0,2024-25,35,-0.42424223,0,1.3150975
11055.0,2024-25,36,2.8766956,2,1.122364
11055.0,2024-25,37,2.4204404,2,0.8353081
11055.0,2024-25,38,1.6419932,2,1.1102067
11070.0,2024-25,6,2.5880702,2,1.7591057
11070.0,2024-25,7,2.5341794,6,1.4814266
11070.0,2024-25,8,2.5242805,9,1.9129719
11070.0,2024-25,9,3.196255,1,1.5202471
11070.0,2024-25,10,6.116203,8,1.5719013
11070.0,2024-25,11,4.5623593,2,1.1406007
11070.0,2024-25,12,3.2179008,5,1.1808076
11070.0,2024-25,13,5.2585855,11,1.3531446
11070.0,2024-25,14,4.624159,2,1.6858444
11070.0,2024-25,15,4.08587,2,2.0167506
11070.0,2024-25,16,5.1080613,2,2.6805615
11070.0,2024-25,17,3.912089,2,2.5114863
11070.0,2024-25,18,4.9395056,2,2.5953066
11070.0,2024-25,19,2.5905535,6,1.8608634
11070.0,2024-25,20,3.997863,2,1.9041544
11070.0,2024-25,21,2.8823423,2,1.6935843
11070.0,2024-25,22,3.3852215,2,2.2628806
11070.0,2024-25,23,3.517601,1,2.3870456
11070.0,2024-25,24,0.3276123,0,1.7170463
11070.0,2024-25,25,-0.19106972,0,1.2262386
11070.0,2024-25,26,1.7059691,1,0.8830747
11070.0,2024-25,27,2.3955855,1,1.1246934
11070.0,2024-25,28,2.9090652,1,0.75941384
11070.0,2024-25,29,4.077981,13,0.8323784
11070.0,2024-25,30,3.6690056,9,1.2862808
11070.0,2024-25,31,5.260271,6,1.4030069
11070.0,2024-25,32,4.5790977,6,1.9349774
11070.0,2024-25,33,3.640617,2,2.0291796
11070.0,2024-25,34,6.266482,6,2.9171896
11070.0,2024-25,35,0.6142759,0,2.4640226
11070.0,2024-25,36,6.3200383,1,2.6567383
11070.0,2024-25,37,4.8898716,11,1.9652492
11070.0,2024-25,38,5.051898,4,2.5192676
11296.0,2024-25,6,1.6733596,1,1.3648885
11296.0,2024-25,7,2.118068,4,1.5938302
11296.0,2024-25,8,2.7813108,2,2.0305347
11296.0,2024-25,9,2.8482301,1,2.356687
11296.0,2024-25,10,3.9628327,9,2.4776106
11296.0,2024-25,11,2.8276935,1,1.6102041
11296.0,2024-25,12,4.0043554,1,1.4240695
11296.0,2024-25,13,3.1662278,9,0.9324031
11296.0,2024-25,14,1.8854939,2,0.77750194
11296.0,2024-25,15,-0.6886832,0,1.1611915
11296.0,2024-25,16,3.4250546,9,1.0588225
11296.0,2024-25,17,4.7703753,1,0.9732591
11296.0,2024-25,18,5.6047254,12,0.883957
11296.0,2024-25,19,2.4736562,5,1.094251
11296.0,2024-25,20,3.8973572,6,1.5862417
11296.0,2024-25,21,2.6255713,2,1.788443
11296.0,2024-25,22,2.3118007,2,2.034133
11296.0,2024-25,23,6.8451805,16,2.8996735
11296.0,2024-25,24,4.4976234,5,2.0087032
11296.0,2024-25,24,4.4976234,5,1.5025824
11296.0,2024-25,24,3.7407293,2,2.0087032
11296.0,2024-25,24,3.7407293,2,1.5025824
11296.0,2024-25,25,0.5439038,0,1.5147859
11296.0,2024-25,26,6.0845933,1,1.270582
11296.0,2024-25,27,2.810262,1,1.0096304
11296.0,2024-25,28,0.6148293,0,1.1803442
11296.0,2024-25,29,-0.030997075,0,1.0752002
11296.0,2024-25,30,2.6973538,1,0.80404437
11296.0,2024-25,31,1.3944756,1,0.8190347
11296.0,2024-25,32,1.8000462,1,0.9622642
11296.0,2024-25,33,2.4855113,1,1.2037295
11296.0,2024-25,34,1.8461158,7,1.0889012
11296.0,2024-25,35,3.4867191,2,0.77235055
11296.0,2024-25,36,2.5522711,9,0.9868275
11296.0,2024-25,37,1.9797125,2,0.7252238
11296.0,2024-25,38,3.0369666,7,1.0909661
11360.0,2024-25,12,1.163927,1,1.0714594
11360.0,2024-25,13,0.08061127,0,1.0555248
11360.0,2024-25,14,0.092620775,0,0.66356957
11360.0,2024-25,15,0.11576692,0,0.58374
11360.0,2024-25,16,0.09222446,0,0.51892245
11360.0,2024-25,17,1.988857,1,0.50471914
11360.0,2024-25,18,1.7393601,2,0.6625572
11360.0,2024-25,19,1.9488794,2,0.94565195
11360.0,2024-25,20,2.2740636,1,0.9640511
11360.0,2024-25,21,2.2376256,1,1.0552596
11360.0,2024-25,22,1.7863914,5,1.0753678
11360.0,2024-25,23,2.9765232,2,2.242934
11360.0,2024-25,24,6.1005354,7,1.5657974
11360.0,2024-25,25,3.6723175,5,1.626304
11360.0,2024-25,26,3.9013708,1,1.233891
11360.0,2024-25,27,3.5491085,0,0.9925436
11360.0,2024-25,28,2.8890889,0,1.2026557
11360.0,2024-25,29,3.5766206,7,1.2004453
11360.0,2024-25,30,4.2199283,7,1.7940302
11360.0,2024-25,31,2.9412658,1,1.765317
11360.0,2024-25,32,3.225854,1,1.4211024
11360.0,2024-25,33,3.7210271,1,1.1034404
11360.0,2024-25,34,-0.09568844,0,1.5229373
11360.0,2024-25,35,4.5408506,1,0.9905623
11360.0,2024-25,36,0.10548459,0,1.3779832
11360.0,2024-25,37,-0.0737039,0,1.1702996
11360.0,2024-25,38,2.6097844,1,0.77852845
11366.0,2024-25,6,2.550254,1,0.85675234
11366.0,2024-25,7,2.292511,1,1.0907857
11366.0,2024-25,8,2.783976,1,1.6656519
11366.0,2024-25,9,2.528004,1,1.6539507
11366.0,2024-25,10,2.4419708,1,1.7531836
11366.0,2024-25,11,2.1835675,1,2.2471077
11366.0,2024-25,12,2.9401398,1,2.322853
11366.0,2024-25,13,1.768607,1,1.7411627
11366.0,2024-25,14,2.8525615,0,1.8598269
11366.0,2024-25,15,2.7242165,8,1.4627775
11366.0,2024-25,16,2.6678486,5,1.2980803
11366.0,2024-25,17,2.7534037,7,1.5837816
11366.0,2024-25,18,2.8004897,-2,1.125591
11366.0,2024-25,19,-0.17162983,0,1.6071905
11366.0,2024-25,20,-0.083521806,0,1.237352
11366.0,2024-25,21,0.33799782,0,0.8268001
11366.0,2024-25,22,1.8189964,1,0.5712589
11366.0,2024-25,23,3.8665369,1,1.1112171
11633.0,2024-25,6,0.08837859,0,0.48299557
11633.0,2024-25,7,0.058472883,0,0.51458395
11633.0,2024-25,8,0.058472883,0,0.50978273
11633.0,2024-25,9,0.10289258,0,0.50842226
11633.0,2024-25,10,-0.0009795327,0,0.50782466
11633.0,2024-25,11,-0.0009795327,0,0.50894856
11633.0,2024-25,12,-0.0009795327,0,0.5087007
11633.0,2024-25,13,-0.0009795327,0,0.5077907
11633.0,2024-25,14,-0.0009795327,0,0.5069933
11633.0,2024-25,15,-0.0009795327,0,0.50707024
11633.0,2024-25,16,-0.0009795327,0,0.50707024
11633.0,2024-25,17,-0.0009795327,0,0.50707024
11633.0,2024-25,18,-0.0009795327,0,0.50707024
11633.0,2024-25,19,-0.0009795327,0,0.50707024
11633.0,2024-25,20,1.1532583,1,0.50707024
11633.0,2024-25,21,-0.017353732,0,0.70634544
11633.0,2024-25,22,-0.017353732,0,0.6033764
11633.0,2024-25,23,-0.017353732,0,0.5385582
11633.0,2024-25,24,1.7066503,1,0.50220454
11984.0,2024-25,34,1.097624,1,0.47000402
11984.0,2024-25,35,1.5714115,1,0.72090507
12751.0,2024-25,6,0.0947914,0,0.53361696
12751.0,2024-25,7,-0.09310615,0,0.39621222
12751.0,2024-25,8,0.19887988,0,0.5127303
12751.0,2024-25,9,-0.07583137,0,0.5037614
12751.0,2024-25,10,0.09595464,0,0.504192
12751.0,2024-25,11,0.08957118,0,0.5052982
12751.0,2024-25,12,0.98062724,1,0.50560474
12751.0,2024-25,13,-0.017353732,0,0.651436
12751.0,2024-25,14,2.2662249,1,0.53262836
12751.0,2024-25,15,1.2984684,1,0.66484284
12751.0,2024-25,16,2.9023654,1,0.8023109
12751.0,2024-25,17,1.7857704,0,0.9332485
12751.0,2024-25,18,1.8787398,1,1.167009
12751.0,2024-25,19,2.8231077,1,1.3958479
12751.0,2024-25,20,2.7837784,1,1.0034225
12963.0,2024-25,7,3.9828124,2,1.396607
12963.0,2024-25,8,2.6043718,5,1.7298931
12963.0,2024-25,9,3.6128511,8,1.2096926
12963.0,2024-25,10,3.1046324,7,1.3535098
12963.0,2024-25,11,3.5570307,8,1.1900897
12963.0,2024-25,12,3.3816342,2,1.6858658
12963.0,2024-25,13,4.580521,12,2.0580158
12963.0,2024-25,14,4.9897075,2,1.8572167
12963.0,2024-25,15,4.0429807,2,1.288947
12963.0,2024-25,16,4.918716,2,1.6394178
12963.0,2024-25,17,3.6723063,2,2.5516791
12963.0,2024-25,18,4.1128345,1,3.0834608
12963.0,2024-25,19,3.6800916,8,2.879763
12963.0,2024-25,20,4.866979,2,2.6304889
12963.0,2024-25,21,2.686101,0,2.1356258
12963.0,2024-25,22,3.1067135,0,1.3957636
12963.0,2024-25,23,3.8078024,0,1.2332118
12963.0,2024-25,24,3.0623262,0,0.74985826
12963.0,2024-25,25,2.0115294,0,0.89082927
12963.0,2024-25,26,2.0667634,0,0.5872793
12963.0,2024-25,27,1.5768397,1,0.60195637
12963.0,2024-25,28,2.0064814,8,0.7108234
12963.0,2024-25,29,3.0412803,2,1.083836
12963.0,2024-25,30,4.5580277,8,0.97683823
12963.0,2024-25,31,2.341395,13,1.1918806
12963.0,2024-25,32,4.56705,2,1.2039391
12963.0,2024-25,33,4.059078,2,1.6490299
12963.0,2024-25,34,4.6017056,2,2.0157723
12963.0,2024-25,35,3.520811,6,1.582898
12963.0,2024-25,36,4.7534523,2,1.3939569
12963.0,2024-25,37,4.359882,2,1.736446
12963.0,2024-25,38,7.4346056,2,1.8645877
13060.0,2024-25,9,-0.06358847,0,0.9426067
13060.0,2024-25,10,0.103778854,0,0.56970906
13060.0,2024-25,11,-0.071152344,0,0.4405263
13060.0,2024-25,12,0.013969852,0,0.44473842
13060.0,2024-25,13,-0.08255167,0,0.5189414
13060.0,2024-25,14,-0.013377573,0,0.51559883
13060.0,2024-25,15,0.021759037,0,0.51486313
13060.0,2024-25,16,-0.0009795327,0,0.5166873
13060.0,2024-25,17,-0.0009795327,0,0.5164271
13060.0,2024-25,18,-0.0009795327,0,0.51379067
13060.0,2024-25,19,-0.0009795327,0,0.51024306
13060.0,2024-25,20,-0.0009795327,0,0.5068953
13060.0,2024-25,21,-0.0009795327,0,0.50707024
13060.0,2024-25,22,-0.0009795327,0,0.50707024
13060.0,2024-25,23,-0.0009795327,0,0.50707024
13060.0,2024-25,24,-0.0009795327,0,0.50707024
13060.0,2024-25,25,-0.0009795327,0,0.50707024
13060.0,2024-25,26,-0.0009795327,0,0.50707024
13060.0,2024-25,27,-0.0009795327,0,0.50707024
13060.0,2024-25,28,-0.0009795327,0,0.50707024
13060.0,2024-25,29,-0.0009795327,0,0.50707024
13060.0,2024-25,30,-0.0009795327,0,0.50707024
13060.0,2024-25,31,0.6508941,1,0.50707024
13060.0,2024-25,32,1.0283186,1,0.6092715
13060.0,2024-25,33,1.7041552,1,0.5365362
13060.0,2024-25,34,1.4914917,2,0.50304246
13060.0,2024-25,35,2.807544,1,0.79362226
13060.0,2024-25,36,2.2875905,1,0.945396
13060.0,2024-25,37,1.8579147,1,0.9913937
13060.0,2024-25,38,2.3862762,9,0.98210204
13127.0,2024-25,18,-0.040929805,0,0.6875939
13127.0,2024-25,19,-0.050204765,0,0.54752135
13127.0,2024-25,20,-0.054516714,0,0.5171405
13127.0,2024-25,21,0.010795932,0,0.504112
13127.0,2024-25,22,0.06356247,0,0.5198764
13127.0,2024-25,23,1.5653522,1,0.5174358
13222.0,2024-25,6,1.0395659,0,0.80054045
13222.0,2024-25,7,0.9532464,0,0.6948328
13222.0,2024-25,8,0.39758167,0,0.6261801
13222.0,2024-25,9,0.43542257,0,0.52298474
13222.0,2024-25,10,1.0556698,0,0.5737736
13222.0,2024-25,11,1.1770594,0,0.6371098
13222.0,2024-25,12,0.5562259,1,0.6408181
13222.0,2024-25,13,2.2166314,1,0.70219815
13222.0,2024-25,14,1.4374065,1,0.8572366
13222.0,2024-25,15,2.319681,2,0.89946735
13222.0,2024-25,16,2.533931,0,1.3713273
13222.0,2024-25,17,3.125848,0,1.0701149
13222.0,2024-25,18,2.6960835,0,0.80894196
13222.0,2024-25,19,1.7305578,0,0.54701316
13222.0,2024-25,20,1.6390277,0,0.5833221
13222.0,2024-25,21,1.5611573,0,0.58040166
13222.0,2024-25,22,1.1655309,0,0.6287904
13222.0,2024-25,23,0.945229,0,0.6254069
13222.0,2024-25,24,0.8402827,0,0.6278702
13222.0,2024-25,25,0.9179135,0,0.63553405
13222.0,2024-25,26,0.6801939,0,0.6448617
13222.0,2024-25,27,1.0186039,0,0.6186106
13222.0,2024-25,28,0.58386284,0,0.635203
13222.0,2024-25,29,1.0786376,0,0.6071603
13222.0,2024-25,30,0.82490677,0,0.54216313
13222.0,2024-25,31,0.94724417,0,0.5977318
13222.0,2024-25,32,0.9739247,0,0.6517093
13222.0,2024-25,33,1.1598634,0,0.680145
13222.0,2024-25,34,0.9597819,0,0.66612566
13222.0,2024-25,35,1.0103098,1,0.6742951
13222.0,2024-25,36,2.571222,1,0.82123935
13222.0,2024-25,37,1.7989902,1,0.7199496
13222.0,2024-25,38,2.2265835,1,0.9365504
13466.0,2024-25,30,-0.04606394,0,0.69711107
13466.0,2024-25,31,0.02141159,0,0.52073294
13466.0,2024-25,32,-0.030866815,0,0.5367286
13466.0,2024-25,33,1.4572884,1,0.4947176
13466.0,2024-25,34,2.0274756,1,0.8404557
13466.0,2024-25,35,2.5228543,2,0.7774675
13466.0,2024-25,36,-0.15813476,0,0.9488789
13466.0,2024-25,37,-0.07509631,0,0.80158436
13466.0,2024-25,38,2.1544058,1,0.61694753
13582.0,2024-25,37,2.4800751,1,0.9064987
13582.0,2024-25,38,1.560885,2,1.3156527
