{
  "position": "MID",
  "weight_xgb": 0.874634861946106,
  "weight_lstm": 0.11655030399560928,
  "intercept": 0.09214365482330322,
  "alpha": 10.0,
  "model_type": "ridge",
  "mae": 1.3965098857879639,
  "rmse": 2.3753875616976323,
  "dominant_model": "xgb",
  "trust_ratio": 7.504354953765869
}