{
  "position": "MID",
  "weight_xgb": 0.8987328410148621,
  "weight_lstm": 0.06706339120864868,
  "intercept": 0.13187217712402344,
  "alpha": 10.0,
  "model_type": "ridge",
  "mae": 1.3959617614746094,
  "rmse": 2.3762629313270085,
  "dominant_model": "xgb",
  "trust_ratio": 13.401243209838867
}