{
  "position": "FWD",
  "weight_xgb": 0.768786609172821,
  "weight_lstm": 0.2308385670185089,
  "intercept": 0.21046733856201172,
  "alpha": 10.0,
  "model_type": "ridge",
  "mae": 1.8645042181015015,
  "rmse": 2.8316084342239245,
  "dominant_model": "xgb",
  "trust_ratio": 3.3304080963134766
}