{
  "position": "GK",
  "weight_xgb": 0.5784404873847961,
  "weight_lstm": 0.6562533378601074,
  "intercept": 0.1334831714630127,
  "alpha": 10.0,
  "model_type": "ridge",
  "mae": 1.8016483783721924,
  "rmse": 2.5326436291830334,
  "dominant_model": "lstm",
  "trust_ratio": 1.1345218420028687
}