{
  "position": "FWD",
  "weight_xgb": 0.7823736667633057,
  "weight_lstm": 0.2133478820323944,
  "intercept": 0.2136235237121582,
  "alpha": 10.0,
  "model_type": "ridge",
  "mae": 1.8660719394683838,
  "rmse": 2.8335219675736867,
  "dominant_model": "xgb",
  "trust_ratio": 3.667126417160034
}