{
  "position": "DEF",
  "weight_xgb": 0.77897047996521,
  "weight_lstm": 0.21984927356243134,
  "intercept": 0.13119685649871826,
  "alpha": 10.0,
  "model_type": "ridge",
  "mae": 1.5284346342086792,
  "rmse": 2.3675226660411828,
  "dominant_model": "xgb",
  "trust_ratio": 3.5432024002075195
}