{
  "position": "MID",
  "weight_xgb": 0.8509999339169951,
  "weight_lstm": 0.19407616413597872,
  "intercept": 0.060421766965644386,
  "alpha": 0.001,
  "model_type": "lasso",
  "mae": 1.3959934169599173,
  "rmse": 2.373838317687675,
  "dominant_model": "xgb",
  "trust_ratio": 4.384876101120513
}