{
  "position": "DEF",
  "weight_xgb": 0.7936234474182129,
  "weight_lstm": 0.16910171508789062,
  "intercept": 0.15077459812164307,
  "alpha": 10.0,
  "model_type": "ridge",
  "mae": 1.5288949012756348,
  "rmse": 2.3689608839870786,
  "dominant_model": "xgb",
  "trust_ratio": 4.693171977996826
}