player_id,season,GW,pred_xgb,actual,pred_lstm
181.0,2022-23,8,2.2175984,1,1.4047531
181.0,2022-23,9,1.4787107,2,1.3122905
181.0,2022-23,10,1.7737031,2,1.4003114
181.0,2022-23,11,1.373777,2,1.2556968
181.0,2022-23,12,1.1973176,11,1.3600959
181.0,2022-23,13,2.2406337,2,1.6013328
181.0,2022-23,14,1.9351183,10,1.375377
181.0,2022-23,15,2.4784882,2,1.6588362
181.0,2022-23,16,4.5503283,5,1.4135284
181.0,2022-23,17,4.3448744,6,1.5207261
181.0,2022-23,18,3.9513705,2,1.4281579
181.0,2022-23,19,3.5792816,10,1.416762
181.0,2022-23,19,3.5792816,10,1.5817429
181.0,2022-23,19,4.122543,4,1.416762
181.0,2022-23,19,4.122543,4,1.5817429
181.0,2022-23,20,2.4903255,3,1.2054347
181.0,2022-23,21,2.7778423,2,1.45234
181.0,2022-23,22,3.5812974,6,1.4184476
181.0,2022-23,23,2.2745345,6,1.2442474
181.0,2022-23,24,2.6606035,11,1.6379327
181.0,2022-23,25,2.3080657,2,1.6304766
181.0,2022-23,26,3.1233213,2,1.6884401
181.0,2022-23,27,2.2601347,2,1.3052613
181.0,2022-23,28,0.92117435,0,1.4064379
181.0,2022-23,29,2.6042888,2,1.0930431
181.0,2022-23,30,3.4439538,3,1.4719006
181.0,2022-23,31,3.4063544,3,1.6765877
181.0,2022-23,32,1.728236,2,1.6462064
181.0,2022-23,33,3.0326328,2,1.7465283
181.0,2022-23,34,2.1675513,3,1.5534229
181.0,2022-23,34,2.1675513,3,1.558812
181.0,2022-23,34,2.793636,2,1.5534229
181.0,2022-23,34,2.793636,2,1.558812
181.0,2022-23,35,2.9309356,9,1.5028347
181.0,2022-23,36,1.6017766,8,1.459862
181.0,2022-23,37,1.929797,2,1.3768567
181.0,2022-23,38,1.9509968,3,1.1555389
473.0,2022-23,6,0.9246114,2,1.4648588
473.0,2022-23,7,1.1354377,0,1.5404698
473.0,2022-23,8,1.101514,0,1.2617744
473.0,2022-23,9,0.7666812,8,1.2875763
473.0,2022-23,10,1.0133203,1,1.5901592
473.0,2022-23,11,0.52509236,6,1.394838
473.0,2022-23,12,0.26860273,9,1.5838362
473.0,2022-23,13,0.58738446,8,1.8427447
473.0,2022-23,14,0.7868181,3,1.5687188
473.0,2022-23,15,1.7248843,6,1.561472
473.0,2022-23,16,4.293551,11,1.4981178
473.0,2022-23,17,5.124653,1,1.6248368
473.0,2022-23,18,2.5485659,3,1.7079468
473.0,2022-23,19,3.89702,2,1.5975527
473.0,2022-23,20,4.0685368,2,1.5006512
473.0,2022-23,21,3.633908,1,1.1225013
473.0,2022-23,22,3.2371407,2,1.4077469
473.0,2022-23,23,4.2207108,3,1.3481214
473.0,2022-23,24,1.4581985,2,1.5242026
473.0,2022-23,25,2.4997349,2,1.4991534
473.0,2022-23,26,3.4523256,11,1.4993795
473.0,2022-23,27,4.474042,2,1.520337
509.0,2022-23,22,-0.12548044,0,1.0787033
509.0,2022-23,23,0.046713293,0,0.86872256
509.0,2022-23,24,0.054820497,0,0.72829723
509.0,2022-23,25,0.054342583,0,0.65403366
509.0,2022-23,26,0.058383115,0,0.6104492
509.0,2022-23,27,-0.00014645321,0,0.58224297
509.0,2022-23,28,-0.00014645321,0,0.57643974
509.0,2022-23,29,-0.00014645321,0,0.57235044
509.0,2022-23,30,-0.0081416555,0,0.5698344
509.0,2022-23,31,-0.0081416555,0,0.5668362
509.0,2022-23,32,-0.0081416555,0,0.56232095
509.0,2022-23,33,-0.0081416555,0,0.5575219
509.0,2022-23,34,-0.0081416555,0,0.5534743
509.0,2022-23,35,-0.0081416555,0,0.5505787
509.0,2022-23,36,-0.0081416555,0,0.5505787
509.0,2022-23,37,0.36899287,1,0.5505787
509.0,2022-23,38,4.298303,3,0.94197416
635.0,2022-23,38,4.7287564,1,1.6264997
637.0,2022-23,6,0.15235119,2,1.7380066
637.0,2022-23,7,0.27885646,0,1.6397451
637.0,2022-23,8,0.0767062,2,1.2409844
637.0,2022-23,9,0.58069384,3,1.4909998
637.0,2022-23,10,1.0104396,10,1.5532886
637.0,2022-23,11,1.5006694,6,1.8290268
637.0,2022-23,12,1.4482428,3,1.5178806
637.0,2022-23,13,1.3548373,2,1.1484882
637.0,2022-23,14,1.6996619,1,1.2304198
637.0,2022-23,15,1.0865062,2,1.287861
637.0,2022-23,16,4.5439305,1,1.557899
637.0,2022-23,17,0.735838,0,1.7090594
637.0,2022-23,18,4.346384,1,1.1949642
637.0,2022-23,19,2.8270297,7,1.4137537
637.0,2022-23,20,2.3210804,0,1.3753419
637.0,2022-23,20,2.3210804,0,1.2957566
637.0,2022-23,20,3.855986,0,1.3753419
637.0,2022-23,20,3.855986,0,1.2957566
637.0,2022-23,21,3.3715298,9,1.1931754
637.0,2022-23,22,3.1871846,10,1.2037684
637.0,2022-23,23,0.04382731,0,1.247715
637.0,2022-23,24,0.9899823,0,0.96135753
637.0,2022-23,25,0.53645414,0,0.7998854
637.0,2022-23,26,-0.111300655,0,0.7027322
637.0,2022-23,27,-0.24062777,0,0.726109
637.0,2022-23,28,0.05722276,0,0.6935116
637.0,2022-23,29,1.1307509,3,0.66968226
637.0,2022-23,30,4.9993157,3,1.2215229
637.0,2022-23,31,2.6760132,2,1.5712951
637.0,2022-23,32,3.8394995,-1,1.5437318
706.0,2022-23,6,0.59869915,1,1.6440414
706.0,2022-23,7,0.23767993,0,1.4544898
706.0,2022-23,8,1.0320905,2,1.1669477
706.0,2022-23,9,0.820986,7,1.2446533
706.0,2022-23,10,-0.17175758,2,1.6823773
706.0,2022-23,11,0.6996083,6,1.7574264
706.0,2022-23,12,1.3434229,4,1.8900255
706.0,2022-23,13,0.8643639,8,1.6415362
706.0,2022-23,14,2.263613,1,1.6926103
706.0,2022-23,15,0.92801875,2,1.3770722
706.0,2022-23,16,4.3581614,9,1.4182338
706.0,2022-23,17,4.314479,1,1.9080373
706.0,2022-23,18,3.5356224,2,1.7544551
706.0,2022-23,19,5.105808,2,1.6578871
706.0,2022-23,20,3.6707702,3,1.445753
706.0,2022-23,21,4.4300566,6,1.3817024
706.0,2022-23,22,3.9342442,2,1.6789596
706.0,2022-23,23,3.5051677,3,1.6581198
706.0,2022-23,24,3.5924575,2,1.894076
706.0,2022-23,25,2.110892,6,1.6975281
706.0,2022-23,26,0.022155572,0,1.7604793
706.0,2022-23,27,-0.097484,0,1.2754118
706.0,2022-23,28,0.40675768,0,1.0287015
706.0,2022-23,29,2.6276782,8,0.9345708
706.0,2022-23,29,2.6276782,8,1.4713672
706.0,2022-23,29,2.8704636,0,0.9345708
706.0,2022-23,29,2.8704636,0,1.4713672
706.0,2022-23,30,3.5601752,8,2.0574727
706.0,2022-23,31,3.206177,2,2.0266984
706.0,2022-23,32,3.6668348,6,1.8174714
706.0,2022-23,33,1.8911016,1,1.539319
706.0,2022-23,34,3.708472,0,1.5914291
706.0,2022-23,34,3.708472,0,1.5951835
706.0,2022-23,34,2.6951358,2,1.5914291
706.0,2022-23,34,2.6951358,2,1.5951835
706.0,2022-23,35,2.54958,8,1.681753
706.0,2022-23,36,2.9419963,3,1.966731
706.0,2022-23,37,1.6896847,2,1.5756027
706.0,2022-23,38,2.5172846,1,1.5915492
741.0,2022-23,6,1.0697368,9,1.7430154
741.0,2022-23,7,0.9463468,0,1.7067018
741.0,2022-23,8,1.07364,0,1.4903891
741.0,2022-23,9,1.8423376,2,1.1252903
741.0,2022-23,10,1.5170469,1,1.2883025
741.0,2022-23,11,1.8528074,2,1.2237674
741.0,2022-23,12,1.1885691,3,1.2825961
741.0,2022-23,13,1.0820112,6,1.3573157
741.0,2022-23,14,1.7647897,11,1.5571784
741.0,2022-23,15,0.9648103,3,1.6886567
741.0,2022-23,16,4.204628,2,1.6548725
741.0,2022-23,17,3.8967237,1,1.4197745
741.0,2022-23,18,3.7745862,2,1.4185783
741.0,2022-23,19,4.1058173,1,1.1920847
741.0,2022-23,20,3.2054272,2,1.5977554
741.0,2022-23,21,3.8831728,1,1.5430483
741.0,2022-23,22,2.3231885,5,1.4178895
741.0,2022-23,23,2.9738283,1,1.4937606
741.0,2022-23,24,2.1873996,6,1.212706
741.0,2022-23,25,3.0588903,2,1.3019487
741.0,2022-23,25,3.0588903,2,1.5596662
741.0,2022-23,25,3.503101,0,1.3019487
741.0,2022-23,25,3.503101,0,1.5596662
741.0,2022-23,26,3.9896078,1,1.404014
741.0,2022-23,27,4.0427866,8,1.2984192
741.0,2022-23,28,3.9153473,2,1.424527
741.0,2022-23,29,3.583637,2,1.3628095
741.0,2022-23,30,3.4083261,4,1.4296192
741.0,2022-23,31,3.4500527,2,1.2386329
741.0,2022-23,32,2.1961265,6,1.1191281
741.0,2022-23,33,3.8508897,1,1.3855876
741.0,2022-23,34,3.832573,10,1.4226834
741.0,2022-23,35,1.8680568,3,1.2856592
741.0,2022-23,36,3.1827517,1,1.2196318
741.0,2022-23,37,2.5860157,3,1.2423491
741.0,2022-23,38,3.1109242,5,0.8856422
831.0,2022-23,22,-0.02460342,0,0.6661624
831.0,2022-23,23,0.69897103,0,0.6223262
831.0,2022-23,24,2.8431358,6,0.9471292
831.0,2022-23,25,3.1047971,6,1.4937027
831.0,2022-23,26,3.7537122,3,1.7254046
831.0,2022-23,27,3.5380135,9,1.7675604
831.0,2022-23,28,2.8802917,2,1.8103598
831.0,2022-23,29,0.3897304,0,1.7062885
831.0,2022-23,30,0.7073068,0,1.3789197
831.0,2022-23,31,0.20854475,0,1.0281522
831.0,2022-23,32,1.684007,1,0.84107625
831.0,2022-23,33,1.5107309,2,1.1909567
831.0,2022-23,34,1.9791142,0,1.2081021
831.0,2022-23,35,4.740273,5,1.2116498
831.0,2022-23,36,2.833468,1,1.2965537
831.0,2022-23,37,3.5470715,1,1.2184033
831.0,2022-23,38,4.0949936,2,1.4565812
978.0,2022-23,35,3.3867052,2,1.4057015
978.0,2022-23,36,4.793387,6,1.4280095
978.0,2022-23,37,3.7332127,1,1.6915051
978.0,2022-23,38,3.134585,3,1.6489872
1257.0,2022-23,6,0.7934601,8,1.3682562
1257.0,2022-23,7,0.38250202,0,1.1283182
1257.0,2022-23,8,0.22337705,0,0.9315933
1257.0,2022-23,9,0.82914096,2,0.76111525
1257.0,2022-23,10,0.7934333,2,1.2438194
1257.0,2022-23,11,0.9345996,14,1.524222
1257.0,2022-23,12,2.1920345,15,1.8315578
1257.0,2022-23,13,2.8836868,4,1.9346364
1257.0,2022-23,14,2.6670218,2,1.6156768
1257.0,2022-23,15,1.7901375,3,1.5637592
1257.0,2022-23,16,4.734448,3,1.3743838
1257.0,2022-23,17,4.887384,3,1.5209782
1257.0,2022-23,18,5.0585995,2,1.5525023
1257.0,2022-23,19,3.964373,2,1.8990651
1257.0,2022-23,20,4.8069353,2,2.0908692
1257.0,2022-23,21,3.4443908,9,1.8729855
1257.0,2022-23,22,3.2924798,2,1.8969041
1257.0,2022-23,23,3.942183,6,1.3969821
1257.0,2022-23,24,2.7440708,7,1.4164703
1257.0,2022-23,25,1.8429899,6,1.1437618
1257.0,2022-23,25,1.8429899,6,1.1083003
1257.0,2022-23,25,2.3934352,6,1.1437618
1257.0,2022-23,25,2.3934352,6,1.1083003
1257.0,2022-23,26,2.7036803,7,1.7323185
1257.0,2022-23,27,3.2784386,2,1.6918268
1257.0,2022-23,28,-0.15440702,0,1.7814611
1257.0,2022-23,29,3.0055306,1,1.3385831
1257.0,2022-23,29,3.0055306,1,1.7419676
1257.0,2022-23,29,2.7986588,6,1.3385831
1257.0,2022-23,29,2.7986588,6,1.7419676
1257.0,2022-23,30,2.2725072,2,1.8286716
1257.0,2022-23,31,4.228191,2,1.8620753
1257.0,2022-23,32,2.0799289,2,1.5041982
1257.0,2022-23,33,2.107717,2,1.446813
1257.0,2022-23,34,2.2280564,2,1.4089842
1257.0,2022-23,34,2.2280564,2,1.5894803
1257.0,2022-23,34,2.4975681,10,1.4089842
1257.0,2022-23,34,2.4975681,10,1.5894803
1257.0,2022-23,35,3.675691,5,1.7617823
1257.0,2022-23,36,2.7526424,9,1.4860293
1257.0,2022-23,37,2.844466,2,1.1214393
1257.0,2022-23,38,4.28252,0,0.8589262
1297.0,2022-23,7,0.27246088,0,1.1715281
1297.0,2022-23,8,0.74221236,4,1.0125238
1297.0,2022-23,9,0.7860215,8,1.2518244
1297.0,2022-23,10,1.2744106,3,1.5440315
1297.0,2022-23,11,1.7042265,1,1.493955
1297.0,2022-23,12,1.2945583,2,1.3836257
1297.0,2022-23,13,0.6581947,1,1.4906904
1297.0,2022-23,14,1.0316014,0,1.3454272
1297.0,2022-23,15,0.5520252,0,1.1077328
1297.0,2022-23,16,3.3135333,0,0.94369423
1297.0,2022-23,17,2.7402894,0,0.90727675
1297.0,2022-23,18,2.4785087,0,0.8294167
1297.0,2022-23,19,1.4364607,0,0.73557246
1297.0,2022-23,20,1.2605366,0,0.62645876
1297.0,2022-23,21,2.2672188,3,0.8929018
1297.0,2022-23,22,3.2985775,3,1.3292106
1297.0,2022-23,23,4.1191745,4,1.4672697
1297.0,2022-23,24,3.293798,10,1.5233936
1297.0,2022-23,25,2.8094463,0,1.4497192
1297.0,2022-23,26,1.7336937,2,1.2175578
1297.0,2022-23,27,3.9352093,10,0.9952945
1297.0,2022-23,28,2.6885428,3,1.0225502
1297.0,2022-23,29,1.7602731,2,0.8108761
1297.0,2022-23,29,1.7602731,2,0.96520627
1297.0,2022-23,29,2.0111523,2,0.8108761
1297.0,2022-23,29,2.0111523,2,0.96520627
1297.0,2022-23,30,3.9595468,8,0.97001624
1297.0,2022-23,31,2.820241,3,1.0081186
1297.0,2022-23,32,1.6454694,2,1.3598357
1297.0,2022-23,33,2.3622327,7,1.5109903
1297.0,2022-23,34,1.8129885,3,1.6527005
1297.0,2022-23,35,1.9715937,1,1.3908712
1297.0,2022-23,36,3.3235078,2,1.53136
1297.0,2022-23,37,2.9392672,3,1.4734195
1297.0,2022-23,38,3.5978804,0,1.7762477
2190.0,2022-23,6,1.4364643,7,1.4061605
2190.0,2022-23,7,0.6623169,0,1.5499538
2190.0,2022-23,8,0.17106192,0,1.3547066
2190.0,2022-23,9,1.127694,1,1.1204196
2190.0,2022-23,10,0.349501,3,1.2808892
2190.0,2022-23,11,0.86561483,11,1.5345212
2190.0,2022-23,12,0.9242655,3,1.813886
2190.0,2022-23,13,1.6872962,2,1.6405023
2190.0,2022-23,14,1.3733861,9,1.4334617
2190.0,2022-23,15,1.7476023,2,1.6155103
2190.0,2022-23,16,4.4430213,2,1.4630775
2190.0,2022-23,17,4.6923532,3,1.6729487
2190.0,2022-23,18,4.761251,7,1.8279287
2190.0,2022-23,19,4.2377205,0,1.928264
2190.0,2022-23,20,4.536597,3,1.7228948
2190.0,2022-23,20,4.536597,3,1.4126394
2190.0,2022-23,20,2.392619,3,1.7228948
2190.0,2022-23,20,2.392619,3,1.4126394
2190.0,2022-23,21,3.021848,10,1.434569
2190.0,2022-23,22,3.9819553,2,1.674414
2190.0,2022-23,23,2.9345796,4,1.4871422
2190.0,2022-23,24,2.1315043,3,1.3374084
2190.0,2022-23,25,2.8800683,9,1.2484157
2190.0,2022-23,26,1.7919419,2,1.36028
2190.0,2022-23,27,1.6610024,3,1.3119189
2190.0,2022-23,28,-0.45401317,0,1.3035606
2190.0,2022-23,29,2.9931967,2,0.9840463
2243.0,2022-23,27,3.8860326,2,1.3602134
2243.0,2022-23,28,3.5978537,0,1.4149714
2243.0,2022-23,29,3.2653353,2,1.4065343
2243.0,2022-23,29,3.2653353,2,1.5035856
2243.0,2022-23,29,4.649912,2,1.4065343
2243.0,2022-23,29,4.649912,2,1.5035856
2243.0,2022-23,30,3.7178504,1,1.5770482
2243.0,2022-23,31,4.013769,2,1.4594167
2243.0,2022-23,32,4.2667665,1,1.5569667
2243.0,2022-23,33,3.1808634,3,1.5289544
2243.0,2022-23,34,4.469377,3,1.4451655
2243.0,2022-23,35,2.6988385,1,1.1527537
2243.0,2022-23,36,2.1859288,2,1.0634665
2243.0,2022-23,37,2.8804982,9,1.149469
2310.0,2022-23,6,0.17144428,0,0.6831405
2310.0,2022-23,7,0.073170595,0,0.62377274
2310.0,2022-23,8,0.081277795,0,0.5972949
2310.0,2022-23,9,0.081277795,0,0.5857153
2310.0,2022-23,10,-0.0081416555,0,0.5789426
2310.0,2022-23,11,-0.0081416555,0,0.5719557
2310.0,2022-23,12,-0.0081416555,0,0.5645591
2310.0,2022-23,13,-0.0081416555,0,0.55829334
2310.0,2022-23,14,0.069039755,1,0.5536183
2310.0,2022-23,15,0.5513716,0,0.6321888
2310.0,2022-23,16,0.5513716,0,0.61515164
2310.0,2022-23,17,0.5513716,0,0.5993813
2310.0,2022-23,18,0.16207649,0,0.58838063
2310.0,2022-23,19,0.16207649,0,0.5808031
2310.0,2022-23,20,0.07339515,0,0.56520534
2310.0,2022-23,21,0.07339515,0,0.56520534
2310.0,2022-23,22,0.07339515,0,0.56520534
2310.0,2022-23,23,-0.0081416555,0,0.56520534
2310.0,2022-23,24,-0.0081416555,0,0.56327105
2310.0,2022-23,25,0.3176144,1,0.55963814
2310.0,2022-23,26,1.8029466,1,0.7767893
2310.0,2022-23,27,3.3067036,3,1.0868973
4401.0,2022-23,6,0.8917999,3,1.4911253
4401.0,2022-23,7,0.8954521,0,1.6005133
4401.0,2022-23,8,0.91618925,6,1.3307331
4401.0,2022-23,9,0.7642097,6,1.6342766
4401.0,2022-23,10,1.1566006,2,1.7111641
4401.0,2022-23,11,0.4812502,1,1.6831769
4401.0,2022-23,12,0.21004398,2,1.8537838
4401.0,2022-23,13,0.42669258,7,1.577762
4401.0,2022-23,14,0.7892263,1,1.6257877
4401.0,2022-23,15,0.90174097,2,1.606635
4401.0,2022-23,16,4.104094,1,1.5755419
4401.0,2022-23,17,1.010641,0,0.9444996
4401.0,2022-23,18,0.5880443,0,1.4922959
4401.0,2022-23,19,2.106971,2,1.9292759
4401.0,2022-23,20,2.7707858,1,2.5045877
4401.0,2022-23,21,3.3368082,10,2.732511
4401.0,2022-23,22,3.359137,0,1.6868937
4401.0,2022-23,23,4.23915,2,1.9241108
4401.0,2022-23,24,4.3842945,-3,1.7570925
4401.0,2022-23,25,2.4070323,9,1.7233166
4401.0,2022-23,26,3.1956363,7,1.5123438
4401.0,2022-23,27,2.712767,3,1.756499
4401.0,2022-23,28,2.4544716,7,1.4954377
4401.0,2022-23,29,3.159387,11,1.162296
4401.0,2022-23,29,3.159387,11,0.85379434
4401.0,2022-23,29,3.2250228,3,1.162296
4401.0,2022-23,29,3.2250228,3,0.85379434
4401.0,2022-23,30,3.1872072,9,1.2636641
4401.0,2022-23,31,3.08201,6,1.5056597
4401.0,2022-23,32,3.5345728,1,1.1852397
4401.0,2022-23,33,3.4809196,5,0.935537
4401.0,2022-23,34,3.00141,3,0.9570824
4401.0,2022-23,35,3.3942153,2,1.438315
4401.0,2022-23,36,2.9558575,2,1.7439286
4401.0,2022-23,37,3.6561868,2,1.6920928
4401.0,2022-23,38,3.2599614,3,1.6643578
5061.0,2022-23,14,1.4137667,0,1.478819
5061.0,2022-23,15,1.4515742,0,1.3320178
5061.0,2022-23,16,1.192411,0,1.117882
5061.0,2022-23,17,2.8982248,9,0.98699355
5061.0,2022-23,18,2.947712,3,1.5405349
5061.0,2022-23,19,2.4073274,2,1.3307173
5061.0,2022-23,19,2.4073274,2,1.3786315
5061.0,2022-23,19,3.1067953,1,1.3307173
5061.0,2022-23,19,3.1067953,1,1.3786315
5061.0,2022-23,20,4.1675725,10,1.4009161
5061.0,2022-23,21,2.8674896,9,1.3339318
5061.0,2022-23,22,2.6984115,10,1.3055905
5061.0,2022-23,23,2.8787146,2,1.2330743
5061.0,2022-23,24,4.0312514,2,1.0325801
5061.0,2022-23,25,3.3691487,1,0.94926274
5061.0,2022-23,26,3.2547612,6,1.2593905
5061.0,2022-23,27,4.4313726,3,1.6704346
5061.0,2022-23,28,3.627266,1,1.6309122
5061.0,2022-23,29,3.6617818,1,1.7429782
5061.0,2022-23,29,3.6617818,1,1.90085
5061.0,2022-23,29,2.6171556,7,1.7429782
5061.0,2022-23,29,2.6171556,7,1.90085
5061.0,2022-23,30,3.4514718,3,1.7021538
5061.0,2022-23,31,3.0936184,6,1.3864669
5061.0,2022-23,32,0.43267152,0,1.6027161
5061.0,2022-23,33,2.7581463,1,1.2286823
5061.0,2022-23,34,2.8463297,3,1.3634034
5061.0,2022-23,35,2.8635125,3,1.3807625
5061.0,2022-23,36,-0.009415896,0,1.3565282
5061.0,2022-23,37,1.8503771,2,1.197899
5061.0,2022-23,37,1.8503771,2,1.4388198
5061.0,2022-23,37,2.5434763,1,1.197899
5061.0,2022-23,37,2.5434763,1,1.4388198
5061.0,2022-23,38,2.0446079,3,1.4415977
5552.0,2022-23,6,1.6334728,12,1.3362936
5552.0,2022-23,7,1.3302532,0,1.4994038
5552.0,2022-23,8,1.4164691,2,1.4230994
5552.0,2022-23,9,1.6741427,2,1.5167518
5552.0,2022-23,10,0.8682369,2,1.4955546
5552.0,2022-23,11,0.80113006,6,1.5111586
5552.0,2022-23,12,-0.3758981,6,1.6936312
5552.0,2022-23,13,0.44322073,2,1.8621262
5552.0,2022-23,14,0.3067405,6,1.7402374
5552.0,2022-23,15,0.70953655,3,1.8729117
5552.0,2022-23,16,4.0343447,5,1.8635434
5552.0,2022-23,17,3.5646172,6,2.0452042
5552.0,2022-23,18,4.7562237,6,1.9070992
5552.0,2022-23,19,4.351214,10,1.9264905
5552.0,2022-23,20,2.4836302,5,1.7311181
5552.0,2022-23,21,4.064976,6,1.4842086
5552.0,2022-23,22,2.2168477,2,1.4649075
5552.0,2022-23,23,2.3280344,3,1.5664119
5552.0,2022-23,24,3.5206695,-3,1.6316696
5552.0,2022-23,25,0.41127127,0,1.3384374
5552.0,2022-23,26,2.3182087,1,0.89322126
5552.0,2022-23,27,3.0118206,3,0.9712113
5552.0,2022-23,28,4.7850013,2,1.343329
5552.0,2022-23,29,3.9147203,6,1.5057158
5552.0,2022-23,29,3.9147203,6,1.6031857
5552.0,2022-23,29,4.7241464,2,1.5057158
5552.0,2022-23,29,4.7241464,2,1.6031857
5552.0,2022-23,30,3.258888,11,1.515129
5552.0,2022-23,31,3.3734086,2,1.3437953
5552.0,2022-23,32,4.751603,2,1.2254406
5552.0,2022-23,33,5.418378,3,1.1886201
5552.0,2022-23,34,2.41993,2,1.3317827
5552.0,2022-23,35,3.7155194,2,1.4417821
5552.0,2022-23,36,4.554241,8,1.6882569
5552.0,2022-23,36,4.554241,8,1.7589611
5552.0,2022-23,36,3.579806,2,1.6882569
5552.0,2022-23,36,3.579806,2,1.7589611
5552.0,2022-23,37,2.523767,6,1.8405746
5603.0,2022-23,6,0.7381643,2,1.7201859
5603.0,2022-23,7,0.20025077,0,1.6143552
5603.0,2022-23,8,0.59436727,6,1.2661579
5603.0,2022-23,9,-0.11524089,2,1.4322735
5603.0,2022-23,10,0.28228158,1,1.5160514
5603.0,2022-23,11,0.667522,10,1.3728467
5603.0,2022-23,12,0.46808535,0,1.6627681
5603.0,2022-23,13,0.9779607,2,1.2689686
5603.0,2022-23,14,0.74075776,6,1.3105768
5603.0,2022-23,15,0.48261765,6,1.4932482
5603.0,2022-23,16,3.3003485,6,1.4282902
5603.0,2022-23,17,3.1612163,3,1.860459
5603.0,2022-23,18,3.1022403,2,2.1851168
5603.0,2022-23,19,4.074764,6,2.2926893
5603.0,2022-23,20,3.753492,11,2.217521
5603.0,2022-23,21,2.702039,1,1.7014353
5603.0,2022-23,22,3.9885752,3,1.5499505
5603.0,2022-23,23,3.8169863,2,1.4260863
5603.0,2022-23,23,3.8169863,2,1.4437164
5603.0,2022-23,23,2.905143,1,1.4260863
5603.0,2022-23,23,2.905143,1,1.4437164
5603.0,2022-23,24,3.6658797,2,1.4030318
5603.0,2022-23,25,3.0280929,6,1.3778635
5603.0,2022-23,25,3.0280929,6,1.4937629
5603.0,2022-23,25,4.312673,7,1.3778635
5603.0,2022-23,25,4.312673,7,1.4937629
5603.0,2022-23,26,3.1837292,1,1.6306148
5603.0,2022-23,27,3.5041022,6,1.832569
5603.0,2022-23,28,3.8420491,3,1.9788266
5603.0,2022-23,29,2.906157,3,2.1690178
5603.0,2022-23,30,3.175578,1,1.9831015
5603.0,2022-23,31,2.506385,1,1.7780887
5603.0,2022-23,32,2.5734267,2,1.6194861
5603.0,2022-23,33,1.579127,1,1.5267583
5603.0,2022-23,34,3.337722,3,1.4786227
5603.0,2022-23,35,2.7772992,10,1.5863014
5603.0,2022-23,36,4.1502275,2,1.6804479
5603.0,2022-23,37,2.882724,2,1.2996253
5603.0,2022-23,38,3.6327572,6,0.9476905
6054.0,2022-23,6,0.9597481,2,1.6315689
6054.0,2022-23,7,0.33723843,0,1.6369255
6054.0,2022-23,8,0.8400211,6,1.1916866
6054.0,2022-23,9,0.45040548,2,1.3607179
6054.0,2022-23,10,0.39048436,6,1.4810175
6054.0,2022-23,11,0.19135466,2,1.3623077
6054.0,2022-23,12,0.15278113,0,1.3483819
6054.0,2022-23,13,0.6778904,5,1.07906
6054.0,2022-23,14,1.6657192,9,1.4071063
6054.0,2022-23,15,1.0385413,2,1.7746269
6054.0,2022-23,16,3.7310147,2,1.6875274
6054.0,2022-23,17,4.6664605,2,1.4101007
6054.0,2022-23,18,4.882245,2,1.379296
6054.0,2022-23,19,4.3622365,8,1.4339414
6054.0,2022-23,20,4.1744413,1,1.5591944
6054.0,2022-23,20,4.1744413,1,1.4947767
6054.0,2022-23,20,3.5664299,1,1.5591944
6054.0,2022-23,20,3.5664299,1,1.4947767
6054.0,2022-23,21,3.713676,6,1.2399987
6054.0,2022-23,22,3.5741222,1,1.3011168
6054.0,2022-23,23,3.8688748,2,1.3724884
6054.0,2022-23,23,3.8688748,2,1.9065491
6054.0,2022-23,23,3.9196744,1,1.3724884
6054.0,2022-23,23,3.9196744,1,1.9065491
6054.0,2022-23,24,4.0739527,2,1.411923
6054.0,2022-23,25,4.0353994,2,1.4094365
6054.0,2022-23,26,3.7508655,7,1.4930353
6054.0,2022-23,27,5.5659637,6,1.9741741
6054.0,2022-23,28,0.1844994,0,2.0599458
6054.0,2022-23,29,3.8655386,2,1.5472343
6054.0,2022-23,30,4.523255,2,2.0017178
6054.0,2022-23,31,3.118307,3,1.8003255
6054.0,2022-23,32,0.17565219,0,1.5868028
6054.0,2022-23,33,2.8850865,2,1.0737795
6054.0,2022-23,34,4.0874496,1,1.5617151
6054.0,2022-23,34,4.0874496,1,1.4553777
6054.0,2022-23,34,4.7681923,0,1.5617151
6054.0,2022-23,34,4.7681923,0,1.4553777
6054.0,2022-23,35,4.8014097,2,1.1084931
6054.0,2022-23,36,5.2788596,8,1.5049807
6054.0,2022-23,37,4.800709,0,1.7637967
6054.0,2022-23,37,4.800709,0,1.3389697
6054.0,2022-23,37,4.2298584,0,1.7637967
6054.0,2022-23,37,4.2298584,0,1.3389697
6054.0,2022-23,38,3.9160075,3,0.92901397
6532.0,2022-23,29,-0.101769924,0,0.742398
6532.0,2022-23,30,-0.0046076975,0,0.6460637
6532.0,2022-23,31,-0.020081863,0,0.6093246
6532.0,2022-23,32,-0.020081863,0,0.59293383
6532.0,2022-23,33,-0.0081416555,0,0.583644
6532.0,2022-23,34,-0.0081416555,0,0.5764743
6532.0,2022-23,35,-0.0081416555,0,0.56697625
6532.0,2022-23,36,-0.0081416555,0,0.5590487
6532.0,2022-23,37,-0.0081416555,0,0.55366135
6532.0,2022-23,38,0.4251367,3,0.5505787
6880.0,2022-23,6,1.4496402,2,1.6592708
6880.0,2022-23,7,0.15621065,0,1.6207578
6880.0,2022-23,8,0.29046872,0,1.283909
6880.0,2022-23,9,0.53247356,0,1.0438282
6880.0,2022-23,10,0.12613533,0,0.88435906
6880.0,2022-23,11,0.27545905,0,0.7786555
6880.0,2022-23,12,0.06301255,0,0.6929472
6880.0,2022-23,13,0.07052557,0,0.663887
6880.0,2022-23,14,0.21852955,2,0.63878846
6880.0,2022-23,15,1.003674,2,0.92550147
6880.0,2022-23,16,4.482504,2,1.0298787
6880.0,2022-23,17,-0.35888946,0,1.260671
6880.0,2022-23,18,-0.2518127,0,1.0232056
6880.0,2022-23,19,-0.30397606,0,0.82143563
6880.0,2022-23,20,-0.15192191,0,0.72805566
6880.0,2022-23,21,0.118343264,0,0.6236429
6880.0,2022-23,22,-0.015955636,0,0.6012321
6880.0,2022-23,23,-0.072884575,0,0.6012321
6880.0,2022-23,24,0.01913156,0,0.6008283
6880.0,2022-23,25,-0.0081416555,0,0.5956538
6880.0,2022-23,26,-0.0081416555,0,0.5853283
6880.0,2022-23,27,-0.0081416555,0,0.57261133
6880.0,2022-23,28,-0.0081416555,0,0.5613863
6880.0,2022-23,29,-0.0081416555,0,0.553496
6880.0,2022-23,30,-0.0081416555,0,0.5505787
6880.0,2022-23,31,-0.0081416555,0,0.5505787
6880.0,2022-23,32,-0.0081416555,0,0.5505787
6880.0,2022-23,33,-0.0081416555,0,0.5505787
6880.0,2022-23,34,-0.0081416555,0,0.5505787
6880.0,2022-23,35,-0.0081416555,0,0.5505787
6880.0,2022-23,36,0.9071926,1,0.5505787
6962.0,2022-23,19,-0.18009254,0,1.4235095
6962.0,2022-23,20,-0.13898663,0,1.1647732
6962.0,2022-23,21,0.4705884,0,0.9059453
6962.0,2022-23,22,-0.066933624,0,0.7469996
6962.0,2022-23,23,0.4907139,0,0.6586011
6962.0,2022-23,24,-0.01621912,0,0.60688627
6962.0,2022-23,25,-0.01621912,0,0.5983409
6962.0,2022-23,26,-0.11079989,0,0.5933865
6962.0,2022-23,27,-0.0081416555,0,0.5904562
6962.0,2022-23,28,-0.0081416555,0,0.5847495
6962.0,2022-23,29,-0.0081416555,0,0.573854
6962.0,2022-23,30,-0.0081416555,0,0.56311
6962.0,2022-23,31,-0.0081416555,0,0.5549152
6962.0,2022-23,32,0.16483392,1,0.5505787
7235.0,2022-23,29,3.0677595,4,0.90659815
7235.0,2022-23,29,4.336972,6,0.90659815
7235.0,2022-23,30,3.7898078,1,1.005739
7235.0,2022-23,31,-0.29021364,0,1.353352
7235.0,2022-23,32,0.25613198,0,1.4411274
7235.0,2022-23,33,3.7444205,10,1.3210418
7235.0,2022-23,34,4.070595,6,1.2619542
7235.0,2022-23,34,4.070595,6,1.4240577
7235.0,2022-23,34,3.7403634,9,1.2619542
7235.0,2022-23,34,3.7403634,9,1.4240577
7235.0,2022-23,35,2.1810298,-2,1.497764
7235.0,2022-23,36,1.6958963,6,1.2902421
7235.0,2022-23,36,1.6958963,6,0.8063104
7235.0,2022-23,36,1.0969847,1,1.2902421
7235.0,2022-23,36,1.0969847,1,0.8063104
7235.0,2022-23,37,3.4851115,2,0.7952205
7235.0,2022-23,37,3.4851115,2,0.93643737
7235.0,2022-23,37,2.99053,3,0.7952205
7235.0,2022-23,37,2.99053,3,0.93643737
7235.0,2022-23,38,4.3329506,2,1.2907208
7582.0,2022-23,6,1.2137636,0,1.2485812
7582.0,2022-23,7,1.0093359,0,0.956541
7582.0,2022-23,8,0.1232074,0,0.80826217
7582.0,2022-23,9,0.20190999,0,0.703639
7582.0,2022-23,10,0.07221634,0,0.6657343
7582.0,2022-23,11,0.07089523,0,0.64248085
7582.0,2022-23,12,0.067513086,0,0.6194414
7582.0,2022-23,13,0.069039755,1,0.59822434
7582.0,2022-23,14,0.6367024,2,0.69444263
7582.0,2022-23,15,1.0746894,0,0.9964192
7582.0,2022-23,16,5.1034055,8,1.0556928
7582.0,2022-23,17,4.323002,2,1.569866
7582.0,2022-23,18,3.788501,2,1.6043118
7582.0,2022-23,19,4.211347,2,1.6408206
7582.0,2022-23,20,1.3073801,0,1.5411886
7582.0,2022-23,21,0.10531139,0,1.0431784
7582.0,2022-23,22,0.4416076,0,0.79249245
7582.0,2022-23,23,0.02561349,0,0.6707046
7582.0,2022-23,24,0.012388157,0,0.63071
7582.0,2022-23,25,0.0039477265,0,0.6741199
7582.0,2022-23,26,0.0012615696,0,0.65480113
7582.0,2022-23,27,0.014941254,0,0.6303603
7582.0,2022-23,28,-0.0081416555,0,0.6065922
7582.0,2022-23,29,-0.0081416555,0,0.5855579
7582.0,2022-23,30,-0.0081416555,0,0.5691942
7582.0,2022-23,31,-0.0081416555,0,0.5590969
7582.0,2022-23,32,-0.0081416555,0,0.5531693
7582.0,2022-23,33,-0.0081416555,0,0.5505787
7582.0,2022-23,34,-0.0081416555,0,0.5505787
7582.0,2022-23,35,-0.0081416555,0,0.5505787
7582.0,2022-23,36,-0.0081416555,0,0.5505787
7582.0,2022-23,37,-0.0081416555,0,0.5505787
7582.0,2022-23,38,0.26394448,3,0.5505787
7702.0,2022-23,6,1.3159332,1,1.5585887
7702.0,2022-23,7,1.1292058,0,1.6397855
7702.0,2022-23,8,0.94544494,2,1.2030705
7702.0,2022-23,9,1.5580463,1,1.3872106
7702.0,2022-23,10,1.5590866,2,1.4398142
7702.0,2022-23,11,0.8939035,2,1.5319227
7702.0,2022-23,12,0.71036357,11,1.4902505
7702.0,2022-23,13,1.0487885,11,1.6809886
7702.0,2022-23,14,2.2846823,1,1.6264462
7702.0,2022-23,15,2.8386595,0,1.3464781
7702.0,2022-23,16,4.1558447,6,1.3116813
7702.0,2022-23,17,0.8332305,0,1.4853853
7702.0,2022-23,18,4.405569,2,1.2429506
7702.0,2022-23,19,2.7319407,7,1.7238567
7702.0,2022-23,20,2.4781163,6,2.0364783
8715.0,2022-23,6,0.6912887,1,1.7176542
8715.0,2022-23,7,0.3757747,0,1.690743
8715.0,2022-23,8,0.5397376,0,1.3255526
8715.0,2022-23,9,0.4886989,11,1.0278952
8715.0,2022-23,10,0.81684333,2,1.6240664
8715.0,2022-23,11,0.77566236,3,1.4137384
8715.0,2022-23,12,1.9625885,1,1.4918972
8715.0,2022-23,13,0.7412426,1,1.3967816
8715.0,2022-23,14,1.1207497,7,1.4513243
8715.0,2022-23,15,1.0770688,1,1.667821
8715.0,2022-23,16,4.700556,1,1.5616255
8715.0,2022-23,17,5.182192,3,1.525556
8715.0,2022-23,18,5.935198,8,1.532042
8715.0,2022-23,19,2.8391817,1,1.5105478
8715.0,2022-23,20,2.9367201,1,1.5007935
8715.0,2022-23,21,2.3224664,6,1.2442579
8715.0,2022-23,22,3.7927206,2,1.1160917
8715.0,2022-23,22,3.7927206,2,1.2382405
8715.0,2022-23,22,2.160747,2,1.1160917
8715.0,2022-23,22,2.160747,2,1.2382405
8715.0,2022-23,23,3.5636199,2,1.5306515
8715.0,2022-23,24,2.7245145,3,1.7561039
8715.0,2022-23,25,4.829622,6,1.6941414
8715.0,2022-23,26,3.8662903,2,1.7706732
8715.0,2022-23,27,2.5980248,1,1.5710859
8715.0,2022-23,28,2.3280516,2,1.9125962
8715.0,2022-23,29,2.2272444,0,2.180763
8715.0,2022-23,29,2.2272444,0,2.3112705
8715.0,2022-23,29,2.7350614,2,2.180763
8715.0,2022-23,29,2.7350614,2,2.3112705
8715.0,2022-23,30,4.7434697,0,2.408673
8715.0,2022-23,31,5.5604753,-1,2.2030973
8715.0,2022-23,32,5.3192463,3,2.2731652
8715.0,2022-23,33,5.8467264,2,2.4213305
8715.0,2022-23,34,6.4968867,1,2.2596993
9098.0,2022-23,6,0.54446846,1,1.5308315
9098.0,2022-23,7,0.4118575,0,1.6168472
9098.0,2022-23,8,0.75019914,0,1.2066408
9098.0,2022-23,9,0.53764015,2,1.0005274
9098.0,2022-23,10,0.5017962,2,1.3402852
9098.0,2022-23,11,0.52965546,1,1.4971606
9098.0,2022-23,12,0.40876582,6,1.5780393
9098.0,2022-23,13,0.80626345,1,1.5469936
9098.0,2022-23,14,0.5971903,5,1.5249478
9098.0,2022-23,15,1.7293928,2,1.6801264
9098.0,2022-23,16,5.114997,1,1.531787
9098.0,2022-23,17,5.700954,9,1.6787822
9098.0,2022-23,18,3.6438406,1,1.6951495
9098.0,2022-23,19,4.9576716,3,1.5027028
9098.0,2022-23,20,3.0798407,7,1.4188364
9098.0,2022-23,21,3.5450637,1,1.2400306
9098.0,2022-23,22,2.7599194,8,1.0663257
9098.0,2022-23,23,4.936748,2,1.4944236
9098.0,2022-23,24,2.7101545,2,1.4116181
9098.0,2022-23,25,0.20581259,0,1.4820089
9098.0,2022-23,26,0.14844851,0,1.1058338
9098.0,2022-23,27,0.40724662,0,0.89241576
9098.0,2022-23,28,-0.10274061,0,0.8568723
9098.0,2022-23,29,0.1642666,0,0.7779064
9098.0,2022-23,30,0.06965213,0,0.7457335
9098.0,2022-23,31,1.417696,1,0.7135211
9676.0,2022-23,6,1.0257668,2,1.5547084
9676.0,2022-23,7,1.0113837,0,1.6121736
9676.0,2022-23,8,1.5250931,2,1.5596092
9676.0,2022-23,9,1.6544249,6,1.5516778
9676.0,2022-23,10,0.9413725,0,1.5128608
9676.0,2022-23,11,0.32336953,10,1.3729203
9676.0,2022-23,12,0.6196951,10,1.7457358
9676.0,2022-23,13,1.5489756,2,1.7833985
9676.0,2022-23,14,1.690564,3,1.4734834
9676.0,2022-23,15,2.078758,2,1.4405233
9676.0,2022-23,16,4.5058527,3,1.2877653
9676.0,2022-23,17,4.3251824,3,1.2334822
9676.0,2022-23,18,5.026714,9,1.5347657
9676.0,2022-23,19,3.0710227,3,1.7634965
9676.0,2022-23,20,2.9793591,5,1.7044077
9676.0,2022-23,21,2.9613423,10,1.6380361
9676.0,2022-23,22,3.6896884,7,1.3723782
9676.0,2022-23,23,4.0888944,6,1.395924
9676.0,2022-23,24,2.80351,3,1.5479416
9676.0,2022-23,25,-0.89037067,0,1.7335614
9676.0,2022-23,26,2.3334837,2,1.4258027
9676.0,2022-23,27,3.9450247,3,1.5566059
9676.0,2022-23,27,3.9450247,3,0.510831
9676.0,2022-23,27,3.068982,6,1.5566059
9676.0,2022-23,27,3.068982,6,0.510831
9676.0,2022-23,28,4.262288,2,0.51676184
9676.0,2022-23,29,3.9281795,6,1.0501391
9676.0,2022-23,29,3.9281795,6,1.7584463
9676.0,2022-23,29,4.9053383,2,1.0501391
9676.0,2022-23,29,4.9053383,2,1.7584463
9676.0,2022-23,30,3.925187,0,2.2401433
9676.0,2022-23,31,4.757363,5,2.256702
9676.0,2022-23,32,4.594966,2,1.954894
9676.0,2022-23,33,4.370445,9,1.789297
9676.0,2022-23,34,3.1026223,2,1.5573428
9676.0,2022-23,35,2.9496431,3,1.701057
9676.0,2022-23,36,3.0563083,7,1.4950887
9676.0,2022-23,37,3.6827636,4,1.8840652
9676.0,2022-23,38,2.584924,6,1.2864798
9740.0,2022-23,6,1.7523464,6,1.7818439
9740.0,2022-23,7,0.30723053,0,1.8717111
9740.0,2022-23,8,0.8924086,2,1.4524933
9740.0,2022-23,9,1.3727584,2,1.6901734
9740.0,2022-23,10,1.4709284,2,1.7222737
9740.0,2022-23,11,0.9134924,14,1.6722418
9740.0,2022-23,12,1.1805383,1,1.8841146
9740.0,2022-23,13,0.9592842,0,1.6186528
9740.0,2022-23,14,1.0440267,2,1.4531802
9740.0,2022-23,15,0.43518174,2,1.358265
9740.0,2022-23,16,4.6066775,1,1.5331247
9740.0,2022-23,17,4.9065447,3,1.8422769
9740.0,2022-23,18,4.4245152,4,1.9092871
9740.0,2022-23,19,5.511507,2,1.7873281
9740.0,2022-23,20,3.3594265,10,1.5463041
9740.0,2022-23,21,2.8707716,2,1.6548305
9740.0,2022-23,22,3.2720063,6,1.3144807
9740.0,2022-23,23,2.9942732,2,1.3093692
9740.0,2022-23,24,4.054498,2,1.3633411
9740.0,2022-23,25,3.1333702,3,1.4485862
9740.0,2022-23,25,3.1333702,3,1.5605069
9740.0,2022-23,25,4.1219664,2,1.4485862
9740.0,2022-23,25,4.1219664,2,1.5605069
9740.0,2022-23,26,2.9377613,11,1.6661718
9740.0,2022-23,27,3.518294,3,1.983939
9740.0,2022-23,28,3.4013789,0,1.5903555
9740.0,2022-23,29,3.2993824,6,1.4989403
9740.0,2022-23,30,2.4774926,6,1.4184633
9740.0,2022-23,31,2.3629403,7,1.4105784
9740.0,2022-23,32,2.7953205,1,1.5718446
9740.0,2022-23,33,1.6817204,8,1.4639007
9740.0,2022-23,34,2.59031,-1,1.6570703
9740.0,2022-23,35,3.285881,9,1.5656747
9740.0,2022-23,36,-0.064299755,0,1.4978532
9740.0,2022-23,37,-0.020655205,0,1.0061134
9740.0,2022-23,38,2.8775876,1,0.77543503
10765.0,2022-23,6,0.8926167,2,1.5724638
10765.0,2022-23,7,0.59221363,0,1.5786483
10765.0,2022-23,8,0.61816984,2,1.2714363
10765.0,2022-23,9,0.6012353,2,1.2371714
10765.0,2022-23,10,0.9158008,1,1.4867221
10765.0,2022-23,11,0.13313268,3,1.4955825
10765.0,2022-23,12,0.862273,7,1.5947481
10765.0,2022-23,13,0.27744073,2,1.6636693
10765.0,2022-23,14,0.55828804,2,1.7398902
10765.0,2022-23,15,0.19755206,0,1.5679957
10765.0,2022-23,16,4.7058372,2,1.6689516
10765.0,2022-23,17,4.003941,1,1.4734378
10765.0,2022-23,18,4.2648783,7,1.5456896
10765.0,2022-23,19,4.336949,2,1.5125252
10765.0,2022-23,20,3.3422587,3,1.4495683
10765.0,2022-23,21,4.1915827,3,1.3765864
10765.0,2022-23,22,3.27569,1,1.6285787
10765.0,2022-23,23,3.7210195,1,1.540102
10765.0,2022-23,24,3.7430024,9,1.338066
10765.0,2022-23,25,3.1007257,3,1.4787577
10765.0,2022-23,26,4.2109537,6,1.3605081
10765.0,2022-23,27,2.5737255,7,1.6261561
10765.0,2022-23,27,2.5737255,7,1.5056397
10765.0,2022-23,27,2.1942587,1,1.6261561
10765.0,2022-23,27,2.1942587,1,1.5056397
10765.0,2022-23,28,2.160978,1,1.4361604
10765.0,2022-23,29,3.465057,2,1.484508
10765.0,2022-23,30,3.8099077,1,1.3493706
10765.0,2022-23,31,2.4875941,1,1.3923103
10765.0,2022-23,32,3.887304,1,1.4168043
10808.0,2022-23,32,3.8006468,2,1.7342314
10808.0,2022-23,33,3.3135526,2,1.3531641
10808.0,2022-23,34,1.9322071,3,1.2355411
10808.0,2022-23,35,5.395147,0,1.3710428
10808.0,2022-23,36,4.476081,1,1.2182959
10808.0,2022-23,37,3.9086325,9,1.3213176
10808.0,2022-23,38,2.780306,2,1.4557245
181.0,2023-24,6,3.321573,10,1.7962064
181.0,2023-24,7,4.879038,1,1.4596496
181.0,2023-24,8,5.3998284,2,1.4618918
181.0,2023-24,9,4.443031,2,1.2477821
181.0,2023-24,10,3.1183398,3,1.4174384
181.0,2023-24,11,4.15543,3,1.4942129
181.0,2023-24,12,3.9432619,2,1.4924664
181.0,2023-24,13,3.519299,2,1.7446948
181.0,2023-24,14,2.9832656,1,1.7460775
181.0,2023-24,15,3.6082788,6,1.6309818
181.0,2023-24,16,4.12985,9,1.4754221
181.0,2023-24,17,2.966762,3,1.1955312
181.0,2023-24,18,4.262863,1,1.3420744
181.0,2023-24,19,3.1800394,0,1.5750158
181.0,2023-24,20,2.4167814,1,1.7637746
181.0,2023-24,21,1.9413029,2,1.5871016
181.0,2023-24,22,1.9129667,8,1.39172
181.0,2023-24,23,4.2218533,1,1.3209915
181.0,2023-24,24,3.5005696,3,1.093545
181.0,2023-24,25,3.2608206,1,0.93956375
181.0,2023-24,26,4.7274065,3,0.97731555
181.0,2023-24,27,4.812802,8,0.86566204
181.0,2023-24,28,1.7684021,1,1.0892421
181.0,2023-24,29,1.9308702,7,1.0970556
181.0,2023-24,30,4.4558496,1,1.2822924
181.0,2023-24,31,3.3136272,1,1.5082154
181.0,2023-24,32,2.6064281,3,1.5407965
181.0,2023-24,33,1.8363987,9,1.6529716
181.0,2023-24,34,1.8347949,2,1.3399342
181.0,2023-24,35,3.5038276,3,1.6093439
181.0,2023-24,36,2.632164,6,1.6956649
181.0,2023-24,37,2.8008478,1,1.8665221
181.0,2023-24,38,2.586819,2,1.842802
375.0,2023-24,10,0.020702716,0,0.28579092
375.0,2023-24,11,0.444801,7,0.3254893
375.0,2023-24,12,2.4124143,2,0.9228287
375.0,2023-24,13,2.579333,1,1.5623674
375.0,2023-24,14,4.1970553,2,1.9133947
375.0,2023-24,15,4.509131,0,2.2979515
375.0,2023-24,16,3.9955118,0,2.4437873
375.0,2023-24,17,3.2715936,0,2.1213267
375.0,2023-24,18,2.4192846,0,0.77927315
375.0,2023-24,19,1.2326366,0,0.658584
375.0,2023-24,20,2.1320662,0,0.5470401
375.0,2023-24,21,0.6265289,0,0.3980458
375.0,2023-24,22,0.97988766,0,0.2788739
375.0,2023-24,23,1.8134035,0,0.30823913
375.0,2023-24,24,0.8365381,0,0.34041908
375.0,2023-24,25,0.49488142,0,0.32360014
375.0,2023-24,26,0.12046614,0,0.33157668
375.0,2023-24,27,0.6709601,0,0.27223936
375.0,2023-24,28,0.3248737,0,0.3115623
375.0,2023-24,29,0.47767878,0,0.2810773
375.0,2023-24,30,1.6409839,0,0.29822063
375.0,2023-24,31,0.30219397,0,0.34688708
375.0,2023-24,32,0.37468234,0,0.3179276
375.0,2023-24,33,0.5534006,0,0.35675922
375.0,2023-24,34,0.56713265,0,0.3306368
375.0,2023-24,35,0.79588586,0,0.2888098
375.0,2023-24,36,0.38689375,0,0.33167621
375.0,2023-24,37,0.27685338,0,0.33193383
375.0,2023-24,38,0.0095341485,0,0.29995874
706.0,2023-24,20,0.39573553,0,0.63718927
706.0,2023-24,21,5.1793585,1,0.504207
706.0,2023-24,22,0.15525615,0,0.33722803
706.0,2023-24,23,2.521802,0,0.30337155
706.0,2023-24,24,0.31188723,0,0.3040137
706.0,2023-24,25,0.37418863,0,0.24652244
706.0,2023-24,26,0.4255055,0,0.28100172
706.0,2023-24,27,0.030478453,0,0.46871528
706.0,2023-24,28,0.030478453,0,0.4230893
706.0,2023-24,29,0.09364777,0,0.46700826
706.0,2023-24,30,1.1050098,0,0.45029888
706.0,2023-24,31,3.9915962,3,0.75933504
706.0,2023-24,32,1.8129419,4,1.0429711
706.0,2023-24,33,3.208364,3,1.2068341
706.0,2023-24,34,2.2735722,1,1.0094694
741.0,2023-24,6,4.8029203,2,2.2741868
741.0,2023-24,7,4.5341635,1,3.0422716
741.0,2023-24,8,5.3643208,9,3.33802
741.0,2023-24,9,1.6317844,2,2.9627492
741.0,2023-24,10,5.2071137,5,3.0838072
741.0,2023-24,11,2.7161725,2,3.2260811
741.0,2023-24,12,4.1207786,2,2.912049
741.0,2023-24,13,3.300634,1,3.1826477
741.0,2023-24,14,4.2685504,7,3.4415257
741.0,2023-24,15,4.796305,7,3.26765
741.0,2023-24,16,4.837284,10,3.0552382
741.0,2023-24,17,4.453813,6,2.6946075
741.0,2023-24,18,5.8156476,2,2.7014945
741.0,2023-24,19,2.2692587,2,3.1643689
741.0,2023-24,20,2.7273836,2,3.1265318
741.0,2023-24,21,4.059026,9,3.3323386
741.0,2023-24,22,1.7199028,10,3.1965244
741.0,2023-24,23,2.5544825,2,2.7690294
741.0,2023-24,24,3.512176,1,2.9798481
741.0,2023-24,25,3.921439,3,3.3553116
741.0,2023-24,26,4.805762,4,3.3981476
741.0,2023-24,27,5.596927,0,3.5595508
741.0,2023-24,28,6.0268593,3,3.7653835
741.0,2023-24,29,1.1987925,0,3.5376775
741.0,2023-24,30,2.781889,2,3.8019
741.0,2023-24,31,2.57609,3,3.622915
741.0,2023-24,32,3.7530854,8,3.4164503
741.0,2023-24,33,3.1848514,0,3.5544226
741.0,2023-24,34,2.6998687,8,3.5020993
741.0,2023-24,34,2.6998687,8,3.4058821
741.0,2023-24,34,2.4209838,10,3.5020993
741.0,2023-24,34,2.4209838,10,3.4058821
741.0,2023-24,35,2.2062008,10,2.9219856
741.0,2023-24,36,4.0067163,3,2.6568072
741.0,2023-24,37,2.7415795,8,2.9713633
741.0,2023-24,38,3.6931212,1,2.7423387
978.0,2023-24,6,2.4913967,8,1.64048
978.0,2023-24,7,2.6831284,9,1.2825832
978.0,2023-24,8,2.8289168,9,1.3799369
978.0,2023-24,9,2.0564277,1,1.0963521
978.0,2023-24,10,2.0475907,1,1.2292298
978.0,2023-24,11,3.285005,9,1.5336453
978.0,2023-24,12,3.7135854,1,1.2580184
978.0,2023-24,13,3.5449638,1,1.377774
978.0,2023-24,14,3.209463,2,1.2431684
978.0,2023-24,15,2.6656833,1,1.5654426
978.0,2023-24,16,3.9025438,2,1.8240998
978.0,2023-24,17,0.6848279,0,1.743607
978.0,2023-24,18,0.16835709,0,1.3421092
978.0,2023-24,19,0.8771119,0,0.73420906
978.0,2023-24,20,-0.0025133705,0,0.5378253
978.0,2023-24,21,0.05156023,0,0.6389508
978.0,2023-24,22,0.087998234,0,0.6415702
978.0,2023-24,23,0.10252166,0,0.59138525
978.0,2023-24,24,0.14701404,0,0.5458418
978.0,2023-24,25,0.35834718,3,0.50788975
978.0,2023-24,26,1.8648857,6,1.1714072
978.0,2023-24,27,2.7552938,1,1.5898958
978.0,2023-24,28,3.789168,2,1.7230803
1257.0,2023-24,6,3.6256955,3,1.3442737
1257.0,2023-24,7,2.0770235,4,1.2059247
1257.0,2023-24,8,3.6003973,1,1.0380534
1257.0,2023-24,9,3.4391537,8,1.1497525
1257.0,2023-24,10,2.9642365,7,1.0542221
1257.0,2023-24,11,4.793711,6,1.3229
1257.0,2023-24,12,3.9208386,7,1.4276339
1257.0,2023-24,13,3.333438,3,1.7393235
1257.0,2023-24,14,3.6664267,0,1.882494
1257.0,2023-24,15,2.5385973,0,1.2050164
1257.0,2023-24,16,3.631098,3,0.69249105
1257.0,2023-24,17,3.1717849,6,0.65153456
1257.0,2023-24,18,1.824482,2,1.0611327
1257.0,2023-24,19,4.2947154,6,1.5899265
1257.0,2023-24,20,4.552163,1,1.5042998
1257.0,2023-24,21,4.3614864,6,1.3314439
1257.0,2023-24,22,4.2213774,2,1.4357426
1257.0,2023-24,23,2.8101897,2,1.5428731
1257.0,2023-24,24,4.4247828,0,1.6971028
1257.0,2023-24,25,4.6457167,0,1.2988222
1257.0,2023-24,25,4.6457167,0,0.47791788
1257.0,2023-24,25,3.6955147,0,1.2988222
1257.0,2023-24,25,3.6955147,0,0.47791788
1257.0,2023-24,26,0.2896437,0,0.24156027
1257.0,2023-24,27,4.2750893,0,0.21997492
1257.0,2023-24,28,1.337897,0,0.45557767
1257.0,2023-24,29,0.013154244,0,0.5306958
1257.0,2023-24,30,0.859686,0,0.40690562
1257.0,2023-24,31,0.7138274,0,0.4439409
1257.0,2023-24,32,0.25773326,0,0.3426773
1257.0,2023-24,33,3.7223568,3,0.31228116
1257.0,2023-24,34,2.0260549,3,0.9925443
1257.0,2023-24,34,2.0260549,3,1.376821
1257.0,2023-24,34,3.6576667,2,0.9925443
1257.0,2023-24,34,3.6576667,2,1.376821
1257.0,2023-24,35,5.8291388,3,1.6684062
1257.0,2023-24,36,4.2208753,2,1.7843726
1257.0,2023-24,37,3.6710546,1,1.8163531
1257.0,2023-24,38,3.8891134,6,1.671438
1297.0,2023-24,6,2.318789,1,1.7623546
1297.0,2023-24,7,3.1662543,1,2.0829976
1297.0,2023-24,8,3.66151,1,1.8766812
1297.0,2023-24,9,4.1701107,2,1.8557241
1297.0,2023-24,10,3.2243085,0,1.6537321
1297.0,2023-24,11,2.7365782,0,1.0749322
1297.0,2023-24,12,1.2079117,9,0.3438786
1297.0,2023-24,13,5.299113,2,0.48605695
1297.0,2023-24,14,3.931382,1,0.6723447
1297.0,2023-24,15,4.84351,8,1.1851817
1297.0,2023-24,16,3.9674299,7,1.5191678
1297.0,2023-24,17,0.4715284,0,1.8515761
1297.0,2023-24,18,3.4685292,1,1.3170017
1297.0,2023-24,19,3.3879573,9,1.4190109
1297.0,2023-24,20,3.148433,2,1.4661732
1297.0,2023-24,21,4.0597363,1,1.4753449
1297.0,2023-24,22,4.110367,2,1.60782
1297.0,2023-24,23,3.8135943,3,1.5028241
1297.0,2023-24,24,3.7963843,2,1.4476401
1297.0,2023-24,25,3.2960956,2,1.538211
1297.0,2023-24,26,4.431968,3,1.5312047
1297.0,2023-24,27,2.8381474,8,1.5041947
1297.0,2023-24,28,3.0907404,3,1.3990263
1297.0,2023-24,28,3.0907404,3,1.4342415
1297.0,2023-24,28,3.69468,1,1.3990263
1297.0,2023-24,28,3.69468,1,1.4342415
1297.0,2023-24,29,-0.1125947,0,1.252847
1297.0,2023-24,30,2.4631128,2,0.5535686
1297.0,2023-24,31,2.3627288,7,0.59017926
1297.0,2023-24,32,2.3881042,4,0.8599935
1297.0,2023-24,33,3.9208288,0,1.3401268
1297.0,2023-24,34,4.501837,1,1.6790364
1297.0,2023-24,34,4.501837,1,1.3896008
1297.0,2023-24,34,2.850756,0,1.6790364
1297.0,2023-24,34,2.850756,0,1.3896008
1297.0,2023-24,35,4.3449526,0,0.8887811
1297.0,2023-24,36,2.026292,0,0.5074309
1297.0,2023-24,37,2.2346,0,0.41946182
1297.0,2023-24,38,1.245621,2,0.3736631
2310.0,2023-24,6,2.1111753,2,1.4087194
2310.0,2023-24,7,2.7814457,6,1.494422
2310.0,2023-24,8,2.226913,1,1.63498
2310.0,2023-24,9,2.6030715,1,1.3236653
2310.0,2023-24,10,2.8711994,3,1.1579151
2310.0,2023-24,11,0.3173232,1,1.1096629
2310.0,2023-24,12,4.225819,2,1.2935442
2310.0,2023-24,13,2.6476927,3,1.3817686
2310.0,2023-24,14,3.4034953,2,1.8085549
2310.0,2023-24,15,0.49533063,0,1.7384412
2310.0,2023-24,16,-0.20502475,0,1.0518105
2310.0,2023-24,17,0.23307529,0,0.5122802
2310.0,2023-24,18,2.2175357,8,0.48274377
2310.0,2023-24,19,1.0195299,10,1.2055085
2310.0,2023-24,20,3.2059784,11,1.5167546
2310.0,2023-24,21,1.8875222,3,1.2952011
2310.0,2023-24,22,2.4131548,3,1.1883833
2310.0,2023-24,23,1.9232637,1,1.265805
2310.0,2023-24,24,3.6960824,0,1.2663529
2310.0,2023-24,25,2.3579578,3,1.184719
2310.0,2023-24,26,2.7874036,2,1.3412211
2310.0,2023-24,27,3.3703759,13,1.3912035
2310.0,2023-24,28,4.106388,2,1.3717611
2310.0,2023-24,29,4.748635,3,1.4467386
2310.0,2023-24,30,3.192675,2,1.6644821
2310.0,2023-24,31,0.39616287,0,1.5875576
2310.0,2023-24,32,-0.47833502,0,0.8154562
2310.0,2023-24,33,-0.30939618,0,0.4985142
2310.0,2023-24,34,-0.04336953,0,0.3901659
2310.0,2023-24,35,1.3553468,1,0.4611442
2310.0,2023-24,36,2.709314,3,1.3074207
2310.0,2023-24,37,3.066852,2,1.5034921
2310.0,2023-24,38,3.3302243,4,1.3751631
4401.0,2023-24,6,2.3485541,6,1.1885898
4401.0,2023-24,7,3.7367926,2,1.4158487
4401.0,2023-24,8,4.153282,3,1.6905891
4401.0,2023-24,9,2.8975708,3,1.3309863
4401.0,2023-24,10,4.0293446,0,1.3662779
4401.0,2023-24,11,3.8484454,1,1.2837114
4401.0,2023-24,12,3.6553764,3,1.1042727
4401.0,2023-24,13,3.6731079,4,1.2525904
4401.0,2023-24,14,3.6592455,2,1.2943728
4401.0,2023-24,15,3.2535758,9,1.4342008
4401.0,2023-24,16,3.8780077,10,1.4431969
4401.0,2023-24,17,3.271383,1,1.278419
4401.0,2023-24,18,4.579426,2,1.4967961
4401.0,2023-24,19,3.1758237,2,1.7955098
4401.0,2023-24,20,3.1873121,1,1.8831044
4401.0,2023-24,21,2.922312,9,1.8276813
4401.0,2023-24,22,3.082022,2,1.3516607
4401.0,2023-24,23,1.6345508,7,1.3307611
4401.0,2023-24,24,3.8346472,2,1.2924625
4401.0,2023-24,25,1.6405152,3,1.4897876
4401.0,2023-24,26,2.717568,1,1.5568165
4401.0,2023-24,27,2.4059753,1,1.008235
4401.0,2023-24,28,3.3499491,0,1.0858383
4401.0,2023-24,29,2.5020785,5,0.9255605
4401.0,2023-24,30,3.8892193,10,0.9349568
4401.0,2023-24,31,-0.080929205,0,1.058009
4401.0,2023-24,32,3.5389097,1,0.7420178
4401.0,2023-24,33,1.6357665,9,0.9125514
4401.0,2023-24,34,3.9476569,3,1.2016541
4401.0,2023-24,35,3.1487234,1,1.3154216
4401.0,2023-24,36,0.38204488,0,1.4817933
4401.0,2023-24,37,2.7015681,0,0.65412164
5552.0,2023-24,6,3.5061908,6,2.0349195
5552.0,2023-24,7,3.787302,6,1.9140198
5552.0,2023-24,8,3.7536175,1,2.1444888
5552.0,2023-24,9,2.5402882,7,2.0830953
5552.0,2023-24,10,3.7412517,2,1.6853514
5552.0,2023-24,11,2.952215,6,1.836817
5552.0,2023-24,12,5.2273636,4,2.058249
5552.0,2023-24,13,1.777526,3,2.0422363
5552.0,2023-24,14,2.821973,6,2.270203
5552.0,2023-24,15,-0.08628678,0,1.844588
5552.0,2023-24,16,-0.19821012,0,1.0403416
5552.0,2023-24,17,-0.14444534,0,0.59025013
5552.0,2023-24,18,-0.281106,0,0.5893411
5552.0,2023-24,19,-0.022693783,0,0.68530273
5552.0,2023-24,20,0.27309984,0,0.7369579
5552.0,2023-24,21,0.020810543,0,0.65425503
5552.0,2023-24,22,0.054898508,0,0.5978081
5552.0,2023-24,23,-0.031682253,0,0.5480144
5552.0,2023-24,24,-0.031682253,0,0.50980115
5552.0,2023-24,25,-0.031682253,0,0.47402075
5552.0,2023-24,26,-0.031682253,0,0.45001188
5552.0,2023-24,27,-0.031682253,0,0.43421918
5552.0,2023-24,28,-0.031682253,0,0.42621836
5552.0,2023-24,29,-0.031682253,0,0.42621836
5552.0,2023-24,30,-0.031682253,0,0.42621836
5552.0,2023-24,31,-0.031682253,0,0.42621836
5552.0,2023-24,32,-0.031682253,0,0.42621836
5552.0,2023-24,33,-0.031682253,0,0.42621836
5552.0,2023-24,34,-0.031682253,0,0.42621836
5552.0,2023-24,35,-0.031682253,0,0.42621836
5552.0,2023-24,36,-0.031682253,0,0.42621836
5552.0,2023-24,37,-0.031682253,0,0.42621836
5552.0,2023-24,38,1.2018774,1,0.42621836
5603.0,2023-24,6,0.4040295,0,1.8345096
5603.0,2023-24,7,0.0904032,0,1.5509202
5603.0,2023-24,8,0.098899536,0,1.1170697
5603.0,2023-24,9,0.03535567,0,0.8250436
5603.0,2023-24,10,0.0872721,0,0.7577789
5603.0,2023-24,11,0.033182483,0,0.66889364
5603.0,2023-24,12,0.06743077,0,0.6067801
5603.0,2023-24,13,0.097172335,6,0.552278
5603.0,2023-24,14,0.19624153,0,1.1612737
5603.0,2023-24,15,0.19624153,0,0.82261974
5603.0,2023-24,16,0.19624153,0,0.6233801
5603.0,2023-24,17,0.055279497,0,0.50364673
5603.0,2023-24,18,0.055279497,0,0.424858
5603.0,2023-24,19,0.19201182,0,0.4692296
5603.0,2023-24,20,0.19201182,0,0.4692296
5603.0,2023-24,21,0.19201182,0,0.4692296
5603.0,2023-24,22,-0.031682253,0,0.4692296
5603.0,2023-24,23,-0.031682253,0,0.4649062
5603.0,2023-24,24,-0.031682253,0,0.45543143
5603.0,2023-24,25,-0.031682253,0,0.44460455
5603.0,2023-24,26,-0.031682253,0,0.4345093
5603.0,2023-24,27,-0.031682253,0,0.42621836
5603.0,2023-24,28,0.5081394,3,0.42621836
5613.0,2023-24,10,-0.025577445,0,0.3940064
5613.0,2023-24,11,-0.031682253,0,0.34059295
5613.0,2023-24,12,-0.031682253,0,0.38381717
5613.0,2023-24,13,-0.028945986,0,0.36823845
5613.0,2023-24,14,-0.031682253,0,0.40379885
5613.0,2023-24,15,-0.031682253,0,0.42053512
5613.0,2023-24,16,-0.031682253,0,0.40183693
5613.0,2023-24,17,-0.031682253,0,0.39374426
5613.0,2023-24,18,-0.031682253,0,0.39333662
5613.0,2023-24,19,-0.031682253,0,0.42621836
5613.0,2023-24,20,-0.031682253,0,0.42621836
5613.0,2023-24,21,-0.031682253,0,0.42621836
5613.0,2023-24,22,-0.031682253,0,0.42621836
5613.0,2023-24,23,0.7106098,0,0.42621836
5613.0,2023-24,24,-0.031682253,0,0.45977208
5613.0,2023-24,25,0.14287741,0,0.41415396
5613.0,2023-24,26,-0.031682253,0,0.43854323
5613.0,2023-24,27,-0.031682253,0,0.37435332
5613.0,2023-24,28,-0.031682253,0,0.34806004
5613.0,2023-24,29,-0.031682253,0,0.4012681
5613.0,2023-24,30,-0.031682253,0,0.39991537
5613.0,2023-24,31,-0.031682253,0,0.42621836
5613.0,2023-24,32,-0.031682253,0,0.42621836
5613.0,2023-24,33,-0.031682253,0,0.42621836
5613.0,2023-24,34,0.018777367,0,0.42621836
5613.0,2023-24,35,-0.031682253,0,0.48187009
5613.0,2023-24,36,-0.031682253,0,0.42679754
5613.0,2023-24,37,-0.031682253,0,0.40920863
5613.0,2023-24,38,0.44276053,0,0.40058026
6054.0,2023-24,6,5.747925,6,2.9448965
6054.0,2023-24,7,5.3774695,1,2.8581612
6054.0,2023-24,8,2.6074176,1,2.7304747
6054.0,2023-24,9,1.8643181,0,2.642202
6054.0,2023-24,10,2.445578,7,2.5408401
6054.0,2023-24,11,3.6998684,2,1.833905
6054.0,2023-24,12,1.669177,1,1.7727247
6054.0,2023-24,13,4.2263055,2,1.3085728
6054.0,2023-24,14,7.4478126,1,1.2785176
6054.0,2023-24,15,4.693808,4,1.5788283
6054.0,2023-24,16,5.62305,2,1.1825309
6054.0,2023-24,17,5.3518224,0,1.3637011
6054.0,2023-24,18,2.207354,0,1.526299
6054.0,2023-24,19,4.110408,2,1.041345
6054.0,2023-24,20,5.0040526,6,1.2322032
6054.0,2023-24,21,1.158223,1,1.635874
6054.0,2023-24,22,2.8323915,1,1.385404
6054.0,2023-24,23,2.2339919,2,1.4479657
6054.0,2023-24,24,3.149053,7,1.1670763
6054.0,2023-24,25,3.743192,5,1.0701936
6054.0,2023-24,25,3.743192,5,1.083554
6054.0,2023-24,25,4.1979227,6,1.0701936
6054.0,2023-24,25,4.1979227,6,1.083554
6054.0,2023-24,26,2.2415354,9,1.2874746
6054.0,2023-24,27,3.9705806,2,1.5239551
6054.0,2023-24,28,2.2760282,0,1.9328237
6054.0,2023-24,29,0.09373469,0,1.8896406
6054.0,2023-24,30,1.6466804,0,1.5100515
6054.0,2023-24,31,4.238495,0,0.8801683
6054.0,2023-24,32,2.2722504,0,0.6723773
6054.0,2023-24,33,2.2866993,2,0.5643946
6054.0,2023-24,34,2.1237905,7,1.0082688
6054.0,2023-24,35,3.8370576,1,1.3391819
6054.0,2023-24,36,3.7897074,2,1.706053
6054.0,2023-24,37,4.0636597,6,1.715847
6054.0,2023-24,37,4.0636597,6,1.7420378
6054.0,2023-24,37,3.3314795,7,1.715847
6054.0,2023-24,37,3.3314795,7,1.7420378
6054.0,2023-24,38,5.7175603,0,1.5811926
6532.0,2023-24,19,2.914595,2,0.88307405
6532.0,2023-24,20,1.7269373,8,1.1795459
6532.0,2023-24,21,1.8539867,3,1.0181578
6532.0,2023-24,22,2.247747,3,1.02774
6532.0,2023-24,23,5.208637,1,1.0839212
6532.0,2023-24,24,3.019062,1,1.0763063
6532.0,2023-24,25,2.7433777,2,1.2156892
6532.0,2023-24,26,0.8298499,0,1.3674328
6532.0,2023-24,27,2.9948585,7,0.9729258
6532.0,2023-24,28,1.0447533,2,0.8375986
6532.0,2023-24,29,-0.09588202,0,1.1439247
6532.0,2023-24,30,4.05618,1,0.6915332
6532.0,2023-24,31,3.902215,2,1.2048659
6532.0,2023-24,32,3.0984921,9,1.3280423
6532.0,2023-24,33,3.3798485,6,1.563643
6532.0,2023-24,34,2.2220943,2,1.7068591
6532.0,2023-24,35,4.856129,3,1.573086
6532.0,2023-24,36,3.8438575,3,1.5874392
6532.0,2023-24,37,4.05,3,1.5470386
6532.0,2023-24,37,4.05,3,1.4141953
6532.0,2023-24,37,3.3352797,2,1.5470386
6532.0,2023-24,37,3.3352797,2,1.4141953
6903.0,2023-24,28,5.086262,3,2.9895895
6903.0,2023-24,29,6.425814,2,3.1367505
6903.0,2023-24,30,5.4946785,2,2.9764338
6903.0,2023-24,31,5.6554956,2,2.942322
6903.0,2023-24,32,5.3718038,2,2.8477156
6903.0,2023-24,33,4.130998,1,2.8808668
6903.0,2023-24,34,4.7039666,1,2.8042803
6903.0,2023-24,35,5.1152453,2,2.5740402
6903.0,2023-24,36,4.351536,3,2.7390382
6903.0,2023-24,37,5.29498,1,2.6042612
6903.0,2023-24,38,7.928297,2,2.9044735
6962.0,2023-24,8,-0.06285054,0,0.6043681
6962.0,2023-24,9,0.035958044,0,0.5343458
6962.0,2023-24,10,0.035958044,0,0.48851743
6962.0,2023-24,11,0.035958044,0,0.47120276
6962.0,2023-24,12,-0.031682253,0,0.46171865
6962.0,2023-24,13,-0.031682253,0,0.453306
6962.0,2023-24,14,-0.031682253,0,0.44489166
6962.0,2023-24,15,-0.031682253,0,0.4372867
6962.0,2023-24,16,-0.031682253,0,0.4309914
6962.0,2023-24,17,-0.031682253,0,0.42621836
6962.0,2023-24,18,-0.031682253,0,0.42621836
6962.0,2023-24,19,-0.031682253,0,0.42621836
6962.0,2023-24,20,-0.031682253,0,0.42621836
6962.0,2023-24,21,-0.031682253,0,0.42621836
6962.0,2023-24,22,-0.031682253,0,0.42621836
6962.0,2023-24,23,-0.031682253,0,0.42621836
6962.0,2023-24,24,-0.031682253,0,0.42621836
6962.0,2023-24,25,-0.031682253,0,0.42621836
6962.0,2023-24,26,-0.031682253,0,0.42621836
6962.0,2023-24,27,-0.031682253,0,0.42621836
6962.0,2023-24,28,-0.031682253,0,0.42621836
6962.0,2023-24,29,-0.031682253,0,0.42621836
6962.0,2023-24,30,-0.031682253,0,0.42621836
6962.0,2023-24,31,-0.02565891,2,0.42621836
6962.0,2023-24,32,0.080348186,0,1.1045395
6962.0,2023-24,33,0.080348186,0,0.6877254
6962.0,2023-24,34,0.080348186,0,0.47834346
6962.0,2023-24,35,1.0573165,0,0.3720205
6962.0,2023-24,36,3.2882695,12,0.58750796
6962.0,2023-24,37,-0.18380372,0,1.1431538
6962.0,2023-24,38,0.92521745,1,0.57013357
7027.0,2023-24,34,7.704932,7,2.4997022
7027.0,2023-24,35,4.573005,8,2.2449658
7027.0,2023-24,36,5.1226263,10,1.8421636
7027.0,2023-24,37,4.6078587,5,1.3440895
7027.0,2023-24,38,3.2704155,2,1.1110598
7047.0,2023-24,6,4.230263,2,1.8105223
7047.0,2023-24,7,3.7548275,2,1.6865036
7047.0,2023-24,8,-0.17878024,0,1.2351857
7047.0,2023-24,9,3.2397258,6,0.8683467
7047.0,2023-24,10,2.2731025,6,1.3897302
7047.0,2023-24,11,2.672792,0,1.1603287
7047.0,2023-24,12,2.6228771,3,1.5207481
7047.0,2023-24,13,2.1847346,3,1.7792279
7047.0,2023-24,14,3.42623,2,2.0626106
7047.0,2023-24,15,7.0867057,2,2.657232
7047.0,2023-24,16,5.190677,3,2.5295794
7047.0,2023-24,17,3.7493076,2,3.010409
7047.0,2023-24,18,1.2221664,0,3.0387914
7047.0,2023-24,19,3.099674,0,3.106636
7047.0,2023-24,20,2.9367332,2,2.9527957
7047.0,2023-24,21,3.028664,1,2.6758459
7047.0,2023-24,22,4.2180076,1,2.3497171
7047.0,2023-24,23,2.510089,10,2.1281726
7047.0,2023-24,24,3.22331,7,1.6417851
7047.0,2023-24,25,4.4940195,1,1.7953033
7047.0,2023-24,25,4.4940195,1,1.8006423
7047.0,2023-24,25,3.7361577,5,1.7953033
7047.0,2023-24,25,3.7361577,5,1.8006423
7047.0,2023-24,26,3.078369,0,1.5856616
7047.0,2023-24,27,3.6266618,2,1.9389699
7047.0,2023-24,28,3.1035585,2,1.9657075
7047.0,2023-24,29,5.2752824,2,2.142364
7047.0,2023-24,30,4.9953203,3,2.3916688
7047.0,2023-24,31,4.297904,11,2.3863246
7047.0,2023-24,32,5.070136,1,2.209115
7047.0,2023-24,33,5.5069394,7,2.794936
7047.0,2023-24,34,4.4677544,2,2.7408273
7047.0,2023-24,35,3.7733626,2,2.7990477
7047.0,2023-24,36,4.314035,10,2.7879996
7047.0,2023-24,37,3.9867885,3,2.582095
7047.0,2023-24,38,2.7619648,1,2.4789174
7235.0,2023-24,6,-0.120303705,0,1.0210694
7235.0,2023-24,7,1.0813102,0,0.6215706
7235.0,2023-24,8,0.5191838,0,1.3744959
7235.0,2023-24,9,2.4395883,2,0.87446
7235.0,2023-24,10,4.777291,3,1.109545
7235.0,2023-24,11,1.0088372,0,1.6324272
7235.0,2023-24,12,5.357167,2,0.8903441
7235.0,2023-24,13,0.5533413,0,1.1855493
7235.0,2023-24,14,2.2794955,1,0.6255308
7235.0,2023-24,15,2.2975519,2,1.1145151
7235.0,2023-24,16,0.16627246,0,1.6184318
7235.0,2023-24,17,0.16627246,0,0.9427515
7235.0,2023-24,18,-0.01706901,0,0.74426687
7235.0,2023-24,19,1.3037788,1,0.5124223
7235.0,2023-24,20,2.9364562,8,1.0155839
7235.0,2023-24,21,2.9084697,10,1.539736
7235.0,2023-24,22,4.099073,1,1.4802823
7235.0,2023-24,23,-0.4747258,0,1.3124137
7235.0,2023-24,24,3.149,2,0.6674011
7235.0,2023-24,25,-0.30581877,0,1.0872191
7235.0,2023-24,26,0.051483598,0,0.75028515
7235.0,2023-24,27,2.9208,1,0.7566882
7235.0,2023-24,28,0.1251236,0,1.4501297
7235.0,2023-24,29,0.05101485,0,1.0806056
7235.0,2023-24,30,-0.00516305,0,0.9306201
7235.0,2023-24,31,-0.22665182,0,0.7271795
7235.0,2023-24,32,-0.22665182,0,0.57169193
7235.0,2023-24,33,0.10857964,0,0.51039493
7235.0,2023-24,34,1.0788609,0,0.47829273
7235.0,2023-24,35,0.2107559,0,1.0729887
7235.0,2023-24,36,0.21544237,0,0.77914
7235.0,2023-24,37,0.21544237,0,0.5892805
7235.0,2023-24,38,1.2246114,1,0.46093985
7702.0,2023-24,22,2.194926,2,1.8365469
7702.0,2023-24,23,3.2427292,0,1.7983927
7702.0,2023-24,24,4.621748,1,1.8971443
7702.0,2023-24,25,0.31896502,0,1.9239918
7702.0,2023-24,26,0.3596553,0,1.5996559
7702.0,2023-24,27,0.9881549,0,0.92172766
7702.0,2023-24,28,-0.053366844,0,0.6789514
7702.0,2023-24,29,-0.04788418,0,0.52164596
7702.0,2023-24,30,2.8870354,3,0.54620886
7702.0,2023-24,31,2.5545115,3,1.3254623
7702.0,2023-24,32,3.4289327,1,1.8184512
7702.0,2023-24,33,3.5946686,9,1.8690732
7702.0,2023-24,34,3.2639246,-1,1.5466728
7702.0,2023-24,34,3.2639246,-1,1.1838009
7702.0,2023-24,34,2.6943915,6,1.5466728
7702.0,2023-24,34,2.6943915,6,1.1838009
7702.0,2023-24,35,2.7878966,2,1.2361548
7702.0,2023-24,36,2.194462,6,1.2691159
7702.0,2023-24,37,3.6770344,3,1.4241936
7702.0,2023-24,38,5.0790806,6,1.8288326
7904.0,2023-24,19,0.22430642,0,0.5203373
7904.0,2023-24,20,-0.063743316,0,0.5728966
7904.0,2023-24,21,0.12442674,0,0.62223345
7904.0,2023-24,22,0.10480793,0,0.55503523
7904.0,2023-24,23,0.025264198,0,0.52265453
7904.0,2023-24,24,0.9857147,3,0.50209856
7904.0,2023-24,25,1.9434777,3,1.1658959
7904.0,2023-24,25,1.9434777,3,1.5004699
7904.0,2023-24,25,3.2004397,2,1.1658959
7904.0,2023-24,25,3.2004397,2,1.5004699
7904.0,2023-24,26,1.0548844,0,1.5160242
7904.0,2023-24,27,3.9943986,9,0.82699573
7904.0,2023-24,28,2.3288434,3,0.9969156
7904.0,2023-24,29,0.20231377,0,1.2807117
7904.0,2023-24,30,3.3998992,2,0.8194934
7904.0,2023-24,31,4.784004,3,1.091048
7904.0,2023-24,32,3.6705267,2,1.2966266
8776.0,2023-24,6,3.1469705,0,1.120345
8776.0,2023-24,7,2.6747537,3,1.0622187
8776.0,2023-24,8,4.5962667,0,1.0758607
8776.0,2023-24,9,1.9248961,2,1.4183378
8776.0,2023-24,10,3.0959861,0,1.6641874
8776.0,2023-24,11,4.012246,2,1.6787403
8776.0,2023-24,12,1.3917129,5,1.9210606
8776.0,2023-24,13,2.837445,3,1.6456354
8776.0,2023-24,14,3.2088401,0,1.4147906
8776.0,2023-24,15,4.0333524,3,1.4424828
8776.0,2023-24,16,3.130054,9,1.4527235
8776.0,2023-24,17,3.9496846,2,1.3980799
8776.0,2023-24,18,3.8143644,3,1.6895672
8776.0,2023-24,19,4.7224445,2,2.2706614
8776.0,2023-24,20,5.4047456,1,2.5343611
8776.0,2023-24,21,4.9298315,2,2.7602496
8776.0,2023-24,22,4.0081496,1,2.5193365
8776.0,2023-24,23,4.707708,1,2.438313
8776.0,2023-24,24,3.816009,3,2.1479414
8776.0,2023-24,25,3.3783727,2,2.0688286
8776.0,2023-24,26,2.1984706,0,1.8444291
8776.0,2023-24,27,0.90114033,0,1.5299301
8776.0,2023-24,28,0.3605732,0,0.87533617
8776.0,2023-24,29,0.6383238,0,0.6522044
8776.0,2023-24,30,0.4148103,0,0.52881736
8776.0,2023-24,31,0.60235965,0,0.60472
8776.0,2023-24,32,0.26898286,0,0.5721847
8776.0,2023-24,33,0.1322116,0,0.54770076
8776.0,2023-24,34,0.06592589,3,0.5266392
8776.0,2023-24,35,1.6050472,1,1.2870266
8776.0,2023-24,36,2.7584584,1,1.4636908
8776.0,2023-24,37,5.217249,4,1.3538961
8776.0,2023-24,38,3.3417397,3,1.1907811
8786.0,2023-24,14,0.046821695,0,0.42743936
8786.0,2023-24,15,0.0530198,0,0.51595676
8786.0,2023-24,16,0.0530198,0,0.47962156
8786.0,2023-24,17,0.0530198,0,0.4650723
8786.0,2023-24,18,-0.031682253,0,0.45697013
8786.0,2023-24,19,-0.031682253,0,0.45032573
8786.0,2023-24,20,-0.031682253,0,0.4433646
8786.0,2023-24,21,0.25135332,2,0.4366683
8786.0,2023-24,22,-0.022528488,0,0.9129814
8786.0,2023-24,23,-0.022528488,0,0.6201371
8786.0,2023-24,24,-0.022528488,0,0.4825212
8786.0,2023-24,25,-0.038987834,0,0.40453672
8786.0,2023-24,26,-0.038987834,0,0.36475024
8786.0,2023-24,27,0.012757087,0,0.4419368
8786.0,2023-24,28,0.60676694,2,0.4419368
8786.0,2023-24,29,-0.14540885,0,0.959818
8786.0,2023-24,30,1.382322,8,0.59477055
8786.0,2023-24,31,1.954798,2,1.00595
8786.0,2023-24,32,2.3628914,1,1.111204
8786.0,2023-24,33,0.8802332,0,1.1248295
8786.0,2023-24,34,0.12035798,0,0.8248701
8786.0,2023-24,35,4.6100698,1,0.40328392
8786.0,2023-24,36,0.220377,0,0.70407736
8786.0,2023-24,37,2.0066447,2,0.5984178
8786.0,2023-24,38,2.0210428,2,1.1724808
8858.0,2023-24,6,4.219253,2,1.6784736
8858.0,2023-24,7,3.9027965,3,1.8217195
8858.0,2023-24,8,2.6931891,7,1.6224897
8858.0,2023-24,9,3.7843616,6,1.506358
8858.0,2023-24,10,4.5311065,3,1.5643474
8858.0,2023-24,11,2.6157112,1,1.5712597
8858.0,2023-24,12,1.7975843,1,1.4453316
8858.0,2023-24,13,4.0770445,2,1.4265296
8858.0,2023-24,14,1.4847512,1,1.1536635
8858.0,2023-24,15,2.1709123,2,0.9491772
8858.0,2023-24,16,2.309276,2,0.6574662
8858.0,2023-24,17,3.1151028,6,0.80917025
8858.0,2023-24,18,3.0541894,6,0.7664757
8858.0,2023-24,19,2.6002948,1,0.782966
8858.0,2023-24,20,3.905771,3,0.9154563
8858.0,2023-24,21,2.3920248,1,1.0905087
8858.0,2023-24,22,3.537572,2,1.1799117
8858.0,2023-24,23,5.3434706,1,1.0718114
8858.0,2023-24,24,2.673097,2,1.1023612
8858.0,2023-24,25,2.7888026,3,1.1865939
8858.0,2023-24,26,1.8577629,0,1.3533022
8858.0,2023-24,27,4.8052516,2,0.7281951
8858.0,2023-24,28,3.386326,6,0.9710915
8858.0,2023-24,29,2.672735,2,1.3848169
8858.0,2023-24,30,4.2364492,2,1.6627762
8858.0,2023-24,31,5.2395,3,1.8780005
8858.0,2023-24,32,5.441705,4,1.5592502
8858.0,2023-24,33,3.5261805,0,1.4058993
8858.0,2023-24,34,-0.4182967,0,1.3692815
8858.0,2023-24,35,1.5549995,1,1.0532075
8858.0,2023-24,35,1.5549995,1,0.9894842
8858.0,2023-24,35,2.5745096,1,1.0532075
8858.0,2023-24,35,2.5745096,1,0.9894842
8858.0,2023-24,36,1.150015,2,0.989866
8858.0,2023-24,37,4.1051235,2,1.1273385
8858.0,2023-24,37,4.1051235,2,1.1327112
8858.0,2023-24,37,5.718741,2,1.1273385
8858.0,2023-24,37,5.718741,2,1.1327112
8858.0,2023-24,38,4.32119,6,0.85945505
8923.0,2023-24,27,1.5365368,0,0.9869716
8923.0,2023-24,28,4.0251236,3,1.5334022
8923.0,2023-24,29,2.7522454,0,1.6010612
8923.0,2023-24,30,4.02152,3,0.8226315
8923.0,2023-24,31,2.8087645,3,0.948214
8923.0,2023-24,32,2.9055295,1,1.0691943
8923.0,2023-24,33,3.0176983,2,1.328099
8923.0,2023-24,34,5.9227366,1,1.8422977
9077.0,2023-24,6,7.583103,3,1.2426155
9077.0,2023-24,7,5.49545,3,1.292477
9077.0,2023-24,7,5.49545,3,1.1012472
9077.0,2023-24,7,4.1591816,2,1.292477
9077.0,2023-24,7,4.1591816,2,1.1012472
9077.0,2023-24,8,4.1469035,0,1.4343797
9077.0,2023-24,9,6.26392,3,1.5505955
9077.0,2023-24,10,3.1616533,2,1.1827013
9077.0,2023-24,11,3.0959222,1,1.2631716
9077.0,2023-24,12,3.7407331,2,1.5179505
9077.0,2023-24,13,3.9390423,1,1.4943466
9077.0,2023-24,14,2.5502396,7,1.5512267
9077.0,2023-24,15,2.7736993,3,1.5688789
9077.0,2023-24,16,2.3883798,7,1.4775641
9077.0,2023-24,17,3.6669707,2,1.4265336
9077.0,2023-24,18,2.281797,9,1.5495013
9077.0,2023-24,19,3.2513735,3,1.5198214
9077.0,2023-24,20,4.5526214,2,1.5211093
9077.0,2023-24,21,5.642986,2,1.6062523
9077.0,2023-24,22,3.4834394,1,1.8998783
9077.0,2023-24,23,4.8592906,2,2.156352
9077.0,2023-24,24,4.163029,4,2.0436413
9077.0,2023-24,25,3.6146338,0,1.9815757
9077.0,2023-24,26,4.016286,2,2.3461027
9077.0,2023-24,27,3.565037,1,2.4896214
9077.0,2023-24,28,3.0289123,1,2.7394063
9098.0,2023-24,6,3.8730593,4,1.520283
9098.0,2023-24,7,4.8670497,7,1.488827
9098.0,2023-24,8,2.5014102,2,1.4703345
9098.0,2023-24,9,1.7008643,1,1.6680434
9098.0,2023-24,10,1.6200261,2,1.8957617
9098.0,2023-24,11,2.9659579,3,1.4220985
9098.0,2023-24,12,2.795341,2,1.3436923
9098.0,2023-24,13,3.0426047,0,0.924663
9098.0,2023-24,14,4.429897,2,0.77169895
9098.0,2023-24,15,3.198257,11,0.92666173
9098.0,2023-24,16,4.5469184,3,1.0717287
9676.0,2023-24,10,4.173292,6,1.7438173
9676.0,2023-24,11,2.0283566,2,1.5357482
9676.0,2023-24,12,2.6074896,3,1.7678394
9676.0,2023-24,13,-0.35798398,0,1.6819806
9676.0,2023-24,14,3.3853312,2,1.3907821
9676.0,2023-24,15,5.131957,1,1.6331389
9676.0,2023-24,16,3.8905177,2,1.935713
9676.0,2023-24,17,5.5010915,6,2.4286401
9676.0,2023-24,18,4.3293366,2,2.5569417
9676.0,2023-24,19,4.929038,6,2.562
9676.0,2023-24,20,3.9754298,1,2.463114
9676.0,2023-24,21,4.1923966,8,2.1963866
9676.0,2023-24,22,4.3188825,2,1.9291598
9676.0,2023-24,23,3.4847925,2,1.8659961
9676.0,2023-24,24,3.700673,6,1.8145379
9676.0,2023-24,25,4.881955,6,1.8662739
9676.0,2023-24,26,3.7773292,2,2.1008046
9676.0,2023-24,27,3.430458,6,1.8921896
9676.0,2023-24,28,0.85000604,0,1.8059152
9676.0,2023-24,29,0.18208702,0,1.2674091
9676.0,2023-24,30,1.2731447,5,0.6889992
9676.0,2023-24,31,3.5882177,6,1.1539906
9676.0,2023-24,32,2.7092626,6,1.7855124
9676.0,2023-24,33,3.7325096,1,1.9645833
9676.0,2023-24,34,4.344726,10,1.7260232
9676.0,2023-24,34,4.344726,10,1.5057185
9676.0,2023-24,34,5.609355,6,1.7260232
9676.0,2023-24,34,5.609355,6,1.5057185
9676.0,2023-24,35,5.6472673,1,1.7944783
9676.0,2023-24,36,3.761497,6,1.818045
9676.0,2023-24,37,3.5161045,5,1.7839247
9676.0,2023-24,38,3.526409,2,1.8677974
9740.0,2023-24,6,4.005112,3,1.6764516
9740.0,2023-24,7,2.490762,4,1.8382101
9740.0,2023-24,8,4.0447164,3,1.840719
9740.0,2023-24,9,2.5617266,3,1.7101549
9740.0,2023-24,10,4.480882,1,1.5179979
9740.0,2023-24,11,2.3865542,1,1.5906398
9740.0,2023-24,12,2.4897375,2,1.4466659
9740.0,2023-24,13,2.5746338,2,1.4370694
9740.0,2023-24,14,2.3177001,0,1.6205194
9740.0,2023-24,15,0.1885966,0,1.489336
9740.0,2023-24,16,4.257568,2,1.0930802
9740.0,2023-24,17,0.26736006,0,1.0818043
9740.0,2023-24,18,3.5570285,3,0.7752327
9740.0,2023-24,19,3.7197855,3,1.3046488
9740.0,2023-24,20,5.1071453,6,1.7215493
9740.0,2023-24,21,3.9394763,8,1.458661
9740.0,2023-24,22,4.3625293,1,1.5575067
9740.0,2023-24,23,2.4404404,1,1.3288741
9740.0,2023-24,24,2.6679733,2,1.5565358
9740.0,2023-24,25,2.8427732,3,1.6412312
9740.0,2023-24,26,3.3408983,7,1.3027499
9740.0,2023-24,27,2.9215858,0,1.3584957
9740.0,2023-24,28,3.9194307,3,1.528014
9740.0,2023-24,29,0.1380979,0,1.3591423
9740.0,2023-24,30,2.8855476,2,0.914042
9740.0,2023-24,31,3.261137,4,1.1202157
9740.0,2023-24,32,3.5826705,1,1.4522613
9740.0,2023-24,33,2.9941828,8,1.6642482
9740.0,2023-24,34,1.7973477,3,1.9463365
9740.0,2023-24,34,1.7973477,3,1.6786424
9740.0,2023-24,34,2.3180337,3,1.9463365
9740.0,2023-24,34,2.3180337,3,1.6786424
9740.0,2023-24,35,4.1351614,3,1.4779701
9740.0,2023-24,36,2.4346662,2,1.1743656
9740.0,2023-24,37,0.059440367,0,1.1214423
9740.0,2023-24,38,2.1803508,4,0.67855597
10700.0,2023-24,6,2.8872726,1,2.0150535
10700.0,2023-24,7,2.4674838,3,1.952256
10700.0,2023-24,8,3.5705051,6,1.7596582
10700.0,2023-24,9,3.6047895,1,1.5509067
10700.0,2023-24,10,1.9719255,2,1.3799164
10700.0,2023-24,11,0.2379505,0,1.1832567
10700.0,2023-24,12,-0.059764683,0,0.6808437
10700.0,2023-24,13,0.20779964,0,0.54271954
10700.0,2023-24,14,-0.07163521,0,0.49465868
10700.0,2023-24,15,0.024144698,0,0.5810696
10700.0,2023-24,16,3.9526653,3,0.63827133
10700.0,2023-24,17,1.7534161,2,1.3451273
10700.0,2023-24,18,3.0516407,2,1.7660726
10700.0,2023-24,19,2.1582716,3,1.8107955
10700.0,2023-24,20,5.67677,3,1.4559944
10700.0,2023-24,21,2.9762573,1,1.1199543
10700.0,2023-24,22,2.6985035,1,1.071309
10913.0,2023-24,6,2.1319094,7,1.2564806
10913.0,2023-24,7,3.0791638,2,1.2560853
10913.0,2023-24,8,2.7557123,2,1.3026936
10913.0,2023-24,9,3.9097593,3,1.2494876
10913.0,2023-24,10,3.1539032,2,1.3942784
10913.0,2023-24,11,3.62029,6,1.4695473
10913.0,2023-24,12,1.672566,8,1.5736613
10913.0,2023-24,13,2.7103314,9,1.7419899
10913.0,2023-24,14,4.7891846,3,1.554853
10913.0,2023-24,15,2.4525666,2,1.6126513
10913.0,2023-24,16,2.9299743,1,1.9138907
10913.0,2023-24,17,2.7204008,10,1.8858058
10913.0,2023-24,18,3.7177634,2,1.3701706
10913.0,2023-24,19,4.3275394,1,1.4128156
10913.0,2023-24,20,2.8228304,1,1.4410964
10913.0,2023-24,21,5.2755466,2,2.0268698
10913.0,2023-24,22,4.0895424,1,2.2928128
10913.0,2023-24,23,5.090153,8,2.4782932
10913.0,2023-24,24,4.0001416,4,2.0925386
10913.0,2023-24,25,2.3452427,3,1.9479643
10913.0,2023-24,26,2.9541097,2,1.9446633
10913.0,2023-24,27,2.8577964,2,2.2597716
10913.0,2023-24,28,4.3239098,11,2.280554
10913.0,2023-24,29,0.9736342,0,2.0383842
10913.0,2023-24,30,4.2032332,3,2.1053994
10913.0,2023-24,31,3.3205945,2,1.7507542
10913.0,2023-24,32,3.7711525,2,1.5554296
10913.0,2023-24,33,3.923581,2,1.381213
10913.0,2023-24,34,4.0173616,1,1.8777261
10913.0,2023-24,35,3.4900882,4,1.8324037
10913.0,2023-24,36,4.9152484,2,1.7616808
10913.0,2023-24,37,4.015269,3,1.9578222
10913.0,2023-24,37,4.015269,3,2.339814
10913.0,2023-24,37,2.6955492,2,1.9578222
10913.0,2023-24,37,2.6955492,2,2.339814
10913.0,2023-24,38,3.1006675,7,2.2847555
11361.0,2023-24,19,0.0044898097,0,1.0570862
11361.0,2023-24,20,0.37841058,0,1.136411
11361.0,2023-24,21,0.31936753,0,1.0245459
11361.0,2023-24,22,0.27488208,0,0.7519645
11361.0,2023-24,23,0.07565491,0,0.65101516
11361.0,2023-24,24,0.15805028,0,0.5929624
11361.0,2023-24,25,0.15805028,0,0.548917
11361.0,2023-24,26,-0.031682253,0,0.5106373
11361.0,2023-24,27,0.4341445,1,0.47693732
11361.0,2023-24,28,-0.016170865,0,0.7180267
11361.0,2023-24,29,-0.016170865,0,0.5468373
11361.0,2023-24,30,-0.016170865,0,0.47409764
11361.0,2023-24,31,0.0051053297,0,0.42927244
11361.0,2023-24,32,0.0051053297,0,0.40806693
11361.0,2023-24,33,0.040261876,0,0.43636242
11361.0,2023-24,34,0.040261876,0,0.43636242
11361.0,2023-24,35,0.040261876,0,0.43636242
11361.0,2023-24,36,-0.031682253,0,0.43636242
11361.0,2023-24,37,1.3464801,1,0.43554768
11711.0,2023-24,8,3.1691332,1,0.36514607
11711.0,2023-24,9,0.17323744,0,0.8878742
11711.0,2023-24,10,-0.029824764,0,0.7709013
11711.0,2023-24,11,2.0581698,5,0.3913974
11711.0,2023-24,12,0.5277775,0,1.021929
11711.0,2023-24,13,4.700478,1,0.5993927
11711.0,2023-24,14,0.4591179,0,1.3725541
11711.0,2023-24,15,0.039466828,0,0.90851915
11711.0,2023-24,16,4.2257276,2,0.63921165
11711.0,2023-24,17,1.0207891,3,1.2143446
11711.0,2023-24,18,3.94333,2,1.526506
11711.0,2023-24,19,2.4986937,0,1.7876444
11711.0,2023-24,20,0.99143314,0,0.97410834
11711.0,2023-24,21,-0.008544504,0,0.4495295
11711.0,2023-24,22,-0.002017025,0,0.36061808
11711.0,2023-24,23,1.1864619,3,0.4376332
11711.0,2023-24,24,0.13781032,0,1.2904793
11711.0,2023-24,25,2.9549594,5,0.9657556
11711.0,2023-24,26,3.5344412,2,1.4306897
11711.0,2023-24,27,0.33323354,0,1.6645412
11711.0,2023-24,28,2.749564,10,0.9800261
11711.0,2023-24,29,0.036600143,0,1.4596455
11711.0,2023-24,30,1.4072104,4,0.77573633
11711.0,2023-24,31,2.7677746,6,1.0574186
11711.0,2023-24,32,1.7205439,2,1.2513163
11711.0,2023-24,33,2.1966052,2,1.1943666
11711.0,2023-24,34,0.1996087,0,1.4219501
11711.0,2023-24,35,3.201839,2,0.8974612
11711.0,2023-24,36,2.9940822,6,1.2475574
11711.0,2023-24,37,3.1258426,5,1.2203825
11711.0,2023-24,37,3.1258426,5,1.5273008
11711.0,2023-24,37,2.5063968,1,1.2203825
11711.0,2023-24,37,2.5063968,1,1.5273008
11712.0,2023-24,6,5.5921702,2,1.2994877
11712.0,2023-24,7,4.3203273,3,1.658042
11712.0,2023-24,7,4.3203273,3,1.5195898
11712.0,2023-24,7,4.14653,1,1.658042
11712.0,2023-24,7,4.14653,1,1.5195898
11712.0,2023-24,8,5.8971186,3,1.9806402
11712.0,2023-24,9,4.553592,3,2.171202
11712.0,2023-24,10,3.6481123,2,1.7237569
11712.0,2023-24,11,3.3871288,3,1.7429166
11712.0,2023-24,12,3.6469998,3,1.6956351
11712.0,2023-24,13,3.1372268,3,1.7218664
11712.0,2023-24,14,2.1818943,1,1.7403271
11712.0,2023-24,15,1.861225,1,1.8056276
11712.0,2023-24,16,2.4812176,2,1.6139104
11712.0,2023-24,17,0.16640495,0,1.7156818
11712.0,2023-24,18,1.3038585,6,0.8990375
11712.0,2023-24,19,1.9327598,1,0.8267391
11712.0,2023-24,20,1.514203,2,0.7792378
11712.0,2023-24,21,4.015405,5,1.0656561
11712.0,2023-24,22,3.2395313,6,1.3412714
11712.0,2023-24,23,1.4458239,0,1.2797714
11712.0,2023-24,24,3.0511858,1,1.5593878
11712.0,2023-24,25,3.5667791,4,1.6669965
11712.0,2023-24,25,3.5667791,4,1.4385448
11712.0,2023-24,25,2.1507463,3,1.6669965
11712.0,2023-24,25,2.1507463,3,1.4385448
11712.0,2023-24,26,-0.13851248,0,1.2621762
11712.0,2023-24,27,3.950176,2,0.75212365
11712.0,2023-24,28,1.8111308,3,0.89703953
11712.0,2023-24,28,1.8111308,3,0.8812448
11712.0,2023-24,28,2.6001337,1,0.89703953
11712.0,2023-24,28,2.6001337,1,0.8812448
11712.0,2023-24,29,2.9768567,2,0.99843097
11712.0,2023-24,30,2.98822,1,1.2322986
11712.0,2023-24,31,2.0384665,2,1.0260667
11712.0,2023-24,32,2.2192922,2,1.2596445
11712.0,2023-24,33,5.7559786,3,1.5337402
11712.0,2023-24,34,4.7928615,1,1.5788066
11712.0,2023-24,35,3.5131269,2,1.7719043
11712.0,2023-24,36,3.18214,3,1.8162227
11712.0,2023-24,37,2.500872,2,1.7000768
11712.0,2023-24,38,3.17408,0,1.4023155
12032.0,2023-24,21,4.1001763,10,1.4818351
12032.0,2023-24,22,1.7586632,3,1.382921
12032.0,2023-24,23,3.1945574,1,1.3629029
12032.0,2023-24,24,2.375536,3,1.3561267
12032.0,2023-24,25,2.354393,2,1.5239555
12032.0,2023-24,26,0.37637758,0,1.4139004
12032.0,2023-24,27,2.1748126,2,0.68274695
12032.0,2023-24,28,2.4097095,0,0.7222079
12032.0,2023-24,29,-0.022343323,0,1.0462968
12032.0,2023-24,30,4.2219944,2,0.6862525
12032.0,2023-24,31,3.2557998,1,1.5130608
12032.0,2023-24,32,2.8671935,2,1.4401541
12032.0,2023-24,33,4.6019306,6,1.6572685
12032.0,2023-24,34,3.7548056,2,1.5877689
12032.0,2023-24,35,2.6125078,2,1.2148457
12032.0,2023-24,35,2.6125078,2,1.4705818
12032.0,2023-24,35,2.6274717,9,1.2148457
12032.0,2023-24,35,2.6274717,9,1.4705818
12032.0,2023-24,36,2.1564677,6,1.4260178
12032.0,2023-24,37,4.5592046,1,1.3774807
12032.0,2023-24,37,4.5592046,1,1.410215
12032.0,2023-24,37,4.3457475,2,1.3774807
12032.0,2023-24,37,4.3457475,2,1.410215
12032.0,2023-24,38,3.9968083,3,1.4368454
181.0,2024-25,6,3.6270702,5,1.738425
181.0,2024-25,7,2.4502335,2,1.8372991
181.0,2024-25,8,2.1168387,5,1.7750947
181.0,2024-25,9,2.923241,3,2.3894327
181.0,2024-25,10,5.204644,2,2.2311623
181.0,2024-25,11,2.1072211,9,2.2718055
181.0,2024-25,12,2.832419,0,2.1811268
181.0,2024-25,13,2.583357,2,1.8134718
181.0,2024-25,14,2.9701316,2,1.5914607
181.0,2024-25,15,2.5707698,3,1.4541452
181.0,2024-25,16,2.5622296,1,1.5014856
181.0,2024-25,17,3.054469,6,1.4512261
181.0,2024-25,18,1.9585202,4,1.6153669
181.0,2024-25,19,2.7600574,3,1.6133963
181.0,2024-25,20,3.3058631,1,1.734335
181.0,2024-25,21,4.233795,1,1.7092991
181.0,2024-25,22,2.6488888,7,1.5378311
181.0,2024-25,23,3.5852962,2,1.5284474
181.0,2024-25,24,2.2295463,2,1.5677283
181.0,2024-25,25,4.425763,2,1.803445
181.0,2024-25,26,3.8733296,2,1.7952075
181.0,2024-25,27,3.3005395,3,1.7914143
181.0,2024-25,28,3.6228406,1,1.5273597
181.0,2024-25,29,1.8554279,13,1.4649581
181.0,2024-25,30,2.698716,2,2.0579975
181.0,2024-25,31,3.4176881,1,1.8462546
181.0,2024-25,32,3.2284482,2,1.793364
181.0,2024-25,33,2.3978834,2,1.6088012
181.0,2024-25,34,4.083738,2,1.593945
181.0,2024-25,35,3.4241817,2,1.6200898
181.0,2024-25,36,2.1145523,2,1.5038337
181.0,2024-25,37,2.526383,6,1.6572131
181.0,2024-25,38,2.7427988,2,1.7585912
375.0,2024-25,6,0.36691,0,0.6718141
375.0,2024-25,7,0.9922907,0,0.7648314
375.0,2024-25,8,1.52086,0,0.65888894
375.0,2024-25,9,1.9436681,0,0.69048387
375.0,2024-25,10,0.65588605,0,0.69556636
375.0,2024-25,11,1.3297595,0,0.74621296
375.0,2024-25,12,0.9959161,0,0.6700084
375.0,2024-25,13,0.5440098,0,0.70890284
375.0,2024-25,14,0.79955184,0,0.67030025
375.0,2024-25,15,0.49321613,0,0.78680533
375.0,2024-25,16,1.360267,0,0.68885976
375.0,2024-25,17,1.257054,0,0.71376044
375.0,2024-25,18,0.7115845,0,0.6240648
375.0,2024-25,19,1.3279958,0,0.70501316
375.0,2024-25,20,1.146618,0,0.6891299
375.0,2024-25,21,1.2508616,0,0.64592075
375.0,2024-25,22,0.65365374,0,0.6788009
375.0,2024-25,23,1.0086797,0,0.75420415
375.0,2024-25,24,0.58638906,0,0.64204764
375.0,2024-25,25,0.9488704,0,0.76709527
375.0,2024-25,26,0.7772802,0,0.6901212
375.0,2024-25,27,0.59286785,0,0.69059974
375.0,2024-25,28,1.5084738,0,0.6869762
375.0,2024-25,29,0.023564773,0,0.61743677
375.0,2024-25,30,0.86811614,0,0.50390553
375.0,2024-25,31,1.4864494,0,0.68706477
375.0,2024-25,32,0.6924335,0,0.66335684
375.0,2024-25,32,0.6924335,0,0.76531434
375.0,2024-25,32,1.2227589,0,0.66335684
375.0,2024-25,32,1.2227589,0,0.76531434
375.0,2024-25,33,1.0357683,0,0.8388127
375.0,2024-25,34,0.61423445,0,0.7264569
375.0,2024-25,35,0.8619286,0,0.7466647
375.0,2024-25,36,0.9362227,0,0.68600965
375.0,2024-25,37,0.54732656,0,0.70665854
375.0,2024-25,38,0.96693856,0,0.6919931
635.0,2024-25,6,-0.0086660255,0,0.6295793
635.0,2024-25,7,0.19426237,0,0.6194091
635.0,2024-25,8,0.009036371,0,0.6062437
635.0,2024-25,9,0.009036371,0,0.59596825
635.0,2024-25,10,-0.02065816,0,0.5896033
635.0,2024-25,11,0.023564773,0,0.57909167
635.0,2024-25,12,0.29016387,3,0.5679233
635.0,2024-25,13,0.03033077,0,1.3713706
635.0,2024-25,14,0.03033077,0,1.0412526
635.0,2024-25,15,0.03033077,0,0.79930985
635.0,2024-25,16,1.1106968,1,0.63592196
635.0,2024-25,17,0.024160353,0,1.202304
635.0,2024-25,18,0.15375212,0,0.9245163
635.0,2024-25,19,0.15375212,0,0.7110579
635.0,2024-25,20,-0.038449794,0,0.58131635
635.0,2024-25,21,0.026424365,0,0.5051645
635.0,2024-25,22,0.010053997,0,0.56838083
635.0,2024-25,23,0.45021993,2,0.56611663
706.0,2024-25,6,1.5413811,0,0.81846863
706.0,2024-25,7,1.6157475,0,0.6653695
706.0,2024-25,8,1.1508458,0,0.6554114
706.0,2024-25,9,0.9362855,3,0.68799067
706.0,2024-25,10,3.2255254,2,1.2295504
706.0,2024-25,11,4.058148,9,1.4146392
706.0,2024-25,12,3.0137806,6,1.6473753
706.0,2024-25,13,2.2213984,-1,1.6804881
706.0,2024-25,14,3.9166775,2,1.4688066
706.0,2024-25,15,4.0487447,2,1.4057143
706.0,2024-25,16,2.7466066,4,1.4562411
706.0,2024-25,17,3.643321,3,1.6661148
706.0,2024-25,18,2.9152384,2,1.6971632
706.0,2024-25,19,4.3448462,0,1.7034599
706.0,2024-25,20,1.917612,0,1.3598189
706.0,2024-25,21,3.3681388,1,0.917161
706.0,2024-25,22,3.796836,2,1.0799465
706.0,2024-25,23,1.8609036,0,1.2982867
706.0,2024-25,24,3.0702274,0,0.9990504
706.0,2024-25,25,2.3606505,0,0.78171504
706.0,2024-25,26,0.5427123,0,0.63668597
706.0,2024-25,27,2.9286642,0,0.61246693
706.0,2024-25,28,0.63617235,0,0.6319164
706.0,2024-25,29,0.6986931,0,0.7579261
706.0,2024-25,30,1.0793917,0,0.7637811
706.0,2024-25,31,1.4814318,0,0.6788349
706.0,2024-25,32,0.37746248,0,0.71292657
706.0,2024-25,33,2.1761148,0,0.68299586
706.0,2024-25,34,0.7892524,0,0.6707008
706.0,2024-25,35,0.81365395,0,0.65830636
706.0,2024-25,36,1.1753559,0,0.6936083
706.0,2024-25,37,0.9671252,0,0.6458125
706.0,2024-25,38,1.943993,3,0.6975764
741.0,2024-25,6,3.400876,2,1.1120381
741.0,2024-25,7,3.1487696,15,1.0025531
741.0,2024-25,8,3.5334747,6,1.4748958
741.0,2024-25,9,3.2188768,2,1.938257
741.0,2024-25,10,3.7100952,2,1.9706347
741.0,2024-25,11,4.617676,11,1.7502513
741.0,2024-25,12,2.6989055,6,1.8553052
741.0,2024-25,13,2.3658216,0,2.0721743
741.0,2024-25,14,3.8552053,6,1.7265755
741.0,2024-25,15,-0.23206778,0,1.835442
741.0,2024-25,16,1.1262943,8,1.2171712
741.0,2024-25,17,3.83983,7,1.5800174
741.0,2024-25,18,3.4194763,9,1.7556624
741.0,2024-25,19,3.8145604,1,1.8679073
741.0,2024-25,20,3.318495,4,1.7407188
741.0,2024-25,21,3.6987243,1,1.5426039
741.0,2024-25,22,3.7231154,2,1.5913732
741.0,2024-25,23,3.3196979,5,1.6486791
741.0,2024-25,24,3.9001029,9,1.891899
741.0,2024-25,24,3.9001029,9,2.5505502
741.0,2024-25,24,4.521401,1,1.891899
741.0,2024-25,24,4.521401,1,2.5505502
741.0,2024-25,25,4.2377462,3,2.4026694
741.0,2024-25,26,3.8210711,1,2.4124768
741.0,2024-25,27,3.3245263,2,2.3110173
741.0,2024-25,28,3.1774452,2,2.2640297
741.0,2024-25,29,5.963491,3,1.6128708
741.0,2024-25,30,2.769431,3,1.8056579
741.0,2024-25,31,1.2201587,3,1.6792297
741.0,2024-25,32,2.4667056,9,1.4693823
741.0,2024-25,33,4.62524,1,1.5905864
741.0,2024-25,34,2.763964,4,1.5667062
741.0,2024-25,35,3.8557394,2,1.6388054
741.0,2024-25,36,3.3043993,3,1.7930111
741.0,2024-25,37,4.1804166,6,1.878509
741.0,2024-25,38,3.3016188,11,1.8295885
831.0,2024-25,18,4.4734645,2,1.6296399
831.0,2024-25,19,2.4613042,1,1.6475499
978.0,2024-25,8,0.281435,0,1.2668948
978.0,2024-25,9,0.07696907,0,0.77422965
978.0,2024-25,10,1.0558573,0,0.5867259
978.0,2024-25,11,0.29875752,0,0.4943567
978.0,2024-25,12,-0.20544256,0,0.520591
978.0,2024-25,13,-0.06731958,0,0.6028743
978.0,2024-25,14,-0.056936063,0,0.59016365
978.0,2024-25,15,0.63921607,1,0.57645804
978.0,2024-25,16,3.386803,1,0.9005852
1038.0,2024-25,30,2.4133599,3,1.3477457
1038.0,2024-25,31,3.1095202,1,1.2724757
1038.0,2024-25,32,3.1802306,2,1.3118919
1038.0,2024-25,33,2.1521723,1,1.3252382
1038.0,2024-25,34,2.7247841,1,1.4928579
1038.0,2024-25,35,1.8808757,1,1.421637
1038.0,2024-25,36,3.599806,3,1.2685333
1038.0,2024-25,37,2.8024516,1,1.3074145
1257.0,2024-25,6,2.6752687,2,1.4366596
1257.0,2024-25,7,2.7298613,10,1.6120204
1257.0,2024-25,8,3.8927143,0,1.7849116
1257.0,2024-25,9,4.172559,0,1.3835934
1257.0,2024-25,10,3.8007343,0,1.067662
1257.0,2024-25,11,1.9577808,0,0.7903061
1257.0,2024-25,12,2.9303694,0,0.6977883
1257.0,2024-25,13,1.0868274,0,0.6540901
1257.0,2024-25,14,1.3399627,0,0.719802
1257.0,2024-25,15,0.03160517,0,0.70380706
1257.0,2024-25,16,1.1510538,1,0.5334646
1257.0,2024-25,17,2.2713583,1,1.0683463
1257.0,2024-25,18,5.0855484,2,0.37406608
1257.0,2024-25,19,4.869092,6,0.6397091
1257.0,2024-25,20,5.1101823,1,1.0881779
1257.0,2024-25,21,4.6735034,2,1.5419528
1257.0,2024-25,22,3.163077,9,2.0763273
1257.0,2024-25,23,3.029463,2,1.9854965
1257.0,2024-25,24,1.4830813,9,2.4269302
1257.0,2024-25,24,1.4830813,9,2.5496738
1257.0,2024-25,24,3.8668883,1,2.4269302
1257.0,2024-25,24,3.8668883,1,2.5496738
1257.0,2024-25,25,4.2001247,3,2.778149
1257.0,2024-25,25,4.2001247,3,2.6964872
1257.0,2024-25,25,2.6392386,1,2.778149
1257.0,2024-25,25,2.6392386,1,2.6964872
1257.0,2024-25,26,1.9108136,8,2.0869033
1257.0,2024-25,27,2.962938,6,1.9717097
1257.0,2024-25,28,5.0869203,3,1.8065578
1257.0,2024-25,29,0.04257101,0,1.9771183
1257.0,2024-25,30,3.3731902,0,1.3978451
1257.0,2024-25,31,2.6234567,0,1.2665275
1257.0,2024-25,32,2.6948812,3,1.1104188
1257.0,2024-25,33,3.243579,6,1.3882637
1257.0,2024-25,34,3.1663575,2,1.5800819
1257.0,2024-25,35,4.184616,2,1.6993387
1257.0,2024-25,36,2.2303894,2,1.7866356
1257.0,2024-25,37,2.1286986,4,1.7591708
1257.0,2024-25,38,2.8657312,3,1.7324412
1297.0,2024-25,6,2.5831728,0,0.6956847
1297.0,2024-25,7,1.9776866,0,0.58239
1297.0,2024-25,8,0.5711896,0,0.62756306
1297.0,2024-25,9,0.9720772,0,0.61187345
1297.0,2024-25,10,1.1958932,0,0.7057462
1297.0,2024-25,11,0.8011644,0,0.6666504
1297.0,2024-25,12,0.46819854,0,0.61304057
1297.0,2024-25,13,1.1181113,0,0.65891564
1297.0,2024-25,14,0.7606691,0,0.5944716
1297.0,2024-25,15,0.59492016,0,0.65385497
1297.0,2024-25,16,0.98169595,0,0.6486313
1297.0,2024-25,17,0.5467154,0,0.74951065
1297.0,2024-25,18,0.8910197,0,0.7170794
1297.0,2024-25,19,1.0009869,0,0.74776036
1297.0,2024-25,20,1.2929331,0,0.6905946
1297.0,2024-25,21,1.314335,0,0.62827784
1297.0,2024-25,22,0.87895286,0,0.6937741
1297.0,2024-25,23,0.6907457,0,0.74989295
1297.0,2024-25,24,1.23841,0,0.66502184
1297.0,2024-25,25,1.0332075,0,0.7607591
1297.0,2024-25,26,1.6262312,0,0.6656114
1297.0,2024-25,27,0.48205972,0,0.7303558
1297.0,2024-25,28,0.685089,0,0.69875
1297.0,2024-25,29,0.6249311,0,0.5954397
1297.0,2024-25,30,0.3994372,0,0.66181946
1297.0,2024-25,31,0.7424284,0,0.7609128
1297.0,2024-25,32,1.1822187,0,0.72870576
1297.0,2024-25,33,2.4136908,0,0.7777534
1297.0,2024-25,33,2.4136908,0,0.65713465
1297.0,2024-25,33,0.77774084,0,0.7777534
1297.0,2024-25,33,0.77774084,0,0.65713465
1297.0,2024-25,34,0.023564773,0,0.7386757
1297.0,2024-25,35,0.88175523,0,0.59500265
1297.0,2024-25,36,0.5577725,0,0.759905
1297.0,2024-25,37,0.6653874,0,0.75026065
1297.0,2024-25,38,2.087805,0,0.7945279
2310.0,2024-25,6,3.8271585,2,1.6146603
2310.0,2024-25,7,3.8298883,2,1.5058804
2310.0,2024-25,8,3.3671567,-1,1.4273765
2310.0,2024-25,9,0.28355932,0,1.4381945
2310.0,2024-25,10,1.0469711,0,0.8828435
2310.0,2024-25,11,0.41071215,0,0.6251967
2310.0,2024-25,12,-0.27213207,0,0.49923724
2310.0,2024-25,13,-0.114841126,0,0.5081114
2310.0,2024-25,14,-0.046720468,0,0.6450515
2310.0,2024-25,15,-0.022377266,0,0.62423044
2310.0,2024-25,16,0.037179306,0,0.60676104
2310.0,2024-25,17,0.023564773,0,0.5916854
2310.0,2024-25,18,1.4639202,1,0.57574207
2310.0,2024-25,19,4.9215407,2,0.985952
2310.0,2024-25,20,2.8325863,1,1.4288032
2310.0,2024-25,21,0.21439645,0,1.4300032
2310.0,2024-25,22,0.8352174,0,0.8809573
2310.0,2024-25,23,2.6815555,3,0.50927633
2310.0,2024-25,24,2.9165018,2,0.9179454
2310.0,2024-25,25,2.1416924,3,1.3287425
2310.0,2024-25,26,2.3771868,6,1.7314086
2310.0,2024-25,27,3.424425,6,1.7790548
2310.0,2024-25,28,2.1186585,3,1.7513298
2310.0,2024-25,29,2.8000987,3,1.7785974
2310.0,2024-25,30,2.14184,2,1.8528244
2310.0,2024-25,31,2.3635678,2,1.8390536
2310.0,2024-25,32,1.9043477,2,1.790067
2310.0,2024-25,33,3.8759177,3,1.666138
2310.0,2024-25,34,3.722447,3,1.6946849
2310.0,2024-25,35,3.8760366,2,1.68896
2310.0,2024-25,36,3.9174335,8,1.6199766
2310.0,2024-25,37,2.840965,2,1.7207268
4401.0,2024-25,6,5.134485,2,1.6377001
4401.0,2024-25,7,3.8870742,9,1.703445
4401.0,2024-25,8,2.6910377,8,1.9394267
4401.0,2024-25,9,1.8621644,2,1.9311287
4401.0,2024-25,10,1.7483268,0,1.9013977
4401.0,2024-25,11,1.3580042,2,1.7214959
4401.0,2024-25,12,2.8818834,2,1.5956993
4401.0,2024-25,13,2.6115456,1,1.6183395
4401.0,2024-25,14,3.5043006,2,1.4392892
4401.0,2024-25,15,2.5514696,6,1.2698653
4401.0,2024-25,16,2.227974,2,1.4883316
4401.0,2024-25,17,2.4277189,2,1.6068546
4401.0,2024-25,18,2.5119536,2,1.6451782
4401.0,2024-25,19,4.074142,2,1.7233305
4401.0,2024-25,20,4.189078,2,1.6759038
4401.0,2024-25,21,4.213187,6,1.4638135
4401.0,2024-25,22,1.5120261,2,1.5488292
4401.0,2024-25,23,2.3578746,2,1.6411364
4401.0,2024-25,24,1.9758712,2,1.7815573
4401.0,2024-25,25,3.0864277,3,1.7273967
4401.0,2024-25,25,3.0864277,3,1.6799176
4401.0,2024-25,25,2.2474027,1,1.7273967
4401.0,2024-25,25,2.2474027,1,1.6799176
4401.0,2024-25,26,2.6163874,3,1.5463232
4401.0,2024-25,27,3.785674,1,1.6212332
4401.0,2024-25,28,0.09383083,0,1.4397566
4401.0,2024-25,29,0.4199413,0,0.8639294
4401.0,2024-25,30,1.7100773,6,0.5127021
4401.0,2024-25,31,2.8393104,1,1.0400937
4401.0,2024-25,32,2.5889084,6,1.3315326
4401.0,2024-25,33,2.2442,2,1.5632906
4401.0,2024-25,33,2.2442,2,1.5995028
4401.0,2024-25,33,3.9854927,2,1.5632906
4401.0,2024-25,33,3.9854927,2,1.5995028
4401.0,2024-25,34,-1.4990537,0,1.4163971
4401.0,2024-25,35,2.4467266,9,0.6727222
4401.0,2024-25,36,2.427464,8,1.2294173
4401.0,2024-25,37,3.6296287,6,1.1357368
4401.0,2024-25,38,2.8663645,-2,1.6443487
5061.0,2024-25,8,1.6073308,6,1.5532398
5061.0,2024-25,9,0.63742816,0,1.7289658
5061.0,2024-25,10,0.49446592,0,1.092135
5061.0,2024-25,11,3.2713368,2,0.8218504
5061.0,2024-25,12,3.9823358,1,1.0219702
5061.0,2024-25,13,5.302924,1,1.0020828
5061.0,2024-25,14,4.4397025,7,0.89071184
5061.0,2024-25,15,3.5112486,3,1.1548061
5061.0,2024-25,16,3.992966,2,1.3463552
5061.0,2024-25,17,2.8909717,9,1.726943
5061.0,2024-25,18,3.5331144,8,1.8071592
5061.0,2024-25,19,2.558943,2,1.807663
5061.0,2024-25,20,-0.5562104,0,1.7968341
5061.0,2024-25,21,-0.1313813,0,1.1748087
5061.0,2024-25,22,3.223498,3,0.80928516
5061.0,2024-25,23,4.0022697,7,1.4075778
5061.0,2024-25,24,3.1841462,2,1.93101
5061.0,2024-25,25,2.84261,3,2.0872085
5061.0,2024-25,26,4.0060754,2,1.914633
5061.0,2024-25,27,4.163652,1,1.7346792
5061.0,2024-25,28,2.9213772,1,1.5432305
5061.0,2024-25,29,4.1747403,1,1.2772213
5061.0,2024-25,30,4.8831944,1,1.298138
5061.0,2024-25,31,4.5640864,1,0.98765564
5061.0,2024-25,32,2.6168885,11,0.63353825
5061.0,2024-25,33,2.4754162,6,1.1772778
5061.0,2024-25,34,3.0121152,3,1.6686645
5061.0,2024-25,35,2.7608967,3,2.086653
5061.0,2024-25,36,2.9241273,2,2.4510782
5061.0,2024-25,37,2.8640804,1,2.435069
5061.0,2024-25,38,3.1817353,6,1.9239515
5552.0,2024-25,6,2.2851405,3,1.8234481
5552.0,2024-25,7,3.5449526,6,1.9841161
5552.0,2024-25,8,3.3879554,3,1.9747806
5552.0,2024-25,9,3.1148431,2,1.9395764
5552.0,2024-25,10,3.7135577,5,1.894822
5552.0,2024-25,11,3.8720896,2,1.9579041
5552.0,2024-25,12,2.6683693,2,1.8990886
5552.0,2024-25,13,2.839913,2,1.7508923
5552.0,2024-25,14,2.0004616,0,1.7239265
5552.0,2024-25,15,3.7840126,1,1.7347668
5552.0,2024-25,16,1.3777441,0,1.5515393
5552.0,2024-25,17,0.40819457,0,0.9727564
5552.0,2024-25,18,-0.17633905,0,0.60055375
5552.0,2024-25,19,-0.31110418,0,0.504939
5552.0,2024-25,20,-0.034505844,0,0.58812636
5552.0,2024-25,21,-0.045071494,0,0.6611146
5552.0,2024-25,22,-0.018574992,0,0.63720345
5552.0,2024-25,23,0.033842556,0,0.6151302
5552.0,2024-25,24,0.023564773,0,0.5923383
5552.0,2024-25,25,0.023564773,0,0.57599944
5552.0,2024-25,26,0.7772802,1,0.5667033
5552.0,2024-25,27,1.3506974,1,0.9772787
5552.0,2024-25,28,4.197178,6,1.111157
5552.0,2024-25,29,0.023074187,0,1.3644104
5552.0,2024-25,30,3.9846234,2,0.9351933
5552.0,2024-25,31,3.5062828,6,1.0991863
5552.0,2024-25,32,2.9312086,3,1.4212785
5552.0,2024-25,32,2.9312086,3,1.7608851
5552.0,2024-25,32,3.8798215,12,1.4212785
5552.0,2024-25,32,3.8798215,12,1.7608851
5552.0,2024-25,33,1.4769487,2,1.9714913
5552.0,2024-25,34,3.7258852,6,1.8346791
5552.0,2024-25,35,2.3222466,2,1.988766
5552.0,2024-25,36,1.4834671,7,1.6293452
5552.0,2024-25,37,3.336628,3,1.6841761
5552.0,2024-25,38,2.506641,3,1.6343884
5603.0,2024-25,8,3.7732186,1,1.5042048
5603.0,2024-25,9,2.3124478,4,1.3626413
5603.0,2024-25,10,4.479027,9,1.305189
5603.0,2024-25,11,2.0397546,0,1.3812704
5603.0,2024-25,12,-0.32383093,0,1.3257031
5603.0,2024-25,13,-0.014685454,0,0.93699455
5603.0,2024-25,14,1.560027,0,0.7195612
5603.0,2024-25,15,0.2503474,0,0.5642429
5603.0,2024-25,16,-0.08978011,0,0.5456206
5603.0,2024-25,17,1.723265,10,0.6159725
5603.0,2024-25,18,3.9494328,2,1.3788034
5603.0,2024-25,19,3.3901637,3,1.566886
5603.0,2024-25,20,3.671265,1,1.5030298
5603.0,2024-25,21,3.562093,3,1.3945885
5603.0,2024-25,22,4.487881,1,1.2118601
5603.0,2024-25,23,1.892589,0,1.1377814
5603.0,2024-25,24,3.9243355,3,0.6773133
5603.0,2024-25,25,2.18994,2,0.9168836
5603.0,2024-25,26,1.6608492,1,1.3538697
5603.0,2024-25,27,3.8982196,2,1.574541
5603.0,2024-25,28,3.6812198,2,1.6264741
5603.0,2024-25,29,3.2297726,1,1.3821353
5603.0,2024-25,30,3.0822797,2,1.1790111
5603.0,2024-25,31,2.0028157,2,1.1749659
5603.0,2024-25,32,2.9719408,16,1.1016574
5603.0,2024-25,33,4.3330545,3,1.3300239
5603.0,2024-25,34,3.744405,2,1.4730493
5603.0,2024-25,35,4.349128,1,1.5743425
5603.0,2024-25,36,2.9485145,10,1.5700397
5603.0,2024-25,37,3.2158744,1,1.7318429
5603.0,2024-25,38,3.4071388,3,1.5950243
6054.0,2024-25,6,1.874531,2,2.24753
6054.0,2024-25,7,2.8222444,0,2.102433
6054.0,2024-25,8,2.2377238,2,1.7997098
6054.0,2024-25,9,3.9823194,6,1.5254388
6054.0,2024-25,10,3.1153169,2,1.4110155
6054.0,2024-25,11,3.8211188,1,1.6141363
6054.0,2024-25,12,3.5078657,1,1.6624681
6054.0,2024-25,13,3.8479476,0,1.6467229
6054.0,2024-25,14,2.4539201,0,1.1006019
6054.0,2024-25,15,1.4480457,0,0.6990104
6054.0,2024-25,16,1.5455053,1,0.5704569
6054.0,2024-25,17,1.3066694,0,1.0075371
6054.0,2024-25,18,3.7110848,0,0.98043215
6054.0,2024-25,19,3.9177055,0,0.89537334
6054.0,2024-25,20,1.0650331,0,0.7052009
6054.0,2024-25,21,1.0740821,0,0.6913345
6054.0,2024-25,22,2.7195508,7,0.67089987
6054.0,2024-25,23,3.3919702,8,1.25773
6054.0,2024-25,24,4.701935,0,2.2148576
6054.0,2024-25,25,4.231607,11,1.6847275
6054.0,2024-25,26,4.0259666,1,2.451138
6054.0,2024-25,27,3.8027296,11,2.1040823
6054.0,2024-25,28,4.3296733,3,1.8671498
6054.0,2024-25,29,2.7820394,0,1.5658605
6054.0,2024-25,30,2.982855,6,1.2245922
6054.0,2024-25,31,2.7717814,6,1.3063548
6054.0,2024-25,32,3.3666255,4,1.6586812
6054.0,2024-25,33,5.0430307,0,1.2445303
6054.0,2024-25,33,5.0430307,0,1.19328
6054.0,2024-25,33,5.719704,0,1.2445303
6054.0,2024-25,33,5.719704,0,1.19328
6054.0,2024-25,34,2.2112188,0,1.231243
6054.0,2024-25,35,5.8564754,6,0.8844238
6054.0,2024-25,36,8.57759,6,1.1486623
6054.0,2024-25,37,5.0322747,1,0.8555195
6054.0,2024-25,38,5.9268947,7,1.2539345
6532.0,2024-25,21,4.1791096,10,2.1829433
6532.0,2024-25,22,1.9606091,2,2.234096
6532.0,2024-25,23,3.568129,3,2.0300841
6532.0,2024-25,24,3.3422313,1,1.8862576
6532.0,2024-25,25,3.9609354,1,1.7473823
6903.0,2024-25,6,4.070085,2,1.7764053
6903.0,2024-25,7,2.501375,3,1.1624749
6903.0,2024-25,8,4.0012646,11,1.2104061
6903.0,2024-25,9,3.55564,5,1.4248425
6903.0,2024-25,10,4.4875298,6,1.9199345
6903.0,2024-25,11,3.814626,2,1.9655817
6903.0,2024-25,12,1.8060538,2,1.962189
6903.0,2024-25,13,2.97912,6,1.8221449
6903.0,2024-25,14,2.5702856,2,1.6778417
6903.0,2024-25,15,3.036537,2,1.5866723
6903.0,2024-25,16,3.375875,2,1.4006155
6903.0,2024-25,17,2.1296217,7,1.472807
6903.0,2024-25,18,1.6010123,8,1.7155629
6903.0,2024-25,19,2.8321722,6,1.8250537
6903.0,2024-25,20,4.648285,9,2.0288866
6903.0,2024-25,21,3.6661575,3,1.9676588
6903.0,2024-25,22,4.563667,1,1.8030751
6903.0,2024-25,23,2.5442593,1,1.7314955
6903.0,2024-25,24,6.301908,8,1.6555113
6903.0,2024-25,25,1.714775,3,1.6550806
6903.0,2024-25,26,3.6400504,0,1.632876
6903.0,2024-25,27,2.5207467,6,1.6488862
6903.0,2024-25,28,2.5417619,8,1.8385903
6903.0,2024-25,29,3.509123,1,2.0654764
6903.0,2024-25,30,4.8878336,8,1.7223732
6903.0,2024-25,31,4.6919956,3,1.7788075
6903.0,2024-25,32,3.0249856,3,1.8416493
6903.0,2024-25,33,3.5881188,2,1.7711852
6903.0,2024-25,34,3.31602,1,1.7719474
6903.0,2024-25,35,3.675908,1,1.6346451
6903.0,2024-25,36,4.68335,2,1.3476521
6903.0,2024-25,37,4.181436,3,1.3676798
6903.0,2024-25,38,3.124904,2,1.418956
6962.0,2024-25,18,-0.13522986,0,0.484594
6962.0,2024-25,19,-0.04398664,0,0.55834436
6962.0,2024-25,20,-0.04398664,0,0.5625139
6962.0,2024-25,21,-0.04398664,0,0.5634441
6962.0,2024-25,22,0.023564773,0,0.56372803
6962.0,2024-25,23,0.023564773,0,0.5624033
6962.0,2024-25,24,0.023564773,0,0.56141144
6962.0,2024-25,25,0.023564773,0,0.56116134
6962.0,2024-25,26,0.023564773,0,0.56169736
6962.0,2024-25,27,0.7816794,0,0.5629127
6962.0,2024-25,28,2.6208355,7,0.72533846
6962.0,2024-25,29,0.25762236,0,1.1059445
6962.0,2024-25,30,0.25762236,0,0.8111656
6962.0,2024-25,31,0.25783482,0,0.63364834
6962.0,2024-25,32,-0.013629539,0,0.53526294
6962.0,2024-25,33,-0.20422503,0,0.60858107
6962.0,2024-25,34,-0.03209543,0,0.5903201
6962.0,2024-25,35,-0.03209543,0,0.5903201
6962.0,2024-25,36,-0.00166252,0,0.5903201
6962.0,2024-25,37,0.023564773,0,0.5863914
6962.0,2024-25,38,1.1169568,1,0.5794829
7027.0,2024-25,7,3.3737597,2,1.5116754
7027.0,2024-25,8,4.1588836,3,1.5870718
7027.0,2024-25,9,4.00358,2,1.5987949
7027.0,2024-25,10,4.119718,2,1.6854509
7027.0,2024-25,11,2.809748,3,1.6595707
7027.0,2024-25,12,2.1328373,3,1.6487845
7027.0,2024-25,13,2.9867878,3,1.6249707
7027.0,2024-25,14,2.4182465,2,1.6309811
7027.0,2024-25,15,2.6171734,2,1.592808
7027.0,2024-25,16,2.6418352,5,1.5906392
7027.0,2024-25,17,3.170505,1,1.5509837
7027.0,2024-25,18,1.7567296,3,1.4927162
7027.0,2024-25,19,0.5953132,0,1.4562278
7027.0,2024-25,20,0.31793293,0,0.9564544
7027.0,2024-25,21,0.5184251,0,0.63555443
7027.0,2024-25,22,-0.121158935,0,0.43626493
7027.0,2024-25,23,-0.010496274,0,0.5182401
7027.0,2024-25,24,1.5846732,1,0.60241115
7047.0,2024-25,6,3.9424415,2,1.6525047
7047.0,2024-25,7,3.7059128,2,1.7583852
7047.0,2024-25,8,4.6973863,4,1.7330906
7047.0,2024-25,9,3.7719967,1,1.6931591
7047.0,2024-25,10,4.1549864,4,1.6050508
7047.0,2024-25,11,4.8832664,1,1.6379849
7047.0,2024-25,12,2.7070732,9,1.7397316
7047.0,2024-25,13,2.7841601,2,1.8837075
7047.0,2024-25,14,3.4317863,3,1.7931552
7047.0,2024-25,15,4.2581487,3,1.759059
7047.0,2024-25,16,3.4198916,3,2.1324136
7047.0,2024-25,17,5.354765,2,1.9389117
7047.0,2024-25,18,3.90545,3,1.9561677
7047.0,2024-25,19,3.9461124,1,1.8005562
7047.0,2024-25,20,4.102199,6,1.7754939
7047.0,2024-25,21,2.2484896,3,1.7451491
7047.0,2024-25,22,2.374786,3,1.7348833
7047.0,2024-25,23,3.0942168,3,1.7430387
7047.0,2024-25,24,0.42402166,0,1.6543167
7047.0,2024-25,25,4.048494,10,1.227947
7047.0,2024-25,26,2.9608655,7,1.1789985
7047.0,2024-25,27,4.0886936,3,1.4877927
7047.0,2024-25,28,4.4023333,3,1.6858517
7047.0,2024-25,29,2.9245574,3,1.9399505
7047.0,2024-25,30,2.6184037,1,1.9390137
7047.0,2024-25,31,2.8532963,10,1.7474306
7047.0,2024-25,32,3.3944287,2,1.7761768
7047.0,2024-25,33,3.4505496,1,1.7446139
7047.0,2024-25,34,3.569403,13,1.7213175
7047.0,2024-25,35,3.6468863,1,2.4349108
7047.0,2024-25,36,3.3016663,9,2.3046782
7047.0,2024-25,37,2.6987393,2,2.1764886
7047.0,2024-25,38,1.8428198,3,2.0898573
7582.0,2024-25,9,0.6985754,5,0.596462
7582.0,2024-25,10,3.5744133,3,1.3848057
7582.0,2024-25,11,0.83892554,0,1.5885082
7582.0,2024-25,12,0.8584847,0,1.0794765
7582.0,2024-25,13,0.87015986,0,0.69419163
7582.0,2024-25,14,0.7999847,0,0.47319746
7582.0,2024-25,15,-0.22920863,0,0.4689679
7582.0,2024-25,16,-0.088407636,0,0.54771143
7582.0,2024-25,17,-0.088407636,0,0.54650974
7582.0,2024-25,18,-0.06048893,0,0.5459702
7582.0,2024-25,19,0.023564773,0,0.5429899
7582.0,2024-25,20,1.8239834,6,0.53535354
7582.0,2024-25,21,3.272497,3,1.296181
7702.0,2024-25,6,2.455955,1,1.6820763
7702.0,2024-25,7,3.2809258,3,1.4221292
7702.0,2024-25,8,2.881476,3,1.690183
7702.0,2024-25,9,2.570634,8,1.7506714
7702.0,2024-25,10,2.643429,2,1.975805
7702.0,2024-25,11,3.8641393,2,1.8407481
7702.0,2024-25,12,3.0817869,7,1.7806895
7702.0,2024-25,13,4.1526957,2,1.883035
7702.0,2024-25,14,2.7220232,7,1.7950714
7702.0,2024-25,15,3.002292,1,1.8656867
7702.0,2024-25,16,3.4657812,2,1.7083745
7702.0,2024-25,17,1.9604573,0,1.7333713
7702.0,2024-25,18,3.047245,7,1.6020952
7702.0,2024-25,19,2.668334,2,1.771069
7702.0,2024-25,20,2.740017,2,1.4402707
7702.0,2024-25,21,3.907488,7,1.3280663
7702.0,2024-25,22,2.45934,6,1.3307265
7702.0,2024-25,23,2.20136,1,1.6283541
7702.0,2024-25,24,3.0325196,6,1.7624007
7702.0,2024-25,25,3.9022477,2,1.9748809
7702.0,2024-25,26,2.8670483,6,2.0356605
7702.0,2024-25,27,5.0497007,2,1.9380002
7702.0,2024-25,28,3.593864,10,1.7166572
7702.0,2024-25,29,0.0692729,0,1.8812072
7702.0,2024-25,30,3.2072165,2,1.319384
7702.0,2024-25,31,2.0707939,3,1.4947512
7702.0,2024-25,32,2.1407883,1,1.731024
7702.0,2024-25,32,2.1407883,1,1.5423847
7702.0,2024-25,32,2.8774488,1,1.731024
7702.0,2024-25,32,2.8774488,1,1.5423847
7702.0,2024-25,33,3.1404755,9,1.3040475
7702.0,2024-25,33,3.1404755,9,1.304637
7702.0,2024-25,33,1.8577772,1,1.3040475
7702.0,2024-25,33,1.8577772,1,1.304637
7702.0,2024-25,34,0.46959892,0,1.2243378
7702.0,2024-25,35,2.5568073,3,0.9184518
7702.0,2024-25,36,2.814945,6,1.3864014
7702.0,2024-25,37,1.6086608,1,1.6754999
7702.0,2024-25,38,3.1322715,2,1.8303194
7904.0,2024-25,10,3.6820188,3,1.6652484
7904.0,2024-25,11,3.2578616,6,1.7786822
7904.0,2024-25,12,3.2030501,7,1.8350403
7904.0,2024-25,13,2.8799956,7,1.74611
7904.0,2024-25,14,2.3412292,2,1.8251834
7904.0,2024-25,15,-1.2532897,0,1.7976146
7904.0,2024-25,16,-0.595165,0,1.2508726
7904.0,2024-25,17,0.6362992,0,0.8778528
7904.0,2024-25,18,-0.07988267,0,0.67181265
7904.0,2024-25,19,-0.19174522,0,0.5974301
7904.0,2024-25,20,0.021414446,0,0.67609763
7904.0,2024-25,21,0.008051764,0,0.64328
7904.0,2024-25,22,-0.02469224,0,0.6140659
7904.0,2024-25,23,0.023564773,0,0.59250534
7904.0,2024-25,24,0.023564773,0,0.5750658
7904.0,2024-25,25,0.023564773,0,0.5655261
7904.0,2024-25,26,0.023564773,0,0.5631175
7904.0,2024-25,27,0.023564773,0,0.56249774
7904.0,2024-25,28,0.023564773,0,0.5629127
7904.0,2024-25,29,0.023564773,0,0.5629127
7904.0,2024-25,30,1.4221535,6,0.5629127
7904.0,2024-25,31,4.370656,2,1.2549478
8786.0,2024-25,18,3.8428934,2,1.3894675
8786.0,2024-25,19,2.2774103,6,1.7050136
8786.0,2024-25,20,2.4355466,3,1.8288922
8786.0,2024-25,21,2.3599048,2,1.8964318
8786.0,2024-25,22,-0.5585946,0,1.7248821
8786.0,2024-25,23,-0.22162354,0,1.3404467
8786.0,2024-25,24,3.1621354,0,0.9651749
8786.0,2024-25,25,0.25748384,0,1.1541731
8786.0,2024-25,26,0.14806484,0,0.7772881
8786.0,2024-25,27,0.17084336,0,0.66864824
8786.0,2024-25,28,-0.06174556,0,0.56977904
8786.0,2024-25,29,0.94783264,1,0.5308301
8786.0,2024-25,30,0.25312304,0,1.3615649
8786.0,2024-25,31,0.25312304,0,0.9897312
8786.0,2024-25,32,3.2950418,1,0.7671714
8786.0,2024-25,33,1.53231,6,1.1810906
8786.0,2024-25,33,1.53231,6,1.5138738
8786.0,2024-25,33,3.9427848,2,1.1810906
8786.0,2024-25,33,3.9427848,2,1.5138738
8858.0,2024-25,6,3.1910758,6,1.8393791
8858.0,2024-25,7,3.1056976,1,1.9593947
8858.0,2024-25,8,3.4516578,2,1.8686333
8858.0,2024-25,9,3.806496,3,1.9126086
8858.0,2024-25,10,1.8852383,2,1.9821565
8858.0,2024-25,11,3.2306614,1,1.8842616
8858.0,2024-25,12,3.4295757,8,1.6588962
8858.0,2024-25,13,-0.83475745,0,1.7027366
8858.0,2024-25,14,-0.13872582,0,1.1634116
8858.0,2024-25,15,-0.26734444,0,0.76154816
8858.0,2024-25,16,0.02444342,0,0.63646984
8858.0,2024-25,17,0.14547926,0,0.63097703
8858.0,2024-25,18,-0.023696886,0,0.6645086
8858.0,2024-25,19,0.00041587953,0,0.63790965
8858.0,2024-25,20,-0.023273448,0,0.6123091
8858.0,2024-25,21,0.023564773,0,0.5893638
8858.0,2024-25,22,0.023564773,0,0.5739099
8858.0,2024-25,23,0.023564773,0,0.5643853
8858.0,2024-25,24,0.023564773,0,0.5590313
8858.0,2024-25,25,1.0288709,9,0.55955637
8858.0,2024-25,26,2.8712206,3,1.3425612
8858.0,2024-25,27,2.7839506,3,1.6475865
8858.0,2024-25,28,2.4686358,3,1.7426087
8858.0,2024-25,29,2.459562,1,1.703213
8858.0,2024-25,30,2.5222442,3,1.5014238
8858.0,2024-25,31,2.8985076,3,1.5873809
8858.0,2024-25,32,2.478399,0,1.5679281
8858.0,2024-25,33,2.2947447,1,1.5664859
8858.0,2024-25,34,3.6453772,0,1.499805
8858.0,2024-25,35,5.25219,2,1.4056685
8858.0,2024-25,36,0.064791106,0,1.3342583
8858.0,2024-25,37,-0.017239856,0,0.7091735
8858.0,2024-25,38,1.5741313,1,0.5199822
9098.0,2024-25,6,1.7492936,2,1.7515922
9098.0,2024-25,7,2.1522326,4,1.8939906
9098.0,2024-25,8,2.0836105,2,1.8789515
9098.0,2024-25,9,3.2443163,1,1.8530722
9098.0,2024-25,10,4.000601,3,1.9141355
9098.0,2024-25,11,2.38711,2,1.7744288
9098.0,2024-25,12,3.2029274,1,1.7532226
9098.0,2024-25,13,3.503316,7,1.3940125
9098.0,2024-25,14,0.68309915,0,1.6216807
9098.0,2024-25,15,3.0340784,0,1.1837261
9098.0,2024-25,16,4.8227396,3,1.3044704
9098.0,2024-25,17,4.1587796,9,1.543323
9098.0,2024-25,18,2.7786524,2,1.718307
9098.0,2024-25,19,0.6491954,0,1.7554429
9098.0,2024-25,20,2.2927158,3,1.0590279
9098.0,2024-25,21,3.0944712,1,1.3913994
9098.0,2024-25,22,4.028002,2,1.51249
9098.0,2024-25,23,3.614324,2,1.6287487
9098.0,2024-25,24,0.6936943,0,1.650665
9098.0,2024-25,25,0.55609185,0,0.90279126
9098.0,2024-25,26,-0.073708795,0,0.5533489
9098.0,2024-25,27,-0.16787136,0,0.52136964
9098.0,2024-25,28,2.6339884,9,0.51576376
9098.0,2024-25,29,4.613001,3,1.525281
9098.0,2024-25,30,3.7080557,6,1.7814893
9098.0,2024-25,31,2.5216837,6,1.6915044
9098.0,2024-25,32,2.2293482,1,1.4241865
9098.0,2024-25,33,3.9100099,2,1.2890371
9098.0,2024-25,34,3.0691519,9,1.2155277
9098.0,2024-25,35,3.8524919,2,1.9129715
9098.0,2024-25,36,2.6215599,2,1.7904301
9098.0,2024-25,37,2.4887261,6,1.6744993
9098.0,2024-25,38,3.4679222,6,1.7861415
9251.0,2024-25,6,-0.14455922,0,0.5284507
9251.0,2024-25,7,-0.025379004,0,0.5747789
9251.0,2024-25,8,-0.025379004,0,0.57553023
9251.0,2024-25,9,-0.025379004,0,0.57392865
9251.0,2024-25,10,0.023564773,0,0.57248664
9251.0,2024-25,11,0.023564773,0,0.56765157
9251.0,2024-25,12,0.023564773,0,0.5637097
9251.0,2024-25,13,0.023564773,0,0.56162065
9251.0,2024-25,14,0.023564773,0,0.5614273
9251.0,2024-25,15,0.023564773,0,0.5629127
9251.0,2024-25,16,0.023564773,0,0.5629127
9251.0,2024-25,17,0.023564773,0,0.5629127
9251.0,2024-25,18,0.023564773,0,0.5629127
9251.0,2024-25,19,1.1492958,9,0.5629127
9251.0,2024-25,20,3.878639,1,1.0557567
9251.0,2024-25,21,3.9971747,2,0.98381317
9251.0,2024-25,22,2.761193,0,1.0049573
9251.0,2024-25,23,3.1394918,0,0.9453914
9251.0,2024-25,24,0.2844814,0,0.8942494
9251.0,2024-25,25,0.43379742,0,0.7884629
9251.0,2024-25,26,-0.14786498,0,0.5021663
9251.0,2024-25,27,-0.23542017,0,0.42705548
9251.0,2024-25,28,-0.087277636,0,0.5243579
9251.0,2024-25,29,-0.051188737,0,0.6421119
9251.0,2024-25,30,-0.05187551,0,0.62706
9251.0,2024-25,31,-0.057203535,0,0.6088419
9251.0,2024-25,32,0.023564773,0,0.5910978
9251.0,2024-25,33,0.023564773,0,0.57650405
9251.0,2024-25,34,0.023564773,0,0.5674637
9251.0,2024-25,35,0.023564773,0,0.56391644
9251.0,2024-25,36,0.023564773,0,0.5631556
9251.0,2024-25,37,0.023564773,0,0.5629127
9251.0,2024-25,38,0.88175523,2,0.5629127
9272.0,2024-25,19,2.0548017,2,0.55152947
9272.0,2024-25,20,0.098626964,0,1.1650109
9272.0,2024-25,21,0.098626964,0,0.86385596
9272.0,2024-25,22,0.098626964,0,0.6953398
9272.0,2024-25,23,-0.11560654,0,0.5974202
9272.0,2024-25,24,1.2459583,3,0.54089093
9272.0,2024-25,25,2.802975,2,1.3362017
9272.0,2024-25,26,3.15651,2,1.5932271
9272.0,2024-25,27,3.490987,6,1.6088262
9676.0,2024-25,6,2.7175176,1,1.8453498
9676.0,2024-25,7,2.27871,2,1.7812514
9676.0,2024-25,8,2.4272718,1,1.7168522
9676.0,2024-25,9,2.906255,0,1.5716617
9676.0,2024-25,10,3.1039557,3,1.4980221
9676.0,2024-25,11,2.4147468,2,1.4806013
9676.0,2024-25,12,2.8687344,6,1.5448804
9676.0,2024-25,13,4.4189568,2,1.6501063
9676.0,2024-25,14,3.1850975,6,1.6507201
9676.0,2024-25,15,4.6446033,2,1.8945994
9676.0,2024-25,16,3.3772113,6,1.8249652
9676.0,2024-25,17,4.15493,3,1.9514277
9676.0,2024-25,18,4.5383964,6,1.8700953
9676.0,2024-25,19,4.4678907,2,2.059323
9676.0,2024-25,20,4.398446,3,1.9821951
9676.0,2024-25,21,2.6269584,2,2.0415895
9676.0,2024-25,22,4.0212545,1,1.9914925
9676.0,2024-25,23,3.3661985,9,1.9495656
9676.0,2024-25,24,3.4467082,3,1.9418416
9676.0,2024-25,25,3.316133,7,1.8895328
9676.0,2024-25,26,4.5507007,2,1.8881323
9676.0,2024-25,27,3.448781,6,1.8185389
9676.0,2024-25,28,4.4639015,3,1.8533468
9676.0,2024-25,29,1.9325871,6,1.883302
9676.0,2024-25,30,2.7933345,2,2.0499637
9676.0,2024-25,31,2.192776,2,1.9892747
9676.0,2024-25,32,3.4496167,2,1.9081209
9676.0,2024-25,33,4.5138507,6,1.8332844
9676.0,2024-25,33,4.5138507,6,1.9110929
9676.0,2024-25,33,2.7565758,1,1.8332844
9676.0,2024-25,33,2.7565758,1,1.9110929
9676.0,2024-25,34,-0.060009435,0,1.9057207
9676.0,2024-25,35,2.9092283,1,1.3607286
9676.0,2024-25,36,3.120811,2,1.4226027
9676.0,2024-25,37,2.2764957,7,1.6273284
9676.0,2024-25,38,3.5580893,2,1.6768122
9740.0,2024-25,6,-0.36183208,0,0.30686033
9740.0,2024-25,7,-0.46953192,0,0.3624888
9740.0,2024-25,8,-0.07390818,2,0.48557734
9740.0,2024-25,9,2.679886,2,1.3195906
9740.0,2024-25,10,3.461458,2,1.6557516
9740.0,2024-25,11,4.097343,6,1.6723027
9740.0,2024-25,12,2.1814132,2,1.6574038
9740.0,2024-25,13,2.7593143,0,1.4363828
9740.0,2024-25,14,4.0886583,0,1.4582872
9740.0,2024-25,15,2.0024219,0,1.3907487
9740.0,2024-25,16,0.35878387,0,0.92659044
9740.0,2024-25,17,2.7252238,7,0.5774002
9740.0,2024-25,18,3.1583462,8,1.2978933
9740.0,2024-25,19,2.4254415,6,2.0077002
9740.0,2024-25,20,2.2827241,1,2.159927
9740.0,2024-25,21,2.9945395,1,1.8892088
9740.0,2024-25,22,2.983233,2,1.5662106
9740.0,2024-25,23,3.631319,2,1.3836915
9740.0,2024-25,24,4.293009,7,1.3943987
9740.0,2024-25,25,2.931912,1,1.3926834
9740.0,2024-25,26,2.2980108,9,1.2224154
9740.0,2024-25,27,3.1590514,2,1.3496835
9740.0,2024-25,28,3.0233543,3,1.4038339
9740.0,2024-25,29,2.2411783,2,1.7352786
9740.0,2024-25,30,3.2593074,5,1.5432332
9740.0,2024-25,31,2.4945824,2,1.7067888
9740.0,2024-25,32,3.0649896,1,1.6760209
9740.0,2024-25,33,0.19374198,0,1.7966468
9740.0,2024-25,34,4.2811794,12,1.1843741
9740.0,2024-25,35,3.2405617,2,1.6796799
9740.0,2024-25,36,3.3830519,1,1.8346082
9740.0,2024-25,37,0.14322191,0,1.8135941
9740.0,2024-25,38,3.1635349,4,1.2528499
10913.0,2024-25,6,2.7520537,3,1.8946594
10913.0,2024-25,7,2.4660811,6,1.80779
10913.0,2024-25,8,2.3513443,2,1.8288777
10913.0,2024-25,9,1.968927,1,0.971859
10913.0,2024-25,10,4.124915,2,1.0892801
10913.0,2024-25,11,3.8303885,9,1.6713766
10913.0,2024-25,12,3.4343622,3,2.2903645
10913.0,2024-25,13,4.9388924,6,2.5808134
10913.0,2024-25,14,3.6815524,2,2.8828883
10913.0,2024-25,15,4.345965,1,2.9398034
10913.0,2024-25,16,3.554366,2,2.958676
10913.0,2024-25,17,4.186884,1,2.8731487
10913.0,2024-25,18,4.427183,1,2.4055786
10913.0,2024-25,19,2.5422552,1,1.5400442
10913.0,2024-25,20,2.1881568,2,1.1344817
10913.0,2024-25,21,4.6800942,3,1.2765033
10913.0,2024-25,22,5.4826126,1,1.5342948
10913.0,2024-25,23,4.2326446,6,1.5054462
10913.0,2024-25,24,3.2303522,1,1.532058
10913.0,2024-25,25,3.543231,4,1.5225804
10913.0,2024-25,26,2.4595685,3,1.6654794
10913.0,2024-25,27,2.604077,1,1.7272053
10913.0,2024-25,28,3.291593,3,1.6640182
10913.0,2024-25,29,2.7777066,7,1.6797487
10913.0,2024-25,30,1.6516917,2,1.868021
10913.0,2024-25,31,3.3313744,11,1.8169098
10913.0,2024-25,32,3.0742362,0,1.9415324
10913.0,2024-25,33,3.877843,2,1.4290311
10913.0,2024-25,34,2.7198224,2,1.497215
10913.0,2024-25,35,3.6830664,0,1.4287972
10913.0,2024-25,36,2.2138119,0,1.0090325
10913.0,2024-25,37,1.8990732,2,0.93553543
10913.0,2024-25,38,2.451768,0,1.097421
11711.0,2024-25,8,3.593547,10,1.4415522
11711.0,2024-25,9,2.0683663,2,1.5131338
11711.0,2024-25,10,3.2629526,3,1.4625355
11711.0,2024-25,11,1.9435713,3,1.4414692
11711.0,2024-25,12,4.136762,3,1.5970969
11711.0,2024-25,13,4.299868,2,1.7166376
11711.0,2024-25,14,2.8322704,1,1.6940067
11711.0,2024-25,15,4.8508153,1,1.4307435
11711.0,2024-25,16,3.455245,1,1.3342896
11711.0,2024-25,17,2.485018,3,1.387701
11711.0,2024-25,18,4.821176,9,1.4823936
11711.0,2024-25,19,1.8569709,2,1.6744788
11711.0,2024-25,20,3.7440422,2,1.6404519
11711.0,2024-25,21,4.023469,7,1.615992
11711.0,2024-25,22,2.1260839,2,1.768883
11711.0,2024-25,23,2.7957962,1,1.8069408
11711.0,2024-25,24,2.4199157,-1,1.6397692
11711.0,2024-25,25,2.0464046,10,1.4862206
11711.0,2024-25,26,2.9845045,6,2.280431
11711.0,2024-25,27,3.7128646,3,1.9394007
11711.0,2024-25,28,3.462434,2,2.006377
11711.0,2024-25,29,3.9873056,0,1.9257622
11711.0,2024-25,30,3.5004725,1,1.8094195
11711.0,2024-25,31,3.1395783,1,1.582921
11711.0,2024-25,32,4.1010356,2,1.2659994
11711.0,2024-25,33,2.5360239,1,1.32131
11711.0,2024-25,34,2.5711174,1,1.3660796
11711.0,2024-25,35,2.9422426,3,1.4561317
11711.0,2024-25,36,2.6530404,8,1.5622432
11711.0,2024-25,37,4.07308,2,1.7321007
11711.0,2024-25,38,3.41681,2,1.6364625
12032.0,2024-25,6,1.0768582,0,0.6009124
12032.0,2024-25,7,0.6770718,0,0.6884315
12032.0,2024-25,8,0.86618054,0,0.8003894
12032.0,2024-25,9,1.1117197,0,0.7414799
12032.0,2024-25,10,0.9265934,0,0.74357677
12032.0,2024-25,11,0.5659436,0,0.6337701
12032.0,2024-25,12,1.4081663,0,0.7269706
12032.0,2024-25,13,1.2338341,0,0.64241695
12032.0,2024-25,14,0.6437495,0,0.7295115
12032.0,2024-25,15,1.1011517,0,0.65227014
12032.0,2024-25,16,1.7252408,0,0.6301615
12032.0,2024-25,17,2.0019746,0,0.70034444
12032.0,2024-25,18,0.8223177,0,0.642472
12032.0,2024-25,19,1.3610415,0,0.7509582
12032.0,2024-25,20,1.2335529,0,0.67228496
12032.0,2024-25,21,2.2917707,0,0.6499379
12032.0,2024-25,22,1.7272699,0,0.72308195
12032.0,2024-25,23,0.5733417,0,0.73786306
12032.0,2024-25,24,1.3328246,0,0.67525446
12032.0,2024-25,25,1.0121688,0,0.7093002
12032.0,2024-25,26,0.9675684,0,0.6439701
12032.0,2024-25,27,1.3985505,0,0.63074386
12032.0,2024-25,28,2.1266475,0,0.6521346
12032.0,2024-25,29,0.6287478,0,0.7394504
12032.0,2024-25,30,1.2722914,0,0.7541879
12032.0,2024-25,31,1.077166,0,0.7870871
12032.0,2024-25,32,1.0711064,0,0.7016195
12032.0,2024-25,33,1.0763798,0,0.7396718
12032.0,2024-25,34,0.685815,0,0.7016485
12032.0,2024-25,35,0.4465662,0,0.79559815
12032.0,2024-25,36,0.5113412,0,0.8749256
12032.0,2024-25,37,1.0029058,0,0.7539
12032.0,2024-25,38,1.3660325,0,0.7241427
12054.0,2024-25,37,0.3850063,0,1.4305118
12054.0,2024-25,38,1.7215482,6,1.042697
12595.0,2024-25,23,-0.0121849505,0,0.54121697
12595.0,2024-25,24,1.2986636,1,0.5809578
12910.0,2024-25,6,1.5432003,4,1.6125319
12910.0,2024-25,7,3.8669147,6,1.6523119
12910.0,2024-25,8,4.5410557,3,1.7175362
12910.0,2024-25,9,4.4111705,1,1.6972194
12910.0,2024-25,10,2.892955,2,1.7772398
12910.0,2024-25,11,2.0156968,1,1.7004669
12910.0,2024-25,12,3.659598,2,1.5747726
12910.0,2024-25,13,2.4120803,0,1.5808614
12910.0,2024-25,14,4.9985056,4,1.3672361
12910.0,2024-25,15,2.6693194,2,1.3721642
12910.0,2024-25,16,2.202981,2,1.4455602
12910.0,2024-25,17,0.6969303,0,1.3958786
12910.0,2024-25,18,0.058577396,0,0.88182396
12910.0,2024-25,19,0.7893012,0,0.57874465
12910.0,2024-25,20,-0.13522461,0,0.45044696
12910.0,2024-25,21,0.060146175,0,0.4797883
12910.0,2024-25,22,-0.07054826,0,0.5889347
12910.0,2024-25,23,0.03876954,0,0.56444514
12910.0,2024-25,24,2.0627854,1,0.543021
12910.0,2024-25,25,1.6963387,2,1.1194441
12910.0,2024-25,26,2.8048754,1,1.4630287
12910.0,2024-25,27,5.0199385,1,1.5513992
12910.0,2024-25,28,3.0102594,10,1.3655124
12910.0,2024-25,29,3.2522097,1,1.342305
12910.0,2024-25,30,3.5309272,2,1.3366325
12910.0,2024-25,31,1.6330755,1,1.3802671
12910.0,2024-25,32,4.2775865,1,1.3823779
12910.0,2024-25,33,3.1180036,4,1.2620666
12910.0,2024-25,34,2.6039984,1,1.4326777
13301.0,2024-25,23,5.0671525,2,1.2726419
13301.0,2024-25,24,0.35771793,0,1.340226
13301.0,2024-25,25,0.21429959,0,0.8572866
13301.0,2024-25,26,0.14087139,0,0.6012069
13301.0,2024-25,27,-0.092354834,0,0.5413568
13301.0,2024-25,28,-0.103182964,0,0.605248
13301.0,2024-25,29,-0.0535813,0,0.6433504
13301.0,2024-25,30,-0.042576488,0,0.62688375
13301.0,2024-25,31,-0.041051537,0,0.6108812
13301.0,2024-25,32,0.023564773,0,0.59476864
13301.0,2024-25,33,0.023564773,0,0.5780958
13301.0,2024-25,34,0.023564773,0,0.56750566
13301.0,2024-25,35,2.3157787,6,0.5625205
13301.0,2024-25,36,5.810427,1,1.1285199
13301.0,2024-25,37,4.715269,6,1.3365157
13301.0,2024-25,38,4.011217,2,1.6643541
13348.0,2024-25,26,0.49752176,0,1.0114855
13348.0,2024-25,27,-0.45504844,0,0.68328214
13348.0,2024-25,28,-0.0934034,0,0.51825744
13348.0,2024-25,29,-0.35004145,0,0.58009535
13348.0,2024-25,30,-0.28924945,0,0.58678496
13348.0,2024-25,31,-0.371957,0,0.5796567
13348.0,2024-25,32,0.0113942195,0,0.56923115
13348.0,2024-25,33,0.023564773,0,0.5541735
13348.0,2024-25,34,0.023564773,0,0.5483905
13348.0,2024-25,35,0.023564773,0,0.54876816
13348.0,2024-25,36,0.66083467,3,0.5537324
13348.0,2024-25,37,2.3448148,2,1.3713642
