player_id,season,GW,pred_xgb,actual,pred_lstm
87.0,2022-23,6,1.3717507,3,1.5389888
87.0,2022-23,7,3.3624701,0,1.1088697
87.0,2022-23,8,2.6913154,1,1.0211729
87.0,2022-23,9,2.4988956,0,0.96717453
87.0,2022-23,10,1.8587561,4,0.89396334
87.0,2022-23,11,1.1262988,3,1.0108333
87.0,2022-23,12,1.2562612,0,1.3747442
87.0,2022-23,13,1.1055871,2,1.1282661
87.0,2022-23,14,1.8777897,7,1.2779988
87.0,2022-23,15,1.3403516,0,1.1909697
87.0,2022-23,16,2.781086,3,1.1840417
87.0,2022-23,17,2.9931011,13,1.816306
87.0,2022-23,18,4.5547056,3,1.4904786
87.0,2022-23,19,4.1641607,2,1.8189949
87.0,2022-23,20,3.0940537,3,2.2293096
87.0,2022-23,21,3.7142658,2,3.5165892
87.0,2022-23,22,4.112296,1,3.0131683
87.0,2022-23,23,3.4062421,1,3.379858
87.0,2022-23,24,2.8859694,2,3.7033563
87.0,2022-23,25,-0.0036352447,0,2.9166389
87.0,2022-23,26,2.0226848,1,2.1199937
87.0,2022-23,27,2.8848214,0,2.6175585
87.0,2022-23,28,2.3692703,0,1.9527166
87.0,2022-23,29,2.1277342,1,1.4955193
87.0,2022-23,29,2.1277342,1,2.0310864
87.0,2022-23,29,2.0319288,13,1.4955193
87.0,2022-23,29,2.0319288,13,2.0310864
87.0,2022-23,30,3.909506,7,2.499651
87.0,2022-23,31,3.9509108,2,2.1559117
87.0,2022-23,32,2.9338622,12,1.6048704
87.0,2022-23,33,3.1050632,9,1.2677906
87.0,2022-23,34,3.0574722,1,2.2060223
87.0,2022-23,35,2.7441885,2,2.3167605
87.0,2022-23,36,4.508413,2,2.6550322
87.0,2022-23,36,4.508413,2,2.7803578
87.0,2022-23,36,3.6012259,2,2.6550322
87.0,2022-23,36,3.6012259,2,2.7803578
87.0,2022-23,37,2.6347146,0,3.5844235
87.0,2022-23,38,2.8102028,0,3.0871406
101.0,2022-23,6,1.463052,0,0.42951378
101.0,2022-23,7,0.5399837,0,0.63679105
101.0,2022-23,8,0.52189547,0,0.51097316
101.0,2022-23,9,0.10056976,0,0.6666565
101.0,2022-23,10,1.0015842,1,0.90513
101.0,2022-23,11,0.42963183,0,1.0054033
101.0,2022-23,12,0.29363358,0,0.82901543
101.0,2022-23,13,0.02762989,0,0.73472387
101.0,2022-23,14,0.6598526,1,0.6628514
101.0,2022-23,15,0.66690165,4,0.6867946
101.0,2022-23,16,-0.020976987,0,0.8241695
101.0,2022-23,17,1.0613532,1,0.6561181
101.0,2022-23,18,1.3658853,1,0.7628936
101.0,2022-23,19,1.3277375,1,0.9490571
101.0,2022-23,20,1.5379308,1,1.0995562
101.0,2022-23,21,1.819785,1,1.5429827
101.0,2022-23,22,1.9233849,2,1.6146404
101.0,2022-23,23,2.4497373,2,1.8122374
101.0,2022-23,24,2.5639765,2,2.1908216
101.0,2022-23,25,0.0033280794,0,2.3978634
101.0,2022-23,26,1.7451652,1,1.8935124
101.0,2022-23,27,2.2947006,3,1.6036758
101.0,2022-23,28,3.0423646,1,1.6605303
101.0,2022-23,29,3.0594814,6,1.6532643
101.0,2022-23,29,3.0594814,6,2.3519292
101.0,2022-23,29,2.7511141,5,1.6532643
101.0,2022-23,29,2.7511141,5,2.3519292
101.0,2022-23,30,0.3267299,0,2.7678814
101.0,2022-23,31,0.6767524,0,2.536016
101.0,2022-23,32,0.11534608,0,1.6354702
101.0,2022-23,33,0.16451588,0,1.0145949
101.0,2022-23,34,-0.044113938,0,0.9087346
101.0,2022-23,35,1.3531809,1,0.9402225
101.0,2022-23,36,1.9254595,1,1.9714448
101.0,2022-23,36,1.9254595,1,1.9702238
101.0,2022-23,36,1.5994769,1,1.9714448
101.0,2022-23,36,1.5994769,1,1.9702238
101.0,2022-23,37,1.7789065,1,2.2697105
101.0,2022-23,38,1.8689988,2,2.1588554
204.0,2022-23,6,1.9692012,2,0.688171
204.0,2022-23,7,1.1613611,0,0.8113421
204.0,2022-23,8,1.5247656,5,1.0017993
204.0,2022-23,9,1.9751848,9,1.5083317
204.0,2022-23,10,2.31914,2,1.1402761
204.0,2022-23,11,1.4124589,3,1.1333047
204.0,2022-23,12,0.4524851,0,1.2061567
204.0,2022-23,13,1.5226805,10,1.0688138
204.0,2022-23,14,2.3727417,3,1.1695693
204.0,2022-23,15,1.8398229,3,1.5403538
204.0,2022-23,16,4.145258,1,1.3213984
204.0,2022-23,17,3.0593069,5,0.90080225
204.0,2022-23,18,3.9880018,2,0.905199
204.0,2022-23,19,3.3174934,2,1.9041622
204.0,2022-23,20,4.2581277,3,2.867045
204.0,2022-23,21,3.0709953,5,4.2287297
204.0,2022-23,22,3.994527,2,4.080909
204.0,2022-23,23,3.998555,2,3.3773322
204.0,2022-23,23,3.998555,2,3.4358935
204.0,2022-23,23,3.2324712,2,3.3773322
204.0,2022-23,23,3.2324712,2,3.4358935
204.0,2022-23,24,3.7781549,2,2.9664192
204.0,2022-23,25,3.2148416,3,2.828475
204.0,2022-23,25,3.2148416,3,3.0632267
204.0,2022-23,25,4.0592923,3,2.828475
204.0,2022-23,25,4.0592923,3,3.0632267
204.0,2022-23,26,2.8327413,1,2.5378432
204.0,2022-23,27,2.3862422,3,2.8327074
204.0,2022-23,28,2.4505155,9,2.5834885
204.0,2022-23,29,3.341653,9,1.9175237
204.0,2022-23,30,3.0991998,1,1.4526205
204.0,2022-23,31,2.9180171,2,1.2909161
204.0,2022-23,32,0.07914007,0,1.2549399
204.0,2022-23,33,2.0031478,1,1.4454913
204.0,2022-23,34,3.6007323,13,1.5093739
204.0,2022-23,35,4.1824427,3,1.484296
204.0,2022-23,36,3.2720249,1,2.9491024
204.0,2022-23,37,4.94562,2,2.8953428
204.0,2022-23,38,4.1514835,15,3.6095119
229.0,2022-23,6,-0.03843875,0,0.57451063
229.0,2022-23,7,-0.025492316,0,0.6094861
229.0,2022-23,8,-0.022496456,0,0.5618885
229.0,2022-23,9,0.5784115,2,0.5434956
229.0,2022-23,10,0.60825264,2,1.2038847
229.0,2022-23,11,1.0474638,2,1.3925961
229.0,2022-23,12,1.3257786,1,1.4211847
229.0,2022-23,13,0.008818935,0,1.1751382
229.0,2022-23,14,1.0335976,2,0.89304274
229.0,2022-23,15,0.68822134,2,1.1937368
229.0,2022-23,16,1.9922096,2,1.2378894
229.0,2022-23,17,2.3439438,2,1.4221233
229.0,2022-23,18,2.123157,2,1.4806665
229.0,2022-23,19,2.3242853,1,1.5425435
229.0,2022-23,20,3.1803813,2,1.7055837
229.0,2022-23,21,3.1527905,3,1.8264426
229.0,2022-23,22,2.7642632,2,2.9313674
229.0,2022-23,23,0.18423791,0,3.2126002
229.0,2022-23,24,0.19337331,0,2.225687
229.0,2022-23,25,0.03506683,0,1.4186493
229.0,2022-23,26,0.009370062,0,1.0429221
229.0,2022-23,27,-0.06781765,0,0.93906045
229.0,2022-23,28,-0.005694692,0,0.9824579
229.0,2022-23,29,-0.012279756,0,0.90385425
229.0,2022-23,30,0.7793673,1,0.823827
229.0,2022-23,31,1.63009,1,1.5392367
229.0,2022-23,32,1.5730654,1,1.225937
229.0,2022-23,33,1.3702273,1,1.1069432
239.0,2022-23,6,3.4343326,5,0.5586257
239.0,2022-23,7,1.1703012,0,1.1471903
239.0,2022-23,8,0.72056454,0,0.55957115
239.0,2022-23,9,1.3242201,2,0.5348048
239.0,2022-23,10,1.7368497,2,1.497681
239.0,2022-23,11,1.1383283,2,1.2830063
239.0,2022-23,12,1.4665341,3,1.2183064
239.0,2022-23,13,1.5877962,1,0.97391826
239.0,2022-23,14,1.7890024,7,1.1967692
239.0,2022-23,15,0.8778601,9,1.1337845
239.0,2022-23,16,3.980747,1,1.1398361
239.0,2022-23,17,3.2600129,2,1.4640751
239.0,2022-23,18,3.140852,6,1.4479395
239.0,2022-23,19,3.187994,8,1.4217051
239.0,2022-23,20,3.7608683,3,2.2308915
239.0,2022-23,21,3.6749668,2,3.4935427
239.0,2022-23,22,3.8398957,3,3.329764
239.0,2022-23,23,3.6766632,2,3.4852433
239.0,2022-23,24,3.3473442,2,3.6822486
239.0,2022-23,25,0.72102255,0,3.7817154
239.0,2022-23,26,3.682486,6,2.9971094
239.0,2022-23,27,4.032177,2,3.928523
239.0,2022-23,27,4.032177,2,3.0200343
239.0,2022-23,27,2.7734346,3,3.928523
239.0,2022-23,27,2.7734346,3,3.0200343
239.0,2022-23,28,0.29076478,0,2.9386182
239.0,2022-23,29,2.903839,1,3.0817065
239.0,2022-23,29,2.903839,1,2.70721
239.0,2022-23,29,3.6411119,6,3.0817065
239.0,2022-23,29,3.6411119,6,2.70721
239.0,2022-23,30,4.123989,1,3.3128128
239.0,2022-23,31,3.2120576,5,3.448771
239.0,2022-23,32,0.4425335,0,3.9211922
239.0,2022-23,33,4.5170283,0,3.490932
239.0,2022-23,34,4.7142878,14,3.0049114
239.0,2022-23,35,3.559305,2,2.7232604
239.0,2022-23,36,4.312444,5,3.6884594
239.0,2022-23,36,4.312444,5,3.866325
239.0,2022-23,36,2.7374015,1,3.6884594
239.0,2022-23,36,2.7374015,1,3.866325
239.0,2022-23,37,3.6200595,9,2.4501138
239.0,2022-23,37,3.6200595,9,2.2368774
239.0,2022-23,37,4.460476,2,2.4501138
239.0,2022-23,37,4.460476,2,2.2368774
239.0,2022-23,38,4.052527,5,3.0030322
314.0,2022-23,6,2.4902914,2,0.48854753
314.0,2022-23,7,0.63048935,0,0.585398
314.0,2022-23,8,2.5260715,1,0.41084903
314.0,2022-23,9,2.3488817,2,0.6855582
314.0,2022-23,10,0.20182663,0,1.6007885
314.0,2022-23,11,1.3240451,2,1.2003968
314.0,2022-23,12,0.04214302,0,1.3230978
314.0,2022-23,13,0.1418548,0,1.0369366
314.0,2022-23,14,0.7460898,3,0.80864066
314.0,2022-23,15,0.95124525,5,1.1671219
314.0,2022-23,16,2.3811493,2,1.2522191
314.0,2022-23,17,3.5505004,2,1.9575801
314.0,2022-23,18,5.283249,1,1.6414553
314.0,2022-23,19,2.990186,3,1.2344182
314.0,2022-23,20,3.6502876,2,1.5093892
314.0,2022-23,21,3.4433868,6,1.8693477
314.0,2022-23,22,3.8077672,1,1.2664847
314.0,2022-23,23,3.2609105,7,3.0639677
314.0,2022-23,23,3.2609105,7,3.7748938
314.0,2022-23,23,3.6090941,5,3.0639677
314.0,2022-23,23,3.6090941,5,3.7748938
314.0,2022-23,24,4.584394,2,3.3462372
314.0,2022-23,25,3.9102013,1,2.5117965
314.0,2022-23,26,4.657896,3,2.5650897
314.0,2022-23,27,5.072025,6,2.121096
314.0,2022-23,28,-0.00075969356,0,3.1262803
314.0,2022-23,29,3.7448475,7,2.6919718
314.0,2022-23,30,2.9962752,2,2.709309
314.0,2022-23,31,0.11682688,0,3.8953948
314.0,2022-23,32,0.43303433,0,3.5211015
314.0,2022-23,33,2.289353,3,2.623454
314.0,2022-23,34,2.2019923,2,2.3388896
314.0,2022-23,35,4.1598306,13,2.247302
314.0,2022-23,36,3.70175,19,2.1903281
314.0,2022-23,37,4.2387133,2,2.3295426
343.0,2022-23,6,1.4980533,9,1.2011809
343.0,2022-23,7,1.377406,0,1.041966
343.0,2022-23,8,2.158101,5,1.027173
343.0,2022-23,9,1.4715464,2,1.4629251
343.0,2022-23,10,1.1516249,3,1.4068557
343.0,2022-23,11,1.8260939,9,1.3589076
343.0,2022-23,12,1.4781041,2,1.347003
343.0,2022-23,13,0.12037217,0,1.5274683
343.0,2022-23,14,0.9907756,5,1.2139674
343.0,2022-23,15,1.3095108,2,1.438429
343.0,2022-23,16,2.6702266,2,1.3514986
343.0,2022-23,17,2.2429025,10,1.4185408
343.0,2022-23,18,3.3983626,2,1.0599213
343.0,2022-23,19,4.4586945,3,1.2918004
343.0,2022-23,20,2.6298163,2,1.228471
343.0,2022-23,20,2.6298163,2,1.641195
343.0,2022-23,20,2.9982579,1,1.228471
343.0,2022-23,20,2.9982579,1,1.641195
343.0,2022-23,21,3.2084806,3,1.466757
343.0,2022-23,22,2.4454699,7,2.6036477
343.0,2022-23,23,2.9962623,2,2.2886877
343.0,2022-23,24,3.523028,3,2.827352
343.0,2022-23,25,2.8658187,3,2.486792
343.0,2022-23,26,2.7021496,2,3.1332965
343.0,2022-23,27,2.903577,1,2.4619298
343.0,2022-23,28,2.3438299,2,2.7196417
343.0,2022-23,29,2.166699,2,2.5790005
343.0,2022-23,30,2.1540384,4,2.556973
343.0,2022-23,31,2.2324603,2,2.5219307
343.0,2022-23,32,2.1398425,5,2.6809769
343.0,2022-23,33,3.3054867,1,2.6815772
343.0,2022-23,34,4.199356,2,2.3499312
343.0,2022-23,35,4.1394844,3,2.2436209
343.0,2022-23,36,2.8586373,2,2.2209394
447.0,2022-23,6,2.3998067,7,0.9910594
447.0,2022-23,7,1.4887048,0,1.0100749
447.0,2022-23,8,1.9577205,10,0.964665
447.0,2022-23,9,3.6993833,8,1.556297
447.0,2022-23,10,2.2422283,6,1.7438147
447.0,2022-23,11,2.5008929,2,2.1205702
447.0,2022-23,12,0.2757739,0,2.4032283
447.0,2022-23,13,2.569569,9,2.1840525
447.0,2022-23,14,1.7966677,11,1.6186343
447.0,2022-23,15,2.9930913,7,1.3601599
447.0,2022-23,16,5.7092924,2,1.4537628
447.0,2022-23,17,8.314549,2,2.4536285
447.0,2022-23,18,4.9425435,1,2.1455102
447.0,2022-23,19,4.6339355,3,2.071566
447.0,2022-23,20,3.4128504,5,3.452612
447.0,2022-23,21,7.6231785,6,3.728109
447.0,2022-23,22,6.0025907,1,2.4049454
447.0,2022-23,23,4.8864403,2,2.7855382
447.0,2022-23,23,4.8864403,2,2.6346626
447.0,2022-23,23,5.4144664,13,2.7855382
447.0,2022-23,23,5.4144664,13,2.6346626
447.0,2022-23,24,5.780742,2,2.060299
447.0,2022-23,25,0.64533514,0,3.1074524
447.0,2022-23,26,5.4283915,3,3.7615957
447.0,2022-23,27,7.828438,1,2.7665186
447.0,2022-23,28,0.12031069,0,2.6854897
447.0,2022-23,29,3.411376,13,1.4741076
447.0,2022-23,30,5.8294234,9,2.4882288
447.0,2022-23,31,4.9269204,8,3.0133572
447.0,2022-23,32,0.043522652,0,2.1490235
447.0,2022-23,33,3.487802,19,2.4674058
447.0,2022-23,34,-0.15182768,0,2.3745317
447.0,2022-23,35,4.596334,3,2.2146525
447.0,2022-23,36,-0.083062045,0,2.1939855
447.0,2022-23,37,4.779365,1,2.1591763
447.0,2022-23,37,4.779365,1,1.2675369
447.0,2022-23,37,3.089282,1,2.1591763
447.0,2022-23,37,3.089282,1,1.2675369
453.0,2022-23,6,4.7265725,2,0.6897784
453.0,2022-23,7,1.2601827,0,0.7978822
453.0,2022-23,8,2.3677185,19,0.703366
453.0,2022-23,9,2.240337,2,0.79320896
453.0,2022-23,10,2.6268764,6,0.78942657
453.0,2022-23,11,3.4603214,3,1.1423196
453.0,2022-23,12,2.4510934,2,1.1252501
453.0,2022-23,13,3.450492,2,1.150157
453.0,2022-23,14,2.83888,2,0.97983575
453.0,2022-23,15,1.9682556,0,0.8095192
453.0,2022-23,16,2.4375536,0,0.76290196
453.0,2022-23,17,2.7371328,2,0.6030897
453.0,2022-23,18,3.9818323,2,1.4710168
453.0,2022-23,19,4.8647685,8,1.8673766
453.0,2022-23,20,3.8247886,2,2.0917172
453.0,2022-23,20,3.8247886,2,2.6884565
453.0,2022-23,20,4.1582355,2,2.0917172
453.0,2022-23,20,4.1582355,2,2.6884565
453.0,2022-23,21,4.170139,5,2.9649277
453.0,2022-23,22,3.265151,3,3.521945
453.0,2022-23,23,3.3751338,2,1.9500741
453.0,2022-23,24,3.6285534,6,3.2611847
453.0,2022-23,25,3.5563285,1,3.2342267
453.0,2022-23,26,3.3297465,2,2.2234924
453.0,2022-23,27,3.3824272,9,2.8855915
453.0,2022-23,28,3.0976994,5,2.3487597
453.0,2022-23,29,3.8760426,3,2.7755513
453.0,2022-23,30,3.7511349,7,2.88487
453.0,2022-23,31,4.029506,9,3.7924566
453.0,2022-23,32,4.3290815,2,3.41043
453.0,2022-23,33,3.7801893,8,2.3728967
453.0,2022-23,34,3.355721,9,2.415584
453.0,2022-23,35,3.811652,3,2.1588922
453.0,2022-23,36,2.6523697,2,2.4479413
453.0,2022-23,37,3.2692165,2,4.7150164
453.0,2022-23,38,3.5719733,5,4.146153
463.0,2022-23,6,0.0006103121,0,0.6043267
463.0,2022-23,7,0.0006103121,0,0.5221538
463.0,2022-23,8,-0.016392801,0,0.5170937
463.0,2022-23,9,-0.006176089,0,0.51121897
463.0,2022-23,10,-0.02199212,0,0.5079655
463.0,2022-23,11,-0.030798906,0,0.50594974
463.0,2022-23,12,0.3802249,1,0.5038383
463.0,2022-23,13,-0.04050083,0,0.6593767
463.0,2022-23,14,-0.04050083,0,0.5945457
463.0,2022-23,15,0.6069762,1,0.5479895
486.0,2022-23,6,-0.026117856,0,0.7211359
486.0,2022-23,7,0.011660379,0,0.7744472
486.0,2022-23,8,-0.0054632593,0,0.82422876
486.0,2022-23,9,0.5077628,1,0.7372176
486.0,2022-23,10,0.94752276,1,0.78028226
486.0,2022-23,11,0.61907965,1,0.8518723
486.0,2022-23,12,1.1006329,3,0.835362
486.0,2022-23,13,0.94450694,1,0.8610954
486.0,2022-23,14,1.1215135,2,0.7574631
486.0,2022-23,15,0.7358476,13,0.6336957
486.0,2022-23,16,3.0804598,1,0.66493475
486.0,2022-23,17,2.8984706,9,0.72259873
486.0,2022-23,18,4.56996,2,0.9524934
486.0,2022-23,19,3.9222128,1,1.2045312
486.0,2022-23,20,3.3335488,3,1.0350044
486.0,2022-23,21,2.8909981,1,1.8519633
488.0,2022-23,6,1.2729939,1,0.94912326
488.0,2022-23,7,0.20015287,0,0.94861305
488.0,2022-23,8,1.1516544,2,0.7433405
488.0,2022-23,9,0.9460463,3,1.2392639
488.0,2022-23,10,1.0690114,2,1.3534524
488.0,2022-23,11,1.7983447,1,1.2347138
488.0,2022-23,12,0.34383687,0,0.85380566
488.0,2022-23,13,1.6266744,1,0.5380061
488.0,2022-23,14,0.76930434,1,0.6016209
488.0,2022-23,15,0.22088987,0,0.8546771
488.0,2022-23,16,0.23238435,0,0.77835774
488.0,2022-23,17,1.5602452,1,0.7505693
488.0,2022-23,18,1.2599932,1,1.1101983
488.0,2022-23,19,1.2641686,0,1.2454357
488.0,2022-23,20,1.9119178,1,1.388436
488.0,2022-23,21,1.8417909,1,1.3411707
488.0,2022-23,22,1.7128882,1,1.2541473
488.0,2022-23,23,1.851132,1,1.9597741
488.0,2022-23,24,2.2670162,8,2.113557
489.0,2022-23,6,1.1333096,1,0.6859596
489.0,2022-23,7,-0.07632316,0,0.6842283
489.0,2022-23,8,-0.002452723,0,0.619779
489.0,2022-23,9,0.9635629,1,0.66179484
489.0,2022-23,10,0.13626347,0,0.8308809
489.0,2022-23,11,0.9888094,3,0.77347493
489.0,2022-23,12,1.0159776,1,1.306288
489.0,2022-23,13,0.60319483,2,0.9594901
489.0,2022-23,14,1.1460359,1,1.101647
489.0,2022-23,15,-0.028751208,0,0.9625128
489.0,2022-23,16,1.6541336,1,0.6463958
489.0,2022-23,17,0.22190396,0,0.9006881
489.0,2022-23,18,0.27652517,0,0.7860503
489.0,2022-23,19,0.32676002,0,0.79591817
489.0,2022-23,20,0.017580701,0,0.7250631
489.0,2022-23,21,0.9497566,2,0.6132351
489.0,2022-23,22,1.544869,1,1.5389029
489.0,2022-23,23,1.7158788,1,1.4609578
489.0,2022-23,24,1.7133058,1,1.3557415
489.0,2022-23,25,1.6844558,3,1.4248153
489.0,2022-23,25,1.6844558,3,1.8127862
489.0,2022-23,25,1.959152,1,1.4248153
489.0,2022-23,25,1.959152,1,1.8127862
489.0,2022-23,26,1.9062294,1,1.6852909
489.0,2022-23,27,1.8166755,1,1.3339694
489.0,2022-23,28,0.005229504,0,1.328302
489.0,2022-23,29,1.2760882,1,1.182585
489.0,2022-23,29,1.2760882,1,1.1961764
489.0,2022-23,29,1.4932086,1,1.182585
489.0,2022-23,29,1.4932086,1,1.1961764
489.0,2022-23,30,0.017841049,0,1.1694055
489.0,2022-23,31,1.4222243,1,1.0735433
489.0,2022-23,32,1.6663835,1,1.0849254
489.0,2022-23,33,1.3101529,1,1.0408092
489.0,2022-23,34,1.5451008,0,1.0714272
489.0,2022-23,34,1.5451008,0,1.1103246
489.0,2022-23,34,1.3092673,1,1.0714272
489.0,2022-23,34,1.3092673,1,1.1103246
489.0,2022-23,35,1.2542329,1,1.1289212
489.0,2022-23,36,1.1155809,1,1.1994531
489.0,2022-23,37,1.4435914,1,1.2915398
489.0,2022-23,38,1.6727715,2,1.4739071
496.0,2022-23,9,-0.06494787,0,0.6281484
496.0,2022-23,10,-0.05242069,0,0.63848084
496.0,2022-23,11,-0.049424835,0,0.5809121
496.0,2022-23,12,-0.025771763,0,0.55757076
496.0,2022-23,13,-0.030798906,0,0.54458547
496.0,2022-23,14,-0.030798906,0,0.5326607
496.0,2022-23,15,0.24192731,1,0.52251554
496.0,2022-23,16,1.1530198,1,0.596247
496.0,2022-23,17,1.2137767,1,0.783322
496.0,2022-23,18,1.2140566,1,0.8143176
500.0,2022-23,6,1.3162528,3,1.5518628
500.0,2022-23,7,0.1447961,0,1.5536454
500.0,2022-23,8,1.276215,6,1.211246
500.0,2022-23,9,1.0664743,5,1.4560984
500.0,2022-23,10,1.3062692,9,1.4980844
500.0,2022-23,11,0.92427546,2,1.253722
500.0,2022-23,12,1.372153,2,1.2765132
500.0,2022-23,13,2.1721423,12,1.2131789
500.0,2022-23,14,1.8716908,3,1.4074482
500.0,2022-23,15,2.1394482,2,1.4778705
500.0,2022-23,16,2.2853038,2,1.0580301
500.0,2022-23,17,2.658684,2,1.0777264
500.0,2022-23,18,3.4555922,2,1.5588942
500.0,2022-23,19,3.3781009,4,2.3167806
500.0,2022-23,20,3.583391,2,2.83923
500.0,2022-23,21,3.106156,2,3.0625076
500.0,2022-23,22,2.7653282,3,3.7206993
500.0,2022-23,23,3.0541203,2,3.4299307
500.0,2022-23,24,3.3712242,7,3.3462162
500.0,2022-23,25,2.955178,2,2.9455423
500.0,2022-23,25,2.955178,2,2.7432418
500.0,2022-23,25,3.4474506,2,2.9455423
500.0,2022-23,25,3.4474506,2,2.7432418
500.0,2022-23,26,3.0356164,2,2.5435805
500.0,2022-23,27,3.2798555,3,3.0745368
500.0,2022-23,28,3.177871,2,3.664352
500.0,2022-23,29,2.9829712,2,3.9556031
500.0,2022-23,30,2.4681785,2,3.2535157
500.0,2022-23,31,2.8619347,2,3.5278263
500.0,2022-23,32,4.74251,3,3.2119446
500.0,2022-23,33,2.710997,2,4.4544916
500.0,2022-23,34,2.7635791,10,3.2049665
500.0,2022-23,35,3.6272118,5,2.84235
500.0,2022-23,36,2.060391,2,2.6401954
500.0,2022-23,37,3.0417278,2,2.5285602
500.0,2022-23,38,3.3785436,3,2.3318114
503.0,2022-23,18,0.016459519,0,1.0213017
503.0,2022-23,19,0.0458672,0,0.879912
503.0,2022-23,20,-0.009110953,0,0.7072111
503.0,2022-23,21,-0.00774608,0,0.6243754
503.0,2022-23,22,0.7765763,1,0.557793
503.0,2022-23,23,0.3140414,0,1.3750927
503.0,2022-23,24,2.1794608,1,1.0487633
503.0,2022-23,25,2.8889215,1,1.5074047
503.0,2022-23,26,1.9516357,3,1.5346905
503.0,2022-23,27,1.664155,3,2.0436854
503.0,2022-23,27,1.664155,3,2.7705317
503.0,2022-23,27,2.2095773,1,2.0436854
503.0,2022-23,27,2.2095773,1,2.7705317
503.0,2022-23,28,2.528009,11,2.5447745
503.0,2022-23,29,3.1910503,2,2.4060264
503.0,2022-23,30,2.697271,2,2.6058588
503.0,2022-23,31,3.296023,2,3.0599318
503.0,2022-23,32,3.040168,7,2.489715
503.0,2022-23,33,3.3485756,2,2.5137763
503.0,2022-23,34,3.0591805,-1,2.3435774
503.0,2022-23,35,2.3692582,2,2.246725
503.0,2022-23,36,2.7864742,2,2.3986788
503.0,2022-23,37,2.0345054,2,2.2721696
503.0,2022-23,38,2.7039826,5,2.7161741
522.0,2022-23,6,3.2084267,3,0.6412741
522.0,2022-23,7,2.6617632,0,0.7870624
522.0,2022-23,8,1.5736094,0,0.6197691
522.0,2022-23,9,2.187141,2,0.61478996
522.0,2022-23,10,2.243636,5,1.2008566
522.0,2022-23,11,2.7025573,3,1.3274064
522.0,2022-23,12,3.077463,8,1.328464
522.0,2022-23,13,2.472906,1,1.005674
522.0,2022-23,14,3.1143763,2,0.8437262
522.0,2022-23,15,2.7212548,12,0.8436142
522.0,2022-23,16,5.214022,0,0.9854074
522.0,2022-23,17,3.4571688,2,1.364575
522.0,2022-23,18,3.195518,3,1.4740065
522.0,2022-23,19,4.2483473,2,2.152546
522.0,2022-23,20,4.37777,2,3.1738796
522.0,2022-23,20,4.37777,2,4.5071564
522.0,2022-23,20,4.196506,2,3.1738796
522.0,2022-23,20,4.196506,2,4.5071564
522.0,2022-23,21,4.724209,3,3.533897
522.0,2022-23,22,0.58506024,0,3.7971811
522.0,2022-23,23,0.54113704,0,2.4908676
522.0,2022-23,24,0.08645074,0,1.3870156
522.0,2022-23,25,0.055074446,0,1.0782301
522.0,2022-23,26,1.4598185,1,1.0311664
522.0,2022-23,27,2.3441353,2,2.4695997
522.0,2022-23,27,2.3441353,2,2.6067252
522.0,2022-23,27,2.141746,2,2.4695997
522.0,2022-23,27,2.141746,2,2.6067252
522.0,2022-23,28,2.3600976,2,2.317769
522.0,2022-23,29,3.271714,1,2.6574445
522.0,2022-23,30,0.62957203,0,2.8289862
522.0,2022-23,31,-0.072593324,0,1.6385558
522.0,2022-23,32,-0.1949415,0,1.0073125
522.0,2022-23,33,0.05049779,0,0.66980124
522.0,2022-23,34,1.6457936,7,0.5798039
522.0,2022-23,35,3.00757,1,1.633504
522.0,2022-23,36,3.6936862,1,2.6787333
532.0,2022-23,8,0.20284821,0,1.0665295
532.0,2022-23,9,1.2173566,0,0.8731299
532.0,2022-23,10,1.3181168,2,0.93295395
532.0,2022-23,11,0.91217494,2,1.2752105
532.0,2022-23,12,1.1655897,1,1.2552859
532.0,2022-23,13,1.5457563,3,1.1066372
532.0,2022-23,14,0.87901425,2,1.0746653
532.0,2022-23,15,1.0722735,2,1.2435429
532.0,2022-23,16,1.7675098,3,1.2650954
532.0,2022-23,17,0.040849473,0,1.5140944
532.0,2022-23,18,0.05017424,0,1.3462144
532.0,2022-23,19,0.02058068,0,1.1319119
532.0,2022-23,20,-0.021347016,0,0.9016288
532.0,2022-23,21,-0.018260613,0,0.77933586
532.0,2022-23,22,-0.005694692,0,0.71618533
532.0,2022-23,23,-0.02199212,0,0.6838437
532.0,2022-23,24,-0.002861421,0,0.64309114
532.0,2022-23,25,-0.030798906,0,0.608575
532.0,2022-23,26,-0.030798906,0,0.57366234
532.0,2022-23,27,-0.030798906,0,0.53880346
532.0,2022-23,28,-0.030798906,0,0.51739705
532.0,2022-23,29,0.5321722,1,0.5028461
532.0,2022-23,29,0.5321722,1,0.8663255
532.0,2022-23,29,1.2444402,0,0.5028461
532.0,2022-23,29,1.2444402,0,0.8663255
532.0,2022-23,30,1.2102456,1,1.1059434
532.0,2022-23,31,0.008342427,0,1.2268457
532.0,2022-23,32,-0.0045398474,0,0.98842895
532.0,2022-23,33,1.2684747,1,0.75344515
532.0,2022-23,34,1.2830621,1,0.95049554
532.0,2022-23,35,1.4102277,1,1.1028059
532.0,2022-23,36,1.2639275,1,1.1842074
532.0,2022-23,37,1.4061042,1,1.1788628
532.0,2022-23,38,1.4374324,1,1.3593196
535.0,2022-23,6,0.030768229,0,0.5996849
535.0,2022-23,7,-0.0054933485,0,0.6250466
535.0,2022-23,8,-0.008427421,0,0.56785
535.0,2022-23,9,-0.012279756,0,0.56848854
535.0,2022-23,10,-0.00024987652,0,0.5529101
535.0,2022-23,11,0.3992711,1,0.5408672
535.0,2022-23,12,0.02762989,0,0.62200594
535.0,2022-23,13,0.02762989,0,0.6055905
535.0,2022-23,14,0.02762989,0,0.5630746
535.0,2022-23,15,0.6598526,1,0.5187976
535.0,2022-23,16,0.032363318,0,0.56042093
535.0,2022-23,17,0.032363318,0,0.5402545
535.0,2022-23,18,0.032363318,0,0.52421474
535.0,2022-23,19,0.009986946,0,0.5080956
535.0,2022-23,20,-0.007923086,0,0.48097286
535.0,2022-23,21,-0.02199212,0,0.50530475
535.0,2022-23,22,-0.02199212,0,0.5052936
535.0,2022-23,23,-0.02199212,0,0.5052054
535.0,2022-23,24,-0.030798906,0,0.5049935
535.0,2022-23,25,0.44491288,1,0.5033635
535.0,2022-23,26,1.1502799,1,0.836832
535.0,2022-23,27,0.02762989,0,1.1422938
535.0,2022-23,28,0.02762989,0,0.9543859
535.0,2022-23,29,0.02762989,0,0.76827127
535.0,2022-23,30,0.007892948,0,0.583669
535.0,2022-23,31,0.007892948,0,0.5356372
535.0,2022-23,32,-0.006176089,0,0.5030646
535.0,2022-23,33,-0.006176089,0,0.5030646
535.0,2022-23,34,-0.0040820907,0,0.5030646
535.0,2022-23,35,-0.030798906,0,0.50282216
535.0,2022-23,36,0.4568769,2,0.50203884
535.0,2022-23,37,1.7369964,7,1.3813612
535.0,2022-23,38,2.396811,1,2.3668528
556.0,2022-23,6,2.294654,18,0.75003034
556.0,2022-23,7,2.1114113,0,0.6051689
556.0,2022-23,8,0.760523,0,0.29688546
556.0,2022-23,9,1.9288127,1,0.5704179
556.0,2022-23,10,1.8617834,2,0.85145175
556.0,2022-23,11,2.3282518,1,1.4413346
556.0,2022-23,12,1.6718153,3,1.1236266
556.0,2022-23,13,1.5933766,3,0.9715676
556.0,2022-23,14,2.5370896,8,0.81352735
556.0,2022-23,15,2.8633907,2,0.5703202
556.0,2022-23,16,5.4884596,2,0.40266874
556.0,2022-23,17,4.0826406,14,0.720013
556.0,2022-23,18,3.1539853,5,1.0163403
556.0,2022-23,19,4.098731,8,0.8829149
556.0,2022-23,20,4.637855,10,1.3301347
556.0,2022-23,20,4.637855,10,2.121172
556.0,2022-23,20,8.363062,2,1.3301347
556.0,2022-23,20,8.363062,2,2.121172
556.0,2022-23,21,6.573366,7,1.8151088
556.0,2022-23,22,5.2695937,12,2.2421026
556.0,2022-23,22,5.2695937,12,2.2503805
556.0,2022-23,22,5.5927267,8,2.2421026
556.0,2022-23,22,5.5927267,8,2.2503805
556.0,2022-23,23,5.510436,8,3.333703
556.0,2022-23,24,5.347465,15,3.5500083
556.0,2022-23,25,0.14925747,0,5.044624
556.0,2022-23,26,4.110686,2,3.9505987
556.0,2022-23,27,5.0429983,3,5.745245
556.0,2022-23,28,0.644113,0,4.4540663
556.0,2022-23,29,3.7855425,2,3.8639307
556.0,2022-23,29,3.7855425,2,3.277493
556.0,2022-23,29,3.137729,10,3.8639307
556.0,2022-23,29,3.137729,10,3.277493
556.0,2022-23,30,4.0555205,6,2.1489835
556.0,2022-23,31,0.16769138,0,2.9723558
556.0,2022-23,32,0.51460093,0,2.4929237
556.0,2022-23,33,2.7460344,12,1.9036812
556.0,2022-23,34,3.0345178,6,2.7524877
556.0,2022-23,34,3.0345178,6,2.1358275
556.0,2022-23,34,3.5168614,2,2.7524877
556.0,2022-23,34,3.5168614,2,2.1358275
556.0,2022-23,35,5.9089203,2,2.7702556
556.0,2022-23,36,1.1752678,0,4.807476
556.0,2022-23,37,5.5425267,7,4.3306317
556.0,2022-23,38,3.8346837,2,3.725803
558.0,2022-23,6,1.4769164,2,1.0200596
558.0,2022-23,7,0.2988109,0,1.1815809
558.0,2022-23,8,1.2691752,1,0.9661324
558.0,2022-23,9,0.74744314,1,0.9258273
558.0,2022-23,10,0.19047618,0,1.2198755
558.0,2022-23,11,0.69782454,1,0.9582422
558.0,2022-23,12,0.74471426,3,0.95508164
558.0,2022-23,13,1.0493687,3,1.1522763
558.0,2022-23,14,0.7742495,1,1.3455988
558.0,2022-23,15,1.1271757,1,1.3196548
558.0,2022-23,16,1.7584704,3,1.0994339
558.0,2022-23,17,1.981609,1,1.6041843
558.0,2022-23,18,0.06766935,0,1.5367569
558.0,2022-23,19,0.086621426,0,1.3461016
558.0,2022-23,20,0.01764545,0,1.0705396
558.0,2022-23,21,-0.025842074,0,0.8577776
558.0,2022-23,22,-0.024871044,0,0.68802136
558.0,2022-23,23,-0.011793509,0,0.65032446
558.0,2022-23,24,-0.011793509,0,0.63076794
558.0,2022-23,25,0.8168276,1,0.6075016
558.0,2022-23,26,-0.04328337,0,0.9663881
558.0,2022-23,27,1.199101,1,0.8204491
558.0,2022-23,28,0.018708896,0,1.24672
558.0,2022-23,29,0.023771051,0,1.0447313
558.0,2022-23,30,0.023771051,0,0.8400145
558.0,2022-23,31,0.8514019,1,0.62961555
561.0,2022-23,17,0.020347243,0,0.5914302
561.0,2022-23,18,1.1915741,1,0.5885742
561.0,2022-23,19,1.1553501,1,0.9156191
561.0,2022-23,20,1.2394602,1,1.0953611
561.0,2022-23,21,1.4504083,3,1.1990969
561.0,2022-23,22,2.831836,1,1.6387867
561.0,2022-23,23,1.0583544,0,1.82147
561.0,2022-23,24,3.2228985,1,1.3754915
561.0,2022-23,25,1.52681,1,1.364742
561.0,2022-23,26,1.4800377,5,1.5320227
561.0,2022-23,27,2.1300151,3,1.8664994
561.0,2022-23,28,2.328732,1,2.1710203
561.0,2022-23,29,2.4148815,2,1.9182228
561.0,2022-23,30,1.9187428,0,1.7852315
561.0,2022-23,31,2.3736124,2,1.8442392
561.0,2022-23,32,2.2868526,1,2.0478482
561.0,2022-23,33,2.0164568,3,1.7342469
561.0,2022-23,34,2.3055754,2,1.991838
561.0,2022-23,35,2.1784317,1,2.1335843
561.0,2022-23,36,2.2227192,2,2.1696873
605.0,2022-23,6,0.032602135,0,1.1347587
605.0,2022-23,7,0.07704007,0,1.1250491
605.0,2022-23,8,0.008164981,0,0.8667717
605.0,2022-23,9,0.81020457,1,0.7397362
605.0,2022-23,10,0.51973855,2,1.2310867
605.0,2022-23,11,1.1012411,1,1.4781731
605.0,2022-23,12,1.23066,3,1.1425099
605.0,2022-23,13,0.703677,1,1.1829898
605.0,2022-23,14,0.95761406,1,1.0787108
605.0,2022-23,15,0.78367954,1,0.97826535
605.0,2022-23,16,0.026021166,0,0.891158
605.0,2022-23,17,1.5330403,2,0.7189591
605.0,2022-23,18,2.052624,2,1.4326372
605.0,2022-23,19,0.2161346,0,1.637265
605.0,2022-23,20,2.3425565,1,1.5357589
605.0,2022-23,21,2.203292,1,1.5596735
605.0,2022-23,22,1.8321719,1,1.4696672
605.0,2022-23,23,2.0312707,3,1.264948
605.0,2022-23,24,1.8546215,1,1.5416869
605.0,2022-23,25,1.9477898,2,1.6459051
605.0,2022-23,25,1.9477898,2,1.6890231
605.0,2022-23,25,1.974617,1,1.6459051
605.0,2022-23,25,1.974617,1,1.6890231
605.0,2022-23,26,1.8951029,6,1.5816575
605.0,2022-23,27,2.2618432,1,1.9308208
605.0,2022-23,28,-0.04991124,0,1.9387368
605.0,2022-23,29,1.5325575,2,1.5372344
605.0,2022-23,29,1.5325575,2,1.8157213
605.0,2022-23,29,2.0421653,3,1.5372344
605.0,2022-23,29,2.0421653,3,1.8157213
605.0,2022-23,30,1.9665924,5,1.6543896
605.0,2022-23,31,2.8898368,5,1.8240782
605.0,2022-23,32,3.5353441,2,2.2950087
605.0,2022-23,33,2.851111,1,2.5678716
605.0,2022-23,34,4.0649166,1,3.8139114
605.0,2022-23,34,4.0649166,1,2.1310272
605.0,2022-23,34,3.6589034,3,3.8139114
605.0,2022-23,34,3.6589034,3,2.1310272
605.0,2022-23,35,3.2951858,1,2.2190323
605.0,2022-23,36,2.901984,3,1.8714749
605.0,2022-23,37,3.2521417,2,1.659321
605.0,2022-23,38,3.3275723,1,2.2092059
618.0,2022-23,6,5.4462066,2,0.67749673
618.0,2022-23,7,1.6185417,0,0.9155744
618.0,2022-23,8,1.3376888,0,0.7826099
618.0,2022-23,9,2.974774,2,0.63892025
618.0,2022-23,10,0.21330307,0,1.1297705
618.0,2022-23,11,0.851237,3,1.0046611
618.0,2022-23,12,2.86063,1,1.2140564
618.0,2022-23,13,2.0723839,3,0.8518477
618.0,2022-23,14,1.2459459,1,0.7910006
618.0,2022-23,15,1.737815,1,0.989787
618.0,2022-23,16,0.1799116,0,0.96113056
618.0,2022-23,17,2.4583743,6,0.8436635
618.0,2022-23,18,2.8792593,9,2.3649178
618.0,2022-23,19,3.1675615,1,2.725627
618.0,2022-23,20,0.08504195,0,1.2099892
618.0,2022-23,21,0.46261844,0,0.8820108
618.0,2022-23,22,1.8166262,1,0.86848414
618.0,2022-23,23,0.011297974,0,2.0158672
618.0,2022-23,24,2.808779,1,1.5044137
618.0,2022-23,25,2.85239,2,2.66157
618.0,2022-23,26,3.2010298,3,1.9005725
618.0,2022-23,27,0.40029898,0,1.401339
618.0,2022-23,28,0.21431375,0,1.2865621
618.0,2022-23,29,2.7172434,1,0.80502236
618.0,2022-23,30,1.7076652,1,1.2472961
618.0,2022-23,31,2.2017555,1,1.4543184
618.0,2022-23,32,0.03188727,0,2.3110752
618.0,2022-23,33,2.3385108,2,1.7869936
618.0,2022-23,34,2.0619798,2,2.608119
618.0,2022-23,35,2.392595,4,2.3568172
618.0,2022-23,36,2.3538165,15,2.202579
618.0,2022-23,37,1.7832829,2,2.0689
618.0,2022-23,38,4.0129128,5,2.3148727
633.0,2022-23,31,0.020347243,0,0.7987842
633.0,2022-23,32,0.020347243,0,0.7533282
633.0,2022-23,33,0.017413171,0,0.6740335
633.0,2022-23,34,0.007892948,0,0.59057826
633.0,2022-23,35,0.007892948,0,0.5112911
633.0,2022-23,36,0.78095144,1,0.505299
633.0,2022-23,37,0.02762989,0,0.83505154
633.0,2022-23,38,1.3255684,1,0.72862446
646.0,2022-23,6,2.2407424,4,1.2979009
646.0,2022-23,7,0.08206833,0,1.7171694
646.0,2022-23,8,0.60911775,0,1.3450228
646.0,2022-23,9,1.0186266,5,0.9724424
646.0,2022-23,10,1.0690871,2,1.3872105
646.0,2022-23,11,0.15380038,0,1.4712777
646.0,2022-23,12,1.2649897,1,1.2363282
646.0,2022-23,13,1.0392745,3,1.0201322
646.0,2022-23,14,1.0467045,8,1.176789
646.0,2022-23,15,1.113164,2,1.5211288
646.0,2022-23,16,2.528906,13,1.8620371
646.0,2022-23,17,4.1782837,5,1.5493121
646.0,2022-23,18,3.4396858,3,1.7443062
646.0,2022-23,19,3.6582766,6,1.5957004
646.0,2022-23,20,3.1704443,1,2.2237291
646.0,2022-23,20,3.1704443,1,3.2127094
646.0,2022-23,20,4.1628394,7,2.2237291
646.0,2022-23,20,4.1628394,7,3.2127094
646.0,2022-23,21,2.6231513,2,2.9414654
646.0,2022-23,22,-0.15025775,0,2.9994678
646.0,2022-23,23,0.5825989,0,2.0540583
646.0,2022-23,24,0.01563887,0,1.2462759
646.0,2022-23,25,0.020668356,0,1.0222912
646.0,2022-23,26,-0.042123742,0,0.9371128
646.0,2022-23,27,0.016857099,0,0.9241301
646.0,2022-23,28,0.012355775,0,0.89135724
646.0,2022-23,29,-0.012279756,0,0.7821039
646.0,2022-23,30,0.47878295,1,0.70105696
646.0,2022-23,31,1.743058,3,1.3837056
646.0,2022-23,32,0.2571225,0,1.2947786
646.0,2022-23,33,2.4458957,2,1.1534073
646.0,2022-23,34,2.2205873,3,0.8012782
646.0,2022-23,35,2.082388,2,0.71749854
646.0,2022-23,36,2.8072443,3,0.8799113
646.0,2022-23,37,3.4617982,8,1.4179664
646.0,2022-23,37,3.4617982,8,1.7300888
646.0,2022-23,37,3.4743772,6,1.4179664
646.0,2022-23,37,3.4743772,6,1.7300888
646.0,2022-23,38,3.443695,1,2.237146
661.0,2022-23,15,0.0006103121,0,0.51420987
661.0,2022-23,16,0.7056949,1,0.5176405
668.0,2022-23,11,0.79267454,1,1.4029204
668.0,2022-23,12,0.79423445,1,1.458614
668.0,2022-23,13,1.1208123,3,1.4451889
668.0,2022-23,14,0.85625714,3,1.4977356
668.0,2022-23,15,1.1489085,1,1.5409148
668.0,2022-23,16,1.5999396,2,1.4346863
668.0,2022-23,17,1.901061,3,1.5617785
668.0,2022-23,18,1.9377769,5,1.4832237
668.0,2022-23,19,2.5133271,2,1.4942659
668.0,2022-23,20,2.372049,2,1.484113
668.0,2022-23,21,2.2211869,2,1.7658228
668.0,2022-23,22,2.216212,3,1.8197187
668.0,2022-23,23,2.1483912,2,2.240312
668.0,2022-23,24,2.3175008,3,2.2402015
668.0,2022-23,25,2.276028,2,2.4957442
668.0,2022-23,25,2.276028,2,2.6212301
668.0,2022-23,25,2.019166,1,2.4957442
668.0,2022-23,25,2.019166,1,2.6212301
668.0,2022-23,26,2.0582402,2,2.1372404
668.0,2022-23,27,2.106157,3,2.0965152
668.0,2022-23,28,2.0658846,1,2.404623
668.0,2022-23,29,2.0541391,2,2.243351
668.0,2022-23,30,2.138232,1,2.1658106
668.0,2022-23,31,2.157127,1,2.203299
668.0,2022-23,32,2.2878761,3,2.027317
668.0,2022-23,33,2.0820203,2,2.234758
668.0,2022-23,34,1.9833407,1,2.2817664
668.0,2022-23,35,1.9463763,1,1.9928212
668.0,2022-23,36,1.8583746,1,1.8774565
668.0,2022-23,37,1.908801,2,2.0143569
668.0,2022-23,38,2.2155318,3,1.9235796
672.0,2022-23,6,0.88307375,3,0.95563895
672.0,2022-23,7,0.185242,0,1.38751
672.0,2022-23,8,0.08701357,0,1.102097
672.0,2022-23,9,1.1066461,5,0.9983297
672.0,2022-23,10,0.9556173,2,1.4658182
672.0,2022-23,11,0.8671947,3,1.3205457
672.0,2022-23,12,1.4390917,1,1.4342617
672.0,2022-23,13,0.7579501,2,1.1022025
672.0,2022-23,14,1.1470064,1,1.1100072
672.0,2022-23,15,0.800695,1,1.0306789
672.0,2022-23,16,1.6102675,1,1.2407789
672.0,2022-23,17,2.3212106,2,1.3617821
672.0,2022-23,18,2.2046587,10,1.5662469
672.0,2022-23,19,3.1758518,2,1.6329606
672.0,2022-23,20,2.270559,2,2.2510595
672.0,2022-23,20,2.270559,2,1.7888768
672.0,2022-23,20,1.9280852,1,2.2510595
672.0,2022-23,20,1.9280852,1,1.7888768
672.0,2022-23,21,2.5385969,3,1.5966746
672.0,2022-23,22,2.633849,2,1.7176529
672.0,2022-23,23,2.998405,2,2.4402442
672.0,2022-23,24,3.0377865,1,2.3896885
672.0,2022-23,25,3.10668,3,2.9455523
672.0,2022-23,26,2.801679,2,3.0301042
672.0,2022-23,27,2.1400323,2,2.7926412
672.0,2022-23,27,2.1400323,2,2.6700163
672.0,2022-23,27,1.9717113,0,2.7926412
672.0,2022-23,27,1.9717113,0,2.6700163
672.0,2022-23,28,1.5198162,1,2.1926856
672.0,2022-23,29,1.912171,4,1.8632274
672.0,2022-23,30,2.807302,14,1.9651494
672.0,2022-23,31,3.8963242,3,2.2864838
672.0,2022-23,32,3.0771732,3,2.8993645
672.0,2022-23,33,2.7450619,2,2.7482424
672.0,2022-23,34,3.5192225,6,2.568533
672.0,2022-23,35,3.4758003,1,2.4896545
672.0,2022-23,36,4.15553,6,3.2675662
672.0,2022-23,37,4.388851,2,3.8546562
672.0,2022-23,38,3.6097476,2,2.8950157
675.0,2022-23,6,-0.13108477,0,0.5870493
675.0,2022-23,7,-0.08601817,0,0.6934723
675.0,2022-23,8,0.37614807,10,0.71692795
675.0,2022-23,9,1.5469325,2,1.2762159
675.0,2022-23,10,2.5331218,1,1.3055898
675.0,2022-23,11,1.9358001,0,0.85628355
675.0,2022-23,12,0.46250722,0,0.4951041
675.0,2022-23,13,1.4347464,2,0.3210295
675.0,2022-23,14,1.1059872,6,0.6561909
675.0,2022-23,15,1.559552,2,1.406431
675.0,2022-23,16,0.24312024,0,1.445682
675.0,2022-23,17,2.453774,9,1.0227327
675.0,2022-23,18,4.642456,2,1.7601031
675.0,2022-23,19,4.9068303,4,1.6984222
675.0,2022-23,20,4.1414795,6,2.426797
675.0,2022-23,20,4.1414795,6,1.1600742
675.0,2022-23,20,4.987986,2,2.426797
675.0,2022-23,20,4.987986,2,1.1600742
675.0,2022-23,21,4.8422065,3,2.4653926
675.0,2022-23,22,4.50019,1,2.161399
675.0,2022-23,23,4.7455444,5,3.3022022
675.0,2022-23,23,4.7455444,5,3.5318594
675.0,2022-23,23,6.3591113,8,3.3022022
675.0,2022-23,23,6.3591113,8,3.5318594
675.0,2022-23,24,5.241766,5,3.1449928
675.0,2022-23,25,4.9575653,3,3.5148706
675.0,2022-23,26,4.680325,3,3.517107
675.0,2022-23,27,6.6906614,3,3.8494964
675.0,2022-23,28,0.45285702,0,4.3014803
675.0,2022-23,29,4.039983,12,3.1782427
675.0,2022-23,30,6.748039,12,3.7388525
675.0,2022-23,31,3.729332,7,2.6569247
675.0,2022-23,32,0.0382548,0,2.065567
675.0,2022-23,33,3.521765,1,1.7640239
675.0,2022-23,34,4.9459777,1,2.4989786
675.0,2022-23,34,4.9459777,1,2.9555206
675.0,2022-23,34,4.2506876,6,2.4989786
675.0,2022-23,34,4.2506876,6,2.9555206
675.0,2022-23,35,0.48839632,0,3.6186519
675.0,2022-23,36,5.160654,1,2.8226428
688.0,2022-23,6,1.4452225,1,0.9375239
688.0,2022-23,7,0.22146857,0,1.016935
688.0,2022-23,8,-0.052251287,0,1.0159544
688.0,2022-23,9,0.6801862,1,0.92900836
688.0,2022-23,10,1.1781428,3,1.0297911
688.0,2022-23,11,0.73202276,3,1.3618106
688.0,2022-23,12,0.8977221,3,1.6483761
688.0,2022-23,13,1.4152527,3,1.5897146
688.0,2022-23,14,1.0650893,0,1.5162586
688.0,2022-23,15,1.2885113,2,1.2527189
688.0,2022-23,16,1.8935174,1,1.3724562
688.0,2022-23,17,0.08507832,0,1.1669354
688.0,2022-23,18,0.02012393,0,0.97872823
688.0,2022-23,19,0.009252577,0,0.8606556
688.0,2022-23,20,0.007824263,0,0.79256886
688.0,2022-23,21,0.008374352,0,0.68597245
688.0,2022-23,22,-0.012279756,0,0.71177673
688.0,2022-23,23,0.72075856,3,0.6739215
688.0,2022-23,24,0.06722052,0,1.5968682
688.0,2022-23,25,1.9757807,2,1.2338994
688.0,2022-23,26,1.9211315,3,1.3314085
688.0,2022-23,27,1.7564701,2,1.4218289
688.0,2022-23,28,2.3999226,1,1.6082852
688.0,2022-23,29,2.105001,1,1.5556691
688.0,2022-23,30,0.036307044,0,1.5191951
688.0,2022-23,31,0.18344156,0,1.3399851
688.0,2022-23,32,-0.057111576,0,1.066834
688.0,2022-23,33,-0.0107353795,0,0.8546848
688.0,2022-23,34,-0.050104503,0,0.70441103
688.0,2022-23,35,0.920894,1,0.7043633
688.0,2022-23,36,1.7180258,4,1.2956101
688.0,2022-23,37,1.604353,2,1.6842598
688.0,2022-23,37,1.604353,2,1.6414493
688.0,2022-23,37,1.8529514,1,1.6842598
688.0,2022-23,37,1.8529514,1,1.6414493
688.0,2022-23,38,1.9526849,1,1.34666
695.0,2022-23,32,1.7805822,1,2.2292204
695.0,2022-23,33,1.7017949,0,2.1928282
695.0,2022-23,34,1.6837089,1,1.4549319
695.0,2022-23,35,2.0917375,1,1.6207361
700.0,2022-23,11,1.022427,1,0.6160434
700.0,2022-23,12,1.326279,3,0.7441412
700.0,2022-23,13,0.8532845,10,0.85986114
700.0,2022-23,14,2.4638128,3,1.3031976
700.0,2022-23,15,3.1067984,2,1.0602763
700.0,2022-23,16,5.162282,2,0.9024421
700.0,2022-23,17,4.873208,6,1.1294999
700.0,2022-23,18,4.6928635,2,1.4939965
700.0,2022-23,19,5.373963,6,2.3147445
700.0,2022-23,19,5.373963,6,3.456832
700.0,2022-23,19,4.3555727,9,2.3147445
700.0,2022-23,19,4.3555727,9,3.456832
700.0,2022-23,20,3.9569461,3,3.0277042
700.0,2022-23,21,3.5888805,2,2.7601004
700.0,2022-23,22,3.064245,3,2.8972435
700.0,2022-23,23,3.7607503,9,2.8229141
700.0,2022-23,24,4.0066676,2,2.3862286
700.0,2022-23,25,3.5255356,2,2.8679748
700.0,2022-23,26,3.2152996,1,2.8045115
700.0,2022-23,27,2.8109138,0,2.6208224
700.0,2022-23,28,0.12619829,0,2.110185
700.0,2022-23,29,1.9865586,0,1.5285965
700.0,2022-23,30,1.8164643,2,1.3260227
700.0,2022-23,31,2.4570544,5,1.8195707
700.0,2022-23,32,3.2080526,5,2.4507499
700.0,2022-23,33,2.7021556,0,2.8395095
700.0,2022-23,34,2.3685539,0,2.2893138
700.0,2022-23,34,2.3685539,0,1.7598888
700.0,2022-23,34,1.8628883,2,2.2893138
700.0,2022-23,34,1.8628883,2,1.7598888
700.0,2022-23,35,2.7315724,15,1.9439281
700.0,2022-23,36,3.7119496,3,1.8413606
700.0,2022-23,37,3.7418303,6,2.9628034
700.0,2022-23,38,2.581197,5,2.5472875
713.0,2022-23,27,1.5847955,-1,1.3273199
713.0,2022-23,28,2.2352347,2,1.8580157
713.0,2022-23,29,2.1751468,1,1.9281124
713.0,2022-23,30,2.1288183,1,1.6617364
713.0,2022-23,31,-0.15183012,0,1.3541658
713.0,2022-23,32,1.1857686,1,1.110011
713.0,2022-23,33,1.3767673,1,1.2864233
713.0,2022-23,34,1.3112965,0,1.3333651
713.0,2022-23,35,-0.008781067,0,1.5262818
713.0,2022-23,36,-0.0105848005,0,1.3458802
713.0,2022-23,37,-0.015655441,0,1.1458112
713.0,2022-23,38,0.85051906,1,0.83053815
750.0,2022-23,6,0.85648894,1,0.76879305
750.0,2022-23,7,0.019742122,0,0.7452572
750.0,2022-23,8,0.9653181,1,0.79840547
750.0,2022-23,9,1.1729105,1,0.60176533
750.0,2022-23,10,1.2605488,8,0.70367694
750.0,2022-23,11,0.20476624,0,1.2635764
750.0,2022-23,12,0.23026808,0,1.0638077
750.0,2022-23,13,1.3240278,1,0.8595426
750.0,2022-23,14,0.48957804,0,1.0326709
750.0,2022-23,15,0.4447389,0,0.8886517
750.0,2022-23,16,0.6379757,0,0.70577013
750.0,2022-23,17,1.7747564,6,0.57055086
750.0,2022-23,18,2.7777612,8,1.5374776
750.0,2022-23,19,4.1345716,6,2.1995697
750.0,2022-23,20,3.5183082,2,2.5949783
750.0,2022-23,20,3.5183082,2,1.9180545
750.0,2022-23,20,5.6454315,17,2.5949783
750.0,2022-23,20,5.6454315,17,1.9180545
750.0,2022-23,21,5.4806952,6,2.493403
750.0,2022-23,22,2.9308672,1,1.736143
750.0,2022-23,23,2.8076758,12,1.5766902
750.0,2022-23,23,2.8076758,12,2.020785
750.0,2022-23,23,5.0543013,2,1.5766902
750.0,2022-23,23,5.0543013,2,2.020785
750.0,2022-23,24,0.0037561604,0,2.1717095
750.0,2022-23,25,3.8628135,1,2.1941547
750.0,2022-23,26,1.1093686,0,2.038776
750.0,2022-23,27,0.42080966,0,1.8155701
750.0,2022-23,28,-0.0808001,0,0.94496393
750.0,2022-23,29,1.6973271,5,0.7703917
750.0,2022-23,30,2.6813066,1,2.3808355
750.0,2022-23,31,3.0473897,2,1.8922151
750.0,2022-23,32,0.88183635,0,2.2378483
750.0,2022-23,33,2.4127288,1,1.9736782
750.0,2022-23,34,2.7919958,5,1.6440595
750.0,2022-23,34,2.7919958,5,2.2316327
750.0,2022-23,34,3.2654526,6,1.6440595
750.0,2022-23,34,3.2654526,6,2.2316327
750.0,2022-23,35,4.3086743,10,2.6266708
750.0,2022-23,36,5.113294,6,2.5548754
750.0,2022-23,37,3.5699394,3,3.2700763
750.0,2022-23,37,3.5699394,3,3.0248532
750.0,2022-23,37,3.7570004,2,3.2700763
750.0,2022-23,37,3.7570004,2,3.0248532
750.0,2022-23,38,2.7079926,2,2.694137
753.0,2022-23,14,0.020347243,0,0.52923816
753.0,2022-23,15,0.659619,1,0.5584649
753.0,2022-23,16,0.017413171,0,0.6062968
753.0,2022-23,17,0.02762989,0,0.5683855
753.0,2022-23,18,0.02762989,0,0.5325979
753.0,2022-23,19,0.8434185,2,0.5151261
753.0,2022-23,20,1.704878,2,1.4415807
753.0,2022-23,21,1.9264255,6,1.8429428
757.0,2022-23,6,1.1714289,3,1.3458945
757.0,2022-23,7,0.3141979,0,1.5362968
757.0,2022-23,8,0.1749413,0,1.2977833
757.0,2022-23,9,1.2775584,1,1.0595444
757.0,2022-23,10,1.009156,2,0.9557336
757.0,2022-23,11,0.8029695,3,1.412255
757.0,2022-23,12,1.1154015,2,1.5548024
757.0,2022-23,13,0.9468765,0,1.3970387
757.0,2022-23,14,1.0735959,3,1.2976004
757.0,2022-23,15,0.9019668,2,1.3584366
757.0,2022-23,16,1.552703,1,1.4184203
757.0,2022-23,17,2.2337403,2,1.650231
757.0,2022-23,18,1.9391376,3,1.7441255
757.0,2022-23,19,2.441587,1,1.973545
757.0,2022-23,20,2.031911,2,1.9359564
757.0,2022-23,20,2.031911,2,2.2695537
757.0,2022-23,20,2.1161132,4,1.9359564
757.0,2022-23,20,2.1161132,4,2.2695537
757.0,2022-23,21,2.17444,3,2.0007374
757.0,2022-23,22,2.2705982,6,1.8450329
757.0,2022-23,23,3.1248717,2,1.719432
757.0,2022-23,24,2.4594095,2,1.9896847
757.0,2022-23,25,2.8172548,3,2.1871738
757.0,2022-23,26,0.2470002,0,2.3431163
757.0,2022-23,27,2.3689084,2,2.0206375
757.0,2022-23,27,2.3689084,2,2.2587252
757.0,2022-23,27,2.152014,2,2.0206375
757.0,2022-23,27,2.152014,2,2.2587252
757.0,2022-23,28,1.8689451,8,2.1802785
757.0,2022-23,29,3.123438,2,1.9165378
757.0,2022-23,30,2.804802,5,1.9284276
757.0,2022-23,31,3.578388,3,2.3673139
757.0,2022-23,32,2.6721337,3,2.3279843
757.0,2022-23,33,2.2539053,0,2.5883942
757.0,2022-23,34,2.906485,8,2.5959172
757.0,2022-23,35,2.795924,1,2.5296855
762.0,2022-23,6,3.8560836,3,1.0375398
762.0,2022-23,7,2.33894,0,0.8944597
762.0,2022-23,8,3.522258,3,0.73574996
762.0,2022-23,9,2.641279,2,1.1367743
762.0,2022-23,10,3.6599813,2,1.3797433
762.0,2022-23,11,3.461829,2,1.2356642
762.0,2022-23,12,3.320017,2,1.3751408
762.0,2022-23,13,2.2068048,2,1.2360344
762.0,2022-23,14,1.6164799,3,1.2136551
762.0,2022-23,15,2.6070414,2,1.2694892
762.0,2022-23,16,3.2357616,2,1.3119686
762.0,2022-23,17,6.6385484,1,1.574974
762.0,2022-23,18,3.2206624,9,1.6747034
762.0,2022-23,19,3.188794,7,1.7634687
762.0,2022-23,20,2.4161687,5,1.8640198
762.0,2022-23,21,2.7794049,2,2.132958
762.0,2022-23,22,-0.5252974,0,2.3134432
762.0,2022-23,23,4.1107426,1,1.7576784
762.0,2022-23,24,-0.1860161,0,2.5906253
762.0,2022-23,25,2.6120648,1,1.924144
762.0,2022-23,25,2.6120648,1,3.0939608
762.0,2022-23,25,2.5288215,1,1.924144
762.0,2022-23,25,2.5288215,1,3.0939608
762.0,2022-23,26,2.2681873,6,2.5822263
762.0,2022-23,27,3.8795266,3,2.2673197
762.0,2022-23,28,3.163655,2,2.214412
762.0,2022-23,29,3.3893082,2,2.637082
762.0,2022-23,30,3.3939419,2,2.3989463
762.0,2022-23,31,3.9429286,1,3.1904755
762.0,2022-23,32,4.5195456,3,2.863696
762.0,2022-23,33,0.22898768,0,3.7266908
762.0,2022-23,34,0.44062945,0,2.5442886
762.0,2022-23,35,0.3229985,0,1.5851871
762.0,2022-23,36,0.8249327,1,1.1531386
762.0,2022-23,37,1.7416714,1,2.6604524
762.0,2022-23,38,2.4262927,3,2.0847745
767.0,2022-23,6,0.8477456,1,0.8203193
767.0,2022-23,7,-0.018770939,0,0.8525543
767.0,2022-23,8,-0.02170501,0,0.6892688
767.0,2022-23,9,-0.0132693425,0,0.6042131
767.0,2022-23,10,-0.00027655484,0,0.5501926
767.0,2022-23,11,0.0028098533,0,0.5362209
767.0,2022-23,12,-0.011259191,0,0.54595315
767.0,2022-23,13,-0.011259191,0,0.53359693
767.0,2022-23,14,-0.015041094,0,0.5226758
767.0,2022-23,15,-0.030798906,0,0.5120747
767.0,2022-23,16,0.4333149,1,0.5101098
767.0,2022-23,17,0.03355609,0,0.9679717
767.0,2022-23,18,1.3714355,1,0.8026682
767.0,2022-23,19,1.3213842,1,1.1237906
767.0,2022-23,20,1.3645939,1,1.3426113
767.0,2022-23,21,0.0070955097,0,1.5403212
767.0,2022-23,22,1.3358067,1,1.329555
767.0,2022-23,23,-0.0073637078,0,1.5309916
767.0,2022-23,24,1.3066921,1,1.2071594
767.0,2022-23,25,1.2778219,2,1.4551464
767.0,2022-23,26,1.6637677,2,1.5499725
769.0,2022-23,18,-0.010207861,0,0.7116933
769.0,2022-23,19,-0.029101918,0,0.6246022
769.0,2022-23,20,-0.020241713,0,0.5234009
769.0,2022-23,21,-0.019886676,0,0.5173204
769.0,2022-23,22,-0.013960471,0,0.5126864
769.0,2022-23,23,0.8353022,1,0.509818
769.0,2022-23,24,1.2406337,2,1.024389
769.0,2022-23,25,1.6891726,3,1.6763315
769.0,2022-23,26,2.0999315,2,1.8082961
769.0,2022-23,27,2.0823433,2,1.7524368
769.0,2022-23,28,2.229189,1,1.9099576
769.0,2022-23,29,2.5114932,1,1.8808883
769.0,2022-23,30,1.9790579,1,1.9162902
770.0,2022-23,8,-0.07629536,0,0.55795825
770.0,2022-23,9,-0.0965451,0,0.603863
770.0,2022-23,10,0.36100405,1,0.65549964
770.0,2022-23,11,-1.82722e-05,0,0.71783024
770.0,2022-23,12,0.89109784,1,0.6795914
770.0,2022-23,13,0.025444457,0,0.7140624
770.0,2022-23,14,0.019746061,0,0.61818665
770.0,2022-23,15,0.019746061,0,0.54090655
770.0,2022-23,16,0.79238266,4,0.49893102
770.0,2022-23,17,1.3730059,2,0.8960592
770.0,2022-23,18,2.490943,2,1.7857355
770.0,2022-23,19,2.3068511,2,1.7318515
770.0,2022-23,20,0.11880342,0,1.9496272
770.0,2022-23,21,-0.008058589,0,2.1675987
770.0,2022-23,22,2.303252,0,1.461825
770.0,2022-23,23,1.0433501,0,1.0488507
770.0,2022-23,24,-0.06869852,0,0.7894489
770.0,2022-23,25,-0.0071887802,0,1.1237406
770.0,2022-23,26,0.0010099848,0,0.9859917
770.0,2022-23,27,-0.037548978,0,0.8668134
770.0,2022-23,28,-0.030798906,0,0.7400996
770.0,2022-23,29,-0.030798906,0,0.70084065
770.0,2022-23,30,-0.030798906,0,0.6242792
770.0,2022-23,31,0.38558283,0,0.56652987
770.0,2022-23,32,0.62413013,0,0.94689995
770.0,2022-23,33,0.4717492,0,0.917304
770.0,2022-23,34,-0.030798906,0,0.84630793
770.0,2022-23,35,-0.030798906,0,0.664076
770.0,2022-23,36,0.48972544,0,0.49793896
770.0,2022-23,37,-0.030798906,0,0.7104622
770.0,2022-23,38,0.48645297,0,0.65066725
842.0,2022-23,6,0.3595912,0,0.64554906
842.0,2022-23,7,-0.025492316,0,0.6222847
842.0,2022-23,8,-0.022496456,0,0.57060266
842.0,2022-23,9,-0.012279756,0,0.5499866
842.0,2022-23,10,0.24192731,0,0.5385659
842.0,2022-23,11,-0.030798906,0,0.5284897
842.0,2022-23,12,-0.030798906,0,0.5198
842.0,2022-23,13,0.3802249,0,0.51160884
842.0,2022-23,14,-0.030798906,0,0.49291205
842.0,2022-23,15,-0.030798906,0,0.4739058
842.0,2022-23,16,-0.030798906,0,0.4773623
842.0,2022-23,17,-0.030798906,0,0.48135868
842.0,2022-23,18,-0.030798906,0,0.46761185
842.0,2022-23,19,-0.030798906,0,0.4957639
842.0,2022-23,20,0.46331018,0,0.4957639
842.0,2022-23,21,-0.030798906,0,0.6906136
842.0,2022-23,22,-0.030798906,0,0.6389205
842.0,2022-23,23,-0.030798906,0,0.58762014
842.0,2022-23,24,-0.030798906,0,0.53107667
842.0,2022-23,25,-0.030798906,0,0.47659004
842.0,2022-23,26,0.43066698,0,0.4957639
842.0,2022-23,27,-0.030798906,0,0.73186505
842.0,2022-23,28,0.46134165,0,0.64232004
842.0,2022-23,29,-0.030798906,0,0.83217597
842.0,2022-23,30,-0.030798906,0,0.659395
842.0,2022-23,31,-0.030798906,0,0.5153444
842.0,2022-23,32,-0.030798906,0,0.5217242
842.0,2022-23,33,-0.030798906,0,0.45053947
842.0,2022-23,34,-0.030798906,0,0.4957639
842.0,2022-23,35,-0.030798906,0,0.4957639
842.0,2022-23,36,0.53750265,0,0.4957639
842.0,2022-23,37,-0.030798906,0,0.7296216
842.0,2022-23,38,0.46788085,0,0.64245254
843.0,2022-23,6,2.4749038,2,1.1724467
843.0,2022-23,7,1.2604079,0,1.5843924
843.0,2022-23,8,1.0875067,1,1.0899737
843.0,2022-23,9,1.5026243,2,1.3425549
843.0,2022-23,10,0.84658545,2,1.3602897
843.0,2022-23,11,1.2488614,2,1.547773
843.0,2022-23,12,1.1132629,3,1.5108927
843.0,2022-23,13,1.3011571,2,1.5724508
843.0,2022-23,14,0.6355584,2,1.616899
843.0,2022-23,15,1.205143,2,1.5385846
843.0,2022-23,16,2.036991,5,1.3817614
843.0,2022-23,17,2.870919,5,1.8917034
843.0,2022-23,18,3.565795,7,1.6662848
843.0,2022-23,19,2.5444872,2,1.8191082
843.0,2022-23,20,3.2134004,15,1.9053274
843.0,2022-23,21,4.6025863,2,2.4076457
843.0,2022-23,22,4.134434,2,3.275226
843.0,2022-23,23,4.5269833,1,3.4789186
843.0,2022-23,24,3.8075035,10,3.0880098
843.0,2022-23,25,5.010752,2,2.7299862
843.0,2022-23,26,4.7694306,0,2.99114
843.0,2022-23,27,2.2513168,3,2.8919702
843.0,2022-23,27,2.2513168,3,4.01186
843.0,2022-23,27,3.7062461,2,2.8919702
843.0,2022-23,27,3.7062461,2,4.01186
843.0,2022-23,28,2.8126771,10,2.7771902
843.0,2022-23,29,3.2543833,2,2.742422
843.0,2022-23,30,2.5289042,2,3.1455874
843.0,2022-23,31,2.9034154,2,2.6734414
843.0,2022-23,32,2.8036423,2,2.529076
843.0,2022-23,33,3.9516735,1,2.6742764
843.0,2022-23,34,2.7198164,2,2.3621163
843.0,2022-23,35,2.4751735,13,2.4733505
843.0,2022-23,36,2.7755878,2,2.1234868
843.0,2022-23,37,1.6154324,4,2.3429914
843.0,2022-23,38,3.1845715,7,2.2374506
900.0,2022-23,7,0.018157726,0,0.6310771
900.0,2022-23,8,0.018157726,0,0.61758256
900.0,2022-23,9,0.5754651,2,0.57375294
900.0,2022-23,10,0.6841806,2,0.86029613
900.0,2022-23,11,1.1511644,6,1.0595468
900.0,2022-23,12,0.9176007,6,1.2240882
900.0,2022-23,13,1.1227244,2,1.1412646
900.0,2022-23,14,0.9987887,2,1.1009426
900.0,2022-23,15,1.2396702,1,1.1726204
900.0,2022-23,16,2.4420424,2,0.9073707
900.0,2022-23,17,3.0399668,1,1.783647
900.0,2022-23,18,3.2089858,1,2.2165911
900.0,2022-23,19,3.0687034,1,2.1252232
900.0,2022-23,20,2.4793997,1,2.0587711
900.0,2022-23,21,2.1976454,1,2.0212822
900.0,2022-23,22,2.2482502,4,2.1869416
900.0,2022-23,23,2.4087152,4,2.5665665
900.0,2022-23,24,4.227019,2,3.3294125
900.0,2022-23,25,3.5351675,1,2.2967334
900.0,2022-23,25,3.5351675,1,2.3966556
900.0,2022-23,25,2.6764514,1,2.2967334
900.0,2022-23,25,2.6764514,1,2.3966556
900.0,2022-23,26,3.4818976,6,2.3712883
900.0,2022-23,27,2.732882,1,1.5740125
900.0,2022-23,28,2.5303137,1,1.9863104
900.0,2022-23,29,3.6435428,2,2.665779
900.0,2022-23,30,3.160651,1,2.2370791
900.0,2022-23,31,2.9005244,1,2.1958933
900.0,2022-23,32,0.27687204,0,2.2778378
900.0,2022-23,33,2.0162947,1,1.4324356
900.0,2022-23,34,1.9200976,0,1.9865104
900.0,2022-23,35,1.6521534,1,1.7883868
900.0,2022-23,36,1.3999357,1,1.6293497
900.0,2022-23,37,1.3293929,5,1.5388416
900.0,2022-23,38,2.0345526,2,2.1489582
910.0,2022-23,6,0.99010223,2,1.4570574
910.0,2022-23,7,0.26179197,0,1.6396818
910.0,2022-23,8,0.8715678,10,1.3275889
910.0,2022-23,9,1.5340571,1,1.4745415
910.0,2022-23,10,0.9598475,1,1.85387
910.0,2022-23,11,1.3165678,1,1.4787767
910.0,2022-23,12,1.2116174,10,1.1092839
910.0,2022-23,13,0.9144492,6,1.0961211
910.0,2022-23,14,1.79604,3,1.3771557
910.0,2022-23,15,1.9293246,1,1.3711501
910.0,2022-23,16,0.44043338,0,1.1762464
910.0,2022-23,17,2.9724305,3,0.93645275
910.0,2022-23,18,3.0246239,2,1.5465733
910.0,2022-23,19,3.4268126,3,1.7408978
910.0,2022-23,19,3.4268126,3,1.7223455
910.0,2022-23,19,2.941194,2,1.7408978
910.0,2022-23,19,2.941194,2,1.7223455
910.0,2022-23,20,2.271092,2,1.9597567
910.0,2022-23,21,2.2545326,2,2.5284781
910.0,2022-23,22,2.3367429,3,2.4612942
910.0,2022-23,23,2.6767461,3,2.8454633
910.0,2022-23,24,2.3505652,3,3.0231953
910.0,2022-23,25,2.469589,1,2.992278
910.0,2022-23,26,2.096189,2,2.4199018
910.0,2022-23,27,2.284052,2,2.4709897
910.0,2022-23,28,0.16945717,0,2.4972396
910.0,2022-23,29,2.3015168,7,2.3427315
910.0,2022-23,30,2.142775,-1,2.2594328
910.0,2022-23,31,1.9229656,8,1.5208077
910.0,2022-23,32,2.980477,2,1.5398023
910.0,2022-23,33,2.6100693,2,1.7708011
910.0,2022-23,34,2.1192317,2,2.077969
910.0,2022-23,34,2.1192317,2,2.252305
910.0,2022-23,34,2.1505861,1,2.077969
910.0,2022-23,34,2.1505861,1,2.252305
910.0,2022-23,35,2.3691406,5,1.7663633
910.0,2022-23,36,2.9850826,6,2.4361172
910.0,2022-23,37,3.512189,2,3.3791375
910.0,2022-23,38,2.83553,1,3.0369835
922.0,2022-23,6,1.6689998,2,1.4428846
922.0,2022-23,7,0.39943033,0,1.271581
922.0,2022-23,8,1.530001,1,0.91975915
922.0,2022-23,9,1.4816868,2,1.1475427
922.0,2022-23,10,1.2001613,6,1.2050338
922.0,2022-23,11,1.6450087,5,1.1427352
922.0,2022-23,12,1.5933172,3,1.4111931
922.0,2022-23,13,1.8840567,10,1.1556184
922.0,2022-23,14,3.0750368,3,1.4035357
922.0,2022-23,15,3.3281863,6,1.0051458
922.0,2022-23,16,4.7563577,2,1.4610385
922.0,2022-23,17,4.120571,3,1.5311762
922.0,2022-23,18,4.735316,5,1.7208132
922.0,2022-23,19,4.6565757,1,2.0059593
922.0,2022-23,19,4.6565757,1,1.925505
922.0,2022-23,19,4.0598373,4,2.0059593
922.0,2022-23,19,4.0598373,4,1.925505
922.0,2022-23,20,3.73293,2,3.3548803
922.0,2022-23,21,3.4217799,2,3.8021202
922.0,2022-23,22,4.0483294,2,4.061014
922.0,2022-23,23,3.2390208,6,3.2395573
922.0,2022-23,24,3.5697558,3,3.105167
922.0,2022-23,25,3.5885844,1,3.3994536
922.0,2022-23,26,3.5415633,8,3.1605005
922.0,2022-23,27,3.6213236,2,3.3706822
922.0,2022-23,28,0.14112192,0,2.663433
922.0,2022-23,29,4.5126405,6,3.2424903
922.0,2022-23,30,3.2551692,2,3.4110994
922.0,2022-23,31,3.7575347,2,2.5202498
922.0,2022-23,32,4.270039,10,3.2335205
922.0,2022-23,33,3.482998,2,2.8251777
922.0,2022-23,34,2.951425,1,1.9715677
966.0,2022-23,18,1.570102,2,1.3290697
966.0,2022-23,19,2.606011,9,1.7272316
966.0,2022-23,20,2.6193109,2,1.9343151
966.0,2022-23,21,-0.17144929,0,2.0052433
966.0,2022-23,22,2.2789364,1,1.6404852
966.0,2022-23,23,0.076228335,0,1.316
966.0,2022-23,24,-0.3067874,0,0.95289195
966.0,2022-23,25,-0.22101358,0,0.83474296
966.0,2022-23,26,-0.045526534,0,0.9875323
966.0,2022-23,27,0.06561757,0,0.9447967
966.0,2022-23,28,0.42137522,0,0.7813381
966.0,2022-23,29,0.6866967,1,0.74931175
1042.0,2022-23,7,0.036929257,0,1.2476779
1042.0,2022-23,8,0.044339318,0,1.0054337
1042.0,2022-23,9,0.6089426,1,0.9524531
1042.0,2022-23,10,-0.007854797,0,0.90955293
1042.0,2022-23,11,0.028111286,0,0.77819926
1042.0,2022-23,12,0.021526236,0,0.70992935
1042.0,2022-23,13,0.67946774,1,0.65614754
1042.0,2022-23,14,0.03355609,0,0.7249315
1042.0,2022-23,15,0.02762989,0,0.65417767
1042.0,2022-23,16,0.02762989,0,0.6010077
1042.0,2022-23,17,0.007892948,0,0.55110776
1042.0,2022-23,18,0.76891214,1,0.5011268
1042.0,2022-23,19,1.3391718,1,0.9061816
1042.0,2022-23,20,0.010150692,0,1.3802489
1042.0,2022-23,21,1.7079473,1,1.0830493
1042.0,2022-23,22,-0.028852856,0,1.3220508
1042.0,2022-23,23,1.4803164,1,1.0891094
1042.0,2022-23,24,1.9769602,1,1.1844487
1042.0,2022-23,25,1.8844221,1,1.4581964
1042.0,2022-23,25,1.8844221,1,1.4659983
1042.0,2022-23,25,1.8132414,1,1.4581964
1042.0,2022-23,25,1.8132414,1,1.4659983
1042.0,2022-23,26,1.7037296,0,1.5563943
1042.0,2022-23,27,1.8310624,1,1.8450519
1042.0,2022-23,28,-0.013084659,0,1.686454
1042.0,2022-23,29,1.377464,1,1.0969245
1042.0,2022-23,30,1.5166246,1,1.0076329
1042.0,2022-23,31,1.9131631,1,1.7118593
1228.0,2022-23,6,3.2385852,7,1.0837826
1228.0,2022-23,7,0.71705484,0,1.1032016
1228.0,2022-23,8,0.481825,0,0.78654885
1228.0,2022-23,9,1.3625138,1,0.63316095
1228.0,2022-23,10,1.8126723,2,1.3682783
1228.0,2022-23,11,1.8177953,2,1.5056792
1228.0,2022-23,12,2.131633,11,1.3111335
1228.0,2022-23,13,2.0834267,2,1.0666801
1228.0,2022-23,14,3.0531886,2,1.7258846
1228.0,2022-23,15,1.1084177,0,1.5569957
1228.0,2022-23,16,2.094238,6,1.2497416
1228.0,2022-23,17,3.2048252,3,1.9409467
1228.0,2022-23,18,3.3094137,6,2.5899024
1228.0,2022-23,19,4.915222,6,2.9614997
1228.0,2022-23,20,4.606015,9,3.434773
1228.0,2022-23,20,4.606015,9,2.6468968
1228.0,2022-23,20,4.952357,10,3.434773
1228.0,2022-23,20,4.952357,10,2.6468968
1228.0,2022-23,21,2.2183247,5,3.1569114
1228.0,2022-23,22,4.302769,10,2.4212236
1228.0,2022-23,22,4.302769,10,1.6953241
1228.0,2022-23,22,4.910565,2,2.4212236
1228.0,2022-23,22,4.910565,2,1.6953241
1228.0,2022-23,23,6.050387,3,2.3202958
1228.0,2022-23,24,6.160786,12,3.1253748
1228.0,2022-23,25,0.035676084,0,2.705216
1228.0,2022-23,26,3.558024,2,2.8137422
1228.0,2022-23,27,5.40637,3,4.3529234
1228.0,2022-23,28,0.20506969,0,3.4706817
1228.0,2022-23,29,4.005982,2,4.6402283
1228.0,2022-23,29,4.005982,2,3.9689007
1228.0,2022-23,29,3.4563498,2,4.6402283
1228.0,2022-23,29,3.4563498,2,3.9689007
1228.0,2022-23,30,3.4421341,3,2.834762
1228.0,2022-23,31,3.3260987,3,3.4493203
1228.0,2022-23,32,0.31208396,0,3.9896832
1228.0,2022-23,33,3.4846623,5,3.4541688
1228.0,2022-23,34,3.2695498,11,3.416101
1228.0,2022-23,34,3.2695498,11,2.3596292
1228.0,2022-23,34,2.610507,2,3.416101
1228.0,2022-23,34,2.610507,2,2.3596292
1228.0,2022-23,35,5.0115185,2,3.982129
1228.0,2022-23,36,5.13308,6,3.6172132
1228.0,2022-23,37,4.9458923,3,2.7700734
1228.0,2022-23,37,4.9458923,3,3.1559038
1228.0,2022-23,37,3.2826464,8,2.7700734
1228.0,2022-23,37,3.2826464,8,3.1559038
1228.0,2022-23,38,5.3435206,10,3.2427073
1234.0,2022-23,7,0.11792071,0,0.6363834
1234.0,2022-23,8,-0.057571936,0,0.5888256
1234.0,2022-23,9,0.5953625,1,0.55184585
1234.0,2022-23,10,0.021526236,0,0.6227265
1234.0,2022-23,11,0.9107583,1,0.5763521
1234.0,2022-23,12,0.90856886,6,0.66062427
1234.0,2022-23,13,0.8312322,1,1.1836088
1234.0,2022-23,14,0.13110262,0,0.94099027
1234.0,2022-23,15,0.018628176,0,0.7788134
1234.0,2022-23,16,1.3517157,3,0.59231967
1234.0,2022-23,17,1.3320472,1,1.114521
1234.0,2022-23,18,0.030698841,0,1.2384627
1234.0,2022-23,19,0.030698841,0,1.069661
1234.0,2022-23,20,1.2830943,1,0.88534975
1234.0,2022-23,21,1.3643297,1,1.1028913
1234.0,2022-23,22,1.356363,6,1.1235862
1234.0,2022-23,23,2.5886438,1,1.461067
1234.0,2022-23,24,1.4968574,1,1.4199407
1234.0,2022-23,25,1.7058973,2,1.6231729
1234.0,2022-23,26,2.3340263,1,1.7755543
1234.0,2022-23,27,0.1819557,0,1.5493612
1234.0,2022-23,28,2.2283168,1,1.4647207
1234.0,2022-23,29,0.30847636,0,1.407724
1234.0,2022-23,30,2.0688932,1,1.1808378
1234.0,2022-23,31,1.198447,1,1.2391448
1234.0,2022-23,32,2.6764033,1,1.9845408
1234.0,2022-23,33,2.60874,1,1.6361778
1234.0,2022-23,34,2.8225803,1,1.7091147
1234.0,2022-23,35,2.020526,1,1.5347728
1250.0,2022-23,6,2.9217033,3,0.930491
1250.0,2022-23,7,2.0548027,0,1.9320846
1250.0,2022-23,8,1.8970548,0,0.84769213
1250.0,2022-23,9,3.6337829,5,0.6813018
1250.0,2022-23,10,2.5589907,2,1.0283576
1250.0,2022-23,11,3.192531,8,1.093495
1250.0,2022-23,12,3.548442,3,1.2862754
1250.0,2022-23,13,4.028796,2,1.0832385
1250.0,2022-23,14,3.7161183,7,0.85715455
1250.0,2022-23,15,4.1004286,15,0.9875008
1250.0,2022-23,16,6.7576036,2,1.0103633
1250.0,2022-23,17,3.6164544,12,0.7294426
1250.0,2022-23,18,4.6406927,2,1.1657214
1250.0,2022-23,19,5.327656,2,1.1621544
1250.0,2022-23,20,4.5675774,2,2.0624957
1250.0,2022-23,21,4.437317,3,2.7767382
1250.0,2022-23,22,5.03388,2,4.8887777
1250.0,2022-23,23,5.8036604,11,4.3976364
1250.0,2022-23,24,3.9180884,6,3.8602424
1250.0,2022-23,25,3.431872,3,3.0529156
1250.0,2022-23,25,3.431872,3,2.7431865
1250.0,2022-23,25,3.329296,8,3.0529156
1250.0,2022-23,25,3.329296,8,2.7431865
1250.0,2022-23,26,4.4473634,21,3.263815
1250.0,2022-23,27,4.6491747,0,2.7666764
1250.0,2022-23,28,-0.68360823,0,3.3583188
1250.0,2022-23,29,2.8483038,6,2.6874728
1250.0,2022-23,29,2.8483038,6,3.6098747
1250.0,2022-23,29,4.377474,1,2.6874728
1250.0,2022-23,29,4.377474,1,3.6098747
1250.0,2022-23,30,3.9287596,5,2.2151375
1250.0,2022-23,31,6.0871663,14,1.4183971
1250.0,2022-23,32,7.863722,7,2.683753
1250.0,2022-23,33,10.180058,2,3.9894533
1250.0,2022-23,34,5.00489,7,4.5312037
1250.0,2022-23,34,5.00489,7,2.8251753
1250.0,2022-23,34,4.7479625,11,4.5312037
1250.0,2022-23,34,4.7479625,11,2.8251753
1250.0,2022-23,35,5.0712795,10,3.6841545
1250.0,2022-23,36,9.384806,12,3.7707143
1250.0,2022-23,37,9.73443,5,4.432273
1250.0,2022-23,38,8.625208,5,3.2890053
1299.0,2022-23,25,1.5072014,2,1.1480151
1299.0,2022-23,25,1.5072014,2,1.6766307
1299.0,2022-23,25,1.6353153,2,1.1480151
1299.0,2022-23,25,1.6353153,2,1.6766307
1299.0,2022-23,26,1.8820623,1,1.7455804
1299.0,2022-23,27,1.9847401,2,1.6584153
1299.0,2022-23,28,1.8555307,2,1.6811026
1299.0,2022-23,29,2.111193,1,1.993724
1299.0,2022-23,30,1.9533318,2,1.864991
1299.0,2022-23,31,2.1240232,3,1.8738737
1299.0,2022-23,32,2.0854783,4,2.1676836
1299.0,2022-23,33,2.3390706,3,1.8075733
1299.0,2022-23,34,1.9278176,2,2.0934405
1299.0,2022-23,35,2.029115,3,1.9841752
1299.0,2022-23,36,1.9875175,2,2.101739
1299.0,2022-23,37,2.4648228,1,1.9888884
1299.0,2022-23,38,1.807001,2,1.9075228
1389.0,2022-23,6,1.2510693,1,1.1468883
1389.0,2022-23,7,0.11275902,0,1.095028
1389.0,2022-23,8,0.016301904,0,0.9882847
1389.0,2022-23,9,0.7288483,1,0.82952243
1389.0,2022-23,10,0.97894204,2,1.0383961
1389.0,2022-23,11,0.7459471,1,1.4472612
1389.0,2022-23,12,0.734636,3,1.3453273
1389.0,2022-23,13,1.0876154,8,1.4228226
1389.0,2022-23,14,1.1217328,0,1.3616296
1389.0,2022-23,15,1.3168781,2,1.0994201
1389.0,2022-23,16,2.813023,1,1.3304975
1389.0,2022-23,17,2.4221334,3,1.5627867
1389.0,2022-23,18,2.6692917,2,1.588765
1389.0,2022-23,19,2.1283488,0,1.9725722
1389.0,2022-23,19,2.1283488,0,1.6924864
1389.0,2022-23,19,2.1756582,1,1.9725722
1389.0,2022-23,19,2.1756582,1,1.6924864
1389.0,2022-23,20,2.0615013,2,1.6427149
1389.0,2022-23,21,1.7227882,3,1.5330039
1389.0,2022-23,22,2.1261091,1,1.9857439
1389.0,2022-23,23,2.044582,0,1.7230774
1389.0,2022-23,23,2.044582,0,1.4148062
1389.0,2022-23,23,1.8667392,2,1.7230774
1389.0,2022-23,23,1.8667392,2,1.4148062
1389.0,2022-23,24,1.9051387,5,1.7288941
1389.0,2022-23,25,2.1020582,3,2.3043056
1389.0,2022-23,25,2.1020582,3,2.7806802
1389.0,2022-23,25,3.7097437,1,2.3043056
1389.0,2022-23,25,3.7097437,1,2.7806802
1389.0,2022-23,26,2.3921537,0,2.1868253
1389.0,2022-23,27,1.9298145,0,1.4870919
1389.0,2022-23,28,1.7248229,1,1.1334739
1389.0,2022-23,29,1.7287078,1,1.3335303
1389.0,2022-23,30,1.5588043,0,1.4148571
1389.0,2022-23,31,1.5245095,1,1.3790957
1389.0,2022-23,32,1.6378034,0,1.437982
1389.0,2022-23,33,1.1627299,1,1.1957595
1389.0,2022-23,34,1.5623064,2,1.4226025
1389.0,2022-23,35,1.6636629,6,1.7313296
1389.0,2022-23,36,2.0671132,1,2.0880227
1389.0,2022-23,37,2.1379542,2,1.8662915
1389.0,2022-23,38,2.2883646,3,1.8753332
1488.0,2022-23,9,0.6187841,1,0.96631515
1488.0,2022-23,10,1.03077,2,1.1240764
1488.0,2022-23,11,0.71816725,2,1.3910177
1488.0,2022-23,12,0.764514,2,1.3742718
1488.0,2022-23,13,1.0748484,2,1.3799152
1488.0,2022-23,14,0.84360147,2,1.46652
1488.0,2022-23,15,1.5629128,2,1.5680505
1488.0,2022-23,16,1.842045,3,1.5332277
1488.0,2022-23,17,1.7191805,2,1.7924409
1488.0,2022-23,18,1.9145229,2,1.7248234
1488.0,2022-23,19,2.0714068,2,1.8305987
1488.0,2022-23,20,2.0526688,3,2.1974201
1488.0,2022-23,21,1.9752302,2,2.4143739
1488.0,2022-23,22,2.2654436,3,2.6579647
1488.0,2022-23,23,2.4548063,2,2.7938232
1488.0,2022-23,24,2.0850732,2,2.6261458
1488.0,2022-23,25,1.931479,2,2.609037
1488.0,2022-23,26,2.1341636,2,2.6239028
1488.0,2022-23,27,1.9591204,2,2.1992884
1488.0,2022-23,28,2.106346,1,1.8360952
1488.0,2022-23,29,1.9461397,1,1.6599411
1488.0,2022-23,29,1.9461397,1,2.010027
1488.0,2022-23,29,1.8215191,2,1.6599411
1488.0,2022-23,29,1.8215191,2,2.010027
1488.0,2022-23,30,1.8307292,1,2.0554187
1488.0,2022-23,31,2.281414,2,2.1640568
1488.0,2022-23,32,1.7171972,2,1.9381961
1537.0,2022-23,28,0.036961265,0,1.9656771
1537.0,2022-23,29,1.6805401,1,1.4709853
1537.0,2022-23,30,0.03390992,0,1.2096634
1537.0,2022-23,31,1.1819764,1,1.1122684
1537.0,2022-23,32,1.3087938,1,1.050501
1537.0,2022-23,33,-0.011344781,0,1.1779584
1537.0,2022-23,34,1.0557488,1,1.0159779
1537.0,2022-23,34,1.0557488,1,1.2469903
1537.0,2022-23,34,1.2973487,2,1.0159779
1537.0,2022-23,34,1.2973487,2,1.2469903
1537.0,2022-23,35,1.6278386,1,1.3767879
1537.0,2022-23,36,1.8599732,1,1.2828593
1537.0,2022-23,37,0.05246867,0,1.2525398
1537.0,2022-23,38,1.2278076,2,1.010788
1677.0,2022-23,9,0.77155066,-2,0.61871517
1677.0,2022-23,10,-0.03761048,0,0.5004887
1677.0,2022-23,11,-0.040033624,0,0.4465139
1677.0,2022-23,12,-0.02981689,0,0.46083605
1677.0,2022-23,13,-0.027477004,0,0.4851381
1677.0,2022-23,14,-0.027477004,0,0.49247786
1677.0,2022-23,15,-0.012279756,0,0.5084952
1677.0,2022-23,16,-0.012279756,0,0.5059762
1677.0,2022-23,17,-0.012279756,0,0.5031595
1677.0,2022-23,18,-0.030798906,0,0.500036
1677.0,2022-23,19,0.5321722,1,0.49912626
1683.0,2022-23,6,0.98343843,2,0.9045985
1683.0,2022-23,7,0.18612328,0,1.0267956
1683.0,2022-23,8,1.1258802,2,0.7988168
1683.0,2022-23,9,0.9499395,1,0.85342145
1683.0,2022-23,10,0.009076856,0,0.8389772
1683.0,2022-23,11,0.6770381,1,0.6472391
1683.0,2022-23,12,0.9942674,1,0.79750633
1711.0,2022-23,7,-0.040897578,0,0.573679
1711.0,2022-23,8,-0.00038209744,0,0.5275885
1711.0,2022-23,9,-0.0033161705,0,0.54323983
1711.0,2022-23,10,-0.0040820907,0,0.53796065
1711.0,2022-23,11,-0.002861421,0,0.52885085
1711.0,2022-23,12,-0.014565133,0,0.5231611
1711.0,2022-23,13,-0.030798906,0,0.51844263
1711.0,2022-23,14,-0.030798906,0,0.51443094
1711.0,2022-23,15,-0.030798906,0,0.5103898
1711.0,2022-23,16,-0.030798906,0,0.5055472
1711.0,2022-23,17,0.4333149,2,0.4996983
1711.0,2022-23,18,1.2984102,1,1.1987082
1711.0,2022-23,19,0.07264419,0,1.4283969
1711.0,2022-23,20,0.07264419,0,1.1488137
1711.0,2022-23,21,-0.015548171,0,0.8690486
1711.0,2022-23,22,-0.03956579,0,0.6611402
1711.0,2022-23,23,-0.034542523,0,0.55851
1711.0,2022-23,24,-0.012279756,0,0.53974575
1711.0,2022-23,25,-0.012279756,0,0.53974575
1711.0,2022-23,26,-0.012279756,0,0.53974575
1711.0,2022-23,27,-0.030798906,0,0.5368618
1711.0,2022-23,28,-0.030798906,0,0.5315362
1711.0,2022-23,29,-0.030798906,0,0.524048
1711.0,2022-23,30,-0.030798906,0,0.51431096
1711.0,2022-23,31,0.4934914,1,0.5022625
1711.0,2022-23,32,1.4758053,1,0.93904126
1711.0,2022-23,33,0.059420057,0,1.128346
1711.0,2022-23,34,1.404482,1,0.9366294
1711.0,2022-23,35,1.2800297,2,1.1349823
1711.0,2022-23,36,1.7233597,1,1.3976494
1711.0,2022-23,37,1.9400318,2,1.6329995
1711.0,2022-23,38,2.102625,2,1.6753871
1726.0,2022-23,6,-0.042748712,0,0.6825403
1726.0,2022-23,7,-0.032380365,0,0.74981344
1726.0,2022-23,8,0.68717563,1,0.6516153
1726.0,2022-23,9,0.5909865,1,0.7037248
1726.0,2022-23,10,0.02753438,0,0.8568957
1726.0,2022-23,11,0.025440382,0,0.77787465
1726.0,2022-23,12,0.02762989,0,0.6974879
1726.0,2022-23,13,0.6598526,1,0.6083077
1726.0,2022-23,14,0.02762989,0,0.6453847
1726.0,2022-23,15,0.9067317,1,0.5487043
1726.0,2022-23,16,1.2955403,1,0.62894976
1726.0,2022-23,17,1.3871545,1,0.9230862
1726.0,2022-23,18,1.3260918,1,1.0766172
1726.0,2022-23,19,1.33282,0,0.9095812
1726.0,2022-23,20,0.029186314,0,0.9717927
1726.0,2022-23,21,0.03182576,0,0.8338386
1726.0,2022-23,22,1.3399402,3,0.6644957
1726.0,2022-23,23,2.2309446,1,1.8223873
1726.0,2022-23,24,2.4759786,2,1.8601692
1726.0,2022-23,25,2.4824111,1,1.7217252
1726.0,2022-23,25,2.4824111,1,1.9099969
1726.0,2022-23,25,2.229711,2,1.7217252
1726.0,2022-23,25,2.229711,2,1.9099969
1726.0,2022-23,26,2.6466308,9,2.4127936
1726.0,2022-23,27,3.4957497,5,2.6555724
1726.0,2022-23,28,3.0309405,13,2.6522174
1726.0,2022-23,29,3.7631917,-2,2.2284417
1726.0,2022-23,30,-0.400868,0,1.2635187
1726.0,2022-23,31,-0.30042675,0,0.8536315
1726.0,2022-23,32,0.4450075,0,0.91151786
1726.0,2022-23,33,1.9706488,2,0.880116
1726.0,2022-23,34,3.8575435,2,2.5944653
1726.0,2022-23,35,2.4027932,13,2.313828
1726.0,2022-23,36,2.8156698,2,2.3258905
1726.0,2022-23,37,1.7914996,2,2.5128741
1726.0,2022-23,38,2.8786988,11,2.8295326
1750.0,2022-23,11,0.8004353,2,0.65898395
1750.0,2022-23,12,0.79327387,2,1.0622818
1750.0,2022-23,13,0.024973527,0,1.278704
1750.0,2022-23,14,0.7213943,1,0.9962605
1750.0,2022-23,15,1.0257902,2,1.1305366
1750.0,2022-23,16,1.4946802,1,1.1557825
1750.0,2022-23,17,1.8363421,1,1.2767329
1750.0,2022-23,18,1.9380493,2,1.2210237
1750.0,2022-23,19,-0.047799062,0,1.3724693
1750.0,2022-23,20,1.8493994,1,1.2836527
1750.0,2022-23,21,0.07577891,0,1.2987472
1750.0,2022-23,22,0.053701185,0,1.1859494
1750.0,2022-23,23,1.5719355,1,0.9491732
1750.0,2022-23,24,1.6792607,3,1.7248465
1750.0,2022-23,25,2.0152407,2,2.0359097
1750.0,2022-23,26,2.193461,3,1.9974061
1750.0,2022-23,27,0.33850676,0,1.9383742
1750.0,2022-23,28,1.8146211,4,1.7238644
1750.0,2022-23,29,1.9269077,1,1.784171
1750.0,2022-23,30,1.5740248,2,1.4905194
1750.0,2022-23,31,2.0197792,2,1.4448401
1750.0,2022-23,32,0.057513956,0,1.6025357
1750.0,2022-23,33,1.9311337,1,1.7263886
1750.0,2022-23,34,1.7947474,1,1.7391208
1750.0,2022-23,35,1.5753187,2,1.5545131
1750.0,2022-23,36,1.9045138,2,1.6746156
1776.0,2022-23,6,3.16547,2,1.1558237
1776.0,2022-23,7,1.6224353,0,1.4135758
1776.0,2022-23,8,1.1363132,2,1.1070702
1776.0,2022-23,9,3.403821,14,1.0629559
1776.0,2022-23,10,4.0235367,7,1.0215437
1776.0,2022-23,11,3.9499676,2,1.0668248
1776.0,2022-23,12,4.252539,0,0.9326482
1776.0,2022-23,13,4.3314867,3,0.5010654
1776.0,2022-23,14,4.1049247,2,0.57065356
1776.0,2022-23,15,5.312134,2,0.85787946
1776.0,2022-23,16,5.6271596,2,1.2288051
1776.0,2022-23,17,8.446924,4,2.0512547
1776.0,2022-23,18,5.956108,2,2.8721652
1776.0,2022-23,19,5.208005,5,2.4797597
1776.0,2022-23,20,6.046063,2,3.8405395
1776.0,2022-23,21,4.918945,16,3.7565632
1776.0,2022-23,22,3.5490515,2,3.1119323
1776.0,2022-23,23,3.0707831,5,2.779529
1776.0,2022-23,24,5.3211083,2,2.7522411
1776.0,2022-23,25,3.531834,6,2.8199868
1776.0,2022-23,26,4.845435,1,4.361711
1776.0,2022-23,27,4.6036425,2,3.0051823
1776.0,2022-23,28,1.2039095,0,4.476099
1776.0,2022-23,29,6.18739,3,3.3479128
1776.0,2022-23,29,6.18739,3,3.7355504
1776.0,2022-23,29,3.3025389,5,3.3479128
1776.0,2022-23,29,3.3025389,5,3.7355504
1776.0,2022-23,30,4.5861173,6,2.6929212
1776.0,2022-23,31,4.569895,7,4.2002463
1776.0,2022-23,32,3.528174,6,3.4070044
1776.0,2022-23,33,4.488926,2,4.2824507
1776.0,2022-23,34,4.3645835,2,2.4640555
1776.0,2022-23,34,4.3645835,2,3.412848
1776.0,2022-23,34,2.654166,2,2.4640555
1776.0,2022-23,34,2.654166,2,3.412848
1776.0,2022-23,35,3.4604814,3,3.6047807
1776.0,2022-23,36,3.1512523,1,4.074592
1776.0,2022-23,37,4.5806155,13,3.2610765
1776.0,2022-23,38,4.6371527,1,2.2679543
1785.0,2022-23,16,1.3487542,1,1.2888317
1785.0,2022-23,17,0.3028407,0,1.2957286
1785.0,2022-23,18,0.3166323,0,1.0542004
1785.0,2022-23,19,1.8931082,1,0.8726579
1785.0,2022-23,20,1.1859375,2,1.1479733
1785.0,2022-23,21,1.607904,2,1.3806772
1785.0,2022-23,22,1.8608334,1,1.5994889
1785.0,2022-23,23,1.6364646,8,1.4239382
1785.0,2022-23,24,2.2176366,0,1.7788918
1785.0,2022-23,25,0.21567509,0,1.8287362
1785.0,2022-23,26,1.9239925,2,1.472318
1785.0,2022-23,27,2.1960094,2,1.4234229
1785.0,2022-23,28,0.09061786,0,1.3447651
1785.0,2022-23,29,2.0039804,2,1.2762907
1785.0,2022-23,30,0.050241932,0,1.5415741
1785.0,2022-23,31,1.5127951,1,1.5141588
1785.0,2022-23,32,1.9638929,1,1.4192747
1785.0,2022-23,33,0.15456586,0,1.2402847
1785.0,2022-23,34,0.15456586,0,1.0732183
1785.0,2022-23,35,0.0057667745,0,0.9044458
1785.0,2022-23,36,-0.017444156,0,0.7679261
1785.0,2022-23,37,0.8329668,1,0.6497351
1785.0,2022-23,38,1.3189112,1,0.88683224
1789.0,2022-23,6,0.75519574,6,1.3086118
1789.0,2022-23,7,0.3341666,0,1.443309
1789.0,2022-23,8,0.88441545,2,1.2328877
1789.0,2022-23,9,1.2739998,3,1.3643333
1789.0,2022-23,10,1.200769,2,1.4375824
1789.0,2022-23,11,0.802441,2,1.3110741
1789.0,2022-23,12,1.3039994,2,1.4939181
1789.0,2022-23,13,1.4074774,2,1.2901212
1789.0,2022-23,14,1.6459315,1,1.4774586
1789.0,2022-23,15,0.67458594,2,1.1870612
1789.0,2022-23,16,1.9800344,5,1.4381224
1789.0,2022-23,17,2.3343475,2,1.8708838
1789.0,2022-23,18,2.3313224,2,2.2586832
1789.0,2022-23,19,2.547704,2,2.1398358
1789.0,2022-23,20,2.2407632,1,2.6509194
1789.0,2022-23,21,2.35809,0,2.3620377
1789.0,2022-23,22,2.3078606,0,1.7301553
1789.0,2022-23,23,1.6284882,0,1.3814656
1789.0,2022-23,24,1.1321831,0,1.3391742
1789.0,2022-23,25,1.0450212,0,1.1746436
1789.0,2022-23,26,1.031393,1,1.4776236
1789.0,2022-23,27,1.5350848,1,1.6340624
1789.0,2022-23,28,1.4008341,0,1.4668131
1789.0,2022-23,29,1.3800339,0,1.180927
1789.0,2022-23,29,1.3800339,0,1.0037787
1789.0,2022-23,29,1.2745918,0,1.180927
1789.0,2022-23,29,1.2745918,0,1.0037787
1789.0,2022-23,30,1.2124166,1,1.0236015
1789.0,2022-23,31,1.5310642,0,1.2748071
1789.0,2022-23,32,1.6227837,1,1.2988793
1789.0,2022-23,33,1.451344,0,1.3398864
1789.0,2022-23,34,1.5493267,1,1.0390012
1789.0,2022-23,35,1.6664202,1,1.3286504
1789.0,2022-23,36,1.9953979,1,1.6561319
1789.0,2022-23,37,1.7661309,1,1.5545591
1789.0,2022-23,38,1.7640657,0,2.1531334
2182.0,2022-23,6,1.0128541,2,1.4794164
2182.0,2022-23,7,0.5946484,0,1.5526587
2182.0,2022-23,8,0.8738069,2,1.3172439
2182.0,2022-23,9,1.1736383,2,1.4975065
2182.0,2022-23,10,1.2344108,2,1.4218134
2182.0,2022-23,11,0.8573755,7,1.465401
2182.0,2022-23,12,1.8388393,2,1.2376747
2182.0,2022-23,13,0.9915518,1,1.3841134
2182.0,2022-23,14,1.7335128,2,1.3511004
2182.0,2022-23,15,1.2684296,1,1.4739369
2182.0,2022-23,16,2.5718155,3,1.2962686
2182.0,2022-23,17,3.1232579,2,1.7227069
2182.0,2022-23,18,3.2963605,2,1.8932629
2182.0,2022-23,19,2.7939732,2,2.103097
2182.0,2022-23,20,2.2256362,2,2.3790336
2182.0,2022-23,21,2.317825,2,2.847241
2182.0,2022-23,22,2.243966,2,2.5195103
2182.0,2022-23,23,2.3834288,2,2.352611
2182.0,2022-23,24,1.9368991,1,2.2065048
2182.0,2022-23,25,1.8975289,7,2.012155
2182.0,2022-23,26,0.0010481626,0,2.1389923
2182.0,2022-23,27,2.285953,3,1.9164652
2182.0,2022-23,28,2.3796449,1,2.1069303
2182.0,2022-23,29,2.502779,1,1.8312249
2182.0,2022-23,29,2.502779,1,1.8342396
2182.0,2022-23,29,2.9527762,2,1.8312249
2182.0,2022-23,29,2.9527762,2,1.8342396
2182.0,2022-23,30,3.3550136,3,2.1154628
2182.0,2022-23,31,3.016096,2,2.39606
2182.0,2022-23,32,2.8908958,2,2.6568413
2182.0,2022-23,33,2.1231039,2,2.761324
2182.0,2022-23,34,3.0156202,15,3.30722
2182.0,2022-23,35,3.4016376,2,2.4181008
2182.0,2022-23,36,3.4513123,1,2.1653566
2182.0,2022-23,37,3.0969436,2,2.6842818
2182.0,2022-23,38,2.952961,2,2.52884
2199.0,2022-23,25,3.1098485,10,2.80055
2199.0,2022-23,25,3.0753925,0,2.80055
2199.0,2022-23,26,3.5732303,3,2.547017
2199.0,2022-23,27,-0.36138815,0,1.8404877
2199.0,2022-23,28,2.4782493,1,1.3207768
2199.0,2022-23,29,3.7014816,0,2.7675767
2199.0,2022-23,30,3.1883438,1,2.4656568
2199.0,2022-23,31,4.0912495,3,1.7933058
2199.0,2022-23,32,2.1345973,1,1.3269223
2199.0,2022-23,33,-0.24016668,0,1.7350922
2199.0,2022-23,34,0.07138452,0,1.9723748
2199.0,2022-23,35,0.0047367476,0,1.213599
2199.0,2022-23,36,-0.01940523,0,0.92204165
2199.0,2022-23,37,1.204026,3,0.830878
2203.0,2022-23,6,2.0482876,1,0.9049695
2203.0,2022-23,7,0.33608,0,1.0100466
2203.0,2022-23,8,1.2844107,1,0.88778776
2203.0,2022-23,9,0.81754017,1,0.91891503
2203.0,2022-23,10,0.93152493,2,1.0002952
2203.0,2022-23,11,1.1397332,1,1.3336126
2203.0,2022-23,12,0.82418984,1,1.0778459
2203.0,2022-23,13,1.0820062,3,0.8658529
2203.0,2022-23,14,0.7167727,2,0.92920905
2203.0,2022-23,15,1.6479436,2,0.9088248
2203.0,2022-23,16,3.062483,2,0.9134147
2203.0,2022-23,17,3.1734457,2,1.2931814
2203.0,2022-23,18,3.1883743,10,1.6241747
2203.0,2022-23,19,3.9647906,2,2.2334838
2203.0,2022-23,20,3.8674028,11,2.923102
2203.0,2022-23,21,3.2874107,3,2.398748
2203.0,2022-23,22,4.1629267,5,2.1522474
2203.0,2022-23,23,3.4083018,1,1.5982286
2203.0,2022-23,24,3.6749134,2,2.3220248
2203.0,2022-23,25,3.4077258,6,2.646995
2203.0,2022-23,26,3.7856758,3,3.5404892
2203.0,2022-23,27,3.3100178,2,3.5721154
2203.0,2022-23,28,3.992806,8,3.3334093
2203.0,2022-23,29,3.444547,3,3.3221807
2203.0,2022-23,29,3.444547,3,2.5680423
2203.0,2022-23,29,3.6432717,6,3.3221807
2203.0,2022-23,29,3.6432717,6,2.5680423
2203.0,2022-23,30,4.6072674,3,2.6637325
2203.0,2022-23,31,2.7892873,3,2.3302069
2203.0,2022-23,32,3.1156356,5,3.4503818
2203.0,2022-23,33,5.5244637,3,3.4814878
2203.0,2022-23,34,3.7247045,2,2.2883167
2203.0,2022-23,35,5.129906,2,3.8980355
2203.0,2022-23,36,4.5769186,3,3.1458406
2203.0,2022-23,37,3.6043224,1,3.5435514
2203.0,2022-23,38,4.2703505,1,3.775032
2248.0,2022-23,9,0.57591724,1,0.57934487
2248.0,2022-23,10,0.6710551,5,0.7100953
2248.0,2022-23,11,1.0845927,2,1.1737535
2248.0,2022-23,12,1.2860687,2,1.2243892
2248.0,2022-23,13,0.8496105,10,1.0188841
2248.0,2022-23,14,1.2227527,3,0.93909097
2248.0,2022-23,15,0.73961586,2,1.2807637
2248.0,2022-23,16,2.0214384,2,1.3949056
2248.0,2022-23,17,2.181007,8,1.4118905
2248.0,2022-23,18,4.0758333,2,1.1072857
2248.0,2022-23,19,4.1977882,10,1.3172389
2248.0,2022-23,20,2.9765337,6,0.9824028
2248.0,2022-23,20,2.9765337,6,0.9304842
2248.0,2022-23,20,2.854882,1,0.9824028
2248.0,2022-23,20,2.854882,1,0.9304842
2248.0,2022-23,21,2.4566283,0,1.835416
2248.0,2022-23,22,4.3412976,-1,1.8770431
2248.0,2022-23,22,4.3412976,-1,1.8407339
2248.0,2022-23,22,3.6335697,0,1.8770431
2248.0,2022-23,22,3.6335697,0,1.8407339
2248.0,2022-23,23,2.5774107,0,1.8730059
2248.0,2022-23,24,2.934629,0,1.5808023
2248.0,2022-23,25,0.16695592,0,1.7556683
2248.0,2022-23,26,1.3004382,2,1.3524563
2248.0,2022-23,27,2.2291925,-2,3.3206697
2248.0,2022-23,28,0.39679778,0,1.8784698
2248.0,2022-23,29,2.563136,0,1.323603
2248.0,2022-23,29,2.563136,0,1.0954231
2248.0,2022-23,29,2.294362,0,1.323603
2248.0,2022-23,29,2.294362,0,1.0954231
2248.0,2022-23,30,1.3109568,0,1.0450741
2248.0,2022-23,31,1.3552108,3,0.9138208
2248.0,2022-23,32,0.0028186822,0,2.281684
2248.0,2022-23,33,2.0464885,2,1.8994251
2248.0,2022-23,34,1.9317195,3,1.7335349
2248.0,2022-23,34,1.9317195,3,1.5958104
2248.0,2022-23,34,2.0488422,1,1.7335349
2248.0,2022-23,34,2.0488422,1,1.5958104
2248.0,2022-23,35,3.074506,2,1.3594626
2248.0,2022-23,36,2.8796303,2,1.3897668
2248.0,2022-23,37,2.498986,9,1.737143
2248.0,2022-23,37,2.498986,9,2.1505866
2248.0,2022-23,37,2.9491782,7,1.737143
2248.0,2022-23,37,2.9491782,7,2.1505866
2248.0,2022-23,38,3.9869695,2,1.5778067
2254.0,2022-23,9,0.5919422,1,0.6623423
2254.0,2022-23,10,0.94827783,4,1.0491178
2254.0,2022-23,11,0.54137677,3,1.2706748
2254.0,2022-23,12,0.724868,3,1.2946306
2254.0,2022-23,13,1.2187265,1,0.9947014
2254.0,2022-23,14,1.0132297,1,0.9095701
2254.0,2022-23,15,1.2486304,1,0.866485
2254.0,2022-23,16,1.6411614,2,0.87171245
2254.0,2022-23,17,-0.012973799,0,1.2932132
2254.0,2022-23,18,1.7746754,1,1.3179967
2254.0,2022-23,19,1.8053766,1,1.337712
2254.0,2022-23,19,1.8053766,1,1.5431646
2254.0,2022-23,19,1.7665,2,1.337712
2254.0,2022-23,19,1.7665,2,1.5431646
2254.0,2022-23,20,2.2222173,1,1.7757553
2254.0,2022-23,21,0.030843535,0,1.7845157
2254.0,2022-23,22,-0.051329903,0,1.6451546
2254.0,2022-23,23,-0.00078279735,0,1.2770755
2254.0,2022-23,24,1.2764925,1,1.0077407
2254.0,2022-23,25,-0.036289092,0,1.7294612
2254.0,2022-23,26,2.3550775,3,1.4673063
2254.0,2022-23,27,1.8866202,9,1.8922414
2254.0,2022-23,28,3.4049296,2,1.7537764
2254.0,2022-23,29,2.3406599,1,2.1726832
2254.0,2022-23,29,2.3406599,1,2.036743
2254.0,2022-23,29,3.2061093,2,2.1726832
2254.0,2022-23,29,3.2061093,2,2.036743
2254.0,2022-23,30,3.0710084,1,2.5442781
2254.0,2022-23,31,3.6262453,1,3.0800695
2254.0,2022-23,32,0.32879958,0,2.1636653
2254.0,2022-23,33,2.3509176,2,1.4855767
2254.0,2022-23,34,1.9479973,4,2.4093542
2254.0,2022-23,35,0.0019763801,0,2.6039681
2254.0,2022-23,36,2.993457,1,2.5653238
2254.0,2022-23,37,0.11448594,0,2.0891924
2254.0,2022-23,38,1.6666051,1,1.468732
2328.0,2022-23,6,0.046400193,0,0.943479
2328.0,2022-23,7,-0.049172994,0,0.8705636
2328.0,2022-23,8,0.5528321,3,0.8759866
2328.0,2022-23,9,1.0465331,10,1.5043119
2328.0,2022-23,10,1.8683842,2,1.463455
2328.0,2022-23,11,1.5705608,3,1.6500248
2328.0,2022-23,12,0.35274747,0,1.5942491
2328.0,2022-23,13,0.9832026,2,1.216575
2328.0,2022-23,14,1.2744322,9,1.4117393
2328.0,2022-23,15,1.2688272,3,1.3731263
2328.0,2022-23,16,2.6227093,2,1.7739373
2328.0,2022-23,17,3.5150898,2,1.7312075
2328.0,2022-23,18,2.045217,1,1.5766733
2328.0,2022-23,19,2.4310148,3,1.6515619
2328.0,2022-23,20,3.3779461,3,2.6193008
2328.0,2022-23,21,2.7479722,2,3.3433418
2328.0,2022-23,22,2.6014194,1,2.8720217
2328.0,2022-23,23,2.8196511,3,1.8251368
2328.0,2022-23,24,-0.090513736,0,2.1222353
2328.0,2022-23,25,2.93303,1,1.6060685
2328.0,2022-23,25,2.93303,1,1.6397136
2328.0,2022-23,25,2.4995568,1,1.6060685
2328.0,2022-23,25,2.4995568,1,1.6397136
2328.0,2022-23,26,2.1899707,8,1.6126497
2328.0,2022-23,27,2.5038824,3,1.5181813
2328.0,2022-23,28,2.9220927,2,2.0772398
2328.0,2022-23,29,3.4573264,1,1.8027602
2328.0,2022-23,30,2.3901033,2,1.4752189
2328.0,2022-23,31,1.7926334,1,1.1756122
2328.0,2022-23,32,2.6140654,2,1.2477628
2328.0,2022-23,33,2.0410664,1,1.2827339
2328.0,2022-23,34,3.082541,1,1.3831817
2328.0,2022-23,35,2.0440319,1,1.6288793
2328.0,2022-23,36,2.5413835,0,1.6548651
2328.0,2022-23,37,1.8933083,2,1.980905
2328.0,2022-23,38,2.318661,3,2.0926409
2335.0,2022-23,6,1.1874242,2,1.4403685
2335.0,2022-23,7,0.31350034,0,1.4612345
2335.0,2022-23,8,1.2720883,2,1.1233526
2335.0,2022-23,9,1.6605321,1,1.1468467
2335.0,2022-23,10,1.2790791,2,1.2671152
2335.0,2022-23,11,0.17130542,0,1.3717648
2335.0,2022-23,12,0.8428386,2,1.1245747
2335.0,2022-23,13,1.0327189,1,1.144397
2335.0,2022-23,14,0.57312536,1,1.1159892
2335.0,2022-23,15,1.0477935,1,1.0821438
2335.0,2022-23,16,1.5299051,1,1.1216369
2335.0,2022-23,17,1.4600685,1,1.1111069
2335.0,2022-23,18,0.011962756,0,1.2250655
2335.0,2022-23,19,1.4671371,2,1.11076
2335.0,2022-23,20,2.3760614,2,1.7635723
2335.0,2022-23,21,0.14141217,0,1.7653346
2335.0,2022-23,22,2.4635475,1,1.2539696
2335.0,2022-23,23,0.055054683,0,1.1455014
2335.0,2022-23,24,1.5683419,1,1.0288937
2335.0,2022-23,25,1.8237758,4,1.2458713
2335.0,2022-23,26,2.03342,1,1.6156114
2335.0,2022-23,27,2.081863,1,2.1300902
2335.0,2022-23,28,0.14412713,0,2.246252
2335.0,2022-23,29,2.0362139,1,1.9050045
2335.0,2022-23,30,2.216694,1,1.7382394
2335.0,2022-23,31,1.5895042,1,2.4765496
2335.0,2022-23,32,1.5417957,6,2.2095854
2335.0,2022-23,33,-0.09537278,0,1.5936631
2335.0,2022-23,34,2.000401,1,1.3186226
2335.0,2022-23,34,2.000401,1,1.7990803
2335.0,2022-23,34,1.3069707,2,1.3186226
2335.0,2022-23,34,1.3069707,2,1.7990803
2335.0,2022-23,35,1.7623956,1,2.5463467
2335.0,2022-23,36,1.733049,1,1.9596412
2335.0,2022-23,37,2.7671359,2,1.8431739
2335.0,2022-23,38,2.476272,10,2.2693543
2381.0,2022-23,6,1.1915619,0,0.106579065
2381.0,2022-23,7,3.8437488,0,-0.02452156
2381.0,2022-23,8,0.9660971,0,0.1883003
2381.0,2022-23,9,1.317927,2,0.45095164
2381.0,2022-23,10,1.472248,2,1.135631
2381.0,2022-23,11,1.7040315,1,1.1577618
2381.0,2022-23,12,2.3063662,1,0.8943727
2381.0,2022-23,13,1.7883356,7,0.65425605
2381.0,2022-23,14,1.4506255,6,0.6160316
2381.0,2022-23,15,2.5554361,7,0.72076815
2381.0,2022-23,16,4.486198,13,0.81105
2381.0,2022-23,17,4.8502917,2,1.1384792
2381.0,2022-23,18,4.88146,3,1.192881
2381.0,2022-23,19,3.1862571,6,1.5723795
2381.0,2022-23,19,3.1862571,6,2.3912501
2381.0,2022-23,19,3.5462048,0,1.5723795
2381.0,2022-23,19,3.5462048,0,2.3912501
2381.0,2022-23,20,3.3557644,2,2.221212
2381.0,2022-23,21,3.3792346,2,3.4259362
2381.0,2022-23,22,-0.16133896,0,2.6358695
2381.0,2022-23,23,0.1495677,0,2.4175382
2381.0,2022-23,24,0.09351061,0,1.6456714
2381.0,2022-23,25,-0.012304297,0,0.958788
2381.0,2022-23,26,0.0034119901,0,0.8875279
2381.0,2022-23,27,1.0782278,1,1.0326717
2381.0,2022-23,27,1.0782278,1,2.1013908
2381.0,2022-23,27,2.0969985,0,1.0326717
2381.0,2022-23,27,2.0969985,0,2.1013908
2381.0,2022-23,28,1.7587816,6,1.5335261
2381.0,2022-23,28,1.7587816,6,1.9308066
2381.0,2022-23,28,2.7006042,0,1.5335261
2381.0,2022-23,28,2.7006042,0,1.9308066
2381.0,2022-23,29,1.6404772,1,1.7661828
2381.0,2022-23,29,1.6404772,1,1.7273706
2381.0,2022-23,29,2.9708796,1,1.7661828
2381.0,2022-23,29,2.9708796,1,1.7273706
2381.0,2022-23,30,1.9934741,1,1.4521433
2381.0,2022-23,31,2.0817776,2,1.6620969
2381.0,2022-23,32,2.6695197,2,2.6825485
2381.0,2022-23,33,2.491349,2,2.4290304
2381.0,2022-23,34,2.4856744,1,2.206676
2381.0,2022-23,34,2.4856744,1,2.098691
2381.0,2022-23,34,2.04301,0,2.206676
2381.0,2022-23,34,2.04301,0,2.098691
2381.0,2022-23,35,1.1230699,5,1.3328959
2381.0,2022-23,35,1.1230699,5,1.4701759
2381.0,2022-23,35,1.9535029,0,1.3328959
2381.0,2022-23,35,1.9535029,0,1.4701759
2381.0,2022-23,36,1.9078903,5,1.3155209
2381.0,2022-23,36,1.9078903,5,2.8404112
2381.0,2022-23,36,2.5681639,0,1.3155209
2381.0,2022-23,36,2.5681639,0,2.8404112
2381.0,2022-23,37,2.3559709,6,2.5580697
2381.0,2022-23,38,2.6271374,2,2.8578086
2381.0,2022-23,38,2.6271374,2,3.279437
2381.0,2022-23,38,2.4966447,0,2.8578086
2381.0,2022-23,38,2.4966447,0,3.279437
2496.0,2022-23,6,0.8349518,2,1.0367471
2496.0,2022-23,7,-0.28416482,0,1.0189705
2496.0,2022-23,8,0.62175244,2,0.9042944
2496.0,2022-23,9,1.3561136,0,1.368564
2496.0,2022-23,10,1.0804106,6,1.0047982
2496.0,2022-23,11,1.0887921,2,1.4379982
2496.0,2022-23,12,0.21122241,0,1.6764106
2496.0,2022-23,13,1.2472161,2,1.2495707
2496.0,2022-23,14,0.9066333,3,1.5015978
2496.0,2022-23,15,1.236059,2,1.669314
2496.0,2022-23,16,2.1989813,2,1.3831565
2496.0,2022-23,17,3.4130805,8,1.5180084
2496.0,2022-23,18,3.198506,2,1.5045007
2496.0,2022-23,19,2.0374687,3,1.523729
2496.0,2022-23,20,1.9705244,2,1.644328
2496.0,2022-23,20,1.9705244,2,1.7176644
2496.0,2022-23,20,3.7117321,5,1.644328
2496.0,2022-23,20,3.7117321,5,1.7176644
2496.0,2022-23,21,3.6463516,2,2.1685824
2496.0,2022-23,22,3.326301,2,1.9018357
2496.0,2022-23,23,3.556869,10,2.37678
2496.0,2022-23,23,3.556869,10,2.2494845
2496.0,2022-23,23,4.771534,2,2.37678
2496.0,2022-23,23,4.771534,2,2.2494845
2496.0,2022-23,24,4.1621113,2,1.9948636
2496.0,2022-23,25,4.110468,1,2.1364036
2496.0,2022-23,26,4.115395,8,2.2636557
2496.0,2022-23,27,5.3281417,3,2.1902494
2496.0,2022-23,28,0.34268203,0,3.5126834
2496.0,2022-23,29,4.1349254,1,3.4560008
2496.0,2022-23,30,4.525781,2,2.915522
2496.0,2022-23,31,2.799178,4,1.5590214
2496.0,2022-23,32,0.01728835,0,2.1086311
2496.0,2022-23,33,2.375902,1,1.4857589
2496.0,2022-23,34,2.3532128,2,1.4755944
2496.0,2022-23,34,2.3532128,2,1.820582
2496.0,2022-23,34,2.6641898,3,1.4755944
2496.0,2022-23,34,2.6641898,3,1.820582
2496.0,2022-23,35,2.5274634,1,2.3357592
2496.0,2022-23,36,2.6951933,3,2.3652759
2496.0,2022-23,37,2.4408038,1,2.4740424
2496.0,2022-23,37,2.4408038,1,2.0329475
2496.0,2022-23,37,1.9581882,2,2.4740424
2496.0,2022-23,37,1.9581882,2,2.0329475
2496.0,2022-23,38,1.9983289,0,1.8339175
2517.0,2022-23,6,2.3242822,2,0.798885
2517.0,2022-23,7,1.2564465,0,0.6810619
2517.0,2022-23,8,0.9845574,0,0.5092587
2517.0,2022-23,9,2.412164,2,0.60509944
2517.0,2022-23,10,1.7346457,4,1.0695778
2517.0,2022-23,11,1.441478,6,1.3533624
2517.0,2022-23,12,0.3761844,0,1.338775
2517.0,2022-23,13,1.4131927,2,0.84397125
2517.0,2022-23,14,1.5477116,10,0.77647334
2517.0,2022-23,15,2.732926,3,0.5703056
2517.0,2022-23,16,5.2470326,16,1.0978181
2517.0,2022-23,17,3.7010293,11,1.2284374
2517.0,2022-23,18,4.2882924,13,1.0758086
2517.0,2022-23,19,4.622921,2,1.6853863
2517.0,2022-23,20,3.8593774,9,2.5502157
2517.0,2022-23,21,4.1527896,5,3.1675234
2517.0,2022-23,22,5.38313,2,2.9390774
2517.0,2022-23,23,5.410366,2,3.0607452
2517.0,2022-23,23,5.410366,2,4.250124
2517.0,2022-23,23,4.8023295,2,3.0607452
2517.0,2022-23,23,4.8023295,2,4.250124
2517.0,2022-23,24,4.6291237,8,3.594316
2517.0,2022-23,25,4.8775616,3,2.9045787
2517.0,2022-23,25,4.8775616,3,2.9558935
2517.0,2022-23,25,5.1583204,8,2.9045787
2517.0,2022-23,25,5.1583204,8,2.9558935
2517.0,2022-23,26,3.8490427,2,2.7224884
2517.0,2022-23,27,5.1111026,7,3.5544505
2517.0,2022-23,28,4.8107696,2,3.3339682
2517.0,2022-23,29,6.034744,6,3.2490597
2517.0,2022-23,30,3.49923,2,2.7199974
2517.0,2022-23,31,4.71367,10,2.5270882
2517.0,2022-23,32,4.9081845,7,2.3452291
2517.0,2022-23,33,2.811253,2,1.9858314
2517.0,2022-23,34,4.403565,15,2.347209
2517.0,2022-23,35,3.4801059,10,2.5472488
2517.0,2022-23,36,4.142386,2,1.9195857
2517.0,2022-23,37,3.5639963,2,2.3543015
2517.0,2022-23,38,5.280469,3,2.7630224
2662.0,2022-23,6,0.91098493,1,0.6884743
2662.0,2022-23,7,0.012339926,0,0.8608301
2662.0,2022-23,8,-0.06448083,0,0.7327032
2662.0,2022-23,9,0.6137125,4,0.5988283
2662.0,2022-23,10,1.0754791,8,0.6761584
2662.0,2022-23,11,-0.05515523,0,0.77062094
2662.0,2022-23,12,1.0127054,1,0.8366289
2662.0,2022-23,13,1.9101986,1,0.69812286
2662.0,2022-23,14,0.9783108,2,0.6234174
2662.0,2022-23,15,1.783014,1,0.92050487
2662.0,2022-23,16,2.3336258,1,0.75985426
2662.0,2022-23,17,2.62635,3,1.0685527
2662.0,2022-23,18,3.4131505,2,1.8348094
2662.0,2022-23,19,2.57039,1,2.328279
2662.0,2022-23,20,0.2122998,0,2.0816503
2662.0,2022-23,21,0.0068872795,0,1.6980535
2662.0,2022-23,22,-0.0016740558,0,1.0246766
2662.0,2022-23,23,0.0021652805,0,0.7939501
2662.0,2022-23,24,0.0046387888,0,0.63422143
2662.0,2022-23,25,-0.022482347,0,0.69957083
2662.0,2022-23,26,-0.015035383,0,0.66457176
2662.0,2022-23,27,0.8791202,1,0.63528746
2662.0,2022-23,28,1.3812885,3,1.1067326
2662.0,2022-23,29,2.114409,1,1.6233422
2662.0,2022-23,30,2.0307744,1,1.569581
2662.0,2022-23,31,1.9469948,1,1.4004213
2662.0,2022-23,32,0.08954318,0,1.4586397
2662.0,2022-23,33,0.07049314,0,1.08308
2662.0,2022-23,34,0.03378523,0,0.8983687
2662.0,2022-23,35,0.00030901062,0,0.732492
2662.0,2022-23,36,-0.03549254,0,0.56609136
2662.0,2022-23,37,0.9133623,1,0.59546685
2662.0,2022-23,37,0.9133623,1,1.1676846
2662.0,2022-23,37,1.1670051,1,0.59546685
2662.0,2022-23,37,1.1670051,1,1.1676846
2662.0,2022-23,38,1.4058801,1,1.2438984
3278.0,2022-23,7,0.022773314,0,0.6195491
3278.0,2022-23,8,0.69315606,1,0.60211676
3278.0,2022-23,9,1.0284221,1,0.6751576
3278.0,2022-23,10,0.0246623,0,0.65508896
3278.0,2022-23,11,0.0246623,0,0.5455572
3278.0,2022-23,12,0.031568505,0,0.5174488
3278.0,2022-23,13,0.028559953,0,0.4789779
3278.0,2022-23,14,-0.017144794,0,0.5067816
3278.0,2022-23,15,-0.012279756,0,0.5322404
3278.0,2022-23,16,-0.012279756,0,0.53004134
3278.0,2022-23,17,-0.012279756,0,0.52822113
3278.0,2022-23,18,-0.030798906,0,0.52734214
3278.0,2022-23,19,-0.030798906,0,0.52344215
3278.0,2022-23,20,-0.030798906,0,0.51654434
3278.0,2022-23,21,-0.030798906,0,0.5084713
3278.0,2022-23,22,-0.030798906,0,0.4990035
3278.0,2022-23,23,-0.030798906,0,0.4957639
3278.0,2022-23,24,-0.030798906,0,0.4957639
3278.0,2022-23,25,-0.030798906,0,0.4957639
3278.0,2022-23,26,-0.030798906,0,0.4957639
3278.0,2022-23,27,0.46907228,1,0.4957639
3278.0,2022-23,28,0.02762989,0,0.85850835
3278.0,2022-23,29,1.1671246,1,0.7449255
3278.0,2022-23,30,1.5829206,1,1.2561741
3278.0,2022-23,31,2.257335,1,1.225709
3278.0,2022-23,32,2.1732073,1,2.6392918
3278.0,2022-23,33,1.8703041,1,2.7297325
3278.0,2022-23,34,2.1877809,1,2.6734257
3278.0,2022-23,35,-0.0649836,0,1.7188686
3278.0,2022-23,36,1.7459105,1,1.3039817
3278.0,2022-23,37,0.047742333,0,1.6478639
3278.0,2022-23,38,1.8975246,1,1.3443667
3422.0,2022-23,8,1.3385412,2,1.0085402
3422.0,2022-23,9,1.0857587,1,1.3732475
3422.0,2022-23,10,0.8583013,2,1.4695364
3422.0,2022-23,11,1.457558,3,1.5124027
3422.0,2022-23,12,1.1338514,1,1.5201749
3422.0,2022-23,13,1.2304548,2,1.3603188
3422.0,2022-23,14,0.8054544,1,1.1852494
3422.0,2022-23,15,1.2652057,2,1.2138119
3422.0,2022-23,16,1.9407862,2,1.3048704
3422.0,2022-23,17,2.39672,5,1.5240741
3422.0,2022-23,18,2.314307,3,1.771413
3422.0,2022-23,19,2.9383159,4,1.9918202
3422.0,2022-23,20,2.531332,3,2.1314101
3422.0,2022-23,21,2.3334467,1,2.126945
3422.0,2022-23,22,2.499577,1,2.4657931
3422.0,2022-23,23,2.4535527,1,2.1556349
3422.0,2022-23,24,2.4990764,2,2.0176854
3422.0,2022-23,25,2.5827725,1,2.1355615
3422.0,2022-23,25,2.5827725,1,1.8888714
3422.0,2022-23,25,2.3337898,3,2.1355615
3422.0,2022-23,25,2.3337898,3,1.8888714
3422.0,2022-23,26,2.9893515,1,1.9606503
3422.0,2022-23,27,2.3524475,2,1.8779436
3422.0,2022-23,28,2.7772489,1,2.165256
3422.0,2022-23,29,2.3781037,0,1.9180108
3422.0,2022-23,30,2.5092814,1,1.6562699
3422.0,2022-23,31,1.8399923,1,1.6338998
3422.0,2022-23,32,2.0249088,1,1.6152688
3422.0,2022-23,33,-0.014448076,0,1.7595111
3422.0,2022-23,34,-0.04899105,0,1.4501613
3422.0,2022-23,35,1.6380293,1,1.1432126
3585.0,2022-23,6,0.8967907,1,0.8741311
3585.0,2022-23,7,0.26253062,0,0.90242106
3585.0,2022-23,8,1.0433787,1,0.83618736
3585.0,2022-23,9,0.14890112,0,0.86312926
3585.0,2022-23,10,0.008082367,0,0.7424297
3585.0,2022-23,11,0.60879743,4,0.8197949
3585.0,2022-23,12,0.64652044,1,0.97424114
3585.0,2022-23,13,1.0658303,8,0.949147
3585.0,2022-23,14,1.1916914,2,0.82392526
3585.0,2022-23,15,2.2652674,7,0.77748656
3585.0,2022-23,16,4.433922,2,0.6930113
3585.0,2022-23,17,3.3120677,7,1.2228467
3585.0,2022-23,18,3.1074538,2,1.5829971
3585.0,2022-23,19,4.098712,1,1.9440478
3585.0,2022-23,20,3.3710961,1,1.395602
3585.0,2022-23,21,4.134112,3,2.1363878
3585.0,2022-23,22,3.140299,2,2.5797033
3585.0,2022-23,23,3.39722,2,3.343865
3585.0,2022-23,24,3.179462,1,2.6601448
3585.0,2022-23,25,3.523707,10,2.7304225
3585.0,2022-23,26,3.391573,1,2.9118423
3585.0,2022-23,27,3.8328087,8,2.704451
3585.0,2022-23,28,0.4727482,0,2.9400225
3585.0,2022-23,29,3.6234293,3,2.5768332
3585.0,2022-23,29,3.6234293,3,1.8193723
3585.0,2022-23,29,3.3366783,2,2.5768332
3585.0,2022-23,29,3.3366783,2,1.8193723
3585.0,2022-23,30,3.2979,1,1.6609201
3585.0,2022-23,31,3.8922193,7,2.0821376
3585.0,2022-23,32,3.1562564,3,3.1472726
3585.0,2022-23,33,3.6744037,2,2.6008983
3585.0,2022-23,34,3.1400504,1,2.9460173
3585.0,2022-23,34,3.1400504,1,3.9231644
3585.0,2022-23,34,2.0788093,1,2.9460173
3585.0,2022-23,34,2.0788093,1,3.9231644
3585.0,2022-23,35,1.9501853,11,2.5904322
3585.0,2022-23,36,2.6407957,1,2.5962791
3585.0,2022-23,37,0.01394161,0,2.403904
3585.0,2022-23,38,3.9456034,2,2.0841198
3635.0,2022-23,6,2.3556943,3,0.90239656
3635.0,2022-23,7,0.49515224,0,0.5147531
3635.0,2022-23,8,1.9103658,6,0.40469763
3635.0,2022-23,9,1.9185296,5,0.862092
3635.0,2022-23,10,1.8671495,3,1.0899224
3635.0,2022-23,11,1.6311252,2,1.0049646
3635.0,2022-23,12,0.505617,0,1.0805185
3635.0,2022-23,13,1.4084088,9,0.9309552
3635.0,2022-23,14,1.3523705,3,1.3693016
3635.0,2022-23,15,1.8036315,1,1.2667525
3635.0,2022-23,16,3.1673095,2,1.0203024
3635.0,2022-23,17,0.78284323,0,1.0857667
3635.0,2022-23,18,2.9491763,1,1.3937663
3635.0,2022-23,19,3.2718468,1,1.9765934
3635.0,2022-23,20,2.6027584,2,2.2608094
3635.0,2022-23,20,2.6027584,2,1.804997
3635.0,2022-23,20,3.1915922,1,2.2608094
3635.0,2022-23,20,3.1915922,1,1.804997
3635.0,2022-23,21,2.7429779,1,2.0604277
3635.0,2022-23,22,3.3006594,2,2.0403652
3635.0,2022-23,23,2.5080554,2,2.6164827
3635.0,2022-23,23,2.5080554,2,2.5793223
3635.0,2022-23,23,2.2287486,1,2.6164827
3635.0,2022-23,23,2.2287486,1,2.5793223
3635.0,2022-23,24,2.6914997,10,2.4567652
3635.0,2022-23,25,0.5114121,0,1.7414777
3635.0,2022-23,26,2.9194102,6,1.7108471
3635.0,2022-23,27,2.8564575,3,1.3080336
3635.0,2022-23,28,0.1752924,0,1.4678057
3635.0,2022-23,29,2.7583356,1,1.4593433
3635.0,2022-23,30,2.8410385,1,1.8638257
3635.0,2022-23,31,2.3563042,1,1.5860375
3635.0,2022-23,32,0.088218816,0,1.5838127
3635.0,2022-23,33,2.4592133,2,1.6700982
3635.0,2022-23,34,2.776716,1,1.8798479
3635.0,2022-23,34,2.776716,1,1.8662891
3635.0,2022-23,34,2.3965352,3,1.8798479
3635.0,2022-23,34,2.3965352,3,1.8662891
3635.0,2022-23,35,3.0715172,1,2.3464074
3635.0,2022-23,36,2.7871056,1,1.7679008
3635.0,2022-23,37,2.1425984,1,1.4807633
3696.0,2022-23,20,0.8832566,1,0.5476829
3696.0,2022-23,21,0.020347243,0,0.8740064
3696.0,2022-23,22,0.017413171,0,0.74460936
3696.0,2022-23,23,1.1729172,0,0.6721948
3696.0,2022-23,24,0.81864876,0,0.88139474
3696.0,2022-23,25,0.007892948,0,0.88362926
3696.0,2022-23,26,-0.006176089,0,0.7543529
3696.0,2022-23,27,0.76368517,0,0.61022276
3696.0,2022-23,28,-0.006176089,0,0.64424527
3696.0,2022-23,29,-0.030798906,0,0.5930574
3696.0,2022-23,30,-0.030798906,0,0.6074568
3696.0,2022-23,31,-0.030798906,0,0.5404061
3696.0,2022-23,32,-0.030798906,0,0.47661594
3696.0,2022-23,33,-0.030798906,0,0.49722183
3696.0,2022-23,34,0.42747653,0,0.4957639
3696.0,2022-23,35,-0.030798906,0,0.78125805
3696.0,2022-23,36,0.47101387,0,0.7043587
4381.0,2022-23,6,0.6007073,0,0.75569093
4381.0,2022-23,7,-0.059278086,0,0.7000633
4381.0,2022-23,8,-0.09398126,0,0.5662175
4381.0,2022-23,9,0.7555021,1,0.49883935
4381.0,2022-23,10,0.51869184,1,0.6262275
4381.0,2022-23,11,1.005581,1,0.72579473
4381.0,2022-23,12,0.6418509,1,0.7352965
4381.0,2022-23,13,1.0325296,1,0.71983534
4381.0,2022-23,14,0.023926932,0,0.69579846
4381.0,2022-23,15,0.017032301,0,0.65700305
4381.0,2022-23,16,0.025440382,0,0.5584135
4381.0,2022-23,17,1.098677,0,0.53639144
4381.0,2022-23,18,1.1390706,1,0.9653946
4381.0,2022-23,19,1.2722183,1,1.3456069
5086.0,2022-23,6,0.87275,8,1.263065
5086.0,2022-23,7,0.3992044,0,1.1349236
5086.0,2022-23,8,0.32859755,0,1.0882602
5086.0,2022-23,9,1.8036689,0,0.84510297
5086.0,2022-23,10,0.70982575,2,0.95751286
5086.0,2022-23,11,1.3452059,2,1.2941945
5086.0,2022-23,12,1.2386799,1,1.4273134
5086.0,2022-23,13,1.4240124,2,1.3412033
5086.0,2022-23,14,1.2204405,2,1.2274634
5086.0,2022-23,15,1.1331345,1,1.4489875
5086.0,2022-23,16,2.0855346,4,1.2693322
5086.0,2022-23,17,2.7077508,2,1.3433405
5086.0,2022-23,18,2.4678347,0,1.3430086
5086.0,2022-23,19,2.5971093,2,1.466556
5086.0,2022-23,20,2.4913292,2,1.5844365
5086.0,2022-23,21,2.63179,3,2.099258
5086.0,2022-23,22,2.51791,1,2.4922314
5086.0,2022-23,23,0.10440206,0,2.3303213
5086.0,2022-23,24,0.01759714,0,1.8379254
5086.0,2022-23,25,1.5341187,1,1.1664314
5086.0,2022-23,26,0.1968721,0,1.4730014
5086.0,2022-23,27,1.6866809,2,1.2359899
5086.0,2022-23,28,2.1016684,4,2.1903796
5086.0,2022-23,29,2.150976,2,1.9463254
5086.0,2022-23,29,2.150976,2,1.884119
5086.0,2022-23,29,2.6435578,7,1.9463254
5086.0,2022-23,29,2.6435578,7,1.884119
5086.0,2022-23,30,2.9979653,2,2.5095134
5086.0,2022-23,31,2.6649423,2,2.3788042
5086.0,2022-23,32,3.0687177,1,2.4051728
5086.0,2022-23,33,3.0427926,1,2.3025103
5086.0,2022-23,34,3.562822,2,2.8504686
5086.0,2022-23,35,3.0145836,1,2.9770784
5086.0,2022-23,36,-0.046859823,0,3.3956494
5086.0,2022-23,37,2.8055344,1,2.4085288
5221.0,2022-23,6,1.2605926,8,0.9646308
5221.0,2022-23,7,0.4075631,0,1.16411
5221.0,2022-23,8,1.8946685,3,0.97552955
5221.0,2022-23,9,1.1099185,2,1.1962962
5221.0,2022-23,10,0.44984186,0,1.1954362
5221.0,2022-23,11,1.6362448,2,0.9805844
5221.0,2022-23,12,1.1203718,0,1.0222247
5221.0,2022-23,13,1.2244889,13,0.89084446
5221.0,2022-23,14,2.261304,2,1.1158757
5221.0,2022-23,15,2.9862869,7,1.1262299
5221.0,2022-23,16,4.1304255,0,0.82418925
5221.0,2022-23,17,4.0638814,2,0.81781167
5221.0,2022-23,18,3.9609468,3,1.011269
5221.0,2022-23,19,3.5455563,2,1.9086136
5221.0,2022-23,20,3.9493806,12,1.6397873
5221.0,2022-23,21,3.9012432,3,2.1739397
5221.0,2022-23,22,3.378938,2,3.0902324
5221.0,2022-23,23,3.1494942,1,2.7598572
5221.0,2022-23,24,3.4887197,1,2.5764394
5221.0,2022-23,25,3.4427922,3,3.6783695
5221.0,2022-23,26,3.346463,1,3.3567443
5221.0,2022-23,27,3.2751558,2,2.8518138
5221.0,2022-23,28,3.7633672,6,2.670785
5221.0,2022-23,29,3.262237,1,3.127335
5221.0,2022-23,29,3.262237,1,2.881997
5221.0,2022-23,29,2.760042,2,3.127335
5221.0,2022-23,29,2.760042,2,2.881997
5221.0,2022-23,30,2.742678,1,2.83604
5221.0,2022-23,31,-0.108747005,0,2.297615
5221.0,2022-23,32,-0.11474665,0,1.5279435
5221.0,2022-23,33,0.4418724,0,1.091691
5221.0,2022-23,34,-0.023968328,0,1.1620021
5221.0,2022-23,35,1.514793,1,0.93994886
5221.0,2022-23,36,2.0780942,6,2.1004176
5221.0,2022-23,37,2.13957,1,2.58256
5221.0,2022-23,38,2.8573737,2,2.875741
5247.0,2022-23,22,2.5091543,2,2.6121278
5247.0,2022-23,23,2.8379006,1,2.535925
5247.0,2022-23,24,0.0035289489,0,2.2272
5247.0,2022-23,25,2.5505989,0,1.738935
5248.0,2022-23,26,1.9980763,1,1.9852644
5248.0,2022-23,27,-0.0607883,0,1.5736977
5248.0,2022-23,28,-0.023129396,0,1.2147915
5248.0,2022-23,29,1.4717004,2,0.9581028
5248.0,2022-23,29,1.4717004,2,1.9900535
5248.0,2022-23,29,1.8627269,6,0.9581028
5248.0,2022-23,29,1.8627269,6,1.9900535
5248.0,2022-23,30,2.780806,3,2.1444259
5248.0,2022-23,31,0.23080674,0,1.8686253
5248.0,2022-23,32,-0.10267319,0,1.7818075
5248.0,2022-23,33,-0.12612274,0,1.3964714
5248.0,2022-23,34,1.1371229,3,0.94620794
5248.0,2022-23,34,1.1371229,3,1.6683809
5248.0,2022-23,34,1.8235942,1,0.94620794
5248.0,2022-23,34,1.8235942,1,1.6683809
5248.0,2022-23,35,2.1959007,1,1.9537729
5360.0,2022-23,26,2.681811,2,2.2113266
5360.0,2022-23,27,2.2943196,1,2.51299
5360.0,2022-23,28,2.358573,1,2.198011
5360.0,2022-23,29,2.0718894,1,2.2317991
5360.0,2022-23,29,2.0718894,1,2.375741
5360.0,2022-23,29,2.183538,2,2.2317991
5360.0,2022-23,29,2.183538,2,2.375741
5360.0,2022-23,30,2.287642,1,2.2149158
5360.0,2022-23,31,2.407281,2,2.1343286
5360.0,2022-23,32,2.3456507,1,2.2620196
5360.0,2022-23,33,2.1981623,2,2.196527
5360.0,2022-23,34,2.3235955,2,2.2715478
5360.0,2022-23,35,1.8408744,1,2.4777083
5360.0,2022-23,36,2.3124025,2,2.789782
5360.0,2022-23,37,2.4370506,5,2.7058272
5360.0,2022-23,38,2.4637527,1,2.7544103
5545.0,2022-23,6,0.8644574,2,1.4605678
5545.0,2022-23,7,0.09391944,0,1.6159068
5545.0,2022-23,8,0.9304125,1,1.3315634
5545.0,2022-23,9,1.110261,1,1.3908231
5545.0,2022-23,10,-0.028913684,0,1.3266246
5545.0,2022-23,11,-0.026256286,0,1.0921025
5545.0,2022-23,12,0.0072475574,0,0.90933377
5545.0,2022-23,13,-0.024871044,0,0.788981
5545.0,2022-23,14,-0.024871044,0,0.6717014
5545.0,2022-23,15,0.3910734,1,0.65938747
5545.0,2022-23,16,1.2198013,0,0.7495365
5545.0,2022-23,17,1.2804296,1,1.1471279
5545.0,2022-23,18,1.597744,1,1.3348168
5545.0,2022-23,19,2.0102668,1,1.5638424
5545.0,2022-23,20,1.9427601,2,1.7110267
5545.0,2022-23,21,0.0035238303,0,1.8916991
5545.0,2022-23,22,0.016795155,0,1.3887445
5545.0,2022-23,23,1.6520435,1,1.0589807
5545.0,2022-23,24,0.009948246,0,1.1817757
5545.0,2022-23,25,1.3272761,2,1.0478129
5545.0,2022-23,26,1.659793,1,1.6566945
5545.0,2022-23,27,0.032815006,0,1.5230204
5545.0,2022-23,28,1.514838,2,1.2714288
5545.0,2022-23,29,1.557886,1,1.4186317
5545.0,2022-23,29,1.557886,1,1.4973872
5545.0,2022-23,29,1.8765929,2,1.4186317
5545.0,2022-23,29,1.8765929,2,1.4973872
5545.0,2022-23,30,1.6613947,2,1.6068798
5545.0,2022-23,31,1.5155202,2,1.6202731
5545.0,2022-23,32,2.0885565,1,1.942119
5545.0,2022-23,33,0.048598085,0,1.7319154
5545.0,2022-23,34,1.4653703,2,1.4086616
5545.0,2022-23,35,1.634514,1,1.5152968
5545.0,2022-23,36,1.6482738,2,1.4439842
5545.0,2022-23,37,1.5785377,3,1.5291259
5549.0,2022-23,6,-0.0031580683,0,0.6743367
5549.0,2022-23,7,0.026339896,0,0.6375258
5549.0,2022-23,8,-0.007453451,0,0.5607861
5549.0,2022-23,9,0.010947701,0,0.52304083
5549.0,2022-23,10,0.6803822,1,0.489686
5549.0,2022-23,11,0.62801725,1,0.5919508
5549.0,2022-23,12,0.0069318037,0,0.6958318
5549.0,2022-23,13,0.6084291,2,0.640082
5549.0,2022-23,14,1.015676,3,0.9078507
5549.0,2022-23,15,0.7705755,1,1.1645366
5549.0,2022-23,16,0.022865143,0,1.0735898
5549.0,2022-23,17,1.703183,1,0.90163624
5549.0,2022-23,18,-0.03768195,0,0.9950461
5549.0,2022-23,19,-0.03645506,0,0.8492015
5549.0,2022-23,20,1.1138297,1,0.822237
5549.0,2022-23,21,0.054571904,0,1.4016701
5549.0,2022-23,22,0.054571904,0,1.0707433
5549.0,2022-23,23,0.03802441,0,0.7899467
5549.0,2022-23,24,-0.0067694783,0,0.70891464
5549.0,2022-23,25,-0.0067694783,0,0.6453958
5549.0,2022-23,26,-0.006176089,0,0.55430967
5549.0,2022-23,27,0.6985213,2,0.53696275
5549.0,2022-23,28,1.220996,2,1.2909209
5549.0,2022-23,29,0.043873314,0,1.4704705
5549.0,2022-23,30,1.4282248,1,1.1927505
5549.0,2022-23,31,1.3099924,1,0.9961657
5549.0,2022-23,32,1.1305773,1,0.887539
5549.0,2022-23,33,1.8293337,1,0.95994174
5549.0,2022-23,34,1.8711284,1,1.2967905
5553.0,2022-23,6,1.630315,6,1.3389844
5553.0,2022-23,7,0.1808183,0,1.4523138
5553.0,2022-23,8,1.0822854,2,1.1147678
5553.0,2022-23,9,1.2812816,2,1.1449424
5553.0,2022-23,10,1.3845996,2,1.1584258
5553.0,2022-23,11,1.1934516,10,1.3173152
5553.0,2022-23,12,1.3015324,2,1.3462061
5553.0,2022-23,13,1.3716555,3,1.6098942
5553.0,2022-23,14,0.78195447,2,1.3020304
5553.0,2022-23,15,1.3423743,2,1.2273862
5553.0,2022-23,16,2.0282786,2,1.2323899
5553.0,2022-23,17,3.1398964,2,1.7291865
5553.0,2022-23,18,3.2534091,2,2.2018657
5553.0,2022-23,19,2.804146,2,2.212461
5553.0,2022-23,20,2.4095235,1,2.7688742
5553.0,2022-23,21,2.5994525,3,3.2015328
5553.0,2022-23,22,2.6226013,7,2.8339443
5553.0,2022-23,23,2.983469,2,3.0297632
5553.0,2022-23,24,2.5063741,2,2.3343406
5553.0,2022-23,25,2.5670977,10,2.5063353
5553.0,2022-23,26,2.5774364,1,2.0952492
5553.0,2022-23,27,2.3276083,2,2.0980082
5553.0,2022-23,28,-0.0049682385,0,2.2680483
5553.0,2022-23,29,2.141383,3,2.0043178
5553.0,2022-23,29,2.141383,3,2.1708622
5553.0,2022-23,29,2.3062646,2,2.0043178
5553.0,2022-23,29,2.3062646,2,2.1708622
5553.0,2022-23,30,2.147483,2,2.3709316
5553.0,2022-23,31,2.200086,2,2.4008641
5553.0,2022-23,32,2.2219887,9,2.3985434
5553.0,2022-23,33,2.3156366,2,2.3179107
5553.0,2022-23,34,2.2239637,2,2.2938652
5553.0,2022-23,35,2.0546834,3,2.0491033
5553.0,2022-23,36,2.2723775,1,2.3256645
5553.0,2022-23,37,3.0690188,9,1.9165384
5553.0,2022-23,38,2.9792461,2,2.5005355
5560.0,2022-23,6,1.4319892,1,1.4045115
5560.0,2022-23,7,0.1723942,0,1.5155741
5560.0,2022-23,8,0.14982773,0,1.2682714
5560.0,2022-23,9,0.74799544,1,0.9815241
5560.0,2022-23,10,0.6231305,0,1.2053895
5560.0,2022-23,11,-0.034307964,0,1.0282784
5560.0,2022-23,12,1.0070419,1,0.90914214
5560.0,2022-23,13,0.7021383,1,0.91174275
5560.0,2022-23,14,0.9298219,1,0.8651339
5560.0,2022-23,15,-0.01196103,0,0.93960726
5560.0,2022-23,16,1.2336493,1,0.7480818
5560.0,2022-23,17,0.06895121,0,1.5712194
5560.0,2022-23,18,0.36159647,0,1.1015627
5560.0,2022-23,19,0.35137054,0,0.80960506
5560.0,2022-23,20,0.7509213,1,0.7261417
5560.0,2022-23,20,0.7509213,1,0.8980828
5560.0,2022-23,20,1.515812,1,0.7261417
5560.0,2022-23,20,1.515812,1,0.8980828
5560.0,2022-23,21,1.3843862,2,1.0651534
5560.0,2022-23,22,0.037815575,0,1.4607741
5560.0,2022-23,23,0.037815575,0,1.2948462
5560.0,2022-23,24,1.6492887,1,1.1537066
5560.0,2022-23,25,0.027272506,0,1.2404757
5560.0,2022-23,26,1.406288,0,1.0498472
5560.0,2022-23,27,1.4101202,1,1.1997569
5560.0,2022-23,28,-0.05185232,0,1.4263071
5560.0,2022-23,29,1.6113368,2,1.2188089
5560.0,2022-23,29,1.6113368,2,1.9477379
5560.0,2022-23,29,1.7109909,2,1.2188089
5560.0,2022-23,29,1.7109909,2,1.9477379
5560.0,2022-23,30,2.1038659,10,1.9247096
5560.0,2022-23,31,-0.012705967,0,1.6732621
5560.0,2022-23,32,0.30140758,0,1.7712239
5560.0,2022-23,33,-0.009776326,0,1.3416337
5560.0,2022-23,34,-0.035974313,0,1.0430522
5560.0,2022-23,35,0.017494379,0,0.90514827
5560.0,2022-23,36,0.007636579,0,0.8112776
5560.0,2022-23,37,1.3279073,1,0.79497707
5560.0,2022-23,37,1.3279073,1,1.2353259
5560.0,2022-23,37,2.309773,1,0.79497707
5560.0,2022-23,37,2.309773,1,1.2353259
5560.0,2022-23,38,1.8516983,0,1.5975083
5595.0,2022-23,7,0.082242824,0,0.9579803
5595.0,2022-23,8,0.6177758,1,0.8629539
5595.0,2022-23,9,1.0133903,2,0.9591342
5595.0,2022-23,10,0.70779896,2,1.1142355
5595.0,2022-23,11,1.0904309,1,1.2340162
5595.0,2022-23,12,1.3369824,1,1.0020272
5595.0,2022-23,13,0.47757864,0,0.8041495
5595.0,2022-23,14,0.11915504,0,0.7069401
5595.0,2022-23,15,0.57763505,1,0.5686501
5595.0,2022-23,16,1.3085546,6,0.54744506
5595.0,2022-23,17,3.3090067,1,1.721116
5595.0,2022-23,18,3.0535536,1,1.4147218
5595.0,2022-23,19,2.1984928,1,1.366031
5595.0,2022-23,20,1.354802,1,1.433041
5595.0,2022-23,21,-0.27687716,0,1.8194255
5595.0,2022-23,22,-0.052962195,0,1.4028735
5595.0,2022-23,23,-0.044554118,0,1.0887198
5595.0,2022-23,24,-0.03821169,0,0.900421
5595.0,2022-23,25,0.007892948,0,0.64747196
5595.0,2022-23,26,-0.006176089,0,0.53394157
5595.0,2022-23,27,0.7920318,1,0.5273237
5595.0,2022-23,28,0.02762989,0,1.017197
5595.0,2022-23,29,1.2319492,1,0.8705939
5595.0,2022-23,30,1.7568747,1,1.3223625
5595.0,2022-23,31,1.4095285,12,1.266551
5595.0,2022-23,32,-0.16839655,0,1.2528924
5595.0,2022-23,33,1.6881607,2,0.9937084
5595.0,2022-23,34,2.0152104,1,1.5097595
5595.0,2022-23,34,2.0152104,1,1.2768282
5595.0,2022-23,34,2.1020648,1,1.5097595
5595.0,2022-23,34,2.1020648,1,1.2768282
5595.0,2022-23,35,0.14305344,0,1.0037875
5595.0,2022-23,36,0.008736783,0,1.2661611
5595.0,2022-23,37,0.062838584,0,1.0697763
5595.0,2022-23,38,1.0563073,1,0.8955351
5596.0,2022-23,15,0.83749664,5,0.8014209
5596.0,2022-23,16,1.9936693,1,0.9049821
5596.0,2022-23,17,2.070583,1,1.0247908
5596.0,2022-23,18,0.20988743,0,0.98605764
5596.0,2022-23,19,2.596433,1,1.0562141
5596.0,2022-23,19,2.596433,1,1.7566122
5596.0,2022-23,19,2.0437186,1,1.0562141
5596.0,2022-23,19,2.0437186,1,1.7566122
5596.0,2022-23,20,2.1478224,1,1.6962346
5596.0,2022-23,21,2.804135,1,1.4298936
5596.0,2022-23,22,1.8924264,0,1.1247115
5596.0,2022-23,23,1.825989,1,1.328129
5596.0,2022-23,24,1.5885111,3,1.4041907
5596.0,2022-23,25,1.9934571,1,1.7119665
5596.0,2022-23,26,1.6353134,1,1.4454432
5596.0,2022-23,27,1.5773275,1,1.456852
5596.0,2022-23,28,0.022986444,0,1.4792995
5596.0,2022-23,29,1.4752629,1,1.1894803
5596.0,2022-23,30,1.5267429,1,1.1490573
5596.0,2022-23,31,1.2595699,7,1.1840382
5596.0,2022-23,32,2.3357496,9,1.637386
5596.0,2022-23,33,1.8868179,1,1.8561324
5596.0,2022-23,34,1.7168496,5,1.3148729
5596.0,2022-23,34,1.7168496,5,1.2134569
5596.0,2022-23,34,1.8951776,2,1.3148729
5596.0,2022-23,34,1.8951776,2,1.2134569
5596.0,2022-23,35,2.2240083,5,1.4149053
5596.0,2022-23,36,3.7147923,6,2.2203183
5596.0,2022-23,37,3.3701816,5,3.0256739
5596.0,2022-23,38,2.0059814,2,2.3460064
5609.0,2022-23,6,0.06658889,0,1.115892
5609.0,2022-23,7,-0.004024105,0,0.934078
5609.0,2022-23,8,0.88595164,1,0.74815756
5609.0,2022-23,9,0.54135555,1,0.7779325
5609.0,2022-23,10,0.59400994,2,0.7833768
5609.0,2022-23,11,1.0220858,1,1.05499
5609.0,2022-23,12,0.70283836,2,1.0187156
5609.0,2022-23,13,1.053675,2,1.1540375
5609.0,2022-23,14,0.7130293,1,1.3271565
5609.0,2022-23,15,1.0197307,2,1.2880832
5609.0,2022-23,16,1.7423615,1,1.3468112
5609.0,2022-23,17,1.6899812,1,1.4429353
5609.0,2022-23,18,2.1019826,1,1.4646477
5609.0,2022-23,19,0.027118333,0,1.5102469
5609.0,2022-23,20,1.8226728,1,1.4410437
5609.0,2022-23,20,1.8226728,1,1.3588082
5609.0,2022-23,20,1.6808277,1,1.4410437
5609.0,2022-23,20,1.6808277,1,1.3588082
5609.0,2022-23,21,1.4337858,1,1.4491245
5609.0,2022-23,22,1.3996725,1,1.3789257
5609.0,2022-23,23,0.023775933,0,1.5376295
5609.0,2022-23,24,0.006611926,0,1.5058287
5609.0,2022-23,25,0.057057597,0,1.1340609
5609.0,2022-23,26,-0.015775204,0,0.9206355
5609.0,2022-23,27,-0.003546883,0,0.6613049
5609.0,2022-23,28,-0.0075585786,0,0.5846492
5609.0,2022-23,29,-0.0075585786,0,0.560645
5609.0,2022-23,30,-0.006176089,0,0.53178495
5609.0,2022-23,31,-0.030798906,0,0.5125869
5609.0,2022-23,32,-0.030798906,0,0.5067256
5609.0,2022-23,33,-0.030798906,0,0.4995749
5609.0,2022-23,34,-0.030798906,0,0.49745357
5609.0,2022-23,35,-0.030798906,0,0.4963917
5609.0,2022-23,36,0.36503127,1,0.4957639
5609.0,2022-23,37,1.4502848,1,1.0277319
5609.0,2022-23,38,1.7196964,2,1.6184773
5682.0,2022-23,7,0.10768529,0,0.8603414
5682.0,2022-23,8,1.2316763,2,0.71693295
5682.0,2022-23,9,1.0399711,1,1.0785714
5682.0,2022-23,10,1.0873848,1,1.1328311
5682.0,2022-23,11,0.11466481,0,1.0445771
5682.0,2022-23,12,0.81741565,1,0.93258244
5682.0,2022-23,13,0.07969349,0,0.839419
5682.0,2022-23,14,0.74827844,1,0.83115315
5682.0,2022-23,15,1.0050566,7,0.8655808
5682.0,2022-23,16,2.4366589,2,1.1494231
5682.0,2022-23,17,3.0778275,1,1.5125443
5786.0,2022-23,6,2.3540666,6,1.2899517
5786.0,2022-23,7,1.05067,0,1.6623911
5786.0,2022-23,8,2.22894,1,1.099769
5786.0,2022-23,9,1.267105,1,1.1752672
5786.0,2022-23,10,1.0507811,1,1.3134543
5786.0,2022-23,11,1.2536209,3,1.2519609
5786.0,2022-23,12,1.2945095,1,1.117112
5786.0,2022-23,13,0.9944328,1,0.90729165
5786.0,2022-23,14,1.6478181,2,0.8842891
5786.0,2022-23,15,0.80999064,12,1.0638165
5786.0,2022-23,16,2.8859866,1,1.0990729
5786.0,2022-23,17,3.1743178,1,1.0206714
5786.0,2022-23,18,2.337082,1,0.8152379
5786.0,2022-23,19,2.5240655,8,0.8387179
5786.0,2022-23,20,3.3742206,3,1.1686834
5786.0,2022-23,21,3.696276,0,2.1659832
5786.0,2022-23,22,3.7047439,6,1.7118709
5786.0,2022-23,23,2.9844797,1,2.5578837
5786.0,2022-23,24,3.2091312,3,2.142427
5786.0,2022-23,25,0.222482,0,2.3361673
5786.0,2022-23,26,2.39826,2,1.9430236
5786.0,2022-23,27,2.3836734,1,2.2061558
5786.0,2022-23,27,2.3836734,1,2.0343733
5786.0,2022-23,27,2.1501112,6,2.2061558
5786.0,2022-23,27,2.1501112,6,2.0343733
5786.0,2022-23,28,2.363717,2,1.9453595
5786.0,2022-23,29,2.5227234,1,2.2854533
5786.0,2022-23,29,2.5227234,1,2.0345483
5786.0,2022-23,29,2.2222168,1,2.2854533
5786.0,2022-23,29,2.2222168,1,2.0345483
5786.0,2022-23,30,1.530411,1,1.6392127
5786.0,2022-23,31,2.1013649,1,1.6362346
5786.0,2022-23,32,2.383059,1,2.028243
5786.0,2022-23,33,2.0417588,3,1.7133077
5786.0,2022-23,34,2.6134005,1,1.9434067
5786.0,2022-23,35,1.6058265,1,1.8049316
5786.0,2022-23,36,1.6420206,8,1.600822
5786.0,2022-23,37,3.0756397,12,1.5381726
5786.0,2022-23,38,3.7429848,2,1.7420174
5789.0,2022-23,6,1.1327215,2,1.5357928
5789.0,2022-23,7,0.08898748,0,1.5981038
5789.0,2022-23,8,1.1023853,1,1.2818629
5789.0,2022-23,9,0.052330565,0,1.2681597
5789.0,2022-23,10,-0.0015638771,0,1.073233
5789.0,2022-23,11,0.03520526,0,0.8964504
5789.0,2022-23,12,-0.029894318,0,0.7928705
5789.0,2022-23,13,-0.029894318,0,0.707849
5789.0,2022-23,14,-0.012279756,0,0.6928933
5789.0,2022-23,15,0.5784115,1,0.64885
5789.0,2022-23,16,1.1826173,1,0.7014011
5789.0,2022-23,17,1.4522812,2,1.3850472
5789.0,2022-23,18,1.6925441,3,1.6521171
5789.0,2022-23,19,1.9652135,2,1.7621106
5789.0,2022-23,20,1.9365182,4,1.8924123
5789.0,2022-23,21,2.3316991,3,2.1209326
5789.0,2022-23,22,2.7279584,2,2.153463
5789.0,2022-23,23,2.519699,2,2.1808164
5789.0,2022-23,24,2.3788807,2,2.2352717
5789.0,2022-23,25,2.2651,3,2.1707656
5789.0,2022-23,26,2.4157648,1,2.464151
5789.0,2022-23,27,-0.018025806,0,2.2348309
5789.0,2022-23,28,0.06893538,0,1.752567
5789.0,2022-23,29,1.5563859,0,1.2405121
5789.0,2022-23,30,-0.07723331,0,1.5909716
5789.0,2022-23,31,0.088088974,0,1.3091776
5789.0,2022-23,32,0.03924699,0,1.1177859
5789.0,2022-23,33,-0.02184875,0,0.8999697
5789.0,2022-23,34,-0.028433803,0,0.7526845
5789.0,2022-23,35,0.86272216,1,0.7231687
5789.0,2022-23,36,1.2283714,1,1.0583464
5789.0,2022-23,37,1.2052331,2,1.3527063
5789.0,2022-23,38,1.4556233,2,1.7911965
5956.0,2022-23,6,1.1321852,5,1.3052756
5956.0,2022-23,7,0.6774058,0,1.4230529
5956.0,2022-23,8,0.9379125,7,0.9793887
5956.0,2022-23,9,2.454189,3,1.0964291
5956.0,2022-23,10,1.331746,2,1.527315
5956.0,2022-23,11,1.6994871,3,1.6133652
5956.0,2022-23,12,1.848079,2,1.4522326
5956.0,2022-23,13,1.1244051,8,1.4256107
5956.0,2022-23,14,1.9637798,2,1.4439598
5956.0,2022-23,15,1.4245882,11,1.5743755
5956.0,2022-23,16,4.030055,-1,1.4661888
5956.0,2022-23,17,2.4263074,2,1.6164347
5956.0,2022-23,18,2.3840628,1,1.459157
5956.0,2022-23,19,1.9667232,2,1.3630522
5956.0,2022-23,20,3.0917094,1,1.7525913
5956.0,2022-23,21,3.4149642,5,3.2132435
5956.0,2022-23,22,3.4781706,1,3.8044376
5956.0,2022-23,23,0.6611376,0,3.2335677
5956.0,2022-23,24,2.379393,1,2.5110407
5956.0,2022-23,25,2.05693,1,2.6134963
5956.0,2022-23,26,0.028240655,0,2.0445213
5956.0,2022-23,27,0.029127255,0,1.4364618
5956.0,2022-23,28,0.3529314,0,1.2778715
5956.0,2022-23,29,-0.0070413398,0,1.0809393
5956.0,2022-23,30,-0.0013183856,0,0.8764502
5956.0,2022-23,31,0.7505845,2,0.7696711
5956.0,2022-23,32,1.6488986,2,1.5847002
5956.0,2022-23,33,1.7605606,1,1.43393
5956.0,2022-23,34,1.9945815,2,1.5544411
5956.0,2022-23,35,1.7784461,1,1.5831126
5956.0,2022-23,36,2.3746307,2,1.8307103
5956.0,2022-23,37,2.1386635,3,1.9497545
5956.0,2022-23,38,2.5605733,6,1.9953134
6027.0,2022-23,16,0.020347243,0,0.74468553
6027.0,2022-23,17,1.172506,1,0.68248403
6027.0,2022-23,18,0.017413171,0,0.94553804
6027.0,2022-23,19,0.02762989,0,0.76542807
6027.0,2022-23,20,0.02762989,0,0.7120092
6027.0,2022-23,21,0.007892948,0,0.6302415
6027.0,2022-23,22,0.007892948,0,0.53485066
6027.0,2022-23,23,-0.006176089,0,0.5074009
6027.0,2022-23,24,-0.006176089,0,0.50292146
6027.0,2022-23,25,-0.006176089,0,0.4987765
6027.0,2022-23,26,-0.030798906,0,0.4985654
6027.0,2022-23,27,-0.030798906,0,0.49830619
6027.0,2022-23,28,-0.030798906,0,0.49761325
6027.0,2022-23,29,-0.030798906,0,0.49725902
6027.0,2022-23,30,-0.030798906,0,0.4967478
6027.0,2022-23,31,-0.030798906,0,0.4957639
6027.0,2022-23,32,-0.030798906,0,0.4957639
6027.0,2022-23,33,-0.030798906,0,0.4957639
6027.0,2022-23,34,-0.030798906,0,0.4957639
6027.0,2022-23,35,-0.030798906,0,0.4957639
6027.0,2022-23,36,0.4081643,1,0.4957639
6027.0,2022-23,37,0.028062502,0,0.8672136
6027.0,2022-23,38,1.3757397,1,0.74488884
6034.0,2022-23,6,0.73108083,7,1.2872707
6034.0,2022-23,7,0.25398403,0,1.3439227
6034.0,2022-23,8,1.2264668,9,1.1959245
6034.0,2022-23,9,2.051623,3,1.2998227
6034.0,2022-23,10,1.5959635,10,1.501849
6034.0,2022-23,11,1.5778686,5,1.3534925
6034.0,2022-23,12,2.287533,2,1.4107908
6034.0,2022-23,13,1.7481719,2,0.84105307
6034.0,2022-23,14,2.1780355,2,1.1320425
6034.0,2022-23,15,1.2282611,7,0.97478133
6034.0,2022-23,16,3.098964,3,1.0666974
6034.0,2022-23,17,3.5202265,2,1.6428663
6034.0,2022-23,18,3.719236,1,1.8522124
6034.0,2022-23,19,2.8520668,1,1.6316122
6034.0,2022-23,20,2.6683693,2,2.0791411
6034.0,2022-23,21,0.2384572,0,2.8477845
6034.0,2022-23,22,3.0187619,3,2.3009233
6034.0,2022-23,23,2.786581,2,2.1253939
6034.0,2022-23,24,2.3126695,2,2.1823378
6034.0,2022-23,25,2.222671,1,2.5583577
6034.0,2022-23,26,2.0196285,10,2.1577728
6034.0,2022-23,27,3.0501442,10,2.3116817
6034.0,2022-23,28,2.3695242,1,2.2705069
6034.0,2022-23,29,2.6549513,2,1.9909843
6034.0,2022-23,29,2.6549513,2,2.206378
6034.0,2022-23,29,2.6343834,2,1.9909843
6034.0,2022-23,29,2.6343834,2,2.206378
6034.0,2022-23,30,3.0551515,11,2.3901858
6034.0,2022-23,31,3.4440606,2,2.526795
6034.0,2022-23,32,4.055365,2,2.1141415
6034.0,2022-23,33,3.1117167,3,2.2965422
6034.0,2022-23,34,3.9470065,5,2.9106097
6034.0,2022-23,35,3.489272,2,2.475171
6034.0,2022-23,36,3.597196,1,2.7980518
6034.0,2022-23,37,-0.028221795,0,3.0056887
6034.0,2022-23,38,3.1069298,2,2.036087
6049.0,2022-23,6,4.263371,5,0.92825735
6049.0,2022-23,7,1.4605443,0,0.95046234
6049.0,2022-23,8,1.6209153,0,0.95147115
6049.0,2022-23,9,1.8703618,6,0.70372665
6049.0,2022-23,10,1.6901771,2,1.3700776
6049.0,2022-23,11,1.4163038,2,1.2247236
6049.0,2022-23,12,2.4475,3,1.1202954
6049.0,2022-23,13,2.3771813,5,0.90650225
6049.0,2022-23,14,2.8020213,2,1.1591675
6049.0,2022-23,15,2.0058353,2,1.059491
6049.0,2022-23,16,6.181875,2,0.5579467
6049.0,2022-23,17,6.0507913,13,1.1741104
6049.0,2022-23,18,6.6806355,1,1.1049879
6049.0,2022-23,19,6.2058764,11,1.7549676
6049.0,2022-23,20,3.9815676,19,1.6240124
6049.0,2022-23,21,6.4065156,2,2.1230676
6049.0,2022-23,22,6.06038,3,2.1375275
6049.0,2022-23,23,3.5898688,10,2.569818
6049.0,2022-23,24,3.607243,2,1.341408
6049.0,2022-23,25,-0.5859018,0,2.1024513
6049.0,2022-23,26,6.04579,3,3.758391
6049.0,2022-23,27,6.39147,2,3.7979097
6049.0,2022-23,27,6.39147,2,4.5351524
6049.0,2022-23,27,4.90949,9,3.7979097
6049.0,2022-23,27,4.90949,9,4.5351524
6049.0,2022-23,28,0.30809075,0,4.2338185
6049.0,2022-23,29,3.227227,5,3.8579502
6049.0,2022-23,29,3.227227,5,4.9243407
6049.0,2022-23,29,5.9792795,3,3.8579502
6049.0,2022-23,29,5.9792795,3,4.9243407
6049.0,2022-23,30,4.8336816,7,4.5580235
6049.0,2022-23,31,5.0910797,5,3.5996056
6049.0,2022-23,32,1.2303054,0,4.035003
6049.0,2022-23,33,4.6289773,5,3.1995564
6049.0,2022-23,34,5.952099,1,4.0854287
6049.0,2022-23,34,5.952099,1,2.7928033
6049.0,2022-23,34,4.4474187,1,4.0854287
6049.0,2022-23,34,4.4474187,1,2.7928033
6049.0,2022-23,35,5.862452,1,2.9140182
6055.0,2022-23,6,1.9267267,2,0.74268407
6055.0,2022-23,7,0.31174675,0,0.9523013
6055.0,2022-23,8,1.9861568,8,1.0192163
6055.0,2022-23,9,2.0757618,19,1.4993244
6055.0,2022-23,10,2.839494,11,1.4185529
6055.0,2022-23,11,3.0155575,2,1.4655569
6055.0,2022-23,12,1.9283738,0,1.4350213
6055.0,2022-23,13,3.268747,1,0.7280307
6055.0,2022-23,14,3.3125155,1,0.6517604
6055.0,2022-23,15,2.4710476,1,0.8015846
6055.0,2022-23,16,3.347975,9,0.8174008
6055.0,2022-23,17,4.5460033,1,1.0941968
6055.0,2022-23,18,4.9128556,1,1.1135246
6055.0,2022-23,19,2.593243,1,0.6576606
6055.0,2022-23,20,2.1692178,1,0.881871
6055.0,2022-23,21,-0.12738091,0,1.3320183
6055.0,2022-23,22,0.12873946,0,1.7574342
6055.0,2022-23,23,2.3482482,1,1.2294371
6055.0,2022-23,23,2.3482482,1,1.5366126
6055.0,2022-23,23,2.3919692,1,1.2294371
6055.0,2022-23,23,2.3919692,1,1.5366126
6055.0,2022-23,24,1.3913314,2,1.6116822
6055.0,2022-23,25,2.1647315,13,1.9521478
6055.0,2022-23,26,6.418607,11,1.7574669
6055.0,2022-23,27,5.2863755,1,2.2494068
6055.0,2022-23,28,0.24133939,0,2.7682981
6055.0,2022-23,29,-0.54720783,0,2.0027122
6055.0,2022-23,30,0.12989944,0,1.1029564
6055.0,2022-23,31,-0.1384177,0,0.89759207
6055.0,2022-23,32,0.38849372,0,1.015895
6055.0,2022-23,33,2.004008,4,1.2124187
6055.0,2022-23,34,2.8077123,1,1.4077796
6055.0,2022-23,34,2.8077123,1,1.6178443
6055.0,2022-23,34,1.4462544,6,1.4077796
6055.0,2022-23,34,1.4462544,6,1.6178443
6055.0,2022-23,35,2.0262713,2,2.320447
6055.0,2022-23,36,2.7736573,6,2.5203495
6055.0,2022-23,37,3.1001525,3,2.5599627
6055.0,2022-23,37,3.1001525,3,2.1361618
6055.0,2022-23,37,3.158054,9,2.5599627
6055.0,2022-23,37,3.158054,9,2.1361618
6055.0,2022-23,38,2.912584,2,2.187878
6063.0,2022-23,6,0.9227867,1,0.7685158
6063.0,2022-23,7,0.14921106,0,0.7128967
6063.0,2022-23,8,1.122686,1,0.60471946
6063.0,2022-23,9,0.81295204,2,0.5748702
6063.0,2022-23,10,1.9034039,8,0.62344015
6063.0,2022-23,11,1.9147406,1,0.62226695
6063.0,2022-23,12,2.753874,3,0.7809151
6063.0,2022-23,13,1.8119537,1,0.6843593
6063.0,2022-23,14,1.7088587,1,0.7758403
6063.0,2022-23,15,1.2034394,6,0.8548476
6063.0,2022-23,16,3.5321221,1,1.2202716
6063.0,2022-23,17,3.383844,1,1.0469126
6063.0,2022-23,18,2.255935,1,0.8740246
6063.0,2022-23,19,1.4940122,1,0.81800175
6063.0,2022-23,20,1.4883875,1,1.1483525
6063.0,2022-23,21,1.5747293,1,1.2953336
6063.0,2022-23,22,2.1203523,1,1.2574049
6063.0,2022-23,23,1.3826903,1,1.5178077
6063.0,2022-23,24,2.3714852,1,1.4502475
6063.0,2022-23,25,0.027990997,0,1.8490915
6063.0,2022-23,26,1.4838905,1,1.0451492
6063.0,2022-23,27,1.8861048,2,1.6234586
6063.0,2022-23,28,2.2620075,2,1.916862
6063.0,2022-23,29,2.7827098,3,1.8356744
6063.0,2022-23,29,2.7827098,3,2.4862933
6063.0,2022-23,29,2.5473077,5,1.8356744
6063.0,2022-23,29,2.5473077,5,2.4862933
6063.0,2022-23,30,3.9458354,1,2.561226
6063.0,2022-23,31,2.66485,1,1.8582798
6063.0,2022-23,32,2.5554445,13,1.8746994
6063.0,2022-23,33,3.9933655,6,1.9432917
6063.0,2022-23,34,4.8868356,2,2.4207592
6063.0,2022-23,35,3.414644,2,2.176754
6063.0,2022-23,36,-0.09457198,0,2.1450224
6063.0,2022-23,37,3.893849,1,1.7391927
6063.0,2022-23,38,3.1620393,1,1.7640692
6088.0,2022-23,6,-0.0025227228,0,0.8034779
6088.0,2022-23,7,-0.033353303,0,0.67557955
6088.0,2022-23,8,-0.049780898,0,0.6297552
6088.0,2022-23,9,0.41679224,1,0.6317217
6088.0,2022-23,10,0.021526236,0,0.70396864
6088.0,2022-23,11,0.60704976,1,0.6635721
6088.0,2022-23,12,0.6680845,3,0.7185243
6088.0,2022-23,13,0.9839408,1,0.9391708
6088.0,2022-23,14,0.03724485,0,0.8623539
6088.0,2022-23,15,0.015800206,0,0.73071504
6088.0,2022-23,16,0.025148015,0,0.6230513
6088.0,2022-23,17,0.82574826,1,0.5698427
6088.0,2022-23,18,1.4871582,2,1.1104339
6088.0,2022-23,19,1.717653,1,1.4756805
6088.0,2022-23,20,2.0259829,3,1.3852892
6088.0,2022-23,21,1.8129678,1,1.4780297
6088.0,2022-23,22,1.8529401,1,1.6746588
6088.0,2022-23,23,1.6612166,1,1.4106308
6088.0,2022-23,24,1.7008901,1,1.3678576
6088.0,2022-23,25,0.06130119,0,1.3166605
6088.0,2022-23,26,0.025292382,0,1.2794294
6088.0,2022-23,27,1.4025195,1,0.9874456
6088.0,2022-23,28,0.104560204,0,1.136189
6088.0,2022-23,29,1.3412145,2,1.0236832
6088.0,2022-23,29,1.3412145,2,1.3283039
6088.0,2022-23,29,1.6597234,6,1.0236832
6088.0,2022-23,29,1.6597234,6,1.3283039
6088.0,2022-23,30,1.7501394,0,1.5788476
6088.0,2022-23,31,2.221159,0,1.3417182
6088.0,2022-23,32,1.7987838,2,1.2210697
6088.0,2022-23,33,2.0188198,2,1.5503895
6088.0,2022-23,34,2.0041673,3,1.8815018
6088.0,2022-23,35,2.0817733,2,1.9856297
6088.0,2022-23,36,2.2265902,5,1.8993431
6088.0,2022-23,37,2.5795522,3,2.2522378
6088.0,2022-23,38,2.8310063,2,2.4398122
6104.0,2022-23,6,0.09978954,0,0.5706928
6104.0,2022-23,7,0.029271848,0,0.5196963
6104.0,2022-23,8,-0.00750087,0,0.43956622
6104.0,2022-23,9,0.81044644,1,0.5550486
6104.0,2022-23,10,0.92277807,1,0.6125487
6104.0,2022-23,11,0.023002872,0,0.6613765
6104.0,2022-23,12,0.02762989,0,0.60094666
6104.0,2022-23,13,0.02762989,0,0.55827147
6104.0,2022-23,14,0.6598526,1,0.5044413
6104.0,2022-23,15,0.02762989,0,0.54514444
6104.0,2022-23,16,1.1835873,1,0.5407292
6104.0,2022-23,17,1.3895215,1,0.87597173
6104.0,2022-23,18,1.2101119,1,1.1462703
6104.0,2022-23,19,1.310111,1,1.0396775
6104.0,2022-23,20,1.3310742,0,1.0360048
6104.0,2022-23,20,1.3310742,0,1.7345303
6104.0,2022-23,20,1.5113611,1,1.0360048
6104.0,2022-23,20,1.5113611,1,1.7345303
6104.0,2022-23,21,1.9152611,0,1.436642
6104.0,2022-23,22,1.572784,2,1.2939253
6104.0,2022-23,23,1.761343,0,1.4510976
6104.0,2022-23,24,0.0014417622,0,1.3367826
6104.0,2022-23,25,0.0014417622,0,1.2799863
6104.0,2022-23,26,1.1811881,1,0.9123213
6104.0,2022-23,27,-0.07935005,0,0.965814
6104.0,2022-23,28,1.1592643,1,0.82800674
6104.0,2022-23,29,1.4341404,1,1.3844889
6104.0,2022-23,30,1.4390278,4,1.3716453
6104.0,2022-23,31,1.467065,1,1.4631895
6104.0,2022-23,32,2.0124063,1,1.253033
6104.0,2022-23,33,1.9561001,2,1.2116361
6104.0,2022-23,34,-0.004612285,0,1.3561994
6104.0,2022-23,35,1.9328477,1,1.245062
6104.0,2022-23,36,2.0114348,3,1.3452736
6104.0,2022-23,37,2.3418489,2,1.6681138
6104.0,2022-23,38,2.3514402,10,2.1042023
6108.0,2022-23,6,1.1747489,1,1.3708028
6108.0,2022-23,7,0.012180452,0,1.417826
6108.0,2022-23,8,0.9637551,12,1.222167
6108.0,2022-23,9,1.3650956,2,1.2993153
6108.0,2022-23,10,0.95661885,3,1.5266176
6108.0,2022-23,11,1.0740377,5,1.3108944
6108.0,2022-23,12,1.2256002,2,1.4438252
6108.0,2022-23,13,2.5208976,1,1.1896795
6108.0,2022-23,14,1.1488901,8,1.2939004
6108.0,2022-23,15,2.4852157,2,0.96500075
6108.0,2022-23,16,5.406022,14,0.9307812
6108.0,2022-23,17,1.1502986,0,0.9358206
6108.0,2022-23,18,-0.12111493,0,0.7350048
6108.0,2022-23,19,0.28980762,0,0.6186198
6108.0,2022-23,20,2.5123317,2,0.80443805
6108.0,2022-23,21,3.4605117,2,1.8672587
6108.0,2022-23,22,2.949706,2,1.8564228
6108.0,2022-23,23,2.9129074,6,1.8888022
6122.0,2022-23,6,1.2808237,2,1.1171417
6122.0,2022-23,7,0.4791133,0,1.286279
6122.0,2022-23,8,1.6708595,1,0.9222814
6122.0,2022-23,9,0.86682063,4,0.9922075
6122.0,2022-23,10,1.0588032,2,1.273549
6122.0,2022-23,11,1.5644283,2,1.3662921
6122.0,2022-23,12,0.8116482,-1,1.3244246
6122.0,2022-23,13,1.3043277,6,1.0963886
6122.0,2022-23,14,0.9027019,2,1.3320545
6122.0,2022-23,15,1.2501978,2,1.5374132
6122.0,2022-23,16,2.1486053,6,1.5682038
6122.0,2022-23,17,2.0378077,5,1.6845889
6122.0,2022-23,18,3.0079474,11,1.4996597
6122.0,2022-23,19,3.3653624,2,1.3941039
6122.0,2022-23,20,3.8507416,2,1.5280746
6122.0,2022-23,21,3.5329692,5,2.226367
6122.0,2022-23,22,3.7563512,2,2.8592768
6122.0,2022-23,23,2.916158,5,2.4097033
6122.0,2022-23,24,3.0394244,1,2.397079
6122.0,2022-23,25,3.2477033,3,2.1627138
6122.0,2022-23,26,3.4349961,2,2.781711
6122.0,2022-23,27,2.376078,2,2.946361
6122.0,2022-23,28,3.4592896,11,2.4116306
6122.0,2022-23,29,2.1495223,6,1.9966738
6122.0,2022-23,29,2.1495223,6,1.7674593
6122.0,2022-23,29,3.3326426,2,1.9966738
6122.0,2022-23,29,3.3326426,2,1.7674593
6122.0,2022-23,30,4.7304163,3,2.4301515
6122.0,2022-23,31,2.2933908,3,1.4761413
6122.0,2022-23,32,2.6144698,8,2.3830056
6122.0,2022-23,33,3.5659163,3,2.2847757
6122.0,2022-23,34,2.3107843,2,2.4269824
6122.0,2022-23,35,2.750001,1,2.5445619
6122.0,2022-23,36,2.6721916,10,2.2489915
6122.0,2022-23,37,3.0027692,9,1.9610374
6122.0,2022-23,38,3.1374428,7,2.5210052
6147.0,2022-23,21,0.092321016,0,1.6688639
6147.0,2022-23,22,-0.002328738,0,1.3584616
6147.0,2022-23,23,-0.06937725,0,0.9621371
6147.0,2022-23,24,-0.04990735,0,0.73124546
6147.0,2022-23,25,0.93073416,1,0.7156074
6147.0,2022-23,26,1.5760764,1,1.2782658
6147.0,2022-23,27,-0.0034575,0,1.4682424
6147.0,2022-23,28,-0.0069281254,0,1.1811097
6147.0,2022-23,29,0.0133969365,0,0.91814387
6147.0,2022-23,30,-0.0063400045,0,0.7359733
6147.0,2022-23,31,0.7846356,2,0.5627987
6310.0,2022-23,9,0.88741404,0,1.1313038
6310.0,2022-23,10,0.6078321,1,1.1794428
6310.0,2022-23,11,0.95881724,3,1.2892073
6310.0,2022-23,12,1.0320904,2,1.363014
6310.0,2022-23,13,0.7985572,3,1.3550328
6310.0,2022-23,14,0.018061128,0,1.3108468
6310.0,2022-23,15,0.6972592,3,1.1060218
6310.0,2022-23,16,1.6024017,3,1.2896335
6310.0,2022-23,17,1.9262804,2,1.5005738
6310.0,2022-23,18,1.9163746,1,1.5220636
6310.0,2022-23,19,1.8150997,1,1.5769051
6310.0,2022-23,20,0.056075502,0,1.4167999
6310.0,2022-23,21,0.004596981,0,1.3066822
6310.0,2022-23,22,0.00011380238,0,0.97342837
6310.0,2022-23,23,-0.04103165,0,0.78886545
6310.0,2022-23,24,0.8488832,1,0.6391285
6310.0,2022-23,25,1.3187902,1,1.3710747
6310.0,2022-23,26,0.021526236,0,1.3623546
6310.0,2022-23,27,1.4103484,1,1.1476414
6310.0,2022-23,28,1.3437045,0,1.2798859
6310.0,2022-23,29,0.07425152,0,1.3762567
6310.0,2022-23,30,1.9613831,2,1.070996
6310.0,2022-23,31,-0.010541894,0,2.0355582
6310.0,2022-23,32,1.8251095,1,1.6227907
6310.0,2022-23,33,1.866911,1,1.854838
6310.0,2022-23,34,2.0965097,1,1.751956
6310.0,2022-23,35,2.160179,1,1.7116206
6310.0,2022-23,36,2.1259992,2,1.7355047
6310.0,2022-23,37,1.5811236,3,1.8867255
6310.0,2022-23,38,2.050058,2,2.1193547
6345.0,2022-23,6,3.038009,2,1.1492454
6345.0,2022-23,7,1.1528292,0,1.0851926
6345.0,2022-23,8,0.6556865,0,0.81426805
6345.0,2022-23,9,1.0939976,2,0.71675086
6345.0,2022-23,10,0.17499028,0,0.94997543
6345.0,2022-23,11,1.3356332,3,0.9696496
6345.0,2022-23,12,1.5123808,6,1.313314
6345.0,2022-23,13,1.2076623,1,1.3586562
6345.0,2022-23,14,0.00088755856,0,1.4470428
6345.0,2022-23,15,-0.023518046,0,1.0495207
6345.0,2022-23,16,0.12798461,0,0.7577844
6345.0,2022-23,17,0.17338055,0,0.7084773
6345.0,2022-23,18,0.03804115,0,0.7122811
6345.0,2022-23,19,0.03264523,0,0.6912461
6345.0,2022-23,20,-0.0036318752,0,0.67451257
6345.0,2022-23,21,-0.012279756,0,0.6604334
6345.0,2022-23,22,0.4598049,6,0.64075345
6345.0,2022-23,23,1.9841734,3,1.3939575
6345.0,2022-23,24,2.452519,6,2.032868
6345.0,2022-23,25,0.20356496,0,2.1853328
6345.0,2022-23,26,-0.20293139,0,2.4117036
6345.0,2022-23,27,1.9959391,3,1.961023
6345.0,2022-23,28,-0.37108952,0,2.052802
6345.0,2022-23,29,1.8037629,1,1.8699198
6345.0,2022-23,29,1.8037629,1,2.295134
6345.0,2022-23,29,2.5556493,3,1.8699198
6345.0,2022-23,29,2.5556493,3,2.295134
6345.0,2022-23,30,2.537183,6,2.0754366
6345.0,2022-23,31,3.0724244,3,1.8848838
6345.0,2022-23,32,-0.13532333,0,2.7329888
6345.0,2022-23,33,2.4405143,7,3.0514822
6345.0,2022-23,34,3.0532167,3,3.0346637
6345.0,2022-23,34,3.0532167,3,3.283341
6345.0,2022-23,34,2.790213,1,3.0346637
6345.0,2022-23,34,2.790213,1,3.283341
6345.0,2022-23,35,2.9533901,1,2.0884361
6345.0,2022-23,36,3.351665,3,1.4511114
6345.0,2022-23,37,3.203242,3,1.6940738
6345.0,2022-23,37,3.203242,3,2.3516922
6345.0,2022-23,37,3.2984314,7,1.6940738
6345.0,2022-23,37,3.2984314,7,2.3516922
6345.0,2022-23,38,4.7455435,9,2.1292324
6382.0,2022-23,6,3.380888,3,0.8975699
6382.0,2022-23,7,1.2112898,0,1.3935782
6382.0,2022-23,8,2.983061,2,1.0680698
6382.0,2022-23,9,1.3903755,1,1.139617
6382.0,2022-23,10,0.2865658,0,1.0143238
6382.0,2022-23,11,0.23249157,0,0.98373973
6382.0,2022-23,12,0.08970985,0,0.9522295
6382.0,2022-23,13,-0.05616365,0,0.8319198
6382.0,2022-23,14,0.0052879453,0,0.8125239
6382.0,2022-23,15,-0.012279756,0,0.74460334
6382.0,2022-23,16,-0.012279756,0,0.6931575
6382.0,2022-23,17,-0.013344465,0,0.64206135
6382.0,2022-23,18,-0.030798906,0,0.591019
6382.0,2022-23,19,-0.030798906,0,0.54766726
6382.0,2022-23,20,-0.030798906,0,0.5237032
6382.0,2022-23,21,-0.030798906,0,0.51264626
6382.0,2022-23,22,-0.030798906,0,0.4994357
6382.0,2022-23,23,-0.030798906,0,0.4957639
6382.0,2022-23,24,-0.030798906,0,0.4957639
6382.0,2022-23,25,-0.030798906,0,0.4957639
6382.0,2022-23,26,0.48718095,1,0.4957639
6382.0,2022-23,27,1.2534809,1,0.97315013
6382.0,2022-23,28,2.114235,1,1.5045944
6382.0,2022-23,29,2.4966564,4,1.5858276
6382.0,2022-23,30,0.041983217,0,1.3557497
6382.0,2022-23,31,2.0836306,1,0.933195
6382.0,2022-23,32,2.177001,1,0.947719
6382.0,2022-23,33,1.5423092,4,0.87057173
6382.0,2022-23,34,1.5343308,2,2.349566
6382.0,2022-23,35,2.6406682,3,2.1945572
6382.0,2022-23,36,2.3896897,1,2.8156586
6492.0,2022-23,19,0.69660926,0,0.21818471
6492.0,2022-23,20,0.46383387,0,0.30081677
6492.0,2022-23,21,0.6799736,0,0.6438612
6492.0,2022-23,22,0.3382375,0,0.6619464
6492.0,2022-23,23,-0.006176089,0,0.64219767
6492.0,2022-23,24,-0.006176089,0,0.6157944
6492.0,2022-23,25,-0.030798906,0,0.5927538
6492.0,2022-23,26,0.5078023,11,0.5649112
6492.0,2022-23,27,2.1670096,1,1.0242224
6492.0,2022-23,28,0.21506342,0,0.94834805
6492.0,2022-23,29,0.21506342,0,0.76305974
6492.0,2022-23,30,0.28124595,0,0.68022424
6492.0,2022-23,31,1.6673175,1,0.66080046
6492.0,2022-23,32,2.4287775,4,1.0499865
6492.0,2022-23,33,1.1610357,1,1.098278
6492.0,2022-23,34,2.311424,1,1.586564
6492.0,2022-23,35,1.7215215,1,1.9008497
6492.0,2022-23,36,1.665867,1,1.9085037
6492.0,2022-23,37,0.0021266555,0,2.1284769
6492.0,2022-23,38,2.2513514,1,1.4468313
6630.0,2022-23,6,1.8210531,3,1.1254655
6630.0,2022-23,7,0.5428174,0,1.362722
6630.0,2022-23,8,1.4965047,2,1.113007
6630.0,2022-23,9,1.1406621,10,1.3212191
6630.0,2022-23,10,2.4214325,2,1.3534832
6630.0,2022-23,11,1.5217537,1,1.2894483
6630.0,2022-23,12,2.473197,1,0.950009
6630.0,2022-23,13,2.5816274,2,0.75267303
6630.0,2022-23,14,2.9885128,3,0.8583612
6630.0,2022-23,15,2.054226,9,1.3289268
6630.0,2022-23,16,4.1502233,11,1.2760067
6630.0,2022-23,17,5.4213285,3,1.4893824
6630.0,2022-23,18,4.187635,3,1.9645292
6630.0,2022-23,19,3.7187076,3,1.4147452
6630.0,2022-23,20,3.1142952,3,1.4296318
6630.0,2022-23,21,2.937378,3,2.0188227
6630.0,2022-23,22,3.026725,1,2.8802123
6630.0,2022-23,23,2.9805462,1,2.3918824
6630.0,2022-23,24,0.22629827,0,2.1222382
6630.0,2022-23,25,0.0893384,0,1.5151061
6630.0,2022-23,26,1.4158515,1,1.087293
6630.0,2022-23,27,1.8429066,6,1.7064768
6630.0,2022-23,28,2.7659717,7,1.6463519
6630.0,2022-23,29,4.8119392,10,2.0289078
6630.0,2022-23,29,4.8119392,10,1.7660741
6630.0,2022-23,29,4.461098,1,2.0289078
6630.0,2022-23,29,4.461098,1,1.7660741
6630.0,2022-23,30,3.591279,2,2.4819274
6630.0,2022-23,31,3.2482872,2,2.3521771
6630.0,2022-23,32,3.032556,5,2.5578275
6630.0,2022-23,33,4.922343,5,2.2727656
6630.0,2022-23,34,3.506986,2,3.3127108
6630.0,2022-23,35,4.5402985,2,2.3602471
6630.0,2022-23,36,4.4485435,5,3.301272
6630.0,2022-23,36,4.4485435,5,2.607243
6630.0,2022-23,36,3.951233,2,3.301272
6630.0,2022-23,36,3.951233,2,2.607243
6665.0,2022-23,17,0.07922179,0,0.5275806
6665.0,2022-23,18,-0.04571509,0,0.5457908
6665.0,2022-23,19,1.3572415,1,0.58296055
6665.0,2022-23,20,0.036100745,0,1.2917571
6665.0,2022-23,21,1.2627481,0,0.9927213
6665.0,2022-23,22,0.060556233,0,1.1695666
6665.0,2022-23,23,0.055811886,0,0.90885687
6665.0,2022-23,24,0.052757103,0,0.7714983
6665.0,2022-23,25,-0.017838731,0,0.622391
6665.0,2022-23,26,1.0141637,1,0.51394486
6665.0,2022-23,27,-0.010456171,0,0.890332
6665.0,2022-23,28,-0.010674747,0,0.788453
6665.0,2022-23,29,1.143255,2,0.7078317
6665.0,2022-23,30,1.3350843,1,1.2899377
6665.0,2022-23,31,1.9754732,5,1.3740671
6665.0,2022-23,32,2.6370065,2,1.8937347
6665.0,2022-23,33,2.4291945,2,1.9372462
6665.0,2022-23,34,2.8462043,8,2.5154862
6665.0,2022-23,34,2.8462043,8,2.2774086
6665.0,2022-23,34,3.1882193,3,2.5154862
6665.0,2022-23,34,3.1882193,3,2.2774086
6665.0,2022-23,35,3.0154674,3,2.4024754
6665.0,2022-23,36,3.2692554,16,2.2034698
6665.0,2022-23,37,3.9965804,2,1.9237602
6665.0,2022-23,38,6.4453535,1,1.7536646
6681.0,2022-23,8,2.0873916,2,0.7729883
6681.0,2022-23,9,1.8320515,8,1.1622295
6681.0,2022-23,10,3.1485093,2,0.9855597
6681.0,2022-23,11,4.096107,3,1.0851867
6681.0,2022-23,12,3.9354422,8,0.90201277
6681.0,2022-23,13,2.3389182,8,0.800371
6681.0,2022-23,14,4.353522,2,0.8380343
6681.0,2022-23,15,3.1954222,8,0.99987257
6681.0,2022-23,16,6.6250744,8,1.1440686
6681.0,2022-23,17,4.8932996,2,1.7650837
6681.0,2022-23,18,4.712678,2,1.5457872
6681.0,2022-23,19,2.9907691,2,1.815657
6681.0,2022-23,20,3.2336001,2,2.206727
6681.0,2022-23,21,4.4135814,7,3.103397
6681.0,2022-23,22,4.1505966,8,2.4447074
6681.0,2022-23,23,4.8348145,6,2.6761737
6681.0,2022-23,24,4.2778125,2,2.6125727
6681.0,2022-23,25,4.1959505,2,3.4496613
6681.0,2022-23,26,5.4931087,0,2.7172055
6681.0,2022-23,27,4.5342274,1,2.971571
6681.0,2022-23,28,3.6614134,7,3.0402603
6681.0,2022-23,29,4.088023,2,3.1785064
6681.0,2022-23,29,4.088023,2,2.7836127
6681.0,2022-23,29,3.6662695,7,3.1785064
6681.0,2022-23,29,3.6662695,7,2.7836127
6681.0,2022-23,30,4.091751,2,3.418373
6681.0,2022-23,31,0.09384012,0,3.8298197
6681.0,2022-23,32,-0.0009111238,0,2.1370082
6681.0,2022-23,33,3.012989,2,1.3813577
6681.0,2022-23,34,2.7305818,2,2.691381
6681.0,2022-23,35,3.7186973,11,1.9411637
6681.0,2022-23,36,3.7058375,2,1.9117731
6681.0,2022-23,37,2.7092037,1,2.5658631
6681.0,2022-23,38,3.4997714,7,1.6958055
6691.0,2022-23,6,3.4749143,1,0.70823205
6691.0,2022-23,7,1.8544011,0,0.69337493
6691.0,2022-23,8,1.9007508,5,0.6162194
6691.0,2022-23,9,0.6272816,0,0.99264896
6691.0,2022-23,10,0.41530138,0,0.8344287
6691.0,2022-23,11,0.4970448,0,0.85127866
6691.0,2022-23,12,0.030150956,0,0.76330894
6691.0,2022-23,13,-0.00048247096,0,0.6859311
6691.0,2022-23,14,-0.046326715,0,0.76963115
6691.0,2022-23,15,0.5844348,4,0.6960263
6691.0,2022-23,16,1.5343257,5,0.9697772
6691.0,2022-23,17,3.499856,2,1.7734584
6691.0,2022-23,18,0.16859454,0,2.1663065
6691.0,2022-23,19,0.11978968,0,1.5074812
6691.0,2022-23,20,2.402872,2,1.0270636
6691.0,2022-23,20,2.402872,2,2.125449
6691.0,2022-23,20,2.8764234,9,1.0270636
6691.0,2022-23,20,2.8764234,9,2.125449
6691.0,2022-23,21,3.625626,3,2.8070092
6691.0,2022-23,22,3.266226,3,2.657908
6691.0,2022-23,23,3.7021708,2,2.709887
6691.0,2022-23,24,3.3261535,3,2.7047362
6691.0,2022-23,25,3.4739225,3,3.3480554
6691.0,2022-23,26,3.8568423,2,3.1176734
6691.0,2022-23,27,3.72551,1,3.2202773
6691.0,2022-23,28,3.2430327,5,2.5283175
6691.0,2022-23,29,3.0260825,2,2.9369407
6691.0,2022-23,30,2.9075863,2,3.3433232
6691.0,2022-23,31,3.4712548,2,4.5178685
6691.0,2022-23,32,2.925178,1,3.9214845
6691.0,2022-23,33,3.3526256,1,3.2453356
6691.0,2022-23,34,2.9764504,2,2.7267551
6691.0,2022-23,35,3.3369493,1,2.5816135
6691.0,2022-23,36,2.230707,1,2.2286668
6691.0,2022-23,37,2.7260036,5,2.3864222
6691.0,2022-23,38,2.9558496,3,2.1616817
6736.0,2022-23,6,0.64073104,0,1.0176224
6736.0,2022-23,7,-0.00018242432,0,1.1281292
6736.0,2022-23,8,0.73062885,1,0.89509296
6736.0,2022-23,9,-0.026336256,0,0.88713527
6736.0,2022-23,10,0.61708874,2,0.71106184
6736.0,2022-23,11,0.99567556,1,1.1271266
6736.0,2022-23,12,0.6632572,1,1.0057608
6736.0,2022-23,13,1.0022789,2,1.0259187
6736.0,2022-23,14,0.66768545,1,1.2935315
6736.0,2022-23,15,0.03306758,0,1.1933262
6736.0,2022-23,16,0.050458375,0,0.9760484
6736.0,2022-23,17,1.3302058,1,0.87466544
6736.0,2022-23,18,0.024493342,0,1.2085581
6736.0,2022-23,19,0.029515008,0,1.0177422
6736.0,2022-23,20,1.3737265,1,0.83399224
6736.0,2022-23,21,1.3615605,2,1.3308005
6736.0,2022-23,22,1.6262332,1,1.479194
6736.0,2022-23,23,0.009316971,0,1.4029044
6736.0,2022-23,24,1.6997827,1,1.231988
6736.0,2022-23,25,1.4721838,0,1.1399543
6736.0,2022-23,26,-0.013050997,0,1.1432385
6736.0,2022-23,27,1.4123701,1,0.97492033
6736.0,2022-23,28,-0.056674138,0,1.345816
6736.0,2022-23,29,-0.019615268,0,1.3084692
6736.0,2022-23,30,1.4535943,1,1.0191797
6736.0,2022-23,31,-0.014139864,0,1.2319006
6736.0,2022-23,32,1.1284649,0,1.0020726
6756.0,2022-23,6,1.2280626,1,1.1964372
6756.0,2022-23,7,0.09453426,0,0.9730836
6756.0,2022-23,8,1.2406559,0,0.8401142
6756.0,2022-23,9,0.59370816,10,0.7803972
6756.0,2022-23,10,1.3944558,1,1.2052894
6756.0,2022-23,11,1.1669991,1,1.0955781
6756.0,2022-23,12,1.1448087,1,1.276302
6756.0,2022-23,13,1.4689347,6,1.0627283
6756.0,2022-23,14,0.8559752,1,1.1850723
6756.0,2022-23,15,1.4965224,2,1.0444231
6756.0,2022-23,16,2.61463,2,1.2691258
6756.0,2022-23,17,3.0579278,4,1.6401602
6756.0,2022-23,18,0.120896734,0,1.7413718
6756.0,2022-23,19,2.2597706,1,1.5389432
6756.0,2022-23,20,0.13495624,0,1.5360674
6756.0,2022-23,21,2.1122777,1,1.2491065
6756.0,2022-23,22,2.055429,7,1.4188435
6756.0,2022-23,23,2.462775,2,2.0403087
6756.0,2022-23,24,2.9048116,2,2.7031498
6756.0,2022-23,25,3.0307345,2,2.17298
6756.0,2022-23,25,3.0307345,2,2.4977708
6756.0,2022-23,25,2.688172,2,2.17298
6756.0,2022-23,25,2.688172,2,2.4977708
6756.0,2022-23,26,3.4978147,4,3.0638318
6756.0,2022-23,27,3.9943557,11,3.2428122
6756.0,2022-23,28,3.6360645,1,2.9585543
6756.0,2022-23,29,4.194727,2,3.2407131
6756.0,2022-23,30,3.6915376,2,2.7371206
6756.0,2022-23,31,4.4141273,10,3.096242
6756.0,2022-23,32,4.1092567,3,2.7815728
6756.0,2022-23,33,3.0765328,8,3.4904017
6756.0,2022-23,34,3.855087,2,2.7445974
6756.0,2022-23,35,3.458752,21,3.8303747
6756.0,2022-23,36,2.8424134,2,2.812913
6756.0,2022-23,37,3.3082633,2,3.1991563
6756.0,2022-23,38,5.579346,3,3.3916898
6818.0,2022-23,6,2.5479653,2,0.9206394
6818.0,2022-23,7,1.7815689,0,1.2771885
6818.0,2022-23,8,1.7375162,7,0.8863634
6818.0,2022-23,9,3.5832126,18,1.1234756
6818.0,2022-23,10,4.388381,1,1.3557615
6818.0,2022-23,11,3.8188705,2,1.4965206
6818.0,2022-23,12,2.1882548,0,0.9464071
6818.0,2022-23,13,3.4885972,8,0.5589821
6818.0,2022-23,14,4.23772,2,0.9350383
6818.0,2022-23,15,2.6629405,11,1.2319303
6818.0,2022-23,16,6.7486463,6,1.0945851
6818.0,2022-23,17,1.6272866,0,1.0050375
6818.0,2022-23,18,1.1298889,0,0.69454855
6818.0,2022-23,19,1.2698705,0,0.5914585
6818.0,2022-23,20,0.519676,0,0.656286
6818.0,2022-23,21,2.6223876,1,1.0974462
6818.0,2022-23,22,3.0435529,7,2.0282369
6818.0,2022-23,23,2.8830354,11,1.9728717
6818.0,2022-23,24,1.8605357,2,2.1575844
6818.0,2022-23,25,0.5355151,0,3.0460515
6818.0,2022-23,26,2.7472866,1,2.7704992
6818.0,2022-23,27,5.149127,2,3.0652618
6818.0,2022-23,28,4.5388107,4,2.2767682
6818.0,2022-23,29,6.617319,2,2.4498482
6818.0,2022-23,29,6.617319,2,2.4516535
6818.0,2022-23,29,4.4124975,2,2.4498482
6818.0,2022-23,29,4.4124975,2,2.4516535
6818.0,2022-23,30,4.6793084,2,2.942914
6818.0,2022-23,31,2.5780063,2,2.7885766
6818.0,2022-23,32,0.4783177,0,4.326106
6818.0,2022-23,33,5.4596834,6,3.9126163
6818.0,2022-23,34,4.1357718,2,5.24011
6818.0,2022-23,35,4.7245727,9,2.9202747
6818.0,2022-23,36,7.3204894,2,3.4680958
6818.0,2022-23,37,4.377486,1,2.2653456
6818.0,2022-23,38,5.8644967,2,1.8007088
6820.0,2022-23,33,-0.007034988,0,0.74008167
6820.0,2022-23,34,0.0642312,0,0.5970977
6820.0,2022-23,35,0.81874835,1,0.5287273
6820.0,2022-23,36,1.2918919,0,0.7582197
6820.0,2022-23,37,1.3908731,1,0.9452094
6820.0,2022-23,38,2.2372065,1,1.4044555
6827.0,2022-23,6,3.3628702,1,0.98530614
6827.0,2022-23,7,2.4559793,0,0.9126046
6827.0,2022-23,8,2.6702309,5,0.881536
6827.0,2022-23,9,2.8798056,7,1.526218
6827.0,2022-23,10,2.5197196,2,1.3966601
6827.0,2022-23,11,1.9182497,1,1.5664998
6827.0,2022-23,12,2.0132527,3,1.2375203
6827.0,2022-23,13,0.8087835,8,1.2576073
6827.0,2022-23,14,1.4999871,2,1.2700064
6827.0,2022-23,15,0.24917752,0,1.3478979
6827.0,2022-23,16,3.6329935,1,1.028683
6827.0,2022-23,17,2.8062184,9,1.5702647
6827.0,2022-23,18,2.7929356,2,1.4062244
6827.0,2022-23,19,3.5042925,3,2.0567164
6827.0,2022-23,19,3.5042925,3,2.0791748
6827.0,2022-23,19,3.8425071,2,2.0567164
6827.0,2022-23,19,3.8425071,2,2.0791748
6827.0,2022-23,20,3.1071408,2,2.8615808
6827.0,2022-23,21,2.818397,2,2.689159
6827.0,2022-23,22,2.7130632,2,2.8534594
6827.0,2022-23,23,3.412268,3,2.900568
6827.0,2022-23,24,3.4053333,3,2.9385667
6827.0,2022-23,25,2.744569,1,3.370068
6827.0,2022-23,26,2.5011134,1,2.7617788
6827.0,2022-23,27,2.3077831,2,2.402835
6827.0,2022-23,28,0.19471428,0,2.5500312
6827.0,2022-23,29,2.2579021,2,2.2175198
6827.0,2022-23,30,2.3446102,1,2.0211964
6827.0,2022-23,31,2.1959398,1,1.7795125
6827.0,2022-23,32,2.265538,2,1.5716588
6827.0,2022-23,33,2.0145867,1,1.7970268
6827.0,2022-23,34,1.8172281,2,2.4180455
6827.0,2022-23,34,1.8172281,2,2.3713121
6827.0,2022-23,34,2.0059574,1,2.4180455
6827.0,2022-23,34,2.0059574,1,2.3713121
6827.0,2022-23,35,2.148788,1,2.2494087
6827.0,2022-23,36,2.1096096,1,1.849664
6827.0,2022-23,37,2.0281963,1,1.6995437
6835.0,2022-23,6,0.59457,1,0.7296709
6835.0,2022-23,7,-0.043498445,0,0.7186753
6835.0,2022-23,8,0.5815901,1,0.6174271
6835.0,2022-23,9,0.99220467,1,0.66631126
6835.0,2022-23,10,0.6215631,1,0.7699004
6835.0,2022-23,11,1.071826,1,0.7738414
6835.0,2022-23,12,1.1622643,1,0.8893448
6835.0,2022-23,13,0.6839386,1,0.7194786
6835.0,2022-23,14,1.004563,1,0.75247014
6835.0,2022-23,15,0.6773165,1,0.69344735
6835.0,2022-23,16,1.4838666,5,0.66108096
6835.0,2022-23,17,2.1257985,1,1.48836
6835.0,2022-23,18,3.0809207,1,1.225226
6835.0,2022-23,19,2.8233542,0,1.4270104
6835.0,2022-23,19,2.8233542,0,1.486709
6835.0,2022-23,19,2.7987695,1,1.4270104
6835.0,2022-23,19,2.7987695,1,1.486709
6835.0,2022-23,20,2.0869439,1,1.842023
6835.0,2022-23,21,2.1394749,1,1.4936757
6835.0,2022-23,22,1.869961,1,1.5542485
6835.0,2022-23,23,0.005897035,0,1.3715556
6835.0,2022-23,24,0.0010722233,0,1.2292628
6835.0,2022-23,25,0.07388165,0,0.98674715
6835.0,2022-23,26,0.026585909,0,0.8619516
6835.0,2022-23,27,-0.051821534,0,0.83675206
6835.0,2022-23,28,-0.018789945,0,0.6755527
6835.0,2022-23,29,0.9107129,0,0.61159486
6835.0,2022-23,30,1.8691083,1,1.0788152
6835.0,2022-23,31,1.4400222,1,1.6577197
6835.0,2022-23,32,2.143501,1,1.5909828
6835.0,2022-23,33,1.5476404,1,1.4211215
6835.0,2022-23,34,1.4005455,1,1.5227658
6835.0,2022-23,34,1.4005455,1,1.5563647
6835.0,2022-23,34,1.3733028,2,1.5227658
6835.0,2022-23,34,1.3733028,2,1.5563647
6835.0,2022-23,35,1.8665341,14,1.564941
6835.0,2022-23,36,2.401445,3,1.8162395
6835.0,2022-23,37,2.205836,2,2.2347498
6835.0,2022-23,38,1.8616306,2,2.7868605
6840.0,2022-23,6,0.81474894,1,1.2629627
6840.0,2022-23,7,0.052964572,0,1.3160313
6840.0,2022-23,8,0.7852417,1,1.0767736
6840.0,2022-23,9,0.9455966,4,1.2974492
6840.0,2022-23,10,0.7696821,5,1.247371
6840.0,2022-23,11,1.1184276,2,1.210175
6840.0,2022-23,12,1.2487013,6,1.0517634
6840.0,2022-23,13,1.393067,1,1.1769066
6840.0,2022-23,14,1.3236382,3,0.76066875
6840.0,2022-23,15,0.09495549,0,1.0336262
6840.0,2022-23,16,-0.07757192,0,0.8920325
6840.0,2022-23,17,-0.06373023,0,0.77735317
6840.0,2022-23,18,0.031974737,0,0.7650092
6840.0,2022-23,19,0.02441889,0,0.66459084
6840.0,2022-23,20,0.0074012573,0,0.6836963
6840.0,2022-23,21,-0.002861421,0,0.6671606
6840.0,2022-23,22,-0.00024987652,0,0.6371185
6840.0,2022-23,23,-0.030798906,0,0.59985745
6840.0,2022-23,24,-0.030798906,0,0.5620943
6840.0,2022-23,25,-0.030798906,0,0.53717685
6840.0,2022-23,26,-0.030798906,0,0.5162736
6840.0,2022-23,27,-0.030798906,0,0.5051881
6840.0,2022-23,28,-0.030798906,0,0.4957639
6840.0,2022-23,29,-0.030798906,0,0.4957639
6840.0,2022-23,30,-0.030798906,0,0.4957639
6840.0,2022-23,31,-0.030798906,0,0.4957639
6840.0,2022-23,32,0.4616999,1,0.4957639
6840.0,2022-23,33,1.1072812,1,0.70419526
6840.0,2022-23,34,1.0740849,1,0.8863737
6840.0,2022-23,35,1.3181798,1,1.0102067
6840.0,2022-23,36,1.3937151,1,1.1081035
6853.0,2022-23,6,1.6357273,2,1.086026
6853.0,2022-23,7,0.34384543,0,1.2415736
6853.0,2022-23,8,1.7031775,1,0.9566041
6853.0,2022-23,9,0.7553338,1,1.236668
6853.0,2022-23,10,0.11343032,0,1.4724113
6853.0,2022-23,11,1.4317044,10,1.2100537
6853.0,2022-23,12,1.5817994,2,1.3656223
6853.0,2022-23,13,1.6890601,2,1.5748864
6853.0,2022-23,14,1.3217456,9,1.5157597
6853.0,2022-23,15,1.5673672,7,1.3352671
6853.0,2022-23,16,4.2285285,2,1.1913072
6853.0,2022-23,17,2.8969572,1,1.4862746
6853.0,2022-23,18,2.6784143,2,1.440729
6853.0,2022-23,19,4.257006,2,1.5473748
6853.0,2022-23,20,3.1875193,3,2.3171935
6853.0,2022-23,21,3.437292,2,2.91788
6853.0,2022-23,22,3.1757023,11,2.7010593
6853.0,2022-23,23,2.092739,2,2.5314498
6853.0,2022-23,24,1.6000717,2,2.6013665
6853.0,2022-23,25,2.1670148,2,2.5039868
6853.0,2022-23,25,2.1670148,2,2.4299922
6853.0,2022-23,25,2.8203776,1,2.5039868
6853.0,2022-23,25,2.8203776,1,2.4299922
6853.0,2022-23,26,2.689583,2,2.5463748
6853.0,2022-23,27,2.6490989,2,2.916472
6853.0,2022-23,28,2.8404715,2,3.0401073
6853.0,2022-23,29,3.150024,1,3.230752
6853.0,2022-23,30,-0.06319975,0,3.5648856
6853.0,2022-23,31,0.21335731,0,2.5929008
6853.0,2022-23,32,2.11227,1,1.6149493
6853.0,2022-23,33,1.9808432,13,1.7998964
6853.0,2022-23,34,2.3349957,2,1.8746892
6853.0,2022-23,35,3.2706347,6,2.3916569
6853.0,2022-23,36,2.5688078,2,1.6864387
6853.0,2022-23,37,2.8244066,2,2.2052073
6853.0,2022-23,38,2.3788948,1,2.663033
6857.0,2022-23,6,1.1863993,5,1.3219358
6857.0,2022-23,7,0.01807008,0,1.5235499
6857.0,2022-23,8,1.3568947,2,1.3445865
6857.0,2022-23,9,0.86045897,2,1.3384982
6857.0,2022-23,10,1.3641124,6,1.313627
6857.0,2022-23,11,1.1623176,2,1.37912
6857.0,2022-23,12,1.093492,3,1.4376503
6857.0,2022-23,13,1.5289325,3,1.3232907
6857.0,2022-23,14,1.2060958,0,1.2649821
6857.0,2022-23,15,1.6071213,13,1.3355566
6857.0,2022-23,16,4.463826,11,1.2417252
6857.0,2022-23,17,0.2505971,0,1.6890537
6857.0,2022-23,18,3.4101217,2,1.3614383
6857.0,2022-23,19,3.2259562,3,1.5312091
6857.0,2022-23,20,3.6965308,10,2.049039
6857.0,2022-23,21,4.820895,2,2.3002028
6857.0,2022-23,22,5.096632,3,3.7821817
6857.0,2022-23,23,4.731726,2,4.0400796
6857.0,2022-23,24,4.3047633,5,4.1290803
6857.0,2022-23,25,4.3062606,2,3.6540833
6857.0,2022-23,26,6.102697,4,3.5225592
6857.0,2022-23,27,3.6824048,2,3.4906678
6857.0,2022-23,28,4.580312,1,3.5408902
6857.0,2022-23,29,5.103258,2,2.8025699
6857.0,2022-23,29,5.103258,2,3.3352284
6857.0,2022-23,29,3.1421804,2,2.8025699
6857.0,2022-23,29,3.1421804,2,3.3352284
6857.0,2022-23,30,3.1920097,2,3.2086096
6857.0,2022-23,31,3.2655134,2,3.4351587
6857.0,2022-23,32,2.5394483,12,2.6293492
6857.0,2022-23,33,3.0426152,7,2.5456815
6857.0,2022-23,34,3.2688072,5,2.7557635
6857.0,2022-23,35,3.916662,11,3.3480272
6857.0,2022-23,36,4.2902102,2,2.4757662
6857.0,2022-23,37,4.114433,5,2.5043602
6857.0,2022-23,38,2.867541,4,3.2930775
6893.0,2022-23,6,0.684626,1,0.7288938
6893.0,2022-23,7,0.027321901,0,0.8212358
6893.0,2022-23,8,0.7059787,1,0.7881109
6893.0,2022-23,9,1.1284103,1,0.74697626
6893.0,2022-23,10,0.8319722,2,0.9628896
6893.0,2022-23,11,1.1475729,1,1.0825201
6893.0,2022-23,12,0.8611582,0,0.99954057
6893.0,2022-23,13,0.9656294,9,0.7907671
6893.0,2022-23,14,0.9385256,2,1.0134741
6893.0,2022-23,15,1.543225,2,1.5873553
6893.0,2022-23,16,2.4385667,1,1.3154315
6893.0,2022-23,17,2.2020957,1,1.256992
6893.0,2022-23,18,2.6140785,1,1.2861898
6893.0,2022-23,19,2.53666,0,1.5163897
6893.0,2022-23,20,0.059940796,0,1.4011891
6893.0,2022-23,21,0.055696756,0,1.189184
6893.0,2022-23,22,-0.015608554,0,1.0287908
6893.0,2022-23,23,0.9504112,1,0.9905119
6893.0,2022-23,24,1.2156934,3,1.2756234
6893.0,2022-23,25,1.9075633,2,1.0858673
6893.0,2022-23,26,2.3364725,1,1.1495218
6893.0,2022-23,27,1.8071806,1,1.0984921
6893.0,2022-23,28,2.3308184,2,1.4030118
6893.0,2022-23,29,2.3147902,2,1.8378605
6893.0,2022-23,30,2.0723324,1,2.3688998
6893.0,2022-23,31,2.3816495,1,1.9521581
6893.0,2022-23,32,0.19313973,0,1.6627293
6893.0,2022-23,33,1.7209382,1,1.2925731
6893.0,2022-23,34,1.3465514,6,1.4894849
6893.0,2022-23,35,2.419847,5,1.8651888
6893.0,2022-23,36,2.8496027,2,2.172461
6893.0,2022-23,37,2.8344262,1,1.5308024
6893.0,2022-23,38,2.2882953,1,1.3744853
6894.0,2022-23,7,0.20329885,0,1.1360967
6894.0,2022-23,8,0.95772594,2,0.9922985
6894.0,2022-23,9,1.2571325,1,1.040053
6894.0,2022-23,10,0.7098771,1,1.2234795
6894.0,2022-23,11,1.3944591,2,1.2402918
6894.0,2022-23,12,1.0855337,3,1.2543099
6894.0,2022-23,13,1.3584492,5,1.3910838
6894.0,2022-23,14,1.0826722,1,1.4871992
6894.0,2022-23,15,1.5086508,2,1.2991318
6894.0,2022-23,16,3.5450733,2,1.0755554
6894.0,2022-23,17,5.5068374,2,1.3083856
6894.0,2022-23,18,6.8429313,1,1.6146646
6894.0,2022-23,19,5.670354,2,1.932506
6894.0,2022-23,20,3.8494785,2,2.3397398
6894.0,2022-23,21,3.2405014,1,3.5330477
6894.0,2022-23,22,3.0170295,1,3.060574
6894.0,2022-23,23,0.27521512,0,2.7439861
6894.0,2022-23,24,2.2708087,3,1.8549534
6894.0,2022-23,25,1.9640046,2,2.1079326
6894.0,2022-23,26,2.261277,1,1.8387976
6894.0,2022-23,27,2.0244753,1,2.045354
6894.0,2022-23,28,1.9033501,2,1.8364369
6894.0,2022-23,29,1.8100568,1,2.0420167
6894.0,2022-23,30,1.6794777,2,1.9452661
6894.0,2022-23,31,0.00038891367,0,1.7493402
6894.0,2022-23,32,1.5249745,2,1.5512575
6894.0,2022-23,33,1.7775302,2,1.6364144
6894.0,2022-23,34,1.8779964,1,1.5138239
6894.0,2022-23,35,0.06600709,0,1.3008078
6894.0,2022-23,36,1.7554721,1,1.1310325
6894.0,2022-23,37,1.3649775,6,1.1999718
6894.0,2022-23,38,2.191741,2,1.5452363
6986.0,2022-23,27,2.9855864,0,2.0450668
6986.0,2022-23,28,2.3454697,1,1.5239004
6986.0,2022-23,29,2.119798,1,1.6882232
6986.0,2022-23,29,2.119798,1,2.5466409
6986.0,2022-23,29,2.2226155,2,1.6882232
6986.0,2022-23,29,2.2226155,2,2.5466409
6986.0,2022-23,30,2.5266845,0,2.7791495
6986.0,2022-23,31,2.5701306,0,1.800588
6986.0,2022-23,32,2.0452209,0,1.1915334
6986.0,2022-23,33,0.87453127,0,1.0877695
6986.0,2022-23,34,1.1527123,0,1.6078593
6986.0,2022-23,35,0.90172946,0,1.7309257
6986.0,2022-23,36,1.5729691,0,1.3884119
6986.0,2022-23,37,1.3679204,0,1.1293838
6986.0,2022-23,38,0.5106188,0,1.2210329
7069.0,2022-23,8,-0.003725931,0,0.5922486
7069.0,2022-23,9,-0.029101918,0,0.5528034
7069.0,2022-23,10,0.47825608,1,0.51451814
7069.0,2022-23,11,0.9093257,1,0.56528836
7069.0,2022-23,12,0.9093257,1,0.6416494
7069.0,2022-23,13,0.0231483,0,0.77872664
7069.0,2022-23,14,0.02762989,0,0.7266079
7069.0,2022-23,15,0.66690165,1,0.6689919
7069.0,2022-23,16,0.02762989,0,0.6598224
7069.0,2022-23,17,1.2137767,1,0.63274986
7069.0,2022-23,18,1.2266681,1,0.9438796
7069.0,2022-23,19,1.6813012,1,1.1310129
7069.0,2022-23,20,-0.043903176,0,1.1228299
7069.0,2022-23,21,-0.08637859,0,1.0158288
7069.0,2022-23,22,-0.012929138,0,0.90504134
7069.0,2022-23,23,0.0062353252,0,0.67348903
7069.0,2022-23,24,0.0021006288,0,0.5851506
7069.0,2022-23,25,-0.010683693,0,0.5408996
7069.0,2022-23,26,-0.024907544,0,0.5406114
7069.0,2022-23,27,0.8045062,1,0.5397737
7069.0,2022-23,28,-0.004584755,0,0.7002294
7069.0,2022-23,29,0.92081255,1,0.73946124
7069.0,2022-23,30,-0.03529502,0,0.85659724
7069.0,2022-23,31,1.1835097,1,0.80821013
7069.0,2022-23,32,-0.0050896527,0,1.0293142
7069.0,2022-23,33,0.027233412,0,0.8761415
7069.0,2022-23,34,1.4221293,1,0.8159652
7069.0,2022-23,35,-0.05716472,0,0.92823744
7069.0,2022-23,36,1.4427116,1,0.780689
7069.0,2022-23,37,-0.057005722,0,0.9178333
7069.0,2022-23,38,1.072502,1,0.85874516
7078.0,2022-23,6,1.2286792,2,1.3201908
7078.0,2022-23,7,0.69898474,0,1.0866181
7078.0,2022-23,8,1.3569076,1,0.8154296
7078.0,2022-23,9,0.79642284,7,0.651605
7078.0,2022-23,10,1.1842095,2,0.8388299
7078.0,2022-23,11,1.2278776,3,1.299143
7078.0,2022-23,12,1.8516053,3,1.5544063
7078.0,2022-23,13,1.2338612,5,1.445278
7078.0,2022-23,14,1.592616,3,1.5445946
7078.0,2022-23,15,1.1921118,2,1.5011266
7078.0,2022-23,16,2.8034742,2,1.723774
7078.0,2022-23,17,3.2447476,3,1.8899754
7078.0,2022-23,18,3.4000733,3,2.0347795
7078.0,2022-23,19,2.5294518,3,2.2445064
7078.0,2022-23,20,3.3172174,3,2.9636536
7078.0,2022-23,21,3.625304,3,3.414844
7078.0,2022-23,22,3.5237634,6,2.7296553
7078.0,2022-23,23,3.4846883,5,2.8531127
7078.0,2022-23,24,3.9178653,2,2.7458634
7078.0,2022-23,25,0.40366298,0,2.665069
7078.0,2022-23,26,2.826437,2,2.305192
7078.0,2022-23,27,3.263467,2,2.57203
7078.0,2022-23,28,2.9232495,2,2.0579476
7078.0,2022-23,29,3.4816298,3,2.4700117
7078.0,2022-23,29,3.4816298,3,2.7997565
7078.0,2022-23,29,3.0301795,2,2.4700117
7078.0,2022-23,29,3.0301795,2,2.7997565
7078.0,2022-23,30,2.9344552,1,2.9499922
7078.0,2022-23,31,2.2466872,1,2.4349923
7078.0,2022-23,32,2.2836523,5,2.044919
7078.0,2022-23,33,2.4022872,3,1.9065288
7078.0,2022-23,34,-0.06056434,0,3.3783283
7078.0,2022-23,35,0.37540358,0,2.843206
7078.0,2022-23,36,0.0034815413,0,1.7167249
7078.0,2022-23,37,1.152643,3,1.0746424
7083.0,2022-23,6,0.6750882,0,1.0995452
7083.0,2022-23,7,0.607336,0,0.8694933
7083.0,2022-23,8,0.45916465,0,0.7100742
7083.0,2022-23,9,0.014177166,0,0.6570655
7083.0,2022-23,10,0.23319417,0,0.7824999
7083.0,2022-23,11,0.18952651,0,0.7258754
7083.0,2022-23,12,-0.0077713374,0,0.6811743
7083.0,2022-23,13,-0.030798906,0,0.64463556
7083.0,2022-23,14,-0.030798906,0,0.6140473
7083.0,2022-23,15,-0.030798906,0,0.581942
7083.0,2022-23,16,0.44667834,1,0.5470242
7083.0,2022-23,17,1.4167247,6,1.1989557
7083.0,2022-23,18,2.526569,6,1.9450905
7083.0,2022-23,19,2.9224522,5,2.01963
7083.0,2022-23,20,2.86869,3,1.5293243
7083.0,2022-23,21,3.3185048,3,2.1232052
7083.0,2022-23,22,2.9275136,3,2.2509236
7083.0,2022-23,23,2.5463738,4,2.288988
7083.0,2022-23,24,3.6667514,1,2.5505357
7083.0,2022-23,25,0.20843299,0,2.2948794
7083.0,2022-23,26,4.1069136,7,2.0707169
7083.0,2022-23,27,2.9701622,1,2.8226395
7083.0,2022-23,27,2.9701622,1,2.9376845
7083.0,2022-23,27,2.532183,8,2.8226395
7083.0,2022-23,27,2.532183,8,2.9376845
7083.0,2022-23,28,3.107358,1,2.4323654
7083.0,2022-23,29,2.4764082,2,1.5754997
7083.0,2022-23,29,2.4764082,2,1.6478478
7083.0,2022-23,29,2.3032773,1,1.5754997
7083.0,2022-23,29,2.3032773,1,1.6478478
7083.0,2022-23,30,1.9827024,2,1.5229459
7083.0,2022-23,31,2.6016352,2,1.819099
7083.0,2022-23,32,2.7882283,0,2.5211878
7166.0,2022-23,6,1.6940286,2,0.6508477
7166.0,2022-23,7,0.34339365,0,0.76654685
7166.0,2022-23,8,1.8095882,2,0.6700056
7166.0,2022-23,9,1.3707308,3,1.1430053
7166.0,2022-23,10,1.0024794,2,1.3569002
7166.0,2022-23,11,1.2793665,2,1.4517503
7166.0,2022-23,12,1.3749362,3,1.3888425
7166.0,2022-23,13,0.9765116,2,1.3463705
7166.0,2022-23,14,1.3664328,1,1.4086105
7166.0,2022-23,15,0.8053703,5,1.2169509
7166.0,2022-23,16,1.881594,1,1.3264364
7166.0,2022-23,17,2.1264715,4,1.41627
7166.0,2022-23,18,3.1889472,1,1.4063507
7166.0,2022-23,19,2.4339297,5,1.5518196
7166.0,2022-23,20,3.2936306,10,2.1164656
7166.0,2022-23,21,2.7262087,3,3.1398106
7166.0,2022-23,22,2.8625925,8,2.9703846
7166.0,2022-23,23,2.385275,2,2.429646
7166.0,2022-23,24,2.991798,2,2.7212667
7166.0,2022-23,25,-0.07311039,0,2.185251
7166.0,2022-23,26,3.6483202,10,2.2091556
7166.0,2022-23,27,2.8038194,2,2.3277946
7166.0,2022-23,27,2.8038194,2,2.0066924
7166.0,2022-23,27,2.8511045,3,2.3277946
7166.0,2022-23,27,2.8511045,3,2.0066924
7166.0,2022-23,28,3.1984072,10,1.6266403
7166.0,2022-23,29,2.7375605,5,1.3048376
7166.0,2022-23,29,2.7375605,5,1.9020357
7166.0,2022-23,29,2.434242,2,1.3048376
7166.0,2022-23,29,2.434242,2,1.9020357
7166.0,2022-23,30,2.2691326,2,2.215682
7166.0,2022-23,31,2.3609037,1,2.7120738
7166.0,2022-23,32,3.4341807,2,2.3622208
7166.0,2022-23,33,3.3296049,2,2.9458733
7166.0,2022-23,34,2.7623396,2,3.2193346
7166.0,2022-23,35,2.6074114,2,2.1360888
7166.0,2022-23,36,3.4558237,6,2.844737
7166.0,2022-23,37,2.822918,2,3.1124182
7198.0,2022-23,14,0.6946461,1,0.779546
7198.0,2022-23,15,0.08139786,0,0.79689574
7198.0,2022-23,16,0.06985214,0,0.6795242
7198.0,2022-23,17,-0.039682984,0,0.5519838
7198.0,2022-23,18,0.8847251,1,0.47712737
7198.0,2022-23,19,1.376317,2,0.92231286
7198.0,2022-23,20,0.018074349,0,1.3455287
7198.0,2022-23,21,0.018074349,0,1.1335335
7198.0,2022-23,22,0.01499623,0,0.94095194
7198.0,2022-23,23,0.013819164,0,0.78363436
7198.0,2022-23,24,0.94293696,2,0.606782
7198.0,2022-23,25,1.7245746,9,1.5728605
7198.0,2022-23,26,2.4228027,2,1.8763498
7198.0,2022-23,27,2.540856,1,2.1298466
7198.0,2022-23,28,2.4879565,1,1.97545
7198.0,2022-23,29,2.1840026,2,2.0756187
7198.0,2022-23,30,1.89837,2,2.1373615
7198.0,2022-23,31,2.2845087,2,2.377943
7198.0,2022-23,32,2.027673,1,2.2120657
7198.0,2022-23,33,2.0960956,2,2.0216236
7198.0,2022-23,34,1.9273444,2,2.2599993
7198.0,2022-23,35,2.1975167,3,2.1648018
7198.0,2022-23,36,2.2279155,1,2.2600956
7198.0,2022-23,37,2.0937145,2,1.8950181
7198.0,2022-23,38,1.9218127,2,1.7302114
7230.0,2022-23,7,-0.04532286,0,0.5935632
7230.0,2022-23,8,-0.04714826,0,0.60644424
7230.0,2022-23,9,0.010188973,0,0.6478219
7230.0,2022-23,10,-0.023829145,0,0.56635237
7230.0,2022-23,11,-0.020742739,0,0.5555707
7230.0,2022-23,12,-0.03015115,0,0.54633343
7230.0,2022-23,13,-0.03015115,0,0.53867126
7230.0,2022-23,14,-0.0040820907,0,0.53114605
7230.0,2022-23,15,-0.030798906,0,0.52268946
7230.0,2022-23,16,-0.030798906,0,0.5126055
7230.0,2022-23,17,-0.030798906,0,0.50398326
7230.0,2022-23,18,-0.030798906,0,0.5009898
7230.0,2022-23,19,-0.030798906,0,0.49720597
7230.0,2022-23,20,0.51053244,1,0.4957639
7230.0,2022-23,21,0.02762989,0,0.7207196
7230.0,2022-23,22,0.02762989,0,0.6887598
7230.0,2022-23,23,0.02762989,0,0.6605128
7230.0,2022-23,24,0.007892948,0,0.6319083
7230.0,2022-23,25,1.0604038,1,0.59061766
7230.0,2022-23,26,1.4330397,4,1.0285585
7230.0,2022-23,27,-0.022266421,0,1.8842074
7230.0,2022-23,28,1.852748,1,1.4782232
7230.0,2022-23,29,2.3215215,1,1.4439697
7230.0,2022-23,30,0.04574106,0,1.3900406
7230.0,2022-23,31,0.08394389,0,1.0182135
7230.0,2022-23,32,0.10714072,0,0.8528
7230.0,2022-23,33,0.79684,1,0.6663063
7230.0,2022-23,34,0.07036422,0,1.205575
7230.0,2022-23,35,0.024623271,0,1.0908797
7230.0,2022-23,36,1.2891525,1,0.9334847
7230.0,2022-23,37,0.00064089417,0,1.2866102
7230.0,2022-23,38,1.4151286,4,1.0092015
7236.0,2022-23,6,0.017566705,0,1.0299157
7236.0,2022-23,7,0.010357294,0,1.0640126
7236.0,2022-23,8,0.75888264,1,0.9115391
7236.0,2022-23,9,0.042302795,0,0.93479675
7236.0,2022-23,10,0.62354374,1,0.7435455
7236.0,2022-23,11,0.9305433,1,0.76973885
7236.0,2022-23,12,0.6348276,1,0.7470509
7236.0,2022-23,13,0.9995843,3,0.7254025
7236.0,2022-23,14,0.7731385,2,1.1617261
7236.0,2022-23,15,1.0990331,2,1.2454326
7236.0,2022-23,16,1.6221192,1,1.2868937
7236.0,2022-23,17,1.7485192,1,1.2383897
7236.0,2022-23,18,0.02798298,0,1.1729124
7236.0,2022-23,19,1.3830452,1,1.0995598
7236.0,2022-23,20,0.4827779,0,1.1776493
7236.0,2022-23,21,1.4701614,1,1.053898
7236.0,2022-23,22,1.4698254,1,1.0564823
7236.0,2022-23,23,-0.0013110996,0,1.1294146
7236.0,2022-23,24,1.301233,1,0.96269226
7236.0,2022-23,25,0.037539568,0,1.2319053
7236.0,2022-23,26,0.031841174,0,1.0813268
7236.0,2022-23,27,0.031841174,0,0.797423
7236.0,2022-23,28,0.007892948,0,0.6869756
7236.0,2022-23,29,0.8091441,1,0.59048283
7236.0,2022-23,30,1.4355569,1,0.87527514
7236.0,2022-23,31,1.1629456,3,1.0221664
7236.0,2022-23,32,1.561241,2,1.5666318
7236.0,2022-23,33,1.6706312,3,1.6145859
7236.0,2022-23,34,1.9077077,2,1.6469764
7236.0,2022-23,35,0.19506377,0,1.4926972
7236.0,2022-23,36,0.21534505,0,1.2453958
7236.0,2022-23,37,1.5114834,1,1.0952817
7322.0,2022-23,6,2.5290663,7,1.1226599
7322.0,2022-23,7,0.7838718,0,1.1294861
7322.0,2022-23,8,1.9472184,9,0.75295484
7322.0,2022-23,9,3.1002798,2,0.87705326
7322.0,2022-23,10,2.5373795,15,0.6939155
7322.0,2022-23,11,1.9844223,9,0.6170195
7322.0,2022-23,12,1.3720515,0,0.6699712
7322.0,2022-23,13,2.8097036,1,0.48703852
7322.0,2022-23,14,2.9766269,4,0.65206057
7322.0,2022-23,15,2.652134,5,0.799651
7322.0,2022-23,16,4.6744432,3,1.0686519
7322.0,2022-23,17,5.284884,9,1.4249663
7322.0,2022-23,18,3.976746,6,1.5738254
7322.0,2022-23,19,3.8364358,3,2.2657938
7322.0,2022-23,20,3.4939353,6,3.3368955
7322.0,2022-23,21,3.830231,9,4.4323964
7322.0,2022-23,22,5.079892,2,3.1288657
7322.0,2022-23,23,4.4126644,6,3.6528392
7322.0,2022-23,23,4.4126644,6,2.9306092
7322.0,2022-23,23,4.373709,9,3.6528392
7322.0,2022-23,23,4.373709,9,2.9306092
7322.0,2022-23,24,4.956999,6,2.4134989
7322.0,2022-23,25,5.4233985,3,3.05657
7322.0,2022-23,25,5.4233985,3,4.0499086
7322.0,2022-23,25,7.7522397,12,3.05657
7322.0,2022-23,25,7.7522397,12,4.0499086
7322.0,2022-23,26,5.6566596,2,2.4743767
7322.0,2022-23,27,5.2444572,3,3.619926
7322.0,2022-23,28,3.305025,18,5.2606
7322.0,2022-23,29,5.625929,1,2.7566156
7322.0,2022-23,30,2.9890046,1,1.7772268
7322.0,2022-23,31,3.3410869,0,1.7803944
7322.0,2022-23,32,4.8236327,13,2.3086648
7322.0,2022-23,33,2.9785867,2,2.010704
7322.0,2022-23,34,5.61437,2,2.273888
7322.0,2022-23,35,4.2901955,3,2.3271918
7322.0,2022-23,36,3.5606768,2,3.6555223
7322.0,2022-23,37,4.8724146,2,3.6880903
7322.0,2022-23,38,6.6755457,6,4.9170675
7338.0,2022-23,19,1.3868065,5,1.1759126
7338.0,2022-23,20,2.1330173,1,1.7481685
7338.0,2022-23,21,0.10517898,0,1.4776171
7338.0,2022-23,22,1.7323898,0,1.2088858
7338.0,2022-23,23,1.2883178,0,1.0146378
7338.0,2022-23,24,1.1253281,0,0.76752067
7338.0,2022-23,25,1.0311562,0,0.9091932
7338.0,2022-23,26,1.1264327,0,0.9734987
7338.0,2022-23,27,-0.063406765,0,0.78115803
7338.0,2022-23,28,-0.006176089,0,0.7490689
7338.0,2022-23,29,-0.030798906,0,0.5906979
7338.0,2022-23,30,-0.030798906,0,0.52873856
7338.0,2022-23,31,-0.030798906,0,0.524042
7338.0,2022-23,32,0.4297224,0,0.51488376
7338.0,2022-23,33,0.39249444,0,0.7608648
7352.0,2022-23,6,0.9838649,2,1.4994519
7352.0,2022-23,7,0.038250703,0,1.3429779
7352.0,2022-23,8,0.17039542,0,1.1480932
7352.0,2022-23,9,1.3019377,3,0.889212
7352.0,2022-23,10,0.8204596,2,1.3338672
7352.0,2022-23,11,1.2326819,2,1.4854643
7352.0,2022-23,12,0.96951574,2,1.6884092
7352.0,2022-23,13,0.14093496,0,1.4873766
7352.0,2022-23,14,0.77063364,2,1.2520596
7352.0,2022-23,15,1.0562888,2,1.3493706
7352.0,2022-23,16,1.644705,-1,1.4617699
7352.0,2022-23,17,0.18620959,0,1.6303498
7352.0,2022-23,18,2.1012535,3,1.4717373
7352.0,2022-23,19,1.9146681,3,1.76608
7352.0,2022-23,20,2.1081722,2,1.8075546
7352.0,2022-23,21,2.1871846,3,1.9728521
7352.0,2022-23,22,2.2251272,2,1.9755802
7352.0,2022-23,22,2.2251272,2,2.3595695
7352.0,2022-23,22,1.9917966,1,1.9755802
7352.0,2022-23,22,1.9917966,1,2.3595695
7352.0,2022-23,23,2.2415242,2,2.216621
7352.0,2022-23,24,2.20594,1,2.0042048
7352.0,2022-23,25,2.5727556,3,2.209686
7352.0,2022-23,26,2.0269217,2,2.1946268
7352.0,2022-23,27,1.9278344,2,2.3156166
7365.0,2022-23,10,1.1173571,8,1.1039852
7365.0,2022-23,11,1.3130779,2,1.3079283
7365.0,2022-23,12,2.3945863,0,1.3793421
7365.0,2022-23,13,2.17426,0,0.87857145
7365.0,2022-23,14,2.1334198,0,0.6345097
7365.0,2022-23,15,1.596826,5,0.4692845
7365.0,2022-23,16,2.0580187,1,1.0874217
7365.0,2022-23,17,4.590416,2,1.4351754
7365.0,2022-23,18,4.1691313,2,1.9018914
7365.0,2022-23,19,3.890024,8,1.8739754
7365.0,2022-23,20,2.569456,2,2.3631673
7365.0,2022-23,21,3.3415587,2,2.7250934
7365.0,2022-23,22,2.8031046,10,1.8686355
7365.0,2022-23,23,3.5996363,1,2.1177082
7365.0,2022-23,24,3.254084,0,1.052256
7365.0,2022-23,25,2.8373098,3,1.21482
7365.0,2022-23,26,2.293624,2,2.8086782
7365.0,2022-23,27,3.2119353,4,2.3501554
7365.0,2022-23,28,0.20140469,0,3.0608296
7365.0,2022-23,29,3.177408,3,2.9998775
7365.0,2022-23,29,3.177408,3,3.3647738
7365.0,2022-23,29,2.6712964,2,2.9998775
7365.0,2022-23,29,2.6712964,2,3.3647738
7365.0,2022-23,30,2.3740034,0,3.07485
7365.0,2022-23,31,2.7047565,5,2.19603
7365.0,2022-23,32,2.8485103,8,2.145505
7365.0,2022-23,33,2.908329,8,2.446334
7365.0,2022-23,34,3.5911694,2,2.3808184
7365.0,2022-23,34,3.5911694,2,2.0815945
7365.0,2022-23,34,1.8058178,2,2.3808184
7365.0,2022-23,34,1.8058178,2,2.0815945
7365.0,2022-23,35,2.288136,3,2.5231557
7365.0,2022-23,36,2.2371438,0,2.5945725
7365.0,2022-23,37,3.2283907,4,2.3220916
7365.0,2022-23,38,4.2832317,2,2.7159524
7420.0,2022-23,6,3.4390984,3,1.0935148
7420.0,2022-23,7,2.3790162,0,1.2343323
7420.0,2022-23,8,3.0103528,2,0.8822659
7420.0,2022-23,9,3.2422442,15,1.1900749
7420.0,2022-23,10,4.0320563,7,1.1756918
7420.0,2022-23,11,3.2901123,3,1.2650552
7420.0,2022-23,12,4.3620915,10,1.2796625
7420.0,2022-23,13,3.9780977,10,0.9146901
7420.0,2022-23,14,4.8933215,12,0.7811192
7420.0,2022-23,15,2.6566126,8,1.2515733
7420.0,2022-23,16,7.4611983,6,1.1624562
7420.0,2022-23,17,6.5050187,8,0.5452029
7420.0,2022-23,18,4.914942,3,0.9769236
7420.0,2022-23,19,4.565125,2,1.7497134
7420.0,2022-23,20,3.389916,3,2.6278434
7420.0,2022-23,21,3.8072362,3,3.1793199
7420.0,2022-23,22,5.139525,2,3.9646187
7420.0,2022-23,23,3.617812,10,3.162231
7420.0,2022-23,24,3.250838,1,3.887941
7420.0,2022-23,25,-0.17592461,0,2.253952
7420.0,2022-23,26,2.1936722,2,1.4733624
7420.0,2022-23,27,3.2025294,9,2.2498813
7420.0,2022-23,28,-0.077512056,0,1.3773769
7420.0,2022-23,29,-0.035608616,0,1.9230722
7420.0,2022-23,30,-0.09775878,0,1.5227815
7420.0,2022-23,31,1.509975,1,1.3716123
7420.0,2022-23,32,2.229367,4,2.5951142
7420.0,2022-23,33,2.8790164,3,1.8370291
7420.0,2022-23,34,2.5179334,1,1.7406262
7420.0,2022-23,35,3.1102462,1,1.5508354
7420.0,2022-23,36,2.4137022,2,1.7050058
7420.0,2022-23,36,2.4137022,2,1.6576174
7420.0,2022-23,36,2.4212117,5,1.7050058
7420.0,2022-23,36,2.4212117,5,1.6576174
7420.0,2022-23,37,2.9059289,3,2.1440706
7420.0,2022-23,38,3.6873505,2,2.8493729
7438.0,2022-23,15,0.93877435,1,0.6373234
7438.0,2022-23,16,0.0036062468,0,0.9040309
7438.0,2022-23,17,-0.037690923,0,0.731567
7438.0,2022-23,18,-0.021512799,0,0.6116698
7438.0,2022-23,19,-0.02454764,0,0.583401
7438.0,2022-23,20,-0.0314561,0,0.5415517
7438.0,2022-23,21,-0.012279756,0,0.567698
7438.0,2022-23,22,-0.012279756,0,0.5556504
7438.0,2022-23,23,-0.012279756,0,0.5445823
7438.0,2022-23,24,-0.030798906,0,0.5337444
7438.0,2022-23,25,-0.030798906,0,0.52524585
7438.0,2022-23,26,-0.030798906,0,0.5172032
7438.0,2022-23,27,-0.030798906,0,0.50940895
7438.0,2022-23,28,-0.030798906,0,0.50123197
7438.0,2022-23,29,0.38191795,1,0.4957639
7438.0,2022-23,30,1.0922185,1,0.83369195
7438.0,2022-23,31,1.7437449,5,1.272441
7438.0,2022-23,32,3.03409,3,1.9721869
7438.0,2022-23,33,2.5208707,1,2.3662295
7438.0,2022-23,34,2.303711,2,1.8822105
7438.0,2022-23,35,1.8279238,2,1.8334512
7438.0,2022-23,36,1.813725,1,1.9551386
7438.0,2022-23,37,2.1933508,1,2.2816138
7438.0,2022-23,38,2.7797852,3,2.5262723
7546.0,2022-23,6,1.0589454,3,0.5023267
7546.0,2022-23,7,0.041099284,0,0.6358502
7546.0,2022-23,8,0.68914044,0,0.8990234
7546.0,2022-23,9,1.4627013,1,1.0120709
7546.0,2022-23,10,1.2822837,1,0.9796624
7546.0,2022-23,11,1.2997485,3,1.0406394
7546.0,2022-23,12,1.4338574,1,1.3917717
7546.0,2022-23,13,0.9807489,2,1.1700287
7546.0,2022-23,14,1.1912988,1,1.0932424
7546.0,2022-23,15,0.9121089,2,1.0104606
7546.0,2022-23,16,2.2017825,5,0.9648139
7546.0,2022-23,17,2.6020935,1,1.8733968
7546.0,2022-23,18,2.7581275,2,1.3552226
7546.0,2022-23,19,2.9942331,0,1.6305703
7546.0,2022-23,20,2.6222792,1,1.7340677
7546.0,2022-23,21,2.67906,3,1.9785842
7546.0,2022-23,22,2.1313748,1,2.1869621
7546.0,2022-23,23,2.1380348,1,2.0450656
7546.0,2022-23,24,1.9340323,1,2.0324798
7546.0,2022-23,25,2.2289197,1,1.7894356
7546.0,2022-23,25,2.2289197,1,1.9063194
7546.0,2022-23,25,2.3705525,3,1.7894356
7546.0,2022-23,25,2.3705525,3,1.9063194
7546.0,2022-23,26,2.560742,6,2.3383722
7546.0,2022-23,27,3.3095114,1,2.320888
7546.0,2022-23,28,-0.25180823,0,1.9291519
7546.0,2022-23,29,2.6177754,2,1.4659966
7546.0,2022-23,30,-0.12333944,0,2.2010226
7546.0,2022-23,31,0.15508346,0,2.4237576
7546.0,2022-23,32,-0.04257581,0,1.4994175
7546.0,2022-23,33,-0.031505417,0,1.1450241
7546.0,2022-23,34,1.2262852,2,1.0484776
7546.0,2022-23,34,1.2262852,2,2.8866916
7546.0,2022-23,34,2.2429235,1,1.0484776
7546.0,2022-23,34,2.2429235,1,2.8866916
7546.0,2022-23,35,-0.06790445,0,1.7557912
7546.0,2022-23,36,2.06424,1,1.2829381
7546.0,2022-23,37,1.4891562,1,1.2851144
7546.0,2022-23,38,2.041923,0,1.21527
7698.0,2022-23,6,4.5216527,12,1.0184404
7698.0,2022-23,7,2.22367,0,1.0762761
7698.0,2022-23,8,1.0197418,0,0.5869566
7698.0,2022-23,9,1.0860516,20,0.66944015
7698.0,2022-23,10,2.3256166,2,1.0958917
7698.0,2022-23,11,2.6623638,2,1.3094358
7698.0,2022-23,12,3.3888838,3,1.0959306
7698.0,2022-23,13,2.7262902,7,0.80694675
7698.0,2022-23,14,3.044801,7,0.6783109
7698.0,2022-23,15,2.3844128,5,0.90346766
7698.0,2022-23,16,5.40361,2,1.0363743
7698.0,2022-23,17,5.602993,2,0.8870271
7698.0,2022-23,18,5.9815574,1,1.2476469
7698.0,2022-23,19,2.4980574,0,1.4932009
7698.0,2022-23,20,1.9949901,0,1.7133052
7698.0,2022-23,21,3.5174267,1,1.1686418
7698.0,2022-23,22,3.0629976,1,1.8832362
7698.0,2022-23,23,2.0922282,6,1.8669056
7698.0,2022-23,23,2.0922282,6,1.6710056
7698.0,2022-23,23,2.3638153,1,1.8669056
7698.0,2022-23,23,2.3638153,1,1.6710056
7698.0,2022-23,24,3.0760832,2,1.7431179
7698.0,2022-23,25,3.0179586,6,1.7299825
7698.0,2022-23,25,3.0179586,6,1.5583662
7698.0,2022-23,25,3.7963564,6,1.7299825
7698.0,2022-23,25,3.7963564,6,1.5583662
7698.0,2022-23,26,3.55972,1,2.2419
7698.0,2022-23,27,3.6311932,15,1.8545607
7698.0,2022-23,28,2.650607,5,2.2148132
7698.0,2022-23,29,5.000074,5,2.374302
7698.0,2022-23,30,2.1144032,1,2.3193064
7698.0,2022-23,31,2.56331,1,2.006856
7698.0,2022-23,32,3.7500575,1,1.947277
7698.0,2022-23,33,1.7033098,4,2.2293737
7698.0,2022-23,34,3.925246,1,2.6705847
7698.0,2022-23,35,4.3118243,1,1.8903688
7698.0,2022-23,36,3.4374905,2,2.123013
7698.0,2022-23,37,3.7473223,2,2.0286264
7698.0,2022-23,38,3.1700041,9,2.0382347
7701.0,2022-23,6,0.95584035,1,1.0782517
7701.0,2022-23,7,0.010762265,0,1.1445906
7701.0,2022-23,8,0.63622314,2,0.9893595
7701.0,2022-23,9,0.013252665,0,1.2806686
7701.0,2022-23,10,0.59372133,1,1.0775933
7701.0,2022-23,11,0.02628678,0,1.0931665
7701.0,2022-23,12,0.5847443,1,0.9487278
7701.0,2022-23,13,-0.019829968,0,1.0087857
7701.0,2022-23,14,0.6218896,1,0.8839936
7701.0,2022-23,15,0.012146935,0,0.8360075
7701.0,2022-23,16,0.0096243275,0,0.7014753
7701.0,2022-23,17,1.2768983,1,0.60110843
7701.0,2022-23,18,0.033930458,0,1.1186209
7701.0,2022-23,19,0.033930458,0,0.9552243
7701.0,2022-23,20,0.29509318,0,0.79056996
7701.0,2022-23,21,0.78962106,1,0.6403846
7701.0,2022-23,22,-0.00067383423,0,0.91328275
7701.0,2022-23,23,0.040758196,0,0.8534241
7701.0,2022-23,24,0.040758196,0,0.7869102
7701.0,2022-23,25,0.026592653,0,0.70659876
7701.0,2022-23,26,-0.06660296,0,0.556389
7701.0,2022-23,27,-0.045981288,0,0.54101497
7701.0,2022-23,28,-0.045981288,0,0.53605914
7701.0,2022-23,29,-0.045981288,0,0.5312583
7701.0,2022-23,30,0.5275671,4,0.5248456
7701.0,2022-23,31,1.1273113,1,1.0872633
7701.0,2022-23,32,-0.098372,0,1.3108954
7701.0,2022-23,33,-0.098372,0,0.994214
7701.0,2022-23,34,1.565499,2,0.7479012
7701.0,2022-23,35,0.00056312594,0,1.2636452
7701.0,2022-23,36,1.6108689,0,1.2272286
7723.0,2022-23,6,1.185202,2,1.444979
7723.0,2022-23,7,0.029438064,0,1.5182055
7723.0,2022-23,8,1.1058702,3,1.2556483
7723.0,2022-23,9,0.8091983,3,1.5159198
7723.0,2022-23,10,0.83494127,1,1.6084958
7723.0,2022-23,11,1.7548417,2,1.3650413
7723.0,2022-23,12,1.6309553,2,1.1472393
7723.0,2022-23,13,2.2277977,1,1.1639183
7723.0,2022-23,14,1.5097837,1,0.939098
7723.0,2022-23,15,1.4688038,1,0.7919315
7723.0,2022-23,16,1.9542753,4,0.86995363
7723.0,2022-23,17,2.2887552,2,1.4228958
7723.0,2022-23,18,3.639697,6,1.326902
7723.0,2022-23,19,0.5564737,0,2.0327892
7723.0,2022-23,20,-0.009653888,0,1.9919437
7723.0,2022-23,21,0.28023824,0,1.4838921
7723.0,2022-23,22,0.015868539,0,1.048277
7723.0,2022-23,23,1.1678971,1,1.0201288
7723.0,2022-23,24,1.9503574,2,1.776028
7723.0,2022-23,25,2.2537777,12,2.1069431
7723.0,2022-23,26,3.2662253,3,2.026691
7723.0,2022-23,27,3.01311,2,1.965249
7723.0,2022-23,28,3.691063,2,2.1759639
7723.0,2022-23,29,2.533008,8,2.134868
7723.0,2022-23,29,2.533008,8,1.5954744
7723.0,2022-23,29,3.930854,2,2.134868
7723.0,2022-23,29,3.930854,2,1.5954744
7723.0,2022-23,30,3.2344296,3,2.4839015
7723.0,2022-23,31,2.4940305,3,2.5096917
7723.0,2022-23,32,2.6261358,2,3.1811013
7723.0,2022-23,33,3.3307223,6,3.1222548
7723.0,2022-23,34,2.292388,2,3.3309598
7723.0,2022-23,35,3.0621746,2,3.482029
7723.0,2022-23,36,2.6124828,1,3.5327563
7723.0,2022-23,37,2.2505352,2,3.2254376
7723.0,2022-23,38,2.5887299,1,3.6554604
7752.0,2022-23,6,2.2765796,2,0.44348404
7752.0,2022-23,7,1.7417948,0,0.68715394
7752.0,2022-23,8,3.493218,3,0.2747525
7752.0,2022-23,9,2.9219074,4,0.49568158
7752.0,2022-23,10,1.8230033,12,0.71689224
7752.0,2022-23,11,1.9779483,3,0.8282091
7752.0,2022-23,12,1.9979199,0,0.7963948
7752.0,2022-23,13,2.3242097,2,0.49967706
7752.0,2022-23,14,3.2204094,8,0.8049506
7752.0,2022-23,15,2.2523842,3,1.012002
7752.0,2022-23,16,3.6544552,6,1.627458
7752.0,2022-23,17,4.2223325,8,1.883568
7752.0,2022-23,18,5.9527316,10,1.1466063
7752.0,2022-23,19,3.7696495,3,0.8539807
7752.0,2022-23,20,4.473247,2,1.5043372
7752.0,2022-23,21,4.466324,2,1.510743
7752.0,2022-23,22,5.773644,1,1.8225974
7752.0,2022-23,23,5.892405,3,2.9762993
7752.0,2022-23,23,5.892405,3,2.8226805
7752.0,2022-23,23,4.879872,2,2.9762993
7752.0,2022-23,23,4.879872,2,2.8226805
7752.0,2022-23,24,5.0323834,6,3.1491103
7752.0,2022-23,25,5.6882305,10,3.4575157
7752.0,2022-23,25,5.6882305,10,2.1822686
7752.0,2022-23,25,6.226442,16,3.4575157
7752.0,2022-23,25,6.226442,16,2.1822686
7752.0,2022-23,26,5.2216144,2,2.999045
7752.0,2022-23,27,2.574559,8,3.107304
7752.0,2022-23,28,4.3413935,7,3.0249062
7752.0,2022-23,29,5.8378644,5,2.571793
7752.0,2022-23,30,3.683524,13,3.17656
7752.0,2022-23,31,6.8231726,5,3.715795
7752.0,2022-23,32,5.1256657,9,3.7425036
7752.0,2022-23,33,4.3628297,1,2.6564841
7752.0,2022-23,34,5.385282,1,1.940392
7752.0,2022-23,35,4.8577642,6,1.5674268
7752.0,2022-23,36,4.161634,1,3.3833952
7752.0,2022-23,37,4.0416346,0,2.1280684
7752.0,2022-23,38,4.955472,0,1.8430837
7768.0,2022-23,6,4.058826,1,0.8467219
7768.0,2022-23,7,1.3628846,0,0.7647442
7768.0,2022-23,8,1.4597111,0,0.5733529
7768.0,2022-23,9,0.9401828,1,0.72981733
7768.0,2022-23,10,1.3867159,12,1.2277799
7768.0,2022-23,11,0.9308873,15,1.5354177
7768.0,2022-23,12,2.6166468,3,1.434895
7768.0,2022-23,13,3.1914115,2,1.1116441
7768.0,2022-23,14,1.8942662,2,1.1026881
7768.0,2022-23,15,2.6709538,2,1.0752854
7768.0,2022-23,16,4.246046,2,1.0788907
7768.0,2022-23,17,2.949342,10,1.4601933
7768.0,2022-23,18,4.5512204,2,1.4368925
7768.0,2022-23,19,3.3909743,4,1.8320547
7768.0,2022-23,20,3.0622058,3,2.01266
7768.0,2022-23,21,3.1738868,3,2.5110273
7768.0,2022-23,22,3.040298,3,3.768261
7768.0,2022-23,23,3.3944044,1,3.4870362
7768.0,2022-23,24,3.467458,2,3.1331244
7768.0,2022-23,25,2.9498785,0,2.4415107
7768.0,2022-23,26,-0.06577197,0,2.4215674
7768.0,2022-23,27,0.10774597,0,1.7712222
7768.0,2022-23,28,0.05027316,0,1.5216082
7768.0,2022-23,29,0.038033206,0,1.3229969
7768.0,2022-23,30,-0.023785766,0,1.3679904
7768.0,2022-23,31,0.9628792,1,0.9900601
7988.0,2022-23,11,0.020347243,0,0.7198444
7988.0,2022-23,12,0.020347243,0,0.64270437
7988.0,2022-23,13,0.65668494,1,0.6147526
7988.0,2022-23,14,0.02762989,0,0.66485155
7988.0,2022-23,15,0.66690165,1,0.638081
7988.0,2022-23,16,-0.02047876,0,0.68752384
7988.0,2022-23,17,1.0891505,1,0.6360649
7988.0,2022-23,18,1.2826937,1,0.73189974
7988.0,2022-23,19,-0.06471229,0,1.0498813
7988.0,2022-23,20,-0.06471229,0,0.9246367
7988.0,2022-23,21,-0.09283386,0,0.8018277
7988.0,2022-23,22,1.1861116,1,0.66953593
7988.0,2022-23,23,-0.015336948,0,1.3570287
7988.0,2022-23,24,0.0027603023,0,1.1401212
7988.0,2022-23,25,0.0027603023,0,0.8781655
7988.0,2022-23,26,-0.029675338,0,0.6852153
7988.0,2022-23,27,0.0012135784,0,0.5332571
7988.0,2022-23,28,-0.0037752497,0,0.6215719
7988.0,2022-23,29,-0.0037752497,0,0.61116785
7988.0,2022-23,30,-0.0037752497,0,0.59106225
7988.0,2022-23,31,-0.030798906,0,0.56206274
7988.0,2022-23,32,-0.030798906,0,0.5282245
7988.0,2022-23,33,-0.030798906,0,0.52284634
7988.0,2022-23,34,0.4905121,3,0.5154186
7988.0,2022-23,34,0.4905121,3,1.6980847
7988.0,2022-23,34,1.8508478,3,0.5154186
7988.0,2022-23,34,1.8508478,3,1.6980847
7988.0,2022-23,35,2.2063806,1,1.5711657
7988.0,2022-23,36,1.7765982,1,1.2604367
7988.0,2022-23,36,1.7765982,1,1.2095196
7988.0,2022-23,36,1.8514426,4,1.2604367
7988.0,2022-23,36,1.8514426,4,1.2095196
7988.0,2022-23,37,2.108393,1,1.2360787
7988.0,2022-23,37,2.108393,1,1.4776635
7988.0,2022-23,37,1.9688544,1,1.2360787
7988.0,2022-23,37,1.9688544,1,1.4776635
8119.0,2022-23,13,0.9238956,1,0.72786814
8119.0,2022-23,14,0.64512956,2,0.7874023
8119.0,2022-23,15,0.92875147,5,1.0852534
8119.0,2022-23,16,1.7178355,1,1.3923808
8119.0,2022-23,17,0.057154015,0,1.5385481
8119.0,2022-23,18,0.03401191,0,1.2572516
8119.0,2022-23,19,-0.06220744,0,1.0180992
8119.0,2022-23,20,-0.030058999,0,0.77414584
8119.0,2022-23,21,-0.025034308,0,0.70868564
8119.0,2022-23,22,0.0019564503,0,0.6414987
8119.0,2022-23,23,-0.00462861,0,0.6318236
8119.0,2022-23,24,-0.012279756,0,0.6189741
8119.0,2022-23,25,-0.030798906,0,0.6003766
8119.0,2022-23,26,-0.030798906,0,0.57624173
8119.0,2022-23,27,-0.030798906,0,0.5531832
8119.0,2022-23,28,-0.030798906,0,0.52685237
8119.0,2022-23,29,-0.030798906,0,0.5052715
8119.0,2022-23,30,-0.030798906,0,0.4957639
8119.0,2022-23,31,-0.030798906,0,0.4957639
8119.0,2022-23,32,-0.030798906,0,0.4957639
8119.0,2022-23,33,-0.030798906,0,0.4957639
8119.0,2022-23,34,-0.030798906,0,0.4957639
8119.0,2022-23,35,-0.030798906,0,0.4957639
8119.0,2022-23,36,-0.030798906,0,0.4957639
8119.0,2022-23,37,0.24267608,1,0.4957639
8119.0,2022-23,38,1.1625664,1,0.72792876
8127.0,2022-23,6,0.35649094,0,0.45306796
8127.0,2022-23,7,-0.044011492,0,0.4776538
8127.0,2022-23,8,-0.041015636,0,0.45012575
8127.0,2022-23,9,0.24192731,0,0.4773623
8127.0,2022-23,10,0.24192731,0,0.48135868
8127.0,2022-23,11,0.3802249,0,0.46761185
8127.0,2022-23,12,0.3802249,0,0.48496598
8127.0,2022-23,13,0.24192731,0,0.47099334
8127.0,2022-23,14,0.3802249,0,0.45967147
8127.0,2022-23,15,0.24192731,0,0.4674623
8127.0,2022-23,16,0.44667834,0,0.44266954
8127.0,2022-23,17,0.4333149,0,0.67702425
8127.0,2022-23,18,0.5699391,0,0.91574085
8127.0,2022-23,19,0.46134165,0,0.85754573
8127.0,2022-23,20,0.51203084,0,0.86147225
8127.0,2022-23,20,0.51203084,0,0.88595283
8127.0,2022-23,20,0.5203492,0,0.86147225
8127.0,2022-23,20,0.5203492,0,0.88595283
8127.0,2022-23,21,0.4403674,0,0.72543156
8127.0,2022-23,22,0.48223576,0,0.69798267
8127.0,2022-23,22,0.48223576,0,0.6371894
8127.0,2022-23,22,0.4598049,0,0.69798267
8127.0,2022-23,22,0.4598049,0,0.6371894
8127.0,2022-23,23,0.5072854,0,0.671746
8127.0,2022-23,24,0.48653784,0,0.7749022
8127.0,2022-23,25,-0.030798906,0,0.8003605
8127.0,2022-23,26,0.4568769,0,0.63455755
8127.0,2022-23,27,0.54283035,0,0.7105528
8127.0,2022-23,28,-0.030798906,0,0.7876704
8127.0,2022-23,29,0.44103232,0,0.6245252
8127.0,2022-23,29,0.44103232,0,0.7788557
8127.0,2022-23,29,0.38173136,0,0.6245252
8127.0,2022-23,29,0.38173136,0,0.7788557
8127.0,2022-23,30,0.47878295,0,0.7857684
8127.0,2022-23,31,0.53263235,0,0.78656346
8127.0,2022-23,32,-0.030798906,0,0.82055426
8127.0,2022-23,33,0.5157173,0,0.6124969
8127.0,2022-23,34,0.42994878,0,0.637734
8127.0,2022-23,34,0.42994878,0,0.7948237
8127.0,2022-23,34,0.47095063,0,0.637734
8127.0,2022-23,34,0.47095063,0,0.7948237
8127.0,2022-23,35,0.44148943,0,0.8805491
8127.0,2022-23,36,0.45140073,0,0.78250396
8127.0,2022-23,37,0.45307437,0,0.6379373
8127.0,2022-23,37,0.45307437,0,0.5688255
8127.0,2022-23,37,0.48750904,0,0.6379373
8127.0,2022-23,37,0.48750904,0,0.5688255
8127.0,2022-23,38,0.44973248,0,0.7065812
8150.0,2022-23,6,4.7655096,3,0.8699105
8150.0,2022-23,7,3.5079312,0,0.7661946
8150.0,2022-23,8,3.3592,2,0.47292918
8150.0,2022-23,9,3.1823123,1,0.95862556
8150.0,2022-23,10,3.2879813,1,0.96989614
8150.0,2022-23,11,1.9088855,0,1.3068167
8150.0,2022-23,12,0.94421184,1,1.0418499
8150.0,2022-23,13,1.1055119,8,1.3453953
8150.0,2022-23,14,1.2935299,3,1.425096
8150.0,2022-23,15,2.3020062,1,1.5537008
8150.0,2022-23,16,3.3695104,1,1.22592
8150.0,2022-23,17,2.7730687,2,1.1768432
8150.0,2022-23,18,0.43484563,0,1.3079923
8150.0,2022-23,19,0.4761721,0,1.262777
8150.0,2022-23,20,2.9950964,1,1.0525482
8150.0,2022-23,21,-0.060193736,0,1.1495032
8150.0,2022-23,22,2.3504755,1,0.83706737
8150.0,2022-23,23,2.248472,0,1.8808576
8150.0,2022-23,24,2.5288064,1,3.9679437
8150.0,2022-23,25,0.1859903,0,3.4322715
8150.0,2022-23,26,1.7815964,2,1.9786826
8150.0,2022-23,27,0.04950014,0,1.8176833
8150.0,2022-23,28,0.019304233,0,1.3973593
8150.0,2022-23,29,1.9608704,1,1.2020478
8150.0,2022-23,29,1.9608704,1,1.3907831
8150.0,2022-23,29,1.5616971,1,1.2020478
8150.0,2022-23,29,1.5616971,1,1.3907831
8150.0,2022-23,30,1.9252251,1,1.4268212
8150.0,2022-23,31,1.8976736,1,1.789127
8150.0,2022-23,32,2.1262498,1,1.6162251
8150.0,2022-23,33,3.042372,1,1.8598917
8150.0,2022-23,34,2.3649952,1,1.6075546
8150.0,2022-23,35,2.5978572,1,1.6771952
8150.0,2022-23,36,2.4762948,1,1.5590483
8150.0,2022-23,36,2.4762948,1,1.1841996
8150.0,2022-23,36,2.207088,1,1.5590483
8150.0,2022-23,36,2.207088,1,1.1841996
8150.0,2022-23,37,1.7405841,1,1.385168
8150.0,2022-23,38,1.8174263,10,1.3987249
8224.0,2022-23,6,0.2287149,0,0.46593386
8224.0,2022-23,7,-0.044011492,0,0.4391268
8224.0,2022-23,8,0.23171076,0,0.4638722
8224.0,2022-23,9,0.3802249,0,0.45665157
8224.0,2022-23,10,0.24192731,0,0.46009445
8224.0,2022-23,11,0.3802249,0,0.4739058
8224.0,2022-23,12,0.24192731,0,0.47555703
8224.0,2022-23,13,0.3802249,0,0.46351752
8224.0,2022-23,14,0.24192731,0,0.4537914
8224.0,2022-23,15,0.3802249,0,0.46351752
8224.0,2022-23,16,0.44667834,0,0.4537914
8224.0,2022-23,17,0.4333149,0,0.68786347
8224.0,2022-23,18,0.4447879,0,0.8770522
8224.0,2022-23,19,0.4081643,0,0.89849466
8224.0,2022-23,20,0.46331018,0,0.80062234
8224.0,2022-23,21,0.49467877,0,0.71217597
8224.0,2022-23,22,0.42271543,0,0.75585175
8224.0,2022-23,23,0.71394676,0,0.78618175
8224.0,2022-23,24,0.4580741,0,0.7053818
8224.0,2022-23,25,0.4516171,0,0.7395233
8224.0,2022-23,26,0.43066698,0,0.6407908
8224.0,2022-23,27,0.4934169,0,0.72806776
8224.0,2022-23,27,0.4934169,0,0.7400222
8224.0,2022-23,27,0.46927243,0,0.72806776
8224.0,2022-23,27,0.46927243,0,0.7400222
8224.0,2022-23,28,0.46134165,0,0.7481245
8224.0,2022-23,29,0.39161226,0,0.7230772
8224.0,2022-23,30,0.5275671,0,0.61450356
8224.0,2022-23,31,0.42498866,0,0.6956998
8224.0,2022-23,32,0.39239958,0,0.6992719
8224.0,2022-23,33,0.45872837,0,0.65407646
8224.0,2022-23,34,0.4223121,0,0.6465017
8224.0,2022-23,35,0.5533471,0,0.56314844
8224.0,2022-23,36,0.53750265,0,0.5813501
8224.0,2022-23,37,0.4452437,0,0.65512145
8224.0,2022-23,38,0.46788085,0,0.62841725
8288.0,2022-23,6,3.3910112,2,1.0536113
8288.0,2022-23,7,2.0656595,0,1.1698806
8288.0,2022-23,8,2.771987,2,1.0436662
8288.0,2022-23,9,1.7098349,3,1.3706855
8288.0,2022-23,10,1.9833549,2,1.3599237
8288.0,2022-23,11,1.3558605,2,1.4848624
8288.0,2022-23,12,1.0556414,2,1.5330238
8288.0,2022-23,13,1.6995606,6,1.413555
8288.0,2022-23,14,0.9298477,1,1.5480291
8288.0,2022-23,15,1.5609137,2,1.3323419
8288.0,2022-23,16,2.5857642,2,1.1845801
8288.0,2022-23,17,2.6861112,2,1.3767858
8288.0,2022-23,18,2.6973794,1,1.6946077
8288.0,2022-23,19,2.3057168,2,1.6638707
8288.0,2022-23,20,1.7500103,1,1.8295366
8288.0,2022-23,21,2.1203628,1,1.8196762
8288.0,2022-23,22,2.0441892,1,1.6925193
8288.0,2022-23,23,2.1694837,2,1.546878
8288.0,2022-23,24,2.174054,2,1.9116803
8288.0,2022-23,25,2.4433017,3,2.4141717
8288.0,2022-23,26,2.5436919,1,2.309793
8288.0,2022-23,27,2.750604,2,2.1482582
8288.0,2022-23,28,0.32927686,0,2.0903664
8288.0,2022-23,29,2.0710242,3,1.6956371
8288.0,2022-23,29,2.0710242,3,1.513754
8288.0,2022-23,29,2.0893533,2,1.6956371
8288.0,2022-23,29,2.0893533,2,1.513754
8288.0,2022-23,30,1.9936596,3,1.7342361
8288.0,2022-23,31,2.0911345,2,1.9563631
8288.0,2022-23,32,2.6474032,6,2.1048403
8288.0,2022-23,33,2.4865768,2,2.4650292
8288.0,2022-23,34,2.8484483,15,2.4867926
8288.0,2022-23,35,2.2125797,3,2.295989
8288.0,2022-23,36,2.3947392,1,2.6381717
8288.0,2022-23,37,3.2534735,2,1.9746388
8291.0,2022-23,6,1.8491585,11,0.43610108
8291.0,2022-23,7,0.7582527,0,0.79115844
8291.0,2022-23,8,1.7945364,2,0.7401068
8291.0,2022-23,9,1.4318159,2,0.82714975
8291.0,2022-23,10,1.5067854,2,0.9251906
8291.0,2022-23,11,2.4846275,2,1.1948873
8291.0,2022-23,12,1.9254833,2,1.232315
8291.0,2022-23,13,2.0026672,2,1.076578
8291.0,2022-23,14,3.0376458,1,0.82023144
8291.0,2022-23,15,4.4523063,4,0.7982509
8291.0,2022-23,16,4.647002,1,0.81198126
8291.0,2022-23,17,5.5631847,6,0.69447887
8291.0,2022-23,18,3.6035948,2,1.1071622
8291.0,2022-23,19,3.9945366,7,2.2163477
8291.0,2022-23,20,3.5083823,8,2.5715623
8291.0,2022-23,21,2.1764674,1,2.064878
8291.0,2022-23,22,2.7609499,1,2.0715656
8291.0,2022-23,23,-0.120449916,0,1.7443082
8291.0,2022-23,24,2.4381847,1,1.3297032
8291.0,2022-23,25,2.4044802,1,2.0155988
8291.0,2022-23,25,2.4044802,1,1.6473733
8291.0,2022-23,25,2.064376,1,2.0155988
8291.0,2022-23,25,2.064376,1,1.6473733
8291.0,2022-23,26,0.05423552,0,2.2042394
8291.0,2022-23,27,1.9734635,1,1.632917
8291.0,2022-23,28,2.1265783,1,2.1112719
8291.0,2022-23,29,2.672178,9,1.6234831
8291.0,2022-23,30,2.7038057,3,1.6419648
8291.0,2022-23,31,0.032029346,0,2.0350533
8291.0,2022-23,32,1.9130781,1,1.5454128
8291.0,2022-23,33,-0.08940431,0,0.9911119
8291.0,2022-23,34,1.6626549,1,0.96170807
8291.0,2022-23,35,0.102265336,0,2.988658
8291.0,2022-23,36,1.9827027,1,2.279069
8291.0,2022-23,37,2.2658427,3,2.6229205
8327.0,2022-23,6,0.32676715,0,0.8891251
8327.0,2022-23,7,0.17893507,0,0.9200359
8327.0,2022-23,8,0.827929,2,0.7971766
8327.0,2022-23,9,0.6227987,4,1.3028946
8327.0,2022-23,10,1.1094495,15,1.5297568
8327.0,2022-23,11,2.1774838,3,1.3269297
8327.0,2022-23,12,2.8532608,6,1.3426986
8327.0,2022-23,13,2.603715,2,1.3115653
8327.0,2022-23,14,2.2835896,3,1.2167429
8327.0,2022-23,15,2.1991625,7,1.2314832
8327.0,2022-23,16,3.2045643,3,1.2955662
8327.0,2022-23,17,4.4214606,6,1.7635515
8327.0,2022-23,18,4.5353436,2,1.8511672
8327.0,2022-23,19,3.1799867,2,2.167616
8327.0,2022-23,20,2.80874,1,3.40968
8327.0,2022-23,21,2.9042165,3,3.3372965
8327.0,2022-23,22,0.2933705,0,3.0008106
8327.0,2022-23,23,0.17228413,0,2.2389336
8327.0,2022-23,24,0.04953313,0,1.4303682
8327.0,2022-23,25,-0.063315056,0,1.121757
8327.0,2022-23,26,1.043084,1,1.0631573
8327.0,2022-23,27,2.4316702,2,2.5140057
8327.0,2022-23,28,2.388603,2,1.9897724
8327.0,2022-23,29,2.5683038,3,1.9255959
8327.0,2022-23,29,2.5683038,3,2.286734
8327.0,2022-23,29,2.944802,5,1.9255959
8327.0,2022-23,29,2.944802,5,2.286734
8327.0,2022-23,30,2.6078439,2,2.8443422
8327.0,2022-23,31,2.5481012,2,2.6683073
8327.0,2022-23,32,3.0088758,2,2.3266954
8327.0,2022-23,33,3.9489272,6,2.6879067
8327.0,2022-23,34,3.7528915,2,2.6460857
8327.0,2022-23,35,3.5253744,2,2.9067163
8327.0,2022-23,36,3.491541,1,2.4869347
8327.0,2022-23,36,3.491541,1,2.1201124
8327.0,2022-23,36,2.5862799,7,2.4869347
8327.0,2022-23,36,2.5862799,7,2.1201124
8327.0,2022-23,37,2.7385044,2,2.1878552
8327.0,2022-23,38,2.5693495,2,3.3245015
8379.0,2022-23,6,2.3786335,14,1.3374673
8379.0,2022-23,7,1.3511848,0,1.1221372
8379.0,2022-23,8,1.16691,0,0.85810447
8379.0,2022-23,9,2.2546191,2,0.7863939
8379.0,2022-23,10,2.7464418,2,1.1494069
8379.0,2022-23,11,1.9158787,2,1.2191176
8379.0,2022-23,12,2.0438232,2,1.202879
8379.0,2022-23,13,1.3907171,2,1.0408567
8379.0,2022-23,14,1.6883063,2,1.2166655
8379.0,2022-23,15,1.3841431,2,1.2336268
8379.0,2022-23,16,2.436579,9,1.2564776
8379.0,2022-23,17,0.24154305,0,1.5910527
8379.0,2022-23,18,0.3748691,0,1.5789843
8379.0,2022-23,19,2.6719954,1,1.1787112
8379.0,2022-23,20,2.0820444,3,1.7121314
8379.0,2022-23,21,2.8515134,1,1.5888036
8379.0,2022-23,22,0.23770438,0,1.9169779
8379.0,2022-23,23,2.739174,1,2.0189412
8379.0,2022-23,24,3.7393768,2,2.043502
8379.0,2022-23,25,-0.2000631,0,1.6549383
8379.0,2022-23,26,4.341842,14,1.2217176
8379.0,2022-23,27,2.6698043,7,1.4956213
8379.0,2022-23,27,2.6698043,7,3.3960023
8379.0,2022-23,27,5.154474,3,1.4956213
8379.0,2022-23,27,5.154474,3,3.3960023
8379.0,2022-23,28,-0.45520756,0,2.8245773
8379.0,2022-23,29,3.2994184,6,2.1862338
8379.0,2022-23,29,3.2994184,6,3.641736
8379.0,2022-23,29,4.783763,3,2.1862338
8379.0,2022-23,29,4.783763,3,3.641736
8379.0,2022-23,30,3.4662564,2,4.002198
8379.0,2022-23,31,3.3557222,2,4.115213
8379.0,2022-23,32,0.28785685,0,4.0809917
8379.0,2022-23,33,4.0138397,2,3.5015793
8379.0,2022-23,34,4.178598,1,5.197224
8379.0,2022-23,34,4.178598,1,2.3493075
8379.0,2022-23,34,3.014773,11,5.197224
8379.0,2022-23,34,3.014773,11,2.3493075
8379.0,2022-23,35,3.6559277,8,3.3068604
8379.0,2022-23,36,5.670487,3,4.59586
8379.0,2022-23,36,5.670487,3,3.194448
8379.0,2022-23,36,4.195225,0,4.59586
8379.0,2022-23,36,4.195225,0,3.194448
8379.0,2022-23,37,3.99455,5,2.4042807
8379.0,2022-23,37,3.99455,5,2.2219858
8379.0,2022-23,37,3.2074697,1,2.4042807
8379.0,2022-23,37,3.2074697,1,2.2219858
8379.0,2022-23,38,3.8025243,2,2.3050504
8497.0,2022-23,6,0.005562132,0,0.91133046
8497.0,2022-23,7,0.0139702195,0,0.8272642
8497.0,2022-23,8,0.64406544,1,0.7314552
8497.0,2022-23,9,1.0250986,1,0.7072214
8497.0,2022-23,10,1.0499073,1,0.6074989
8497.0,2022-23,11,0.057986,0,0.67355406
8497.0,2022-23,12,0.025184713,0,0.5620872
8497.0,2022-23,13,1.0224731,1,0.4870808
8497.0,2022-23,14,0.01960462,0,0.5149106
8497.0,2022-23,15,0.02269103,0,0.50772953
8497.0,2022-23,16,0.02269103,0,0.56204844
8497.0,2022-23,17,1.1073103,0,0.54080224
8497.0,2022-23,18,0.34897164,0,0.73781013
8497.0,2022-23,19,0.13083625,0,0.8480173
8497.0,2022-23,20,0.13083625,0,0.8213798
8497.0,2022-23,21,1.2282909,1,0.8210952
8497.0,2022-23,22,0.046742532,0,1.3022327
8497.0,2022-23,23,0.042146925,0,0.79089606
8497.0,2022-23,24,0.042146925,0,0.7003685
8497.0,2022-23,25,-0.0132639725,0,0.62637997
8497.0,2022-23,26,0.004009175,0,0.5402327
8497.0,2022-23,27,-0.008086373,0,0.5139136
8497.0,2022-23,28,-0.008086373,0,0.5133972
8497.0,2022-23,29,0.8098145,1,0.51048404
8497.0,2022-23,30,0.02762989,0,0.7287668
8497.0,2022-23,31,1.1868328,1,0.6926249
8497.0,2022-23,32,0.03966564,0,1.0628078
8497.0,2022-23,33,0.042305075,0,0.94857
8497.0,2022-23,34,0.042305075,0,0.81975114
8497.0,2022-23,35,0.012678729,0,0.6604239
8497.0,2022-23,36,0.012678729,0,0.57276374
8497.0,2022-23,37,0.9623569,6,0.50817126
8497.0,2022-23,37,0.9623569,6,1.3886507
8497.0,2022-23,37,1.8942345,1,0.50817126
8497.0,2022-23,37,1.8942345,1,1.3886507
8497.0,2022-23,38,2.0390515,2,1.5019888
8666.0,2022-23,6,1.3130287,3,1.4638597
8666.0,2022-23,7,0.57430834,0,1.4269398
8666.0,2022-23,8,0.33892733,0,1.318542
8666.0,2022-23,9,1.2778757,2,0.9889027
8666.0,2022-23,10,1.3191543,1,1.1772134
8666.0,2022-23,11,0.7248768,0,1.3588518
8666.0,2022-23,12,1.1622379,1,1.3165553
8666.0,2022-23,13,0.7987203,0,1.4177259
8666.0,2022-23,14,1.0464835,0,1.0988909
8666.0,2022-23,15,0.650837,2,0.83232033
8666.0,2022-23,16,1.4311421,2,1.2262098
8666.0,2022-23,17,1.7411758,2,1.6291789
8666.0,2022-23,18,2.0186555,3,1.6506051
8666.0,2022-23,19,2.227062,2,1.6906962
8666.0,2022-23,20,2.4163074,1,2.0369267
8666.0,2022-23,20,2.4163074,1,2.308597
8666.0,2022-23,20,2.0133219,2,2.0369267
8666.0,2022-23,20,2.0133219,2,2.308597
8666.0,2022-23,21,2.2968047,2,2.5232258
8666.0,2022-23,22,2.5553215,6,2.128459
8666.0,2022-23,23,2.5039108,1,2.280716
8666.0,2022-23,24,2.6233656,2,2.402772
8666.0,2022-23,25,2.3447053,3,2.537146
8666.0,2022-23,26,2.4635077,-1,2.6864676
8666.0,2022-23,27,2.0627577,0,1.841471
8666.0,2022-23,27,2.0627577,0,1.7405157
8666.0,2022-23,27,1.9802704,0,1.841471
8666.0,2022-23,27,1.9802704,0,1.7405157
8666.0,2022-23,28,1.578091,2,1.4017296
8666.0,2022-23,29,1.827148,2,1.7070037
8666.0,2022-23,30,2.5535257,2,1.8350393
8666.0,2022-23,31,2.2680154,6,2.148028
8666.0,2022-23,32,2.7263494,3,2.5289378
8666.0,2022-23,33,2.5676782,0,2.4593692
8666.0,2022-23,34,2.4948282,2,1.6498643
8666.0,2022-23,35,2.25078,2,1.9394524
8666.0,2022-23,36,2.484344,3,2.1424594
8666.0,2022-23,37,3.1492298,2,2.3966718
8666.0,2022-23,38,2.280755,2,2.7252579
8706.0,2022-23,6,0.9456559,3,0.9402069
8706.0,2022-23,7,0.46218514,0,1.0506587
8706.0,2022-23,8,0.4762438,0,0.97443664
8706.0,2022-23,9,1.4456073,2,0.83236617
8706.0,2022-23,10,1.3820416,10,1.3278588
8706.0,2022-23,11,1.7639683,3,1.3437107
8706.0,2022-23,12,1.8460494,10,1.9380325
8706.0,2022-23,13,2.0947392,2,1.3272837
8706.0,2022-23,14,2.6526272,3,1.7104512
8706.0,2022-23,15,2.171234,6,1.377342
8706.0,2022-23,16,3.9771893,2,1.3176214
8706.0,2022-23,17,4.076145,1,1.3272398
8706.0,2022-23,18,3.2363503,8,1.2877613
8706.0,2022-23,19,3.7187266,2,1.7785151
8706.0,2022-23,20,3.661176,1,2.4492688
8706.0,2022-23,20,3.661176,1,2.7336812
8706.0,2022-23,20,3.306667,1,2.4492688
8706.0,2022-23,20,3.306667,1,2.7336812
8706.0,2022-23,21,3.4593594,3,2.3492336
8706.0,2022-23,22,3.3554177,1,2.5076842
8706.0,2022-23,23,3.0815835,1,2.851923
8706.0,2022-23,24,2.6284387,9,2.7068572
8706.0,2022-23,25,2.7109194,1,2.684237
8706.0,2022-23,26,2.7088463,1,2.349958
8706.0,2022-23,27,2.1146338,1,2.170826
8706.0,2022-23,27,2.1146338,1,2.377542
8706.0,2022-23,27,1.8456424,1,2.170826
8706.0,2022-23,27,1.8456424,1,2.377542
8706.0,2022-23,28,2.0602934,1,2.0402133
8706.0,2022-23,29,2.0157425,4,2.2021422
8706.0,2022-23,30,2.8264093,8,2.731906
8706.0,2022-23,31,3.0676653,16,3.0371585
8706.0,2022-23,32,4.3389277,3,3.0882373
8706.0,2022-23,33,2.9148657,2,2.482788
8706.0,2022-23,34,4.8599186,9,2.8963852
8706.0,2022-23,35,4.9890714,2,2.2204695
8706.0,2022-23,36,4.248937,16,2.6711402
8706.0,2022-23,37,5.1125054,5,3.0930552
8706.0,2022-23,38,4.2205973,2,3.3313942
8719.0,2022-23,6,0.0006103121,0,0.5551083
8719.0,2022-23,7,-0.019388655,0,0.49751225
8719.0,2022-23,8,-0.016392801,0,0.49644348
8719.0,2022-23,9,-0.006176089,0,0.49612457
8719.0,2022-23,10,-0.030798906,0,0.49598473
8719.0,2022-23,11,-0.030798906,0,0.49589857
8719.0,2022-23,12,-0.030798906,0,0.49599084
8719.0,2022-23,13,-0.030798906,0,0.49608904
8719.0,2022-23,14,-0.030798906,0,0.49612147
8719.0,2022-23,15,-0.030798906,0,0.4957639
8719.0,2022-23,16,-0.030798906,0,0.4957639
8719.0,2022-23,17,-0.030798906,0,0.4957639
8719.0,2022-23,18,-0.030798906,0,0.4957639
8719.0,2022-23,19,0.47017047,1,0.4957639
8719.0,2022-23,20,0.02762989,0,0.8083292
8719.0,2022-23,21,1.3315072,1,0.7422579
8719.0,2022-23,22,0.009434088,0,1.0249423
8719.0,2022-23,23,1.1073486,1,0.8406981
8719.0,2022-23,24,-0.024257267,0,0.9855398
8719.0,2022-23,25,1.1750975,0,0.8842768
8719.0,2022-23,26,0.0033059898,0,1.1320102
8719.0,2022-23,27,-0.06872669,0,0.95221037
8719.0,2022-23,28,-0.100694485,0,0.8009739
8719.0,2022-23,29,-0.06695538,0,0.66465414
8719.0,2022-23,30,0.7831011,1,0.57452124
8719.0,2022-23,31,1.354788,1,0.8095047
8719.0,2022-23,32,0.030947084,0,1.3411163
8719.0,2022-23,33,0.030947084,0,1.0707785
8719.0,2022-23,34,1.5703288,1,0.85629654
8719.0,2022-23,35,0.044501867,0,0.9699985
8719.0,2022-23,36,1.2975569,1,0.84963524
8719.0,2022-23,37,1.5453563,3,0.8509053
8719.0,2022-23,37,1.5453563,3,1.226934
8719.0,2022-23,37,1.8716729,1,0.8509053
8719.0,2022-23,37,1.8716729,1,1.226934
8719.0,2022-23,38,1.8326011,2,1.1719218
8720.0,2022-23,6,3.2628276,1,0.6714961
8720.0,2022-23,7,1.0310196,0,0.7484612
8720.0,2022-23,8,0.8703727,0,0.37330532
8720.0,2022-23,9,1.8323535,3,0.56607044
8720.0,2022-23,10,1.1528231,2,1.3066617
8720.0,2022-23,11,1.8051372,2,1.5489674
8720.0,2022-23,12,0.8407508,1,1.4490105
8720.0,2022-23,13,1.2806927,5,1.2587758
8720.0,2022-23,14,0.96963966,2,1.534382
8720.0,2022-23,15,1.3608512,1,1.4278063
8720.0,2022-23,16,0.5780174,0,1.1730752
8720.0,2022-23,17,0.09071527,0,0.91869766
8720.0,2022-23,18,1.4678352,3,0.7393622
8720.0,2022-23,19,2.2921345,4,1.6005586
8720.0,2022-23,20,3.0138497,2,1.8935887
8720.0,2022-23,21,4.1247406,3,2.3865118
8720.0,2022-23,22,3.9717457,2,1.8790118
8720.0,2022-23,22,3.9717457,2,2.5503316
8720.0,2022-23,22,2.6888695,2,1.8790118
8720.0,2022-23,22,2.6888695,2,2.5503316
8720.0,2022-23,23,3.055299,3,2.5467505
8720.0,2022-23,24,3.6570919,2,2.5232363
8720.0,2022-23,25,3.5528803,6,2.743353
8720.0,2022-23,26,3.1363792,2,2.8092356
8720.0,2022-23,27,3.1376934,11,2.7016792
8720.0,2022-23,28,4.1415772,9,2.4316635
8720.0,2022-23,29,2.2541504,2,2.8642025
8720.0,2022-23,29,2.2541504,2,2.6068754
8720.0,2022-23,29,3.0795295,8,2.8642025
8720.0,2022-23,29,3.0795295,8,2.6068754
8720.0,2022-23,30,3.8659623,2,2.8059134
8720.0,2022-23,31,4.0197988,2,1.6804203
8720.0,2022-23,32,4.899274,2,2.0573468
8720.0,2022-23,33,3.3373246,8,3.2032776
8720.0,2022-23,34,5.2218833,2,3.194706
8720.0,2022-23,35,3.6378357,2,3.4476485
8720.0,2022-23,36,3.3881376,2,3.1830945
8720.0,2022-23,37,3.1812954,2,3.1254635
8720.0,2022-23,38,2.8519897,8,2.7734165
8821.0,2022-23,6,0.029047946,0,0.56001234
8821.0,2022-23,7,-0.01439831,0,0.5423856
8821.0,2022-23,8,-0.0009581307,0,0.4920611
8821.0,2022-23,9,-0.019668102,0,0.50621367
8821.0,2022-23,10,-0.015041094,0,0.5039015
8821.0,2022-23,11,-0.023285126,0,0.5020657
8821.0,2022-23,12,-0.030798906,0,0.5005059
8821.0,2022-23,13,-0.030798906,0,0.49910375
8821.0,2022-23,14,-0.030798906,0,0.4979537
8821.0,2022-23,15,0.24192731,2,0.49663666
8821.0,2022-23,16,0.021118853,0,0.81776965
8821.0,2022-23,17,1.6603781,1,0.71076095
8821.0,2022-23,18,2.2416754,1,1.0238001
8821.0,2022-23,19,2.0562682,1,1.0731573
8845.0,2022-23,6,0.9331621,1,0.65935206
8845.0,2022-23,7,0.26260775,0,0.8665856
8845.0,2022-23,8,0.9856113,1,0.8026003
8845.0,2022-23,9,0.6721858,0,0.8083173
8845.0,2022-23,10,0.64280784,1,0.700174
8845.0,2022-23,11,1.0198976,1,0.8018481
8845.0,2022-23,12,0.6935997,1,0.8004147
8845.0,2022-23,13,0.993352,1,0.7188951
8845.0,2022-23,14,0.62884533,0,0.6850497
8845.0,2022-23,15,0.9537274,2,0.57201105
8845.0,2022-23,16,1.4686936,0,0.811564
8845.0,2022-23,17,1.3595493,1,0.97781014
8845.0,2022-23,18,1.7035034,2,1.2865098
8845.0,2022-23,19,1.9092774,0,1.7220213
8845.0,2022-23,20,1.781136,3,1.4935304
8845.0,2022-23,21,1.7403162,1,1.6102916
8845.0,2022-23,22,1.7956452,4,1.616392
8845.0,2022-23,23,1.8679657,0,1.5329643
8845.0,2022-23,24,2.1977968,0,1.4732672
8845.0,2022-23,25,2.4832,0,1.1336737
8845.0,2022-23,25,2.4832,0,0.9276146
8845.0,2022-23,25,1.0660911,0,1.1336737
8845.0,2022-23,25,1.0660911,0,0.9276146
8845.0,2022-23,26,1.1402758,0,0.7806723
8845.0,2022-23,27,1.0304006,6,0.99865067
8845.0,2022-23,28,2.0898466,0,1.8531052
8845.0,2022-23,29,2.1104958,0,1.5333871
8845.0,2022-23,30,1.7798465,1,1.2250845
8845.0,2022-23,31,1.8411298,6,1.3407506
8845.0,2022-23,32,1.8916296,1,1.571255
8845.0,2022-23,33,2.0950139,3,3.3458614
8845.0,2022-23,34,2.5887463,1,3.6117396
8845.0,2022-23,35,2.6153767,1,3.5043907
8845.0,2022-23,36,1.9305061,1,2.457765
8845.0,2022-23,37,2.2361317,11,2.7460027
8845.0,2022-23,38,2.369219,2,2.6908908
8859.0,2022-23,9,0.7135274,3,0.6676294
8859.0,2022-23,10,0.82832927,1,0.98617685
8859.0,2022-23,11,0.12317888,0,0.91524124
8859.0,2022-23,12,0.019862074,0,0.6998387
8859.0,2022-23,13,0.5940018,1,0.49665552
8859.0,2022-23,14,0.9663985,0,0.6999136
8859.0,2022-23,15,0.69740057,1,0.8979537
8859.0,2022-23,16,0.025413616,0,0.97231317
8859.0,2022-23,17,-0.050761823,0,0.80212927
8859.0,2022-23,18,0.024777297,0,0.6804748
8859.0,2022-23,19,-0.027477004,0,0.58831275
8859.0,2022-23,20,0.86378914,1,0.5927917
8859.0,2022-23,21,0.19349098,0,1.0490731
8859.0,2022-23,22,1.7542579,1,0.84880203
8859.0,2022-23,23,0.110687025,0,1.0344499
8859.0,2022-23,24,1.1864144,1,0.8625436
8859.0,2022-23,25,-0.03286536,0,1.3439406
8859.0,2022-23,26,1.9140633,2,1.1764727
8859.0,2022-23,27,1.8106977,2,1.9766678
8859.0,2022-23,27,1.8106977,2,1.7555312
8859.0,2022-23,27,1.9959546,1,1.9766678
8859.0,2022-23,27,1.9959546,1,1.7555312
8859.0,2022-23,28,2.0763915,2,1.5043421
8859.0,2022-23,29,2.160516,2,1.6269459
8859.0,2022-23,29,2.160516,2,1.6579763
8859.0,2022-23,29,2.1618488,1,1.6269459
8859.0,2022-23,29,2.1618488,1,1.6579763
8859.0,2022-23,30,0.05459209,0,1.8014051
8859.0,2022-23,31,1.8862637,1,1.6119348
8859.0,2022-23,32,1.7649546,1,1.5174881
8859.0,2022-23,33,1.6375098,1,1.4736396
8859.0,2022-23,34,1.7870225,1,1.580175
8859.0,2022-23,35,2.2726145,1,1.6866415
8859.0,2022-23,36,2.8119924,3,1.686835
8859.0,2022-23,37,2.7523384,1,1.2268858
8859.0,2022-23,38,2.042178,2,1.0526692
8941.0,2022-23,6,1.2304798,5,1.2808849
8941.0,2022-23,7,0.038630445,0,1.4997076
8941.0,2022-23,8,1.3056536,10,1.2357802
8941.0,2022-23,9,1.5110654,3,1.1604925
8941.0,2022-23,10,1.4481249,1,1.4312903
8941.0,2022-23,11,2.048399,2,1.2607404
8941.0,2022-23,12,1.471106,2,1.1319023
8941.0,2022-23,13,1.5874053,1,1.1256523
8941.0,2022-23,14,1.0889423,1,1.1273253
8941.0,2022-23,15,1.2812306,14,1.0699531
8941.0,2022-23,16,3.3487344,2,1.358424
8941.0,2022-23,17,0.16911018,0,1.5170814
8941.0,2022-23,18,0.18397364,0,1.0947905
8941.0,2022-23,19,0.3736332,0,0.9032577
8941.0,2022-23,20,1.5091969,3,0.83993196
8941.0,2022-23,21,1.9325287,3,1.7082075
8941.0,2022-23,22,3.243572,1,1.8597797
8941.0,2022-23,23,2.63664,2,1.7281097
8941.0,2022-23,24,2.3934789,1,1.8109097
8941.0,2022-23,25,1.8511665,3,2.021751
8941.0,2022-23,26,2.1622005,3,2.041692
8941.0,2022-23,27,2.1475818,2,2.2860413
8941.0,2022-23,28,3.1045902,9,2.186235
8941.0,2022-23,29,2.9050014,6,1.9772197
8941.0,2022-23,29,2.9050014,6,2.5062823
8941.0,2022-23,29,3.0536847,2,1.9772197
8941.0,2022-23,29,3.0536847,2,2.5062823
8941.0,2022-23,30,3.6244175,6,2.9273925
8941.0,2022-23,31,3.5270352,13,2.590056
8941.0,2022-23,32,2.6538794,2,2.3775082
8941.0,2022-23,33,4.037936,3,2.6990638
8941.0,2022-23,34,3.0812492,2,2.9056535
8941.0,2022-23,35,2.7799742,2,3.1803493
8941.0,2022-23,36,3.5313752,8,3.3133144
8941.0,2022-23,37,3.5216415,8,3.3549647
8941.0,2022-23,38,3.9446843,9,3.2496896
8992.0,2022-23,8,-0.058519416,0,0.7393788
8992.0,2022-23,9,-0.03843875,0,0.75547206
8992.0,2022-23,10,0.6529929,1,0.6321781
8992.0,2022-23,11,0.021526236,0,0.7457212
8992.0,2022-23,12,0.021526236,0,0.66641724
8992.0,2022-23,13,0.021526236,0,0.62085557
8992.0,2022-23,14,0.4924662,1,0.582129
8992.0,2022-23,15,0.016321186,0,0.63052857
8992.0,2022-23,16,1.1560215,1,0.62306464
8992.0,2022-23,17,-0.036718205,0,0.91546726
8992.0,2022-23,18,1.1640065,1,0.7956219
8992.0,2022-23,19,1.3031502,2,1.2206211
8992.0,2022-23,19,1.3031502,2,1.3039706
8992.0,2022-23,19,2.1261375,1,1.2206211
8992.0,2022-23,19,2.1261375,1,1.3039706
8992.0,2022-23,20,2.179339,6,1.7686722
8992.0,2022-23,21,2.2654243,3,1.8149849
8992.0,2022-23,22,2.5513515,1,3.5058074
8992.0,2022-23,23,2.4514835,1,2.566667
8992.0,2022-23,24,0.0795518,0,2.4037871
8992.0,2022-23,25,1.9553206,1,1.4587005
8992.0,2022-23,26,-0.02684994,0,1.8678435
8992.0,2022-23,27,-0.0773588,0,1.6256441
8992.0,2022-23,28,-0.012954061,0,1.4919846
8992.0,2022-23,29,-0.0040055285,0,1.168936
8992.0,2022-23,30,-0.02357461,0,1.0116818
8992.0,2022-23,31,0.8086687,1,0.95645845
8992.0,2022-23,32,-0.09604357,0,2.0651193
8992.0,2022-23,33,-0.09604357,0,1.3669592
8992.0,2022-23,34,1.201539,1,0.9612964
8992.0,2022-23,35,1.3238438,4,1.2177325
8992.0,2022-23,36,1.9413432,1,1.1939061
8992.0,2022-23,37,2.0836074,4,1.1392046
9021.0,2022-23,23,1.2010682,1,1.020076
9021.0,2022-23,24,1.2185912,1,1.050026
9021.0,2022-23,25,-0.05637031,0,1.0381275
9021.0,2022-23,26,0.013647533,0,1.0628521
9021.0,2022-23,27,1.4366202,1,0.94541895
9021.0,2022-23,28,1.2572341,1,1.0279732
9021.0,2022-23,29,-0.01608884,0,1.0616845
9021.0,2022-23,30,1.1150532,1,0.85690033
9021.0,2022-23,31,-0.024207965,0,1.0166951
9021.0,2022-23,32,1.1213039,1,1.0073118
9021.0,2022-23,33,0.0250936,0,0.9905201
9021.0,2022-23,34,1.1366367,1,0.8299519
9021.0,2022-23,35,0.011333896,0,0.9823518
9021.0,2022-23,36,0.021931488,0,0.8751485
9021.0,2022-23,37,0.02972388,0,0.742942
9021.0,2022-23,38,0.87495494,4,0.67163885
9040.0,2022-23,6,0.9581126,1,0.5574571
9040.0,2022-23,7,0.17086108,0,0.72853047
9040.0,2022-23,8,0.15171398,0,0.6519028
9040.0,2022-23,9,0.5465558,8,0.653615
9040.0,2022-23,10,1.1332164,3,1.1981165
9040.0,2022-23,11,1.0250475,1,1.2774214
9040.0,2022-23,12,1.025231,1,1.1301489
9040.0,2022-23,13,0.13067447,0,0.8637912
9040.0,2022-23,14,0.7066922,5,0.6285642
9040.0,2022-23,15,1.2956402,0,0.86029744
9040.0,2022-23,16,2.188311,2,0.97944933
9040.0,2022-23,17,2.7984016,1,1.3751878
9040.0,2022-23,18,3.267596,0,1.262871
9040.0,2022-23,19,2.3590977,1,1.1365727
9040.0,2022-23,19,2.3590977,1,1.6269194
9040.0,2022-23,19,1.9565532,1,1.1365727
9040.0,2022-23,19,1.9565532,1,1.6269194
9040.0,2022-23,20,2.1482456,2,1.6876796
9040.0,2022-23,21,2.3057318,3,1.9925247
9040.0,2022-23,22,2.520705,2,3.0548768
9040.0,2022-23,23,2.8627677,1,2.913692
9040.0,2022-23,24,2.8520188,1,2.4048862
9040.0,2022-23,25,0.11602888,0,1.9764729
9040.0,2022-23,26,1.9612428,0,1.4229378
9040.0,2022-23,27,2.127276,1,1.7716612
9040.0,2022-23,28,2.3414614,1,2.525435
9040.0,2022-23,29,2.296976,1,2.4517732
9040.0,2022-23,29,2.296976,1,1.9378307
9040.0,2022-23,29,2.1397264,1,2.4517732
9040.0,2022-23,29,2.1397264,1,1.9378307
9040.0,2022-23,30,1.6556518,1,1.7188563
9040.0,2022-23,31,2.2508152,8,2.1397595
9040.0,2022-23,32,0.12452118,0,2.2961965
9040.0,2022-23,33,2.5384617,1,1.681762
9040.0,2022-23,34,2.3353477,0,1.488119
9040.0,2022-23,35,1.73503,10,1.18376
9040.0,2022-23,36,2.5236158,1,1.3256667
9040.0,2022-23,37,2.4303086,2,2.0237448
9040.0,2022-23,37,2.4303086,2,1.7197462
9040.0,2022-23,37,2.4255016,2,2.0237448
9040.0,2022-23,37,2.4255016,2,1.7197462
9040.0,2022-23,38,2.6474802,2,1.6082214
9154.0,2022-23,9,0.64068466,1,0.50004554
9154.0,2022-23,10,1.6699916,1,0.7231141
9154.0,2022-23,11,0.023948515,0,0.6485294
9154.0,2022-23,12,1.0059388,1,0.6309505
9154.0,2022-23,13,0.037560124,0,0.59575605
9154.0,2022-23,14,0.025280623,0,0.49422482
9154.0,2022-23,15,0.5890775,1,0.5385376
9154.0,2022-23,16,0.034878176,0,0.58668655
9154.0,2022-23,17,1.1156224,1,0.5218561
9154.0,2022-23,18,0.016620582,0,0.88131243
9154.0,2022-23,19,0.0125198215,0,0.7952311
9154.0,2022-23,20,0.0125198215,0,0.7377559
9154.0,2022-23,21,0.007892948,0,0.6851914
9154.0,2022-23,22,0.91024435,1,0.63307315
9154.0,2022-23,23,1.1968883,1,0.8672521
9154.0,2022-23,24,1.2646296,1,1.0883993
9154.0,2022-23,25,0.039932057,0,1.1780397
9154.0,2022-23,26,0.09376297,0,0.9213052
9154.0,2022-23,27,0.04804453,0,0.7048626
9154.0,2022-23,28,0.9624957,1,0.6311761
9154.0,2022-23,29,2.0321634,1,1.2458607
9154.0,2022-23,30,2.0514655,1,1.0905328
9154.0,2022-23,31,2.4759889,1,0.89586115
9154.0,2022-23,32,0.26790392,0,1.0694147
9154.0,2022-23,33,2.019376,1,0.80500835
9154.0,2022-23,34,1.6644768,1,0.98886913
9154.0,2022-23,35,2.5390537,1,1.3564396
9154.0,2022-23,36,2.3553998,1,1.5603427
9154.0,2022-23,36,2.3553998,1,1.3201338
9154.0,2022-23,36,1.4223737,1,1.5603427
9154.0,2022-23,36,1.4223737,1,1.3201338
9154.0,2022-23,37,1.5352623,3,2.5332136
9154.0,2022-23,38,2.1466782,7,1.7549595
9156.0,2022-23,25,0.10420886,0,1.1241639
9156.0,2022-23,26,1.9169924,4,1.0229203
9156.0,2022-23,27,1.9729959,1,1.2358356
9156.0,2022-23,27,1.9729959,1,1.659669
9156.0,2022-23,27,2.321324,3,1.2358356
9156.0,2022-23,27,2.321324,3,1.659669
9156.0,2022-23,28,2.376361,1,1.4471368
9156.0,2022-23,29,2.0724416,1,1.2303343
9156.0,2022-23,30,1.6429734,2,1.8795416
9156.0,2022-23,31,2.1560876,2,2.376933
9156.0,2022-23,32,2.4592557,2,2.3517575
9156.0,2022-23,33,2.2579699,1,2.0572925
9156.0,2022-23,34,2.1832187,2,1.98782
9156.0,2022-23,35,2.7152052,1,2.2836509
9156.0,2022-23,36,2.3511808,3,1.9508886
9156.0,2022-23,37,3.8598146,2,2.2607384
9156.0,2022-23,38,3.0899787,1,2.8817053
9274.0,2022-23,27,1.1860437,1,1.0844235
9274.0,2022-23,27,1.1860437,1,1.3437581
9274.0,2022-23,27,1.2433676,1,1.0844235
9274.0,2022-23,27,1.2433676,1,1.3437581
9274.0,2022-23,28,1.4595035,1,1.5197719
9274.0,2022-23,29,0.013805957,0,1.4291922
9274.0,2022-23,30,0.003867752,0,1.2199004
9274.0,2022-23,31,0.02743113,0,0.88700545
9274.0,2022-23,32,0.0082669575,0,0.67291534
9274.0,2022-23,33,0.010230808,0,0.5460103
9274.0,2022-23,34,-0.0013331114,0,0.532698
9274.0,2022-23,35,-0.009541727,0,0.5286064
9274.0,2022-23,36,-0.006176089,0,0.5249751
9274.0,2022-23,37,-0.030798906,0,0.51915944
9274.0,2022-23,38,0.50554144,1,0.51343465
9324.0,2022-23,27,0.93478435,1,0.55027
9324.0,2022-23,28,0.024466423,0,0.9222632
9324.0,2022-23,29,1.284175,1,0.765462
9324.0,2022-23,30,0.042552255,0,1.0731393
9324.0,2022-23,31,0.05081595,0,0.85887945
9324.0,2022-23,32,0.05081595,0,0.6745719
9324.0,2022-23,33,0.004009175,0,0.6266698
9324.0,2022-23,34,0.004009175,0,0.5719379
9324.0,2022-23,35,-0.008086373,0,0.50833344
9324.0,2022-23,36,-0.006176089,0,0.5051261
9324.0,2022-23,37,-0.006176089,0,0.50476575
9324.0,2022-23,38,0.44973248,1,0.5039186
9356.0,2022-23,15,0.006532879,0,0.5265215
9356.0,2022-23,16,0.017260836,0,0.5002097
9356.0,2022-23,17,-0.0054101693,0,0.46832314
9356.0,2022-23,18,0.9021949,1,0.522056
9356.0,2022-23,19,1.1696924,2,0.8444535
9356.0,2022-23,19,1.1696924,2,1.8729631
9356.0,2022-23,19,1.9394076,1,0.8444535
9356.0,2022-23,19,1.9394076,1,1.8729631
9356.0,2022-23,20,2.1121147,3,1.750821
9356.0,2022-23,21,2.823709,1,1.8017027
9356.0,2022-23,22,0.050168816,0,1.6134616
9356.0,2022-23,23,0.050929207,0,1.2857748
9356.0,2022-23,24,0.07173286,0,0.9978403
9356.0,2022-23,25,-0.002375939,0,0.72236305
9356.0,2022-23,26,1.3724334,1,0.6442649
9356.0,2022-23,27,1.402284,1,1.2050924
9356.0,2022-23,28,1.4507469,1,1.3149942
9356.0,2022-23,29,0.051957574,0,1.3468966
9356.0,2022-23,30,0.03253179,0,1.0596836
9356.0,2022-23,31,0.0018337242,0,0.80894786
9356.0,2022-23,32,0.009751705,0,0.6769496
9356.0,2022-23,33,-0.012425778,0,0.57966995
9356.0,2022-23,34,-0.0034843069,0,0.51057136
9356.0,2022-23,35,-0.0075585786,0,0.5083212
9356.0,2022-23,36,-0.03443891,0,0.5078777
9356.0,2022-23,37,0.42158046,1,0.5066362
9356.0,2022-23,37,0.42158046,1,0.93140787
9356.0,2022-23,37,0.88654184,2,0.5066362
9356.0,2022-23,37,0.88654184,2,0.93140787
9356.0,2022-23,38,1.5921909,1,1.311116
9453.0,2022-23,6,1.3525912,7,1.4850622
9453.0,2022-23,7,0.10485061,0,1.4552771
9453.0,2022-23,8,0.12249351,0,1.294233
9453.0,2022-23,9,1.3413026,2,1.058359
9453.0,2022-23,10,1.3434671,2,1.5548717
9453.0,2022-23,11,0.9338699,1,1.3152051
9453.0,2022-23,12,1.7909931,2,1.20306
9453.0,2022-23,13,1.2591252,1,1.1190671
9453.0,2022-23,14,1.5295489,2,1.2459434
9453.0,2022-23,15,1.01261,2,1.1584148
9453.0,2022-23,16,1.9014918,1,1.2582651
9453.0,2022-23,17,2.401613,1,1.8090078
9453.0,2022-23,18,0.18701458,0,1.6415981
9453.0,2022-23,19,2.1883707,5,1.5733119
9453.0,2022-23,20,2.3126483,3,1.7777896
9453.0,2022-23,21,2.451498,2,1.999381
9453.0,2022-23,22,3.566466,0,1.5068997
9453.0,2022-23,23,2.6689672,2,1.769376
9453.0,2022-23,24,2.3456578,2,2.5020595
9453.0,2022-23,25,-0.23987007,0,2.2251408
9453.0,2022-23,26,2.0355575,3,1.7955843
9453.0,2022-23,27,2.280344,1,2.133954
9453.0,2022-23,27,2.280344,1,1.9092276
9453.0,2022-23,27,2.1694322,2,2.133954
9453.0,2022-23,27,2.1694322,2,1.9092276
9453.0,2022-23,28,0.14845099,0,1.7334671
9453.0,2022-23,29,1.9552003,2,1.8554524
9453.0,2022-23,29,1.9552003,2,2.1407824
9453.0,2022-23,29,2.8782566,3,1.8554524
9453.0,2022-23,29,2.8782566,3,2.1407824
9453.0,2022-23,30,2.7310815,2,2.007073
9453.0,2022-23,31,2.2606704,2,2.2106044
9453.0,2022-23,32,0.26192325,0,2.33784
9453.0,2022-23,33,3.0233254,2,1.9698452
9453.0,2022-23,34,2.5650651,1,1.7369671
9453.0,2022-23,34,2.5650651,1,1.9262973
9453.0,2022-23,34,2.239525,2,1.7369671
9453.0,2022-23,34,2.239525,2,1.9262973
9453.0,2022-23,35,2.5508707,2,2.0100188
9453.0,2022-23,36,2.503932,3,1.8453149
9453.0,2022-23,36,2.503932,3,2.3327398
9453.0,2022-23,36,2.4009998,2,1.8453149
9453.0,2022-23,36,2.4009998,2,2.3327398
9453.0,2022-23,37,2.8748171,2,2.4391255
9453.0,2022-23,37,2.8748171,2,2.5399456
9453.0,2022-23,37,2.5262597,2,2.4391255
9453.0,2022-23,37,2.5262597,2,2.5399456
9453.0,2022-23,38,2.7500527,0,3.0917768
9492.0,2022-23,6,0.48518348,1,0.47357637
9492.0,2022-23,7,0.04609116,0,0.6228406
9492.0,2022-23,8,0.043157093,0,0.5932774
9492.0,2022-23,9,0.95994735,1,0.5570093
9492.0,2022-23,10,0.591608,1,0.5783296
9492.0,2022-23,11,1.0167227,1,0.6684448
9492.0,2022-23,12,0.70787054,2,0.6757463
9492.0,2022-23,13,1.3319234,6,0.8963441
9492.0,2022-23,14,1.2646694,7,0.9721222
9492.0,2022-23,15,1.9810119,13,1.1155628
9492.0,2022-23,16,3.804284,7,1.5458716
9492.0,2022-23,17,0.8772529,0,1.7101637
9492.0,2022-23,18,3.33536,1,1.1956007
9492.0,2022-23,19,3.6297052,4,0.9956187
9492.0,2022-23,20,0.18695252,0,1.0224134
9492.0,2022-23,21,0.4109934,0,1.2820269
9492.0,2022-23,22,2.8393044,1,1.1755126
9492.0,2022-23,22,2.8393044,1,1.6108648
9492.0,2022-23,22,2.0373833,5,1.1755126
9492.0,2022-23,22,2.0373833,5,1.6108648
9492.0,2022-23,23,3.1424778,2,1.9426361
9492.0,2022-23,24,2.6149676,3,1.8259683
9492.0,2022-23,25,2.9098983,1,2.537665
9492.0,2022-23,26,3.0755184,2,2.5410738
9492.0,2022-23,27,2.6067767,2,2.2663054
9492.0,2022-23,28,2.6091542,4,2.164342
9492.0,2022-23,29,2.5553496,2,2.4437418
9492.0,2022-23,29,2.5553496,2,1.6883694
9492.0,2022-23,29,3.2390761,0,2.4437418
9492.0,2022-23,29,3.2390761,0,1.6883694
9492.0,2022-23,30,0.19317302,0,2.340767
9492.0,2022-23,31,2.4868667,1,2.0418754
9492.0,2022-23,32,2.0224495,2,1.6680545
9492.0,2022-23,33,2.3438895,1,2.264876
9492.0,2022-23,34,2.3519862,2,2.408173
9492.0,2022-23,35,1.9771936,1,2.355558
9492.0,2022-23,36,0.030776335,0,2.45608
9492.0,2022-23,37,2.072781,0,1.8522801
9501.0,2022-23,6,2.7415907,1,0.7376984
9501.0,2022-23,7,1.0908536,0,0.68019676
9501.0,2022-23,8,0.26718146,0,0.6418058
9501.0,2022-23,9,1.6297199,1,0.675055
9501.0,2022-23,10,0.4150689,0,0.86278313
9501.0,2022-23,11,1.3865063,1,0.7607283
9501.0,2022-23,12,1.3237998,1,0.93652105
9501.0,2022-23,13,0.92015594,2,1.0029225
9501.0,2022-23,14,0.1372071,0,1.0502199
9501.0,2022-23,15,0.19563143,0,0.9067655
9501.0,2022-23,16,1.5037152,1,0.6703609
9501.0,2022-23,17,0.048308052,0,0.7832317
9501.0,2022-23,18,0.04010982,0,0.74049443
9501.0,2022-23,19,0.039276794,0,0.78248364
9501.0,2022-23,20,0.0054646847,0,0.7040424
9501.0,2022-23,21,0.0128675345,0,0.60347974
9501.0,2022-23,22,-0.0075585786,0,0.5712849
9501.0,2022-23,23,-0.0075585786,0,0.55790114
9501.0,2022-23,24,-0.0075585786,0,0.5463581
9501.0,2022-23,25,-0.030798906,0,0.52910346
9501.0,2022-23,26,-0.030798906,0,0.509596
9501.0,2022-23,27,0.41249722,1,0.4973513
9501.0,2022-23,28,0.02762989,0,0.75250965
9501.0,2022-23,29,0.02762989,0,0.7085551
9501.0,2022-23,30,0.02762989,0,0.6521526
9501.0,2022-23,31,0.007892948,0,0.5914428
9501.0,2022-23,32,0.007892948,0,0.5288813
9501.0,2022-23,33,-0.006176089,0,0.4960702
9501.0,2022-23,34,-0.006176089,0,0.4960702
9501.0,2022-23,35,-0.006176089,0,0.4960702
9501.0,2022-23,36,0.28425738,1,0.4960702
9524.0,2022-23,6,-0.007743068,0,0.635117
9524.0,2022-23,7,0.115512356,0,0.5595571
9524.0,2022-23,8,-0.056042787,0,0.49195594
9524.0,2022-23,9,-0.04152803,0,0.56144595
9524.0,2022-23,10,0.0031264625,0,0.7080038
9524.0,2022-23,11,-0.0061637685,0,0.6665709
9524.0,2022-23,12,0.722679,1,0.64052725
9524.0,2022-23,13,0.5795781,1,0.7493284
9524.0,2022-23,14,0.9067317,3,0.7829329
9524.0,2022-23,15,0.67364657,1,1.0270741
9524.0,2022-23,16,1.6714832,1,0.9093078
9524.0,2022-23,17,1.9173237,1,1.102675
9524.0,2022-23,18,2.0126793,1,0.9526516
9524.0,2022-23,19,1.7192628,1,0.83701617
9524.0,2022-23,20,0.05691032,0,0.879712
9524.0,2022-23,21,0.033155926,0,0.9059954
9524.0,2022-23,22,0.026239859,0,0.8723196
9524.0,2022-23,23,1.2634394,1,0.77558905
9524.0,2022-23,24,1.9105799,1,0.8146649
9524.0,2022-23,25,0.024705663,0,2.013329
9524.0,2022-23,26,1.8451179,1,1.5499817
9630.0,2022-23,27,2.0014105,3,3.1498713
9630.0,2022-23,27,2.0014105,3,4.0511208
9630.0,2022-23,27,2.8350809,2,3.1498713
9630.0,2022-23,27,2.8350809,2,4.0511208
9630.0,2022-23,28,3.578338,0,3.5618653
9630.0,2022-23,29,2.288172,1,2.9143562
9630.0,2022-23,30,2.1215754,2,2.3881822
9630.0,2022-23,31,2.8715456,2,2.444931
9630.0,2022-23,32,2.3459904,1,2.6026373
9630.0,2022-23,33,3.0072815,1,2.49613
9630.0,2022-23,34,2.0166876,6,2.1461997
9630.0,2022-23,35,2.5148103,1,2.5723977
9630.0,2022-23,36,2.3340693,1,2.666226
9630.0,2022-23,37,2.6493828,1,2.6980667
9630.0,2022-23,38,2.009252,14,2.1425996
9662.0,2022-23,26,2.9132123,2,2.6186357
9662.0,2022-23,27,3.243328,6,2.7370448
9662.0,2022-23,28,3.577805,2,2.7869444
9662.0,2022-23,29,3.3529775,1,3.6062112
9662.0,2022-23,29,3.3529775,1,3.3497925
9662.0,2022-23,29,3.3271723,2,3.6062112
9662.0,2022-23,29,3.3271723,2,3.3497925
9662.0,2022-23,30,4.0503163,1,1.8504244
9662.0,2022-23,31,2.9473958,8,1.9102564
9662.0,2022-23,32,3.3327422,1,2.6441064
9662.0,2022-23,33,2.555881,1,2.2794142
9662.0,2022-23,34,3.6961107,2,3.3224053
9662.0,2022-23,35,2.6612122,2,3.4399714
9662.0,2022-23,36,3.0104458,2,3.1141572
9662.0,2022-23,37,3.1411545,1,2.4335656
9662.0,2022-23,38,2.8828738,2,2.2061672
9667.0,2022-23,7,0.41956913,0,1.0354073
9667.0,2022-23,8,1.3269827,3,1.054157
9667.0,2022-23,9,1.0148177,5,1.2227132
9667.0,2022-23,10,1.3815583,1,1.4102077
9667.0,2022-23,11,1.0186653,2,1.4128221
9667.0,2022-23,12,1.3587933,2,1.4018358
9667.0,2022-23,13,1.472911,3,1.3876806
9667.0,2022-23,14,1.0140463,2,1.3494476
9667.0,2022-23,15,1.2317828,2,1.5059408
9667.0,2022-23,16,1.9535863,2,1.4600884
9667.0,2022-23,17,2.161931,2,1.6642736
9667.0,2022-23,18,2.1169212,1,1.7479736
9667.0,2022-23,19,0.17873587,0,1.9026331
9667.0,2022-23,20,1.8903811,9,1.7007049
9667.0,2022-23,21,2.4913316,2,2.0739603
9667.0,2022-23,22,2.5719748,2,2.306151
9667.0,2022-23,23,2.4587338,2,1.8979863
9667.0,2022-23,24,2.9788585,3,1.6668743
9667.0,2022-23,25,3.0883696,1,2.1334298
9667.0,2022-23,25,3.0883696,1,2.7867942
9667.0,2022-23,25,2.8945198,2,2.1334298
9667.0,2022-23,25,2.8945198,2,2.7867942
9667.0,2022-23,26,3.4505103,2,3.4151835
9667.0,2022-23,27,3.156699,3,3.6772757
9667.0,2022-23,28,2.8547988,2,3.2156487
9667.0,2022-23,29,2.7272103,2,2.5447288
9667.0,2022-23,30,2.6987581,1,2.4253688
9667.0,2022-23,31,0.1580533,0,3.0812812
9667.0,2022-23,32,0.1433682,0,2.184578
9667.0,2022-23,33,1.599084,1,1.4417942
9667.0,2022-23,34,0.008800019,0,1.8704445
9667.0,2022-23,35,1.5166014,3,1.6144491
9667.0,2022-23,36,1.7678213,1,1.2992333
9667.0,2022-23,37,2.194667,2,1.6210359
9667.0,2022-23,38,2.3120527,3,1.6792555
9680.0,2022-23,6,2.6115086,2,1.3481351
9680.0,2022-23,7,0.9098644,0,1.1089497
9680.0,2022-23,8,1.7497383,2,0.8284593
9680.0,2022-23,9,1.1798731,3,0.86835915
9680.0,2022-23,10,1.2096862,1,1.192126
9680.0,2022-23,11,1.1912518,3,1.3709189
9680.0,2022-23,12,1.4312642,3,1.4905933
9680.0,2022-23,13,0.8431934,2,1.4382645
9680.0,2022-23,14,1.1805925,2,1.5868202
9680.0,2022-23,15,0.8670887,0,1.5705756
9680.0,2022-23,16,1.6612022,2,1.3517704
9680.0,2022-23,17,1.6548914,8,1.5150517
9680.0,2022-23,18,2.4714315,1,1.4994887
9680.0,2022-23,19,2.6753323,2,1.7897419
9680.0,2022-23,20,2.6441674,3,1.6561471
9680.0,2022-23,21,1.7078775,1,1.8569833
9680.0,2022-23,22,1.9350846,1,1.8634554
9680.0,2022-23,23,1.9459646,2,2.0821042
9680.0,2022-23,24,2.4233608,7,2.15997
9680.0,2022-23,25,0.1998507,0,2.2315888
9680.0,2022-23,26,2.3346488,1,2.1782646
9680.0,2022-23,27,2.154969,2,2.1058555
9680.0,2022-23,27,2.154969,2,2.1865473
9680.0,2022-23,27,2.4646416,1,2.1058555
9680.0,2022-23,27,2.4646416,1,2.1865473
9680.0,2022-23,28,0.13624217,0,2.2414513
9680.0,2022-23,29,0.12673528,0,1.6677617
9680.0,2022-23,30,1.659816,1,1.1213033
9680.0,2022-23,31,1.7299409,1,1.5132736
9680.0,2022-23,32,1.7786167,2,1.5658988
9680.0,2022-23,33,2.0321414,3,1.9650215
9680.0,2022-23,34,2.3646765,2,1.9961145
9680.0,2022-23,35,1.9515698,2,2.046112
9680.0,2022-23,36,2.0088701,3,2.0013947
9680.0,2022-23,37,2.0646067,2,1.9597712
9680.0,2022-23,38,2.009445,2,2.2151299
9681.0,2022-23,7,0.0013273353,0,0.6897236
9681.0,2022-23,8,0.97872305,1,0.6400044
9681.0,2022-23,9,0.6364458,1,0.70220363
9681.0,2022-23,10,0.6129999,1,0.67181534
9681.0,2022-23,11,0.9274385,6,0.7310406
9681.0,2022-23,12,1.187584,1,1.2081147
9681.0,2022-23,13,0.7817603,1,1.0120437
9681.0,2022-23,14,1.1936625,1,0.8934158
9681.0,2022-23,15,0.7843607,1,0.73596203
9681.0,2022-23,16,1.4775075,2,0.67258865
9681.0,2022-23,17,0.04956991,0,1.3983155
9681.0,2022-23,18,0.13337478,0,1.2015716
9681.0,2022-23,19,0.07884295,0,1.0445069
9681.0,2022-23,20,0.004370817,0,0.9041285
9681.0,2022-23,21,-0.0044197747,0,0.740042
9681.0,2022-23,22,-0.014485292,0,0.66651666
9681.0,2022-23,23,-0.014485292,0,0.64902645
9681.0,2022-23,24,-0.014485292,0,0.6260082
9681.0,2022-23,25,-0.030798906,0,0.5951909
9681.0,2022-23,26,-0.030798906,0,0.56795037
9681.0,2022-23,27,0.43241018,1,0.5435785
9681.0,2022-23,27,0.43241018,1,0.9384365
9681.0,2022-23,27,1.3263526,1,0.5435785
9681.0,2022-23,27,1.3263526,1,0.9384365
9681.0,2022-23,28,0.074296385,0,1.3098689
9681.0,2022-23,29,0.074296385,0,1.0904971
9681.0,2022-23,30,0.07313611,0,0.8785571
9681.0,2022-23,31,0.019584827,0,0.6961284
9681.0,2022-23,32,0.7931297,1,0.58455855
9681.0,2022-23,33,2.370836,3,1.6185492
9681.0,2022-23,34,2.2612405,7,1.6799749
9681.0,2022-23,35,2.4972577,2,1.5532173
9681.0,2022-23,36,2.6960783,1,1.3489264
9681.0,2022-23,37,2.8107548,1,1.5623852
9681.0,2022-23,38,2.5471866,3,1.4443425
9689.0,2022-23,6,0.687069,2,1.0280626
9689.0,2022-23,7,-0.011627049,0,1.14661
9689.0,2022-23,8,0.7139174,1,0.9826623
9689.0,2022-23,9,0.93333703,1,0.9169022
9689.0,2022-23,10,0.015935263,0,0.80254984
9689.0,2022-23,11,0.0069044246,0,0.69407314
9689.0,2022-23,12,0.02689022,0,0.6276234
9689.0,2022-23,13,0.008374352,0,0.5842298
9689.0,2022-23,14,-0.007923086,0,0.55130345
9689.0,2022-23,15,-0.0040820907,0,0.5718517
9689.0,2022-23,16,-0.0040820907,0,0.56214726
9689.0,2022-23,17,-0.00024987652,0,0.54933095
9689.0,2022-23,18,-0.030798906,0,0.53354925
9689.0,2022-23,19,-0.030798906,0,0.51434577
9689.0,2022-23,20,-0.030798906,0,0.5035176
9689.0,2022-23,21,-0.030798906,0,0.501174
9689.0,2022-23,22,0.42016608,1,0.49797624
9689.0,2022-23,23,1.3580575,0,1.0155898
9689.0,2022-23,24,1.2816229,3,1.2681025
9689.0,2022-23,25,1.7007959,3,1.4819793
9689.0,2022-23,26,1.7819687,2,1.6793767
9689.0,2022-23,27,1.9423037,2,1.7463725
9689.0,2022-23,27,1.9423037,2,1.7738268
9689.0,2022-23,27,1.8010883,2,1.7463725
9689.0,2022-23,27,1.8010883,2,1.7738268
9689.0,2022-23,28,0.07814745,0,1.8076408
9689.0,2022-23,29,0.04415222,0,1.5586199
9689.0,2022-23,30,0.01632762,0,1.2637136
9689.0,2022-23,31,1.0230204,1,0.9971149
9689.0,2022-23,32,0.012134418,0,1.0882378
9689.0,2022-23,33,1.6889466,1,0.94927204
9734.0,2022-23,6,0.9763506,5,0.87124956
9739.0,2022-23,6,0.9910217,1,1.0911225
9739.0,2022-23,7,0.104952045,0,1.0898747
9739.0,2022-23,8,0.8487225,2,0.9430628
9739.0,2022-23,9,1.4454315,6,1.1617985
9739.0,2022-23,10,0.8516462,2,1.3903118
9739.0,2022-23,11,1.3872961,3,1.2616358
9739.0,2022-23,12,1.3914871,6,1.1866964
9739.0,2022-23,13,0.99043065,6,1.3571651
9739.0,2022-23,14,1.2882595,1,1.3837835
9739.0,2022-23,15,1.7403545,3,1.1717608
9739.0,2022-23,16,2.2929788,3,1.0147111
9739.0,2022-23,17,2.8132672,2,1.2479478
9739.0,2022-23,18,3.4082456,9,1.3213656
9739.0,2022-23,19,-0.261704,0,1.6575825
9739.0,2022-23,20,-0.15170778,0,1.903737
9739.0,2022-23,21,3.4502888,2,1.3815691
9739.0,2022-23,22,2.2557344,2,2.0779662
9739.0,2022-23,23,2.780175,1,1.8974413
9739.0,2022-23,24,2.4079607,1,2.2887354
9739.0,2022-23,25,2.7565832,2,2.2382522
9739.0,2022-23,26,2.7747173,2,2.562189
9739.0,2022-23,27,2.399935,2,2.1658192
9739.0,2022-23,28,2.5656488,2,2.8594885
9739.0,2022-23,29,3.6834834,1,3.2254252
9739.0,2022-23,29,3.6834834,1,2.637731
9739.0,2022-23,29,2.6227078,-1,3.2254252
9739.0,2022-23,29,2.6227078,-1,2.637731
9739.0,2022-23,30,0.19246344,0,2.5296326
9739.0,2022-23,31,1.9910012,2,1.8156372
9739.0,2022-23,32,2.3249269,1,2.1393352
9739.0,2022-23,33,0.18461934,0,2.2241101
9739.0,2022-23,34,0.15071209,0,1.8048085
9739.0,2022-23,35,2.4922051,1,1.3026482
9739.0,2022-23,36,0.01122255,0,1.6663827
9739.0,2022-23,37,0.04713926,0,1.3500067
9739.0,2022-23,38,1.7463354,3,1.1175499
9741.0,2022-23,6,0.0006103121,0,0.49608368
9741.0,2022-23,7,-0.019388655,0,0.5010959
9741.0,2022-23,8,0.56377715,1,0.49869365
9741.0,2022-23,9,0.66690165,1,0.56248796
9741.0,2022-23,10,0.6449637,1,0.62988496
9741.0,2022-23,11,0.02766053,0,0.65448165
9741.0,2022-23,12,0.02766053,0,0.58656967
9741.0,2022-23,13,0.9067317,1,0.49981302
9914.0,2022-23,6,1.1015054,4,0.85815954
9914.0,2022-23,7,0.031578563,0,1.0740826
9914.0,2022-23,8,1.1231028,1,0.86138326
9914.0,2022-23,9,0.77252775,3,0.87137675
9914.0,2022-23,10,0.69167227,2,1.0966082
9914.0,2022-23,11,1.2999637,0,1.0855898
9914.0,2022-23,12,1.1630441,1,1.0293998
9914.0,2022-23,13,0.7087711,1,0.8572804
9914.0,2022-23,14,-0.025135318,0,0.78214806
9914.0,2022-23,15,0.01403775,0,0.6969726
9914.0,2022-23,16,0.022836812,0,0.65576184
9914.0,2022-23,17,0.0052879453,0,0.6163814
9914.0,2022-23,18,0.0017892899,0,0.64531755
9914.0,2022-23,19,-0.012279756,0,0.6197233
9914.0,2022-23,20,-0.00024987652,0,0.60127014
9914.0,2022-23,21,-0.006176089,0,0.5824139
9914.0,2022-23,22,-0.030798906,0,0.55589277
9914.0,2022-23,23,-0.030798906,0,0.5275743
9914.0,2022-23,24,0.49724525,1,0.5105948
9914.0,2022-23,25,-0.0032346502,0,0.89596534
9914.0,2022-23,26,-0.0032346502,0,0.76042914
9914.0,2022-23,27,-0.0032346502,0,0.6856559
9914.0,2022-23,28,0.84089005,-2,0.6120191
9914.0,2022-23,29,1.2710134,1,0.7612914
9914.0,2022-23,30,1.9582684,1,1.495159
9914.0,2022-23,31,1.9859139,1,1.6671311
9914.0,2022-23,32,0.10437484,0,1.4453644
9914.0,2022-23,33,1.5273451,4,1.1015577
9914.0,2022-23,34,1.8755484,1,1.3485382
9914.0,2022-23,35,1.4876825,1,1.1046553
9914.0,2022-23,36,1.8288847,1,0.9880097
9914.0,2022-23,37,1.5689182,1,0.9375618
9914.0,2022-23,38,1.5297575,1,1.1124028
9948.0,2022-23,7,0.11314571,0,1.0416006
9948.0,2022-23,8,0.14152266,0,0.8475863
9948.0,2022-23,9,0.96664554,2,0.7101449
9948.0,2022-23,10,0.8686406,5,0.9903737
9948.0,2022-23,11,1.0144038,1,1.3752643
9948.0,2022-23,12,1.3861885,5,1.3566633
9948.0,2022-23,13,0.9366347,2,1.2914358
9948.0,2022-23,14,1.6261885,3,1.1872722
9948.0,2022-23,15,0.7800006,10,1.051831
9948.0,2022-23,16,4.8370543,2,1.0450184
9948.0,2022-23,17,4.8490124,2,1.720084
9948.0,2022-23,18,4.535639,12,1.4282651
9948.0,2022-23,19,5.187511,2,1.5960232
9948.0,2022-23,20,4.6455507,2,2.2115855
9948.0,2022-23,20,4.6455507,2,3.297422
9948.0,2022-23,20,3.8995476,9,2.2115855
9948.0,2022-23,20,3.8995476,9,3.297422
9948.0,2022-23,21,4.076046,0,3.792735
9948.0,2022-23,22,3.089405,2,2.4201274
9948.0,2022-23,23,3.4050488,2,3.175117
9948.0,2022-23,24,2.8080192,8,2.70295
9948.0,2022-23,25,4.1917086,3,2.9519415
9948.0,2022-23,26,3.9457893,2,2.4177465
9948.0,2022-23,27,3.0198178,2,2.5112996
9948.0,2022-23,27,3.0198178,2,3.3423438
9948.0,2022-23,27,3.1930048,2,2.5112996
9948.0,2022-23,27,3.1930048,2,3.3423438
9948.0,2022-23,28,2.5236096,2,2.778389
9948.0,2022-23,29,3.600299,2,3.514854
9948.0,2022-23,30,3.1488159,14,3.0975533
9948.0,2022-23,31,5.125381,3,2.5566392
9948.0,2022-23,32,6.4742994,3,3.1999435
9948.0,2022-23,33,4.1061254,2,4.161774
9948.0,2022-23,34,5.2001085,5,3.5818233
9948.0,2022-23,35,3.8240442,2,3.0124717
9948.0,2022-23,36,4.283498,6,3.9162436
9948.0,2022-23,37,4.9687314,2,3.7487664
9948.0,2022-23,38,5.132744,6,3.1704535
10004.0,2022-23,6,0.71108437,0,1.3990898
10004.0,2022-23,7,0.33720562,0,1.2359536
10004.0,2022-23,8,0.011511534,0,1.0093609
10004.0,2022-23,9,0.041905742,0,0.88039124
10004.0,2022-23,10,0.044992153,0,0.8532243
10004.0,2022-23,11,0.017089581,0,0.7659809
10004.0,2022-23,12,0.03993548,0,0.7159516
10004.0,2022-23,13,0.034009263,0,0.6721557
10004.0,2022-23,14,-0.030798906,0,0.63093406
10004.0,2022-23,15,0.3802249,0,0.591525
10004.0,2022-23,16,1.2832493,2,0.8545438
10004.0,2022-23,17,-0.014116806,0,1.6278418
10004.0,2022-23,18,1.751723,1,1.2877461
10004.0,2022-23,19,1.4438723,2,0.78128445
10004.0,2022-23,20,1.3035883,1,0.7899113
10004.0,2022-23,21,1.5871938,3,0.9169422
10004.0,2022-23,22,1.8356723,1,1.1636231
10004.0,2022-23,23,2.041215,2,1.4242305
10004.0,2022-23,24,1.9402215,2,1.769421
10004.0,2022-23,25,1.8200972,1,2.0651212
10004.0,2022-23,26,1.9450883,3,1.941526
10004.0,2022-23,27,1.6248705,3,2.035811
10004.0,2022-23,27,1.6248705,3,2.4331646
10004.0,2022-23,27,1.9969442,1,2.035811
10004.0,2022-23,27,1.9969442,1,2.4331646
10004.0,2022-23,28,2.095264,2,2.2612882
10004.0,2022-23,29,1.839359,2,2.1223965
10004.0,2022-23,30,1.7949768,2,2.5451136
10004.0,2022-23,31,2.0364473,1,2.4557128
10004.0,2022-23,32,2.1070416,2,2.2740326
10004.0,2022-23,33,2.146821,2,2.2028177
10004.0,2022-23,34,1.8760432,1,2.2207866
10004.0,2022-23,35,2.078009,5,2.1667948
10004.0,2022-23,36,2.0534818,1,2.2960668
10004.0,2022-23,37,1.8459642,2,2.2757754
10004.0,2022-23,38,2.021482,2,2.3024678
10036.0,2022-23,18,1.3090718,0,0.910349
10036.0,2022-23,19,1.8097765,6,1.2064506
10036.0,2022-23,20,2.0467958,1,1.5786246
10036.0,2022-23,21,0.19217275,0,1.4355947
10036.0,2022-23,22,2.0585387,4,1.2304602
10036.0,2022-23,23,-0.0013695827,0,1.4048011
10036.0,2022-23,24,0.009016948,0,1.0651494
10036.0,2022-23,25,-0.041690774,0,0.93176055
10036.0,2022-23,26,1.5026647,1,0.7339638
10036.0,2022-23,27,1.9576509,1,1.1428914
10072.0,2022-23,11,0.94524455,1,0.6140444
10072.0,2022-23,12,-0.003663543,0,0.695593
10072.0,2022-23,13,0.896049,1,0.5714077
10072.0,2022-23,14,0.6769064,1,0.5795853
10072.0,2022-23,15,0.94679254,1,0.6509216
10072.0,2022-23,16,1.3988268,1,0.77503765
10072.0,2022-23,17,2.2156296,2,1.3480923
10072.0,2022-23,18,2.9545248,2,1.1591995
10072.0,2022-23,19,3.1138856,1,0.9238582
10072.0,2022-23,20,2.8238833,2,0.64878166
10072.0,2022-23,21,2.4041538,3,1.207017
10072.0,2022-23,22,2.179001,2,1.7872369
10072.0,2022-23,23,2.8332293,1,1.9823914
10072.0,2022-23,24,0.13175589,0,1.7960504
10072.0,2022-23,25,0.062347196,0,1.3332068
10072.0,2022-23,26,0.032328244,0,1.0054113
10072.0,2022-23,27,0.031622153,0,0.8682542
10072.0,2022-23,28,0.007628771,0,0.8168123
10072.0,2022-23,29,-0.002861421,0,0.73263973
10072.0,2022-23,30,-0.01952818,0,0.67269325
10072.0,2022-23,31,0.7516483,1,0.6175084
10072.0,2022-23,32,0.02762989,0,1.1694868
10072.0,2022-23,33,0.02762989,0,0.92434204
10072.0,2022-23,34,0.02762989,0,0.7703282
10072.0,2022-23,35,0.9605051,1,0.6540678
10216.0,2022-23,20,2.2867599,3,2.1512442
10216.0,2022-23,21,2.3708029,1,2.3597732
10216.0,2022-23,22,0.10392669,0,1.7119006
10216.0,2022-23,23,0.087442674,0,1.3592541
10216.0,2022-23,24,-0.0077418974,0,0.83777577
10216.0,2022-23,25,-0.021025918,0,0.8497082
10216.0,2022-23,26,0.0041392194,0,0.7542295
10216.0,2022-23,27,-0.005327048,0,0.72837967
10216.0,2022-23,28,-0.00900298,0,0.6926544
10216.0,2022-23,29,-0.012279756,0,0.65535575
10216.0,2022-23,30,-0.030798906,0,0.6338212
10216.0,2022-23,31,-0.030798906,0,0.59996516
10216.0,2022-23,32,-0.030798906,0,0.55823237
10216.0,2022-23,33,-0.030798906,0,0.5225997
10216.0,2022-23,34,-0.030798906,0,0.50170696
10216.0,2022-23,35,-0.030798906,0,0.4957639
10216.0,2022-23,36,0.5339154,2,0.4957639
10216.0,2022-23,37,1.5967611,2,1.5120152
10216.0,2022-23,37,1.5967611,2,2.7473655
10216.0,2022-23,37,2.230506,5,1.5120152
10216.0,2022-23,37,2.230506,5,2.7473655
10216.0,2022-23,38,3.0985906,2,2.2304862
10327.0,2022-23,6,0.35649094,0,0.46351752
10327.0,2022-23,7,-0.044011492,0,0.4537914
10327.0,2022-23,8,0.3594868,0,0.46351752
10327.0,2022-23,9,0.24192731,0,0.4537914
10327.0,2022-23,10,0.24192731,0,0.46351752
10327.0,2022-23,11,0.3802249,0,0.45306796
10327.0,2022-23,12,0.24192731,0,0.4776538
10327.0,2022-23,13,0.3802249,0,0.45012575
10327.0,2022-23,14,0.24192731,0,0.47555703
10327.0,2022-23,15,0.3802249,0,0.46351752
10327.0,2022-23,16,0.4333149,0,0.4537914
10327.0,2022-23,17,0.44667834,0,0.7332256
10327.0,2022-23,18,0.414187,0,0.841725
10327.0,2022-23,19,0.44762525,0,0.99825704
10327.0,2022-23,20,0.44480658,0,0.77704036
10327.0,2022-23,21,0.4708542,0,0.6752653
10327.0,2022-23,22,0.42281035,0,0.7134078
10327.0,2022-23,23,0.5455357,0,0.6964427
10327.0,2022-23,24,0.43555814,0,0.7320107
10327.0,2022-23,25,0.6226729,0,0.6770477
10327.0,2022-23,25,0.6226729,0,0.69682604
10327.0,2022-23,25,0.4708542,0,0.6770477
10327.0,2022-23,25,0.4708542,0,0.69682604
10327.0,2022-23,26,0.48718095,0,0.6970232
10327.0,2022-23,27,0.4582764,0,0.75481343
10327.0,2022-23,28,0.48692048,0,0.6848519
10327.0,2022-23,29,0.5447892,0,0.7343789
10327.0,2022-23,30,0.44491288,0,0.71504587
10327.0,2022-23,31,0.46381062,0,0.7570515
10327.0,2022-23,32,0.48267403,0,0.85969275
10327.0,2022-23,33,0.4447107,0,0.7342211
10327.0,2022-23,34,0.5406248,0,0.85386056
10327.0,2022-23,35,0.48604786,0,0.74405444
10327.0,2022-23,36,0.42619732,0,0.69963837
10327.0,2022-23,37,0.24267608,0,0.72899663
10327.0,2022-23,38,0.46717662,0,0.6199768
10405.0,2022-23,6,1.5756363,1,0.98889685
10405.0,2022-23,7,0.3558936,0,0.8089137
10405.0,2022-23,8,1.2282107,2,0.7053392
10405.0,2022-23,9,0.86091816,1,0.9637633
10405.0,2022-23,10,0.8262882,1,1.048674
10405.0,2022-23,11,1.1233561,1,1.1206849
10405.0,2022-23,12,1.0868869,1,0.99737537
10405.0,2022-23,13,0.64015,1,0.85690325
10405.0,2022-23,14,1.0055428,2,0.8863621
10405.0,2022-23,15,0.7150298,2,1.2170302
10405.0,2022-23,16,1.7085568,4,1.2220285
10405.0,2022-23,17,2.4450715,1,1.3921776
10405.0,2022-23,18,2.0858223,8,1.2053629
10405.0,2022-23,19,2.6800888,1,1.089856
10405.0,2022-23,20,2.439043,6,1.0872155
10405.0,2022-23,21,3.41034,1,1.40016
10405.0,2022-23,22,2.767733,3,2.3472056
10405.0,2022-23,23,2.5111892,1,2.2131667
10405.0,2022-23,24,2.831723,3,2.1988292
10405.0,2022-23,25,0.1919457,0,2.1450493
10405.0,2022-23,26,2.321001,1,1.7515023
10405.0,2022-23,27,1.6388013,1,1.4052362
10405.0,2022-23,28,2.02048,1,1.6640426
10405.0,2022-23,29,1.7481743,1,1.7609822
10405.0,2022-23,29,1.7481743,1,1.8115287
10405.0,2022-23,29,1.6588159,1,1.7609822
10405.0,2022-23,29,1.6588159,1,1.8115287
10405.0,2022-23,30,1.5725602,2,1.8898886
10405.0,2022-23,31,1.997256,2,1.9870661
10405.0,2022-23,32,2.227166,1,1.95079
10405.0,2022-23,33,0.038991623,0,1.6673552
10405.0,2022-23,34,2.2705743,9,1.3756998
10405.0,2022-23,35,2.0700214,1,1.5174873
10405.0,2022-23,36,1.7950125,1,1.2171228
10405.0,2022-23,37,2.114286,1,1.1521497
10405.0,2022-23,38,2.0476682,1,0.8000764
10408.0,2022-23,6,3.1118531,3,0.64669305
10408.0,2022-23,7,2.1070006,0,0.55342954
10408.0,2022-23,8,2.1033149,0,0.66778207
10408.0,2022-23,9,2.4133334,4,0.751248
10408.0,2022-23,10,1.5278592,3,0.96386707
10408.0,2022-23,11,0.5158936,0,1.1240191
10408.0,2022-23,12,0.45952016,0,0.8534618
10408.0,2022-23,13,0.6840706,0,0.6068467
10408.0,2022-23,14,0.084389,0,0.5575142
10408.0,2022-23,15,-0.01824975,0,0.66252923
10408.0,2022-23,16,-0.023255773,0,0.73712707
10408.0,2022-23,17,-0.023255773,0,0.6672578
10408.0,2022-23,18,-0.061788615,0,0.5974612
10408.0,2022-23,19,-0.030798906,0,0.5606798
10408.0,2022-23,20,-0.030798906,0,0.53946334
10408.0,2022-23,21,-0.030798906,0,0.5315149
10408.0,2022-23,22,-0.030798906,0,0.5194897
10408.0,2022-23,23,-0.030798906,0,0.50342107
10408.0,2022-23,24,-0.030798906,0,0.4957639
10408.0,2022-23,25,-0.030798906,0,0.4957639
10408.0,2022-23,26,-0.030798906,0,0.4957639
10408.0,2022-23,27,-0.030798906,0,0.4957639
10408.0,2022-23,28,-0.030798906,0,0.4957639
10408.0,2022-23,29,-0.030798906,0,0.4957639
10408.0,2022-23,30,-0.030798906,0,0.4957639
10408.0,2022-23,31,0.45920724,1,0.4957639
10408.0,2022-23,32,1.1460837,1,0.7605221
10408.0,2022-23,33,0.97359884,1,0.9359575
10408.0,2022-23,34,2.0639288,10,1.2843057
10408.0,2022-23,34,2.0639288,10,1.621353
10408.0,2022-23,34,2.3706856,3,1.2843057
10408.0,2022-23,34,2.3706856,3,1.621353
10408.0,2022-23,35,1.9384768,1,1.8447269
10408.0,2022-23,36,2.5420759,3,1.346447
10408.0,2022-23,37,3.0401094,2,1.4802812
10408.0,2022-23,38,3.7497263,1,1.7477425
10552.0,2022-23,6,0.0006103121,0,0.5477035
10552.0,2022-23,7,-0.019388655,0,0.49564952
10552.0,2022-23,8,-0.016392801,0,0.49537304
10552.0,2022-23,9,-0.006176089,0,0.49536008
10552.0,2022-23,10,-0.030798906,0,0.49538723
10552.0,2022-23,11,-0.030798906,0,0.49539804
10552.0,2022-23,12,-0.030798906,0,0.49558792
10552.0,2022-23,13,-0.030798906,0,0.49580985
10552.0,2022-23,14,-0.030798906,0,0.4959844
10552.0,2022-23,15,0.24192731,2,0.4957639
10552.0,2022-23,16,1.5306362,5,0.8210864
10552.0,2022-23,17,1.5568002,0,1.2767661
10552.0,2022-23,18,2.185341,1,1.0939242
10552.0,2022-23,19,2.1129532,4,1.1266813
10552.0,2022-23,20,2.2295043,4,0.91721994
10552.0,2022-23,20,2.2295043,4,1.3808168
10552.0,2022-23,20,4.253405,1,0.91721994
10552.0,2022-23,20,4.253405,1,1.3808168
10552.0,2022-23,21,3.6934054,1,2.5886946
10552.0,2022-23,22,3.2934184,1,2.25388
10552.0,2022-23,22,3.2934184,1,3.4825
10552.0,2022-23,22,2.7092865,1,2.25388
10552.0,2022-23,22,2.7092865,1,3.4825
10552.0,2022-23,23,2.60978,6,2.9560885
10552.0,2022-23,24,2.9213378,1,2.1694121
10552.0,2022-23,25,-0.045914046,0,2.2604532
10552.0,2022-23,26,1.7086493,1,1.3845072
10552.0,2022-23,27,1.7696922,1,1.9614472
10552.0,2022-23,28,0.024770055,0,2.2833157
10552.0,2022-23,29,0.044717837,0,1.5770267
10552.0,2022-23,30,0.03850091,0,1.2411382
10552.0,2022-23,31,0.016917573,0,0.9243034
10552.0,2022-23,32,-0.0044908416,0,0.6393479
10552.0,2022-23,33,-0.0050669583,0,0.6121267
10552.0,2022-23,34,-0.0050669583,0,0.59134686
10552.0,2022-23,35,-0.00024987652,0,0.5677284
10552.0,2022-23,36,0.45140073,5,0.53878504
10552.0,2022-23,37,2.4561844,1,1.3476529
10552.0,2022-23,37,2.4561844,1,1.5547751
10552.0,2022-23,37,2.172822,1,1.3476529
10552.0,2022-23,37,2.172822,1,1.5547751
10552.0,2022-23,38,1.9012922,2,1.7627207
10698.0,2022-23,6,0.0006103121,0,0.47526696
10698.0,2022-23,7,-0.019388655,0,0.5034647
10698.0,2022-23,8,-0.016392801,0,0.500002
10698.0,2022-23,9,-0.006176089,0,0.49872512
10698.0,2022-23,10,-0.030798906,0,0.49804902
10698.0,2022-23,11,-0.030798906,0,0.49752757
10698.0,2022-23,12,-0.030798906,0,0.4972047
10698.0,2022-23,13,0.24192731,1,0.49688402
10698.0,2022-23,14,0.02972388,0,0.56436455
10698.0,2022-23,15,0.02972388,0,0.55041623
10698.0,2022-23,16,1.1722803,1,0.53009725
10715.0,2022-23,6,2.2160501,1,1.3051575
10715.0,2022-23,7,0.55825454,0,1.5339836
10715.0,2022-23,8,1.0688488,8,1.1969571
10715.0,2022-23,9,0.4014986,0,1.3852777
10715.0,2022-23,10,1.2251428,2,1.0830994
10715.0,2022-23,11,1.8045187,2,1.3949473
10715.0,2022-23,12,1.2672615,3,1.4717033
10715.0,2022-23,13,1.177837,2,1.4716784
10715.0,2022-23,14,1.5685854,3,1.5896245
10715.0,2022-23,15,1.1876289,2,1.6373084
10715.0,2022-23,16,1.8518177,2,1.6226357
10715.0,2022-23,17,1.6357181,3,1.7850679
10715.0,2022-23,18,2.4526443,10,1.7554665
10715.0,2022-23,19,3.6094656,2,1.8605245
10715.0,2022-23,19,3.6094656,2,2.1104565
10715.0,2022-23,19,2.9373224,2,1.8605245
10715.0,2022-23,19,2.9373224,2,2.1104565
10715.0,2022-23,20,2.5200186,2,2.0546684
10715.0,2022-23,21,2.2054224,1,1.7703048
10715.0,2022-23,22,2.0999842,2,1.647247
10715.0,2022-23,23,2.6551769,3,2.761838
10715.0,2022-23,24,2.269225,2,2.7893791
10715.0,2022-23,25,2.258953,1,2.9590063
10715.0,2022-23,26,-0.12520222,0,3.1450715
10715.0,2022-23,27,0.093167186,0,2.5236106
10715.0,2022-23,28,0.06205095,0,1.667852
10715.0,2022-23,29,1.1716682,2,1.2236183
10715.0,2022-23,30,1.842622,2,1.8219063
10715.0,2022-23,31,2.0326388,2,1.7299033
10715.0,2022-23,32,2.2795913,-1,1.9069251
10715.0,2022-23,33,2.3227823,1,1.8999242
10715.0,2022-23,34,2.1119268,2,2.2902684
10715.0,2022-23,34,2.1119268,2,2.2127643
10715.0,2022-23,34,2.4322405,2,2.2902684
10715.0,2022-23,34,2.4322405,2,2.2127643
10715.0,2022-23,35,2.6103125,2,2.3842335
10715.0,2022-23,36,2.6128592,3,2.45919
10715.0,2022-23,37,2.911855,1,2.2556868
10715.0,2022-23,38,1.8022146,1,2.131455
10716.0,2022-23,6,0.003924978,0,0.5013675
10716.0,2022-23,7,-0.016073996,0,0.5328137
10716.0,2022-23,8,-0.013078136,0,0.51780415
10716.0,2022-23,9,-0.002861421,0,0.5118271
10716.0,2022-23,10,-0.030798906,0,0.50849414
10716.0,2022-23,11,-0.030798906,0,0.50556195
10716.0,2022-23,12,-0.030798906,0,0.5030092
10716.0,2022-23,13,-0.030798906,0,0.50059843
10716.0,2022-23,14,-0.030798906,0,0.4982706
10716.0,2022-23,15,-0.030798906,0,0.4957639
10716.0,2022-23,16,-0.030798906,0,0.4957639
10716.0,2022-23,17,-0.030798906,0,0.4957639
10716.0,2022-23,18,-0.030798906,0,0.4957639
10716.0,2022-23,19,0.5321722,1,0.4957639
10716.0,2022-23,20,0.02762989,0,0.8239389
10716.0,2022-23,21,1.2514858,1,0.7234471
10716.0,2022-23,22,1.3691922,1,1.0649924
10716.0,2022-23,23,1.6833959,6,1.2870088
10716.0,2022-23,24,1.906323,6,1.8060735
10716.0,2022-23,25,2.8791559,7,1.9889953
10716.0,2022-23,26,1.861751,7,1.9469192
10716.0,2022-23,27,1.5259783,2,1.5565041
10716.0,2022-23,28,-0.36191154,0,2.0170398
10716.0,2022-23,29,2.1899614,2,1.6117793
10716.0,2022-23,30,2.919312,1,2.5325909
10716.0,2022-23,31,0.26479673,0,1.956676
10716.0,2022-23,32,3.078057,1,1.469273
10716.0,2022-23,33,1.9900602,2,1.5206219
10716.0,2022-23,34,1.8384576,1,1.9614598
10716.0,2022-23,34,1.8384576,1,2.233038
10716.0,2022-23,34,1.6501387,1,1.9614598
10716.0,2022-23,34,1.6501387,1,2.233038
10716.0,2022-23,35,1.8047565,1,1.9393424
10716.0,2022-23,36,1.6053796,1,1.675974
10716.0,2022-23,37,1.7799218,1,1.5617498
10716.0,2022-23,38,1.1458014,1,1.5366625
10719.0,2022-23,17,1.1188929,1,0.58027524
10723.0,2022-23,9,-0.023175692,0,0.5160774
10723.0,2022-23,10,-0.040609404,0,0.5310535
10723.0,2022-23,11,-0.03761355,0,0.51657045
10723.0,2022-23,12,-0.013960471,0,0.5108647
10723.0,2022-23,13,-0.030798906,0,0.5077012
10723.0,2022-23,14,-0.030798906,0,0.50505257
10723.0,2022-23,15,-0.030798906,0,0.5027373
10723.0,2022-23,16,-0.030798906,0,0.5004735
10723.0,2022-23,17,0.44667834,6,0.4982208
10723.0,2022-23,18,1.4567254,1,1.2464466
10723.0,2022-23,19,-0.06643132,0,1.221195
10723.0,2022-23,20,-0.06643132,0,0.97770256
10723.0,2022-23,21,1.8241659,2,0.7862963
10723.0,2022-23,22,1.7609123,2,1.1397749
10723.0,2022-23,23,2.7349403,3,2.1992583
10723.0,2022-23,24,2.5037255,1,2.4912176
10723.0,2022-23,25,2.3175364,1,2.031549
10723.0,2022-23,25,2.3175364,1,1.717168
10723.0,2022-23,25,2.1575,2,2.031549
10723.0,2022-23,25,2.1575,2,1.717168
10723.0,2022-23,26,2.2393322,1,1.8690772
10723.0,2022-23,27,2.2210665,2,1.5612372
10741.0,2022-23,6,1.1065116,2,1.3660456
10741.0,2022-23,7,0.12500708,0,1.46567
10741.0,2022-23,8,0.9482998,1,1.2388266
10741.0,2022-23,9,1.1762445,3,1.2239811
10741.0,2022-23,10,1.2381678,2,1.3606739
10741.0,2022-23,11,1.0245261,2,1.5266389
10741.0,2022-23,12,1.335077,2,1.5260872
10741.0,2022-23,13,1.7584434,2,1.3168968
10741.0,2022-23,14,1.5418266,5,1.4500331
10741.0,2022-23,15,1.3430667,16,1.4455377
10741.0,2022-23,16,3.9685462,14,1.1970785
10741.0,2022-23,17,0.45756006,0,0.83574224
10741.0,2022-23,18,0.5927683,0,0.616429
10741.0,2022-23,19,-0.22349417,0,0.41396827
10741.0,2022-23,20,0.1501925,0,0.44977474
10741.0,2022-23,21,0.10931953,0,0.68307495
10741.0,2022-23,22,-0.15333883,0,0.88271147
10741.0,2022-23,23,1.9002174,1,0.83068395
10741.0,2022-23,24,2.7402108,8,1.9451858
10741.0,2022-23,25,-0.24510276,0,1.531694
10741.0,2022-23,26,-0.24510276,0,1.7998267
10741.0,2022-23,27,-0.1839731,0,1.2496378
10741.0,2022-23,28,-0.31974158,0,0.81839395
10741.0,2022-23,29,0.7206435,7,0.54200876
10741.0,2022-23,29,0.7206435,7,1.3342183
10741.0,2022-23,29,1.8529844,1,0.54200876
10741.0,2022-23,29,1.8529844,1,1.3342183
10741.0,2022-23,30,2.321006,1,1.5728631
10741.0,2022-23,31,2.1287792,2,1.6443982
10741.0,2022-23,32,2.9300296,2,1.8348742
10741.0,2022-23,33,2.54361,11,1.9423078
10742.0,2022-23,6,-0.0049702176,0,0.95257384
10742.0,2022-23,7,-0.01513745,0,0.8989832
10742.0,2022-23,8,-0.0018423654,0,0.74327445
10742.0,2022-23,9,0.008374352,0,0.6763044
10742.0,2022-23,10,-0.012279756,0,0.62091684
10742.0,2022-23,11,-0.002861421,0,0.5953638
10742.0,2022-23,12,-0.006176089,0,0.57285243
10742.0,2022-23,13,-0.030798906,0,0.55190367
10742.0,2022-23,14,-0.030798906,0,0.53238034
10742.0,2022-23,15,-0.030798906,0,0.5135878
10742.0,2022-23,16,0.4333149,1,0.50019914
10742.0,2022-23,17,0.02762989,0,0.78951794
10742.0,2022-23,18,0.02762989,0,0.720513
10742.0,2022-23,19,0.02762989,0,0.6720056
10742.0,2022-23,20,0.79621404,1,0.61593634
10742.0,2022-23,21,1.458149,1,1.101716
10744.0,2022-23,6,0.7580065,2,1.1031756
10744.0,2022-23,7,0.108727366,0,1.2302752
10744.0,2022-23,8,0.77895963,1,1.0439825
10744.0,2022-23,9,1.0793741,1,1.2099094
10744.0,2022-23,10,1.0576355,9,1.0421898
10744.0,2022-23,11,1.9556206,2,1.0202887
10744.0,2022-23,12,2.6458867,2,1.2553197
10744.0,2022-23,13,3.1997988,1,0.85036093
10744.0,2022-23,14,1.269472,0,0.81101644
10744.0,2022-23,15,0.47488704,0,0.5675199
10744.0,2022-23,16,2.671406,1,0.7229742
10744.0,2022-23,17,2.4018755,1,1.2115088
10744.0,2022-23,18,2.4042113,1,1.5037127
10744.0,2022-23,19,1.5783163,2,1.5512236
10744.0,2022-23,20,2.0331278,2,1.6405948
10744.0,2022-23,21,2.2769115,2,2.0144043
10744.0,2022-23,22,2.4136975,1,2.2642188
10744.0,2022-23,23,-0.041798487,0,2.5030055
10744.0,2022-23,24,0.03146926,0,1.7114341
10744.0,2022-23,25,-0.045319676,0,1.1121681
10744.0,2022-23,26,0.9372312,1,0.8596209
10744.0,2022-23,27,1.5445758,1,1.6529332
10744.0,2022-23,28,0.009043959,0,1.6720308
10744.0,2022-23,29,1.9775815,4,1.3812577
10744.0,2022-23,29,1.9775815,4,1.6638168
10744.0,2022-23,29,1.7721492,1,1.3812577
10744.0,2022-23,29,1.7721492,1,1.6638168
10744.0,2022-23,30,2.0627398,3,1.8213001
10744.0,2022-23,31,2.2610576,1,1.9407954
10744.0,2022-23,32,2.8509116,2,1.9885985
10744.0,2022-23,33,3.0453708,3,2.190711
10744.0,2022-23,34,3.0165708,2,2.7766666
10744.0,2022-23,35,3.3038223,5,2.4513626
10744.0,2022-23,36,3.8647263,1,2.4835038
10744.0,2022-23,37,2.587891,2,2.39282
10744.0,2022-23,38,3.165494,2,2.9633532
10746.0,2022-23,8,0.802935,1,1.0487053
10746.0,2022-23,9,-0.022262666,0,1.0665556
10746.0,2022-23,10,0.9508542,1,0.99689233
10746.0,2022-23,11,0.72684383,1,1.0258039
10746.0,2022-23,12,0.061590012,0,0.77323604
10746.0,2022-23,13,0.76781017,1,0.6945683
10746.0,2022-23,14,1.3284576,1,0.79055876
10746.0,2022-23,15,0.041069847,0,0.7377976
10746.0,2022-23,16,1.5252752,6,0.65681756
10746.0,2022-23,17,2.6102524,1,1.0219007
10746.0,2022-23,18,1.7772545,1,1.1666121
10746.0,2022-23,19,2.537257,2,1.3509116
10746.0,2022-23,20,3.271314,2,1.780269
10746.0,2022-23,21,2.9307988,10,2.8733873
10746.0,2022-23,22,3.8346531,3,2.3742175
10746.0,2022-23,23,3.1200964,2,2.733314
10746.0,2022-23,24,3.815511,1,2.6587324
10746.0,2022-23,25,3.0998838,1,2.6865458
10746.0,2022-23,26,2.4520679,1,2.2644124
10746.0,2022-23,27,2.3504293,2,2.2353048
10746.0,2022-23,28,2.2721953,1,2.1678486
10746.0,2022-23,29,2.3796966,1,1.9594318
10746.0,2022-23,30,0.083735645,0,1.7734739
10746.0,2022-23,31,1.7374909,1,1.5813874
10746.0,2022-23,32,1.9357709,1,1.671665
10746.0,2022-23,33,-0.009081012,0,1.6197969
10746.0,2022-23,34,2.654143,4,1.3158053
10746.0,2022-23,35,2.097865,1,1.4133458
10746.0,2022-23,36,2.860338,1,1.509973
10746.0,2022-23,37,2.0086873,2,1.4424561
10746.0,2022-23,38,2.2820067,1,1.7087935
10749.0,2022-23,17,0.76695603,1,0.4782366
10749.0,2022-23,18,0.9376939,1,0.74327403
10749.0,2022-23,19,1.7542962,1,1.7764562
10749.0,2022-23,20,2.1547077,1,2.0785987
10749.0,2022-23,21,2.822909,1,2.1236649
10749.0,2022-23,22,-0.07734245,0,1.7064425
10749.0,2022-23,23,-0.026696198,0,1.3244922
10749.0,2022-23,24,-0.00069917156,0,0.9715586
10749.0,2022-23,25,-0.011510564,0,0.76571965
10749.0,2022-23,26,-0.0030621705,0,0.6653811
10749.0,2022-23,27,0.79667866,0,0.60110354
10749.0,2022-23,28,-0.010485591,0,0.9983331
10749.0,2022-23,29,0.8004374,0,0.8005863
10751.0,2022-23,6,2.6483858,2,1.198051
10751.0,2022-23,7,0.39074033,0,0.9979021
10751.0,2022-23,8,0.297384,0,0.8422265
10751.0,2022-23,9,1.8750159,3,0.77731663
10751.0,2022-23,10,1.1043491,5,1.3436567
10751.0,2022-23,11,1.7010248,2,1.7553679
10751.0,2022-23,12,1.041129,2,1.2793564
10751.0,2022-23,13,1.5644474,2,1.3291417
10751.0,2022-23,14,1.6090076,2,0.9924196
10751.0,2022-23,15,1.9652978,2,1.1766858
10751.0,2022-23,16,2.8241472,5,1.2096004
10751.0,2022-23,17,4.5647583,2,1.6408377
10751.0,2022-23,18,4.046746,3,1.824704
10751.0,2022-23,19,3.1656947,2,2.1595435
10751.0,2022-23,20,3.131042,2,2.3365636
10751.0,2022-23,21,3.3203042,3,3.0611076
10751.0,2022-23,22,2.8377862,1,3.523981
10751.0,2022-23,23,3.1647043,1,3.4872088
10751.0,2022-23,24,2.559703,1,2.6300573
10751.0,2022-23,25,2.4317234,3,2.13274
10751.0,2022-23,26,2.547146,2,2.3784337
10751.0,2022-23,27,2.5629642,2,2.508439
10751.0,2022-23,28,2.9297338,2,2.7406192
10751.0,2022-23,29,2.1822424,2,2.8851624
10751.0,2022-23,29,2.1822424,2,2.4488401
10751.0,2022-23,29,4.05028,2,2.8851624
10751.0,2022-23,29,4.05028,2,2.4488401
10751.0,2022-23,30,2.9548244,4,2.6691403
10751.0,2022-23,31,3.7181401,2,2.642383
10751.0,2022-23,32,3.8611505,2,2.6042752
10751.0,2022-23,33,3.2591898,1,2.431435
10751.0,2022-23,34,-0.052275117,0,2.314352
10751.0,2022-23,35,1.4988092,1,1.4937538
10751.0,2022-23,36,2.2602887,1,2.1561701
10751.0,2022-23,37,1.8258408,1,1.9371177
10751.0,2022-23,38,2.2571683,1,2.2686124
10755.0,2022-23,15,0.004717512,0,0.60125315
10755.0,2022-23,16,-0.028443856,0,0.54570997
10755.0,2022-23,17,1.0445807,1,0.53624237
10755.0,2022-23,18,-0.024203312,0,1.2058477
10755.0,2022-23,19,1.4305906,1,1.0082265
10755.0,2022-23,20,0.0026812288,0,1.2117561
10755.0,2022-23,21,-0.011416511,0,0.9667315
10755.0,2022-23,22,-0.011416511,0,0.76963055
10755.0,2022-23,23,0.01807069,0,0.6895993
10755.0,2022-23,24,0.01807069,0,0.6188934
10755.0,2022-23,25,-0.012279756,0,0.5398413
10755.0,2022-23,26,-0.016620828,0,0.5323886
10755.0,2022-23,27,-0.016620828,0,0.5298541
10755.0,2022-23,28,-0.030798906,0,0.52637166
10755.0,2022-23,29,-0.030798906,0,0.52126
10755.0,2022-23,30,-0.030798906,0,0.5143955
10755.0,2022-23,31,-0.030798906,0,0.505448
10755.0,2022-23,32,-0.030798906,0,0.5009897
10755.0,2022-23,33,-0.030798906,0,0.4957639
10755.0,2022-23,34,-0.030798906,0,0.4957639
10755.0,2022-23,35,-0.030798906,0,0.4957639
10755.0,2022-23,36,-0.030798906,0,0.4957639
10755.0,2022-23,37,-0.030798906,0,0.4957639
10755.0,2022-23,38,0.46717662,1,0.4957639
10766.0,2022-23,6,2.7470202,2,0.8879773
10766.0,2022-23,7,1.9531971,0,0.8619966
10766.0,2022-23,8,2.7803097,1,0.8310759
10766.0,2022-23,9,2.9653008,9,0.80572426
10766.0,2022-23,10,2.908501,2,1.1594571
10766.0,2022-23,11,1.9273437,2,1.3620335
10766.0,2022-23,12,1.6737165,3,1.4038025
10766.0,2022-23,13,1.6391023,2,1.2326709
10766.0,2022-23,14,2.8525434,2,1.0284358
10766.0,2022-23,15,2.2397118,1,1.077378
10766.0,2022-23,16,3.7570598,1,0.7828407
10766.0,2022-23,17,3.7519796,0,0.80222005
10766.0,2022-23,18,2.080778,2,1.1675367
10766.0,2022-23,19,2.380349,1,1.5795709
10766.0,2022-23,20,0.030641584,0,1.6045762
10766.0,2022-23,21,0.077639624,0,1.436366
10766.0,2022-23,22,0.028667003,0,1.069325
10766.0,2022-23,23,1.2390883,1,0.84678006
10766.0,2022-23,24,0.031311415,0,1.1920619
10766.0,2022-23,25,0.031311415,0,0.9379324
10766.0,2022-23,26,0.021599045,0,0.79478943
10766.0,2022-23,27,0.0122837555,0,0.68171996
10766.0,2022-23,28,0.0069361483,0,0.569732
10766.0,2022-23,29,-0.0075585786,0,0.5440354
10766.0,2022-23,30,-0.0075585786,0,0.53130835
10766.0,2022-23,31,0.7680266,2,0.51717734
10766.0,2022-23,32,0.027470628,0,1.2954545
10766.0,2022-23,33,0.027470628,0,1.063371
10766.0,2022-23,34,0.027470628,0,0.85788274
10766.0,2022-23,35,0.018118534,0,0.6851086
10766.0,2022-23,36,0.018118534,0,0.5307906
10766.0,2022-23,37,0.7737903,2,0.52013063
10806.0,2022-23,7,-0.053247664,0,0.6016121
10806.0,2022-23,8,-0.041511934,0,0.6664218
10806.0,2022-23,9,0.35550284,4,0.5289265
10806.0,2022-23,10,1.1388385,1,1.0355273
10806.0,2022-23,11,0.62407273,1,0.7198268
10806.0,2022-23,12,0.32704967,0,0.5402743
10806.0,2022-23,13,-0.018086066,0,0.32656428
10806.0,2022-23,14,0.94934803,5,0.21054354
10806.0,2022-23,15,0.6584747,8,0.5173053
10806.0,2022-23,16,-0.041135702,0,1.0721312
10806.0,2022-23,17,2.6327927,2,1.0912392
10806.0,2022-23,18,3.0186183,7,1.2102598
10806.0,2022-23,19,3.2789617,8,1.0648074
10806.0,2022-23,20,2.2091672,6,1.4900126
10806.0,2022-23,21,3.1344266,10,1.6171863
10806.0,2022-23,22,4.7014275,11,1.2361574
10806.0,2022-23,23,4.5726275,2,1.9041033
10806.0,2022-23,24,3.6857955,2,1.65493
10806.0,2022-23,25,0.019813877,0,1.664025
10806.0,2022-23,26,4.434799,13,1.7120522
10806.0,2022-23,27,4.5747223,6,1.9321517
10806.0,2022-23,27,4.5747223,6,3.0344148
10806.0,2022-23,27,4.614594,6,1.9321517
10806.0,2022-23,27,4.614594,6,3.0344148
10806.0,2022-23,28,0.20066439,0,2.3186865
10806.0,2022-23,29,3.6932647,7,2.2836156
10806.0,2022-23,29,3.6932647,7,3.740899
10806.0,2022-23,29,3.1411917,7,2.2836156
10806.0,2022-23,29,3.1411917,7,3.740899
10806.0,2022-23,30,3.720987,2,4.763564
10806.0,2022-23,31,3.3729804,2,3.3565145
10806.0,2022-23,32,0.17954075,0,5.0284195
10806.0,2022-23,33,4.4700046,2,3.1294122
10806.0,2022-23,34,4.853144,1,3.8292131
10806.0,2022-23,34,4.853144,1,2.465567
10806.0,2022-23,34,2.911922,3,3.8292131
10806.0,2022-23,34,2.911922,3,2.465567
10806.0,2022-23,35,3.0101821,5,3.6479874
10806.0,2022-23,36,3.433783,3,3.5901117
10806.0,2022-23,36,3.433783,3,2.88374
10806.0,2022-23,36,3.2131672,2,3.5901117
10806.0,2022-23,36,3.2131672,2,2.88374
10806.0,2022-23,37,4.7793055,5,2.8433056
10806.0,2022-23,37,4.7793055,5,3.279419
10806.0,2022-23,37,3.5881824,2,2.8433056
10806.0,2022-23,37,3.5881824,2,3.279419
10806.0,2022-23,38,4.348334,1,4.012313
10809.0,2022-23,6,1.3400123,1,0.93707466
10809.0,2022-23,7,0.52931184,0,0.78649664
10809.0,2022-23,8,0.74360824,0,0.57466865
10809.0,2022-23,9,0.26395646,0,0.5688862
10809.0,2022-23,10,0.0351907,0,0.5428523
10809.0,2022-23,11,0.063879095,0,0.46054518
10809.0,2022-23,12,0.08703036,0,0.6535112
10809.0,2022-23,13,-0.0077713374,0,0.63270235
10809.0,2022-23,14,0.73351395,1,0.6196412
10809.0,2022-23,15,0.59943664,1,0.7635375
10809.0,2022-23,16,0.024973841,0,0.90084285
10809.0,2022-23,17,0.024973841,0,0.74413407
10809.0,2022-23,18,-0.022934867,0,0.61727786
10809.0,2022-23,19,0.81812704,1,0.50009704
10809.0,2022-23,20,1.3001113,1,1.0539144
10809.0,2022-23,21,0.03094455,0,1.1135265
10809.0,2022-23,22,0.03094455,0,0.9787321
10809.0,2022-23,23,0.012150379,0,0.87232184
10809.0,2022-23,24,0.8703783,1,0.7572983
10845.0,2022-23,6,0.0006103121,0,0.5477035
10845.0,2022-23,7,-0.019388655,0,0.49564952
10845.0,2022-23,8,-0.016392801,0,0.49537304
10845.0,2022-23,9,-0.006176089,0,0.49536008
10845.0,2022-23,10,0.3802249,1,0.49538723
10845.0,2022-23,11,0.02762989,0,0.64779246
10845.0,2022-23,12,0.63859737,2,0.63445616
10845.0,2022-23,13,1.0126487,3,0.87997806
10845.0,2022-23,14,0.828157,2,1.1003532
10845.0,2022-23,15,1.1641546,1,1.1298981
10845.0,2022-23,16,0.086839125,0,1.0077713
10845.0,2022-23,17,0.08852739,0,0.80558336
10845.0,2022-23,18,0.040228553,0,0.67915344
10845.0,2022-23,19,1.2477703,1,0.62998646
10845.0,2022-23,20,0.042302795,0,0.9562123
10845.0,2022-23,21,1.4699423,1,0.86469036
10845.0,2022-23,22,1.171443,1,1.0590639
10845.0,2022-23,23,1.2254766,1,1.0784795
10845.0,2022-23,24,1.2418911,2,1.1978952
10845.0,2022-23,25,0.03988609,0,1.3872551
10845.0,2022-23,26,1.4082296,1,1.1688275
10845.0,2022-23,27,0.018439647,0,1.1489823
10845.0,2022-23,28,0.025148015,0,0.939507
10845.0,2022-23,29,1.361294,1,0.7967275
10845.0,2022-23,29,1.361294,1,1.1457052
10845.0,2022-23,29,1.2430335,0,0.7967275
10845.0,2022-23,29,1.2430335,0,1.1457052
10845.0,2022-23,30,1.4922274,1,1.304815
10845.0,2022-23,31,2.0476153,1,1.5569535
10845.0,2022-23,32,1.3865479,1,1.4196515
10845.0,2022-23,33,0.03610967,0,1.3391049
10845.0,2022-23,34,0.94636565,1,1.0595717
10845.0,2022-23,35,1.6122905,1,1.3546788
10845.0,2022-23,36,1.481597,2,1.2624048
10845.0,2022-23,37,0.083257556,0,1.5725056
10845.0,2022-23,38,1.5537314,2,1.3515626
10865.0,2022-23,7,0.0006103121,0,0.5549564
10865.0,2022-23,8,-0.019388655,0,0.49564952
10865.0,2022-23,9,-0.016392801,0,0.49537304
10865.0,2022-23,10,-0.006176089,0,0.49536008
10865.0,2022-23,11,-0.030798906,0,0.49538723
10865.0,2022-23,12,-0.030798906,0,0.49539804
10865.0,2022-23,13,-0.030798906,0,0.49558792
10865.0,2022-23,14,-0.030798906,0,0.49580985
10865.0,2022-23,15,-0.030798906,0,0.4959844
10865.0,2022-23,16,-0.030798906,0,0.4957639
10865.0,2022-23,17,-0.030798906,0,0.4957639
10865.0,2022-23,18,0.48604786,1,0.4957639
10866.0,2022-23,7,0.5996656,0,1.1894239
10866.0,2022-23,8,0.863002,0,0.8795408
10866.0,2022-23,9,1.197692,-2,0.7326987
10866.0,2022-23,10,0.33964312,0,0.70940626
10866.0,2022-23,11,1.3304642,2,0.658836
10866.0,2022-23,12,1.785336,2,1.0436049
10866.0,2022-23,13,2.3217263,2,1.1742415
10866.0,2022-23,14,0.61887556,0,1.0364043
10866.0,2022-23,15,0.050011724,0,0.76963186
10866.0,2022-23,16,-0.03343,0,0.5050485
10866.0,2022-23,17,-0.03627017,0,0.6588035
10866.0,2022-23,18,0.005738,0,0.6365087
10866.0,2022-23,19,-0.01620434,0,0.662897
10866.0,2022-23,20,-0.021144744,0,0.6391064
10866.0,2022-23,21,0.82997274,1,0.6304618
10866.0,2022-23,22,1.2560898,1,1.1980333
10866.0,2022-23,22,1.2560898,1,1.6653508
10866.0,2022-23,22,1.9737247,1,1.1980333
10866.0,2022-23,22,1.9737247,1,1.6653508
10866.0,2022-23,23,0.04434836,0,1.3928969
10866.0,2022-23,24,0.061576646,0,0.90487385
10866.0,2022-23,25,0.036832787,0,0.587239
10866.0,2022-23,26,-0.0064680446,0,0.42277873
10866.0,2022-23,27,1.0252299,1,0.5210575
10866.0,2022-23,28,0.044422008,0,0.8305712
10866.0,2022-23,29,1.3313553,2,0.79040146
10866.0,2022-23,29,1.3313553,2,1.2156678
10866.0,2022-23,29,1.6509029,10,0.79040146
10866.0,2022-23,29,1.6509029,10,1.2156678
10866.0,2022-23,30,2.8263574,1,1.5193939
10866.0,2022-23,31,3.5996087,7,1.5338937
10866.0,2022-23,32,3.0786884,1,1.6772133
10866.0,2022-23,33,2.5527077,6,1.6994234
11000.0,2022-23,8,1.5747097,1,1.1217481
11000.0,2022-23,9,1.4085673,2,1.3868028
11000.0,2022-23,10,0.90076154,2,1.2847111
11000.0,2022-23,11,1.3817052,3,1.3155304
11000.0,2022-23,12,0.91587853,1,1.4887847
11000.0,2022-23,13,1.3643641,2,1.341674
11000.0,2022-23,14,1.0505219,1,1.1141251
11000.0,2022-23,15,0.14747782,0,1.1880381
11000.0,2022-23,16,2.113671,1,0.9330291
11000.0,2022-23,17,1.9189835,1,1.1493394
11000.0,2022-23,18,1.5050365,2,1.3103977
11000.0,2022-23,19,1.7565088,2,1.7587274
11000.0,2022-23,20,3.1825845,3,1.9788338
11000.0,2022-23,21,2.8116403,2,2.3948903
11000.0,2022-23,22,2.3355572,3,2.5780597
11000.0,2022-23,23,1.8280082,2,2.860868
11000.0,2022-23,24,2.3185105,2,3.032539
11000.0,2022-23,25,3.159615,2,2.4298358
11000.0,2022-23,25,3.159615,2,2.805901
11000.0,2022-23,25,2.9191446,3,2.4298358
11000.0,2022-23,25,2.9191446,3,2.805901
11000.0,2022-23,26,3.865322,3,2.5897818
11000.0,2022-23,27,2.3721416,1,2.5092034
11000.0,2022-23,28,-0.00057174417,0,2.1995888
11000.0,2022-23,29,1.7749249,2,1.6035936
11000.0,2022-23,30,1.9136949,10,1.8990387
11000.0,2022-23,31,2.6580327,3,1.9883981
11000.0,2022-23,32,2.8105888,2,2.3679214
11000.0,2022-23,33,2.529761,3,1.9601126
11000.0,2022-23,34,1.846777,2,2.1790183
11000.0,2022-23,35,2.603966,3,2.181387
11000.0,2022-23,36,2.5249133,2,2.5655866
11000.0,2022-23,37,2.5166535,0,2.9352384
11000.0,2022-23,38,2.6814885,1,2.3345842
11003.0,2022-23,8,2.6587973,5,0.6594671
11003.0,2022-23,9,1.0475588,1,1.2396044
11003.0,2022-23,10,1.2835623,1,1.3806955
11003.0,2022-23,11,0.9831673,2,1.3567305
11003.0,2022-23,12,1.0354729,3,1.3942038
11003.0,2022-23,13,1.2424499,3,1.4216962
11003.0,2022-23,14,0.9774334,2,1.494049
11003.0,2022-23,15,1.6646727,1,1.4996401
11003.0,2022-23,16,1.8184202,2,1.4809474
11003.0,2022-23,17,1.7619108,2,1.7845991
11003.0,2022-23,18,2.199591,1,1.7865425
11003.0,2022-23,19,2.3428397,3,1.9374107
11003.0,2022-23,20,2.6356285,1,2.5979943
11003.0,2022-23,21,2.830832,1,2.493976
11003.0,2022-23,22,0.0836526,0,2.3964643
11003.0,2022-23,23,0.013767246,0,1.7926307
11003.0,2022-23,24,0.00037537375,0,1.2390522
11003.0,2022-23,25,0.0073768557,0,0.9067937
11003.0,2022-23,26,1.5025338,4,0.81362677
11003.0,2022-23,27,1.5698313,1,1.2469218
11003.0,2022-23,28,1.9260849,1,1.3361946
11003.0,2022-23,29,0.0548761,0,1.2720052
11003.0,2022-23,30,0.0067945193,0,1.0481708
11003.0,2022-23,31,0.0269455,0,0.8224749
11003.0,2022-23,32,-0.07735047,0,0.74356604
11003.0,2022-23,33,-0.0723272,0,0.5635253
11003.0,2022-23,34,0.82677877,1,0.5515038
11003.0,2022-23,35,1.1516805,2,0.969145
11003.0,2022-23,36,1.9628603,2,1.4139396
11003.0,2022-23,37,1.7893717,3,1.6842796
11003.0,2022-23,38,1.8283032,1,1.8043967
11007.0,2022-23,11,0.9766316,1,0.9172469
11007.0,2022-23,12,0.24181738,0,0.81036747
11007.0,2022-23,13,0.90004116,1,0.68524355
11007.0,2022-23,14,1.2945771,1,0.6618002
11007.0,2022-23,15,0.085865855,0,0.8552549
11007.0,2022-23,16,1.9831421,6,0.7498881
11007.0,2022-23,17,2.25316,1,2.0996833
11007.0,2022-23,18,-0.12150267,0,1.4374126
11007.0,2022-23,19,-0.101931095,0,1.0811795
11007.0,2022-23,20,1.5199139,1,0.9759274
11007.0,2022-23,21,-0.0057098605,0,1.2568036
11007.0,2022-23,22,1.5518326,1,1.0047655
11007.0,2022-23,23,1.6350186,1,1.1808798
11007.0,2022-23,23,1.6350186,1,1.3325397
11007.0,2022-23,23,1.6432451,1,1.1808798
11007.0,2022-23,23,1.6432451,1,1.3325397
11007.0,2022-23,24,1.2729243,4,1.4962797
11007.0,2022-23,25,1.7160949,1,1.7857608
11007.0,2022-23,26,2.744703,2,1.5663441
11007.0,2022-23,27,2.3679533,1,1.0911988
11007.0,2022-23,28,-0.12218775,0,0.8355575
11007.0,2022-23,29,2.7863214,1,0.5633291
11007.0,2022-23,30,-0.15851238,0,0.80889046
11007.0,2022-23,31,1.4237266,1,0.86090016
11007.0,2022-23,32,1.690906,1,1.0104709
11007.0,2022-23,33,-0.11900096,0,2.0815945
11007.0,2022-23,34,-0.07994581,0,1.7404685
11007.0,2022-23,35,0.031001847,0,1.1938947
11007.0,2022-23,36,0.10506228,0,0.73027277
11007.0,2022-23,37,1.2504014,1,0.64580405
11007.0,2022-23,38,1.8441638,1,1.1748188
11094.0,2022-23,11,3.385823,3,1.1739591
11094.0,2022-23,12,4.6123376,3,1.2979436
11094.0,2022-23,13,2.7483637,1,0.9303098
11094.0,2022-23,14,2.8186543,0,0.7571076
11094.0,2022-23,15,2.4586618,0,0.49175197
11094.0,2022-23,16,3.8892632,0,0.46671122
11094.0,2022-23,17,2.852679,3,0.8513115
11094.0,2022-23,18,4.158002,3,2.0841112
11094.0,2022-23,19,3.4577913,0,1.6676569
11094.0,2022-23,20,1.8694456,1,1.4211954
11094.0,2022-23,20,1.8694456,1,1.2223558
11094.0,2022-23,20,3.519832,3,1.4211954
11094.0,2022-23,20,3.519832,3,1.2223558
11094.0,2022-23,21,2.6033826,1,0.9261418
11094.0,2022-23,22,3.226243,1,1.3700429
11094.0,2022-23,22,3.226243,1,1.8692263
11094.0,2022-23,22,3.1105938,0,1.3700429
11094.0,2022-23,22,3.1105938,0,1.8692263
11094.0,2022-23,23,2.4299216,0,2.092494
11094.0,2022-23,24,2.14346,0,1.7171183
11094.0,2022-23,25,-0.037346367,0,1.4583229
11094.0,2022-23,26,1.2001435,1,1.1017382
11094.0,2022-23,27,2.295631,3,2.0835652
11094.0,2022-23,28,0.13522394,0,1.933064
11094.0,2022-23,29,2.4093947,3,1.5984088
11094.0,2022-23,29,2.4093947,3,2.02138
11094.0,2022-23,29,2.8544936,3,1.5984088
11094.0,2022-23,29,2.8544936,3,2.02138
11094.0,2022-23,30,3.2450104,1,2.5069747
11094.0,2022-23,31,2.8095179,14,2.114624
11094.0,2022-23,32,0.046014994,0,2.1849113
11094.0,2022-23,33,3.1518283,2,2.1665168
11094.0,2022-23,34,4.713201,1,1.8912114
11094.0,2022-23,34,4.713201,1,1.4961641
11094.0,2022-23,34,2.552854,2,1.8912114
11094.0,2022-23,34,2.552854,2,1.4961641
11094.0,2022-23,35,4.0535736,2,1.9796275
11094.0,2022-23,36,4.6878386,6,2.7151775
11094.0,2022-23,37,5.2965717,3,2.8963504
11094.0,2022-23,37,5.2965717,3,1.9020506
11094.0,2022-23,37,4.858676,1,2.8963504
11094.0,2022-23,37,4.858676,1,1.9020506
11094.0,2022-23,38,3.3415513,0,2.4938102
11284.0,2022-23,24,-0.040095113,0,1.3503951
11284.0,2022-23,25,-0.040435888,0,1.1369934
11284.0,2022-23,26,-0.039516754,0,0.9952134
11284.0,2022-23,27,-0.03449467,0,0.7467548
11284.0,2022-23,28,0.8809082,1,0.6286242
11284.0,2022-23,29,1.2825825,1,0.92260087
11296.0,2022-23,25,5.4909244,3,2.775631
11296.0,2022-23,25,5.4909244,3,2.4659138
11296.0,2022-23,25,3.9024534,1,2.775631
11296.0,2022-23,25,3.9024534,1,2.4659138
11296.0,2022-23,26,3.4837909,14,2.6371102
11296.0,2022-23,27,3.5894704,2,2.4844556
11296.0,2022-23,28,0.6019958,0,2.468419
11296.0,2022-23,29,2.3432412,2,2.3269367
11296.0,2022-23,29,2.3432412,2,2.4518003
11296.0,2022-23,29,2.9962387,1,2.3269367
11296.0,2022-23,29,2.9962387,1,2.4518003
11296.0,2022-23,30,2.4660738,2,2.2390895
11296.0,2022-23,31,2.9698472,10,2.2757215
11296.0,2022-23,32,3.645902,1,2.2302394
11296.0,2022-23,33,3.3662922,10,2.4175367
11296.0,2022-23,34,3.9579866,8,2.532434
11296.0,2022-23,34,3.9579866,8,2.882131
11296.0,2022-23,34,4.738594,1,2.532434
11296.0,2022-23,34,4.738594,1,2.882131
11296.0,2022-23,35,3.5501547,3,1.8584447
11296.0,2022-23,36,4.5751004,3,4.0644226
11296.0,2022-23,37,4.541207,2,3.6679626
11296.0,2022-23,38,4.502837,6,2.6930985
11297.0,2022-23,25,0.6735318,0,1.5444745
11297.0,2022-23,26,2.1708722,5,1.2365927
11297.0,2022-23,27,1.2874072,1,1.2741076
11297.0,2022-23,27,1.2874072,1,1.3105177
11297.0,2022-23,27,2.2230525,2,1.2741076
11297.0,2022-23,27,2.2230525,2,1.3105177
11297.0,2022-23,28,2.763936,1,1.5599638
11297.0,2022-23,29,2.2021158,1,1.2944891
11297.0,2022-23,30,1.9813868,2,1.5088203
11297.0,2022-23,31,2.0423708,2,1.8952119
11297.0,2022-23,32,2.3175304,9,2.0055766
11297.0,2022-23,33,4.0035257,2,1.8348774
11297.0,2022-23,34,2.6187418,2,2.8281474
11297.0,2022-23,35,2.625262,7,2.605214
11297.0,2022-23,36,3.4310434,2,2.1010385
11297.0,2022-23,37,2.5210636,1,1.9339601
11297.0,2022-23,38,3.1450229,5,2.4189315
11305.0,2022-23,26,0.036926825,0,1.4346722
11305.0,2022-23,27,1.9696133,5,1.4449724
11305.0,2022-23,28,0.10702856,0,1.9132413
11305.0,2022-23,29,2.4748595,1,1.9616722
11305.0,2022-23,29,2.4748595,1,1.4651208
11305.0,2022-23,29,2.7862933,1,1.9616722
11305.0,2022-23,29,2.7862933,1,1.4651208
11305.0,2022-23,30,2.4319222,1,1.628988
11305.0,2022-23,31,2.0356734,5,1.6749169
11305.0,2022-23,32,-0.075634085,0,1.7279569
11305.0,2022-23,33,2.1055481,1,1.6841277
11305.0,2022-23,34,2.2346425,1,1.5904593
11305.0,2022-23,35,2.713336,1,2.2443461
11305.0,2022-23,36,-0.0073951697,0,1.882837
11305.0,2022-23,37,2.0128927,1,1.6739374
11305.0,2022-23,37,2.0128927,1,2.3685765
11305.0,2022-23,37,1.8032764,2,1.6739374
11305.0,2022-23,37,1.8032764,2,2.3685765
11317.0,2022-23,26,1.3673517,0,1.1492922
11317.0,2022-23,27,1.4471986,0,0.9239125
11317.0,2022-23,28,0.79380864,0,0.92842746
11317.0,2022-23,29,0.8915819,5,0.83838004
11317.0,2022-23,29,0.8915819,5,1.2463851
11317.0,2022-23,29,1.9190819,1,0.83838004
11317.0,2022-23,29,1.9190819,1,1.2463851
11317.0,2022-23,30,2.0088582,2,1.8935854
11317.0,2022-23,31,2.216625,2,2.357759
11317.0,2022-23,32,1.8061996,2,2.1635518
11317.0,2022-23,33,1.8972342,9,2.240076
11317.0,2022-23,34,2.2519286,10,2.3422008
11317.0,2022-23,35,1.5770347,10,2.3466678
11317.0,2022-23,36,3.7276006,2,1.9912754
11317.0,2022-23,37,2.6079686,3,1.9055076
11317.0,2022-23,38,3.375103,0,2.4092774
11356.0,2022-23,27,2.4395587,5,2.618266
11356.0,2022-23,28,2.905151,2,3.5586858
11356.0,2022-23,29,2.9464896,1,2.6008048
11356.0,2022-23,29,2.9464896,1,3.1331706
11356.0,2022-23,29,3.1789174,3,2.6008048
11356.0,2022-23,29,3.1789174,3,3.1331706
11356.0,2022-23,30,3.902763,2,2.5848799
11356.0,2022-23,31,2.662723,1,2.3506327
11356.0,2022-23,32,0.1619821,0,2.0463529
11356.0,2022-23,33,2.437742,2,1.498886
11356.0,2022-23,34,2.2299025,2,1.9004377
11356.0,2022-23,35,2.694136,2,2.2340062
11356.0,2022-23,36,2.8588395,2,2.3263865
11356.0,2022-23,37,2.3946533,1,2.1902237
11356.0,2022-23,37,2.3946533,1,2.439578
11356.0,2022-23,37,2.24725,1,2.1902237
11356.0,2022-23,37,2.24725,1,2.439578
11356.0,2022-23,38,2.5911992,2,2.0020928
11357.0,2022-23,27,0.020865427,0,1.452077
11357.0,2022-23,28,0.0030203364,0,0.9161724
11357.0,2022-23,29,1.3630818,1,0.8585843
11357.0,2022-23,30,0.052978627,0,2.174253
11357.0,2022-23,31,0.03791578,0,1.5867245
11357.0,2022-23,32,-0.07197706,0,1.0586202
11357.0,2022-23,33,0.83383524,1,0.8487729
11357.0,2022-23,34,1.4951328,8,1.7126058
11357.0,2022-23,35,2.4935932,2,1.9901934
11357.0,2022-23,36,3.4433038,2,2.1334553
11357.0,2022-23,37,2.4200141,1,1.786821
11357.0,2022-23,37,2.4200141,1,1.9204522
11357.0,2022-23,37,2.8681974,2,1.786821
11357.0,2022-23,37,2.8681974,2,1.9204522
11357.0,2022-23,38,2.6998339,3,1.4481257
11362.0,2022-23,27,-0.066958815,0,1.3659192
11362.0,2022-23,28,-0.030079208,0,1.0975292
11362.0,2022-23,29,1.4419264,1,0.79564536
11362.0,2022-23,30,0.006890835,0,0.9706167
11362.0,2022-23,31,0.008579732,0,0.90087914
11362.0,2022-23,32,0.022846228,0,0.77710724
11362.0,2022-23,33,0.97065455,9,0.6594826
11362.0,2022-23,34,2.4571674,1,1.5010978
11362.0,2022-23,34,2.4571674,1,1.2975752
11362.0,2022-23,34,1.603369,3,1.5010978
11362.0,2022-23,34,1.603369,3,1.2975752
11362.0,2022-23,35,1.8400878,1,1.1412354
11362.0,2022-23,36,1.6824846,1,0.9319224
11362.0,2022-23,36,1.6824846,1,0.9888321
11362.0,2022-23,36,1.6204729,1,0.9319224
11362.0,2022-23,36,1.6204729,1,0.9888321
11362.0,2022-23,37,2.540025,0,1.3106273
11362.0,2022-23,37,2.540025,0,1.7229344
11362.0,2022-23,37,2.5831718,2,1.3106273
11362.0,2022-23,37,2.5831718,2,1.7229344
11362.0,2022-23,38,2.7494252,1,2.5580525
11385.0,2022-23,34,1.3916405,1,0.74207735
11385.0,2022-23,35,-0.03261558,0,1.1315866
11385.0,2022-23,36,-0.035549656,0,0.8863678
11385.0,2022-23,37,-0.011896584,0,0.7968806
11385.0,2022-23,38,0.7999958,1,0.7181871
11772.0,2022-23,19,0.421899,0,0.8604834
11772.0,2022-23,20,0.42563722,0,0.9044653
11772.0,2022-23,21,0.40944672,0,0.76452005
11772.0,2022-23,22,0.4640874,0,0.66166717
11772.0,2022-23,23,0.43517292,0,0.74859023
11772.0,2022-23,24,0.49724525,0,0.7011591
11772.0,2022-23,25,-0.030798906,0,0.76483345
11772.0,2022-23,26,0.5254374,0,0.67554355
11772.0,2022-23,27,0.43241018,0,0.71280783
11772.0,2022-23,27,0.43241018,0,0.75931543
11772.0,2022-23,27,0.5388352,0,0.71280783
11772.0,2022-23,27,0.5388352,0,0.75931543
11772.0,2022-23,28,0.41316083,0,0.8064635
11772.0,2022-23,29,0.43439695,0,0.8985305
11772.0,2022-23,29,0.43439695,0,0.68952966
11772.0,2022-23,29,0.4259897,0,0.8985305
11772.0,2022-23,29,0.4259897,0,0.68952966
11772.0,2022-23,30,0.40492505,0,0.70793736
11772.0,2022-23,31,0.49167195,0,0.7379294
11772.0,2022-23,32,0.45392972,0,0.6244445
11772.0,2022-23,33,0.48124436,0,0.6986579
11772.0,2022-23,34,0.49187908,0,0.670541
11772.0,2022-23,35,0.4297224,0,0.6494324
11772.0,2022-23,36,0.48604786,0,0.785578
11772.0,2022-23,37,0.5424785,0,0.7002646
11772.0,2022-23,38,0.46013305,0,0.716064
12766.0,2022-23,26,1.8998281,0,1.508721
12766.0,2022-23,27,1.7375214,0,1.1932567
12766.0,2022-23,28,2.306226,1,1.2112051
12766.0,2022-23,29,2.5041602,0,1.9105831
12766.0,2022-23,30,2.6591005,2,1.5577418
12766.0,2022-23,31,2.0162337,2,1.9079908
12766.0,2022-23,32,1.8600411,2,1.8822595
12766.0,2022-23,33,1.9340134,0,1.7975556
12766.0,2022-23,34,1.6219354,1,1.6461583
12766.0,2022-23,35,1.6942275,0,1.4024631
12766.0,2022-23,36,1.3388538,0,1.2103391
12766.0,2022-23,37,1.6241062,2,1.094401
12766.0,2022-23,38,1.568636,2,1.5691694
87.0,2023-24,6,3.169209,0,1.0114999
87.0,2023-24,7,2.1819558,1,1.0736499
87.0,2023-24,8,2.5960686,0,0.8089198
87.0,2023-24,9,2.11866,3,0.8921937
87.0,2023-24,10,1.690349,2,1.1338559
87.0,2023-24,11,1.8607993,9,2.1798036
87.0,2023-24,12,3.1798775,2,2.1399736
87.0,2023-24,13,2.660478,6,2.330724
87.0,2023-24,14,3.974808,2,2.0539184
87.0,2023-24,15,2.4250638,2,1.5820181
87.0,2023-24,16,3.3572695,6,1.6571865
87.0,2023-24,17,3.7888987,1,1.8069047
87.0,2023-24,18,3.4760094,0,1.3349254
87.0,2023-24,19,3.527938,1,1.0343324
87.0,2023-24,20,1.7657107,1,1.0896327
87.0,2023-24,21,2.2179527,0,1.4061496
87.0,2023-24,22,2.133348,0,1.2193949
87.0,2023-24,23,2.35029,0,1.3514915
87.0,2023-24,24,1.5806869,0,1.1495914
87.0,2023-24,25,1.0483612,0,0.9005705
87.0,2023-24,26,0.78449816,0,0.6097679
87.0,2023-24,27,1.0122621,0,0.56923354
87.0,2023-24,28,0.8576497,0,0.44231457
87.0,2023-24,29,-0.017932415,0,0.4070761
87.0,2023-24,30,0.2037137,0,0.42270833
87.0,2023-24,31,0.5439473,0,0.5261119
87.0,2023-24,32,0.4095138,0,0.5520246
87.0,2023-24,33,0.43587986,0,0.5407942
87.0,2023-24,34,0.38529235,0,0.5228171
87.0,2023-24,35,0.61025846,0,0.36631817
87.0,2023-24,36,0.47240278,1,0.38411438
87.0,2023-24,37,1.2346942,1,0.7227296
87.0,2023-24,37,1.2346942,1,0.7663468
87.0,2023-24,37,1.254864,1,0.7227296
87.0,2023-24,37,1.254864,1,0.7663468
87.0,2023-24,38,2.298399,1,0.8809587
205.0,2023-24,6,1.6902567,5,1.3112615
205.0,2023-24,7,0.018879738,0,1.6895969
205.0,2023-24,8,-0.11902752,0,1.3233023
205.0,2023-24,9,0.044048414,0,1.0532236
205.0,2023-24,10,1.3152996,2,0.80207926
205.0,2023-24,11,1.6388481,1,1.2953558
205.0,2023-24,12,2.228117,-1,1.4942611
205.0,2023-24,13,0.05030022,0,1.112926
205.0,2023-24,14,-0.04570665,0,0.8291207
205.0,2023-24,15,-0.10579403,0,0.5817194
205.0,2023-24,16,1.3409892,1,0.5717364
205.0,2023-24,17,0.031616047,0,0.97915447
205.0,2023-24,18,0.13909791,0,0.8376172
205.0,2023-24,19,0.22010018,0,0.65855974
205.0,2023-24,20,0.041690674,0,0.53744954
205.0,2023-24,21,-0.018357644,0,0.42849767
205.0,2023-24,22,-0.024248986,0,0.40962905
205.0,2023-24,23,0.8492885,0,0.40127864
205.0,2023-24,24,-0.024248986,0,0.52097404
205.0,2023-24,25,-0.017932415,0,0.48453364
205.0,2023-24,26,0.45445976,0,0.44474715
205.0,2023-24,27,0.41363832,0,0.55213463
205.0,2023-24,28,-0.017932415,0,0.53671163
205.0,2023-24,29,-0.017932415,0,0.49672815
205.0,2023-24,30,0.31238413,0,0.4410731
205.0,2023-24,31,-0.017932415,0,0.49318555
205.0,2023-24,32,0.29071993,0,0.47342193
205.0,2023-24,33,0.5206344,0,0.5229429
239.0,2023-24,6,-0.16392407,0,2.9011486
239.0,2023-24,7,1.033542,0,2.81462
239.0,2023-24,8,4.28553,2,2.0470014
239.0,2023-24,9,2.6598842,2,3.4857824
239.0,2023-24,10,3.076349,6,2.9369106
239.0,2023-24,11,3.8605428,2,2.7904444
239.0,2023-24,12,3.209704,3,2.725394
239.0,2023-24,13,3.067619,9,3.0799744
239.0,2023-24,14,2.2470534,0,2.5260599
239.0,2023-24,15,3.8266656,12,2.262804
239.0,2023-24,16,4.2122583,7,2.2318275
239.0,2023-24,17,3.9190304,1,2.4329793
239.0,2023-24,18,4.050224,7,2.758125
239.0,2023-24,19,7.1669145,2,1.6710474
239.0,2023-24,20,4.971086,3,2.74457
239.0,2023-24,21,4.793341,3,3.291715
239.0,2023-24,22,4.3853126,2,2.345694
239.0,2023-24,23,6.0191183,11,2.8136606
239.0,2023-24,24,3.4354084,10,2.4977443
239.0,2023-24,25,3.7832558,8,3.0064294
239.0,2023-24,26,7.07823,7,2.6623995
239.0,2023-24,27,4.637043,1,3.0352085
239.0,2023-24,28,6.281731,8,2.538494
239.0,2023-24,29,-0.1696506,0,1.9339192
239.0,2023-24,30,3.2454865,1,1.4117432
239.0,2023-24,31,4.0572157,3,1.6305122
239.0,2023-24,32,4.388337,2,3.2755337
239.0,2023-24,33,2.6452503,3,2.144856
239.0,2023-24,34,3.556148,2,3.1869504
239.0,2023-24,35,2.6519377,2,2.21229
239.0,2023-24,36,3.088729,2,2.8410547
239.0,2023-24,37,3.135463,2,2.0447428
239.0,2023-24,37,3.135463,2,2.7388256
239.0,2023-24,37,3.6820216,2,2.0447428
239.0,2023-24,37,3.6820216,2,2.7388256
239.0,2023-24,38,3.2832127,2,2.3003304
343.0,2023-24,7,1.4703405,1,1.0894293
343.0,2023-24,8,1.1875356,0,1.2131648
343.0,2023-24,9,1.747695,2,1.4979124
343.0,2023-24,10,2.4924955,1,2.4008996
343.0,2023-24,11,2.1485434,1,1.8092698
343.0,2023-24,12,2.2566607,2,1.8957636
343.0,2023-24,13,2.0401852,1,1.5203587
343.0,2023-24,14,1.8094149,1,1.4582503
343.0,2023-24,15,2.2297175,2,1.316556
343.0,2023-24,16,2.4092863,1,1.3075905
343.0,2023-24,17,2.274313,1,1.3306464
343.0,2023-24,18,2.2692137,1,1.079155
343.0,2023-24,19,1.9267764,2,1.0301702
343.0,2023-24,20,2.1789005,1,1.3665261
343.0,2023-24,21,2.3845603,2,1.3637108
343.0,2023-24,22,2.2981977,1,1.2848253
343.0,2023-24,23,2.6820164,2,1.294948
343.0,2023-24,24,2.5096757,1,1.4825646
343.0,2023-24,25,2.3302612,1,1.3456534
343.0,2023-24,26,0.010631031,0,1.7274017
343.0,2023-24,27,1.6549433,1,1.1926826
343.0,2023-24,28,1.426472,1,1.1293458
343.0,2023-24,29,1.3607441,1,0.96028125
343.0,2023-24,30,1.9565487,0,0.8517037
343.0,2023-24,31,1.5944211,1,0.34836093
343.0,2023-24,32,1.4052101,1,0.24171491
343.0,2023-24,33,1.984138,1,0.55805004
343.0,2023-24,34,0.10391326,0,0.58690786
343.0,2023-24,35,1.8280524,0,0.5669035
343.0,2023-24,35,1.8280524,0,1.1486683
343.0,2023-24,35,1.6376926,1,0.5669035
343.0,2023-24,35,1.6376926,1,1.1486683
343.0,2023-24,36,0.067869596,0,1.3827969
343.0,2023-24,37,1.9636477,1,1.1833602
343.0,2023-24,37,1.9636477,1,1.0449679
343.0,2023-24,37,1.5843188,2,1.1833602
343.0,2023-24,37,1.5843188,2,1.0449679
343.0,2023-24,38,1.8724921,1,1.520974
447.0,2023-24,6,0.0014078708,0,0.46645653
447.0,2023-24,7,-0.0070750182,0,0.44846815
447.0,2023-24,8,-0.0070750182,0,0.39697737
447.0,2023-24,9,0.014649262,0,0.3851934
447.0,2023-24,10,-0.017932415,0,0.3810654
447.0,2023-24,11,-0.017932415,0,0.38817957
447.0,2023-24,12,-0.017932415,0,0.39244193
447.0,2023-24,13,-0.017932415,0,0.39172328
447.0,2023-24,14,-0.017932415,0,0.38809934
447.0,2023-24,15,-0.017932415,0,0.38369066
447.0,2023-24,16,-0.017932415,0,0.38369066
447.0,2023-24,17,-0.017932415,0,0.38369066
447.0,2023-24,18,-0.017932415,0,0.38369066
447.0,2023-24,19,-0.017932415,0,0.38369066
447.0,2023-24,20,-0.017932415,0,0.38369066
447.0,2023-24,21,0.27018023,12,0.38369066
447.0,2023-24,22,1.8072505,7,0.29976124
447.0,2023-24,23,4.0989356,5,0.30201143
447.0,2023-24,24,5.6014037,4,1.0556021
447.0,2023-24,25,5.023686,2,1.1108391
447.0,2023-24,26,6.5309653,0,1.6076741
447.0,2023-24,27,5.6414113,2,1.2532384
447.0,2023-24,28,4.9174614,6,1.9964893
447.0,2023-24,29,0.8065027,0,1.5641224
447.0,2023-24,30,3.5360186,3,1.742823
447.0,2023-24,31,0.66996753,0,2.2240436
447.0,2023-24,32,3.9504147,18,2.162175
447.0,2023-24,33,4.4953637,2,2.4269755
447.0,2023-24,34,4.3049293,9,3.8595126
447.0,2023-24,35,3.9766603,11,3.6898706
447.0,2023-24,36,3.9204514,2,3.032336
447.0,2023-24,37,3.5756912,6,2.7768767
447.0,2023-24,37,3.5756912,6,3.1787276
447.0,2023-24,37,4.3266006,6,2.7768767
447.0,2023-24,37,4.3266006,6,3.1787276
447.0,2023-24,38,3.326362,2,3.4391968
453.0,2023-24,6,3.3630013,14,2.2336838
453.0,2023-24,7,3.6657343,7,4.317071
453.0,2023-24,8,3.3744316,3,5.237611
453.0,2023-24,9,3.569103,14,6.1687517
453.0,2023-24,10,4.3610587,10,5.220869
453.0,2023-24,11,4.280275,2,6.030348
453.0,2023-24,12,5.4105897,2,2.9273124
453.0,2023-24,13,3.9553962,2,2.721749
453.0,2023-24,14,4.941053,10,3.8205616
453.0,2023-24,15,4.9774528,2,3.298744
453.0,2023-24,16,4.2017455,17,2.888891
453.0,2023-24,17,4.567655,2,3.7864597
453.0,2023-24,18,4.6504693,7,2.073053
453.0,2023-24,19,4.8825345,5,2.9017262
453.0,2023-24,20,3.749122,9,4.0923176
453.0,2023-24,21,-0.13586204,0,4.0288677
453.0,2023-24,22,0.30192718,0,2.706569
453.0,2023-24,23,1.2611644,0,1.3142735
453.0,2023-24,24,3.2686832,4,0.96631336
453.0,2023-24,25,2.9169836,2,3.1179593
453.0,2023-24,26,0.46489123,0,3.162773
453.0,2023-24,27,3.3475778,7,2.099794
453.0,2023-24,28,3.4313848,17,1.5131272
453.0,2023-24,29,4.9152713,2,0.7972927
453.0,2023-24,30,5.443474,10,2.1328652
453.0,2023-24,31,4.5753503,2,1.2323658
453.0,2023-24,32,4.185461,5,1.726055
453.0,2023-24,33,3.685742,1,3.016554
453.0,2023-24,34,0.24442288,0,2.8839908
453.0,2023-24,35,2.641676,7,1.9060647
453.0,2023-24,35,2.641676,7,1.4073255
453.0,2023-24,35,3.2322142,2,1.9060647
453.0,2023-24,35,3.2322142,2,1.4073255
453.0,2023-24,36,3.2096698,7,1.9832789
453.0,2023-24,37,5.370849,2,3.4936774
453.0,2023-24,37,5.370849,2,3.2607129
453.0,2023-24,37,4.6347685,2,3.4936774
453.0,2023-24,37,4.6347685,2,3.2607129
453.0,2023-24,38,4.5601144,7,3.487922
461.0,2023-24,16,1.5645773,1,1.2922778
461.0,2023-24,17,1.3316588,1,1.3521556
461.0,2023-24,18,-0.03593041,0,1.0452323
461.0,2023-24,19,0.028389469,0,0.9710808
461.0,2023-24,20,0.15311955,0,0.7074261
461.0,2023-24,21,0.018913183,0,0.60441136
461.0,2023-24,22,-0.03085328,0,0.48188028
461.0,2023-24,23,-0.0112631535,0,0.4251499
461.0,2023-24,24,-0.0112631535,0,0.4164293
461.0,2023-24,25,0.7761127,6,0.40650678
461.0,2023-24,26,1.1954999,0,1.7050289
461.0,2023-24,27,1.1954999,0,1.4086314
461.0,2023-24,28,1.1954999,0,1.1209147
461.0,2023-24,29,-0.07410378,0,0.9480231
461.0,2023-24,30,-0.07410378,0,0.865203
461.0,2023-24,31,0.018371744,0,0.3671065
461.0,2023-24,32,1.1533476,1,0.3671065
461.0,2023-24,33,1.5361347,1,0.68198574
461.0,2023-24,34,0.99140894,1,1.0412865
461.0,2023-24,35,1.33372,1,1.108041
461.0,2023-24,36,1.2060233,1,1.0159855
486.0,2023-24,7,0.04603639,0,0.8859019
486.0,2023-24,8,0.025142875,0,0.8047811
486.0,2023-24,9,0.0021352496,0,0.62503034
486.0,2023-24,10,1.2232112,1,0.516622
486.0,2023-24,11,1.7305585,1,1.2066427
486.0,2023-24,12,2.5477686,1,1.3744379
486.0,2023-24,13,2.2484338,1,1.1566374
486.0,2023-24,14,1.8911892,4,0.9287101
486.0,2023-24,15,0.08210932,0,1.1084807
486.0,2023-24,16,2.1691601,1,0.9530992
486.0,2023-24,17,2.273315,1,1.1225994
486.0,2023-24,18,2.2532806,1,1.0211031
486.0,2023-24,19,2.2382438,1,0.85829306
486.0,2023-24,20,1.8299317,1,0.757393
486.0,2023-24,21,2.4234872,1,0.6429654
486.0,2023-24,22,-0.10980736,0,0.48133075
486.0,2023-24,23,2.3411057,1,0.29101944
486.0,2023-24,24,1.4725735,1,0.5565859
486.0,2023-24,25,0.046605803,0,1.0518489
486.0,2023-24,26,1.8278496,1,1.0892195
486.0,2023-24,27,1.6647054,1,0.8181507
486.0,2023-24,28,2.2461207,0,1.3203046
486.0,2023-24,29,0.1439445,0,1.1753488
486.0,2023-24,30,1.2260793,1,0.9502577
486.0,2023-24,31,1.6816826,3,1.2622797
486.0,2023-24,32,0.16266061,0,1.8576082
486.0,2023-24,33,2.1732311,1,1.2293274
486.0,2023-24,34,1.7748787,1,0.89153105
486.0,2023-24,35,0.07796135,0,0.9412682
486.0,2023-24,36,0.09078938,0,0.8462583
486.0,2023-24,37,0.099440426,0,0.5926107
486.0,2023-24,38,1.37767,1,0.43989247
489.0,2023-24,6,0.030426793,0,0.9796071
489.0,2023-24,7,0.10121668,0,0.82220286
489.0,2023-24,8,0.1261774,0,0.7389685
489.0,2023-24,9,1.1528283,1,0.56331164
489.0,2023-24,10,0.058343396,0,0.87509906
489.0,2023-24,11,1.4807962,2,0.705644
489.0,2023-24,12,0.16157395,0,1.426811
489.0,2023-24,13,0.087110214,0,1.1479628
489.0,2023-24,14,1.5130619,3,0.9019723
489.0,2023-24,15,1.6677675,1,1.7526522
489.0,2023-24,16,1.660386,1,1.5104824
489.0,2023-24,17,2.8950293,1,1.3368322
489.0,2023-24,18,0.17965548,0,1.133002
489.0,2023-24,19,2.5129316,6,0.827802
489.0,2023-24,20,2.1681273,3,1.4226505
489.0,2023-24,21,3.4517937,3,2.9235153
489.0,2023-24,22,3.1019413,1,1.7059195
496.0,2023-24,15,0.41982365,0,0.81111723
496.0,2023-24,16,0.01402755,0,0.52069247
496.0,2023-24,17,0.01402755,0,0.46311155
496.0,2023-24,18,0.027374368,0,0.44036084
496.0,2023-24,19,-0.017932415,0,0.42790723
496.0,2023-24,20,-0.017932415,0,0.41973945
496.0,2023-24,21,-0.017932415,0,0.41092467
496.0,2023-24,22,-0.017932415,0,0.40117922
496.0,2023-24,23,-0.017932415,0,0.3919679
496.0,2023-24,24,0.65164673,1,0.38369066
496.0,2023-24,25,0.023060199,0,0.8277636
496.0,2023-24,26,1.472925,1,0.65805566
500.0,2023-24,6,2.1451814,1,1.2316864
500.0,2023-24,7,2.1580396,1,1.6356082
500.0,2023-24,8,2.9429135,2,2.2925627
500.0,2023-24,9,3.2544277,1,1.6184742
500.0,2023-24,10,2.5013356,2,1.5491835
500.0,2023-24,11,2.740892,2,1.6702955
500.0,2023-24,12,2.2318752,1,1.9451363
500.0,2023-24,13,2.6589305,9,2.2059622
500.0,2023-24,14,2.0570185,2,2.4664981
500.0,2023-24,15,3.230373,14,2.043595
500.0,2023-24,16,5.4126196,6,1.9443645
500.0,2023-24,17,2.3284864,2,1.7198875
500.0,2023-24,18,5.5922155,2,2.3086894
500.0,2023-24,19,3.9681118,2,1.9666281
500.0,2023-24,20,4.4465637,2,2.5739515
500.0,2023-24,21,-0.27154967,0,2.4881442
500.0,2023-24,22,0.3212628,0,2.6469064
500.0,2023-24,23,0.10501751,0,1.6140078
500.0,2023-24,24,0.088973284,0,1.107449
500.0,2023-24,25,1.2428085,1,0.7171005
500.0,2023-24,26,2.206732,10,2.4882817
500.0,2023-24,27,2.169125,3,2.1306324
500.0,2023-24,28,2.886277,10,1.6440493
500.0,2023-24,29,3.9595957,3,2.1490507
500.0,2023-24,30,3.7204213,2,2.6046338
500.0,2023-24,31,4.463476,1,3.9540844
500.0,2023-24,32,3.4602942,2,2.0392869
500.0,2023-24,33,3.5108294,6,2.2255409
500.0,2023-24,34,3.4707658,2,4.019491
500.0,2023-24,35,4.4210515,2,2.0997972
500.0,2023-24,36,3.9698536,3,2.0549526
500.0,2023-24,37,3.308407,2,2.388425
500.0,2023-24,38,4.144044,2,2.4309545
532.0,2023-24,6,0.027779313,0,0.49662772
532.0,2023-24,7,1.13616,1,0.47408748
532.0,2023-24,8,1.1776989,1,0.83942986
532.0,2023-24,9,1.3975421,1,1.040596
532.0,2023-24,10,0.027542958,0,1.2195331
532.0,2023-24,11,0.038183402,0,0.9423505
532.0,2023-24,12,0.034951333,0,0.7021574
532.0,2023-24,13,0.004015362,0,0.50819254
532.0,2023-24,14,-0.00668935,0,0.43973082
532.0,2023-24,15,0.0033246644,0,0.41919267
532.0,2023-24,16,1.0751256,1,0.41131186
532.0,2023-24,17,1.6846836,2,1.0560725
532.0,2023-24,18,0.06469156,0,1.2729181
532.0,2023-24,19,1.3715993,1,0.8260897
532.0,2023-24,20,0.047789373,0,0.7093612
532.0,2023-24,21,0.07244504,0,0.70419204
532.0,2023-24,22,0.07313197,0,0.55285597
532.0,2023-24,23,0.018935919,0,0.40706867
532.0,2023-24,24,0.018935919,0,0.40165764
532.0,2023-24,25,0.118116245,0,0.39592913
532.0,2023-24,26,0.018187886,0,0.39919484
532.0,2023-24,27,0.018187886,0,0.40733433
532.0,2023-24,28,0.47918525,1,0.4119017
532.0,2023-24,29,0.01625913,0,0.7240908
532.0,2023-24,30,0.01625913,0,0.5893724
532.0,2023-24,31,0.01625913,0,0.49345154
532.0,2023-24,32,0.010816642,0,0.44431788
532.0,2023-24,33,0.010816642,0,0.42125905
532.0,2023-24,34,0.00945394,0,0.38844806
532.0,2023-24,35,0.00945394,0,0.38844806
532.0,2023-24,36,0.00945394,0,0.38844806
532.0,2023-24,37,-0.017932415,0,0.38844806
532.0,2023-24,38,0.41344136,1,0.38866633
556.0,2023-24,6,5.4174848,3,2.186963
556.0,2023-24,7,4.305247,2,2.353505
556.0,2023-24,8,3.5957718,2,2.4585912
556.0,2023-24,9,6.1304393,2,4.200926
556.0,2023-24,10,3.500523,2,2.2111926
556.0,2023-24,11,0.5896725,0,2.3080132
556.0,2023-24,12,4.5783787,3,2.1511836
556.0,2023-24,13,3.5964527,8,1.8290097
556.0,2023-24,14,2.5787547,2,3.9232986
556.0,2023-24,15,3.0893176,1,2.6498103
556.0,2023-24,16,2.54735,1,1.8214314
556.0,2023-24,17,1.5376729,0,2.4751725
556.0,2023-24,18,1.7614528,1,2.1950643
556.0,2023-24,19,2.479458,5,1.7778572
556.0,2023-24,20,3.501973,7,2.4969356
556.0,2023-24,21,3.2627242,7,2.1657183
556.0,2023-24,22,3.9843547,7,2.0817986
556.0,2023-24,23,4.136457,3,1.7694635
556.0,2023-24,24,3.314125,2,1.9415629
556.0,2023-24,25,3.8443053,2,1.8166351
556.0,2023-24,26,4.461872,2,2.0833278
556.0,2023-24,27,2.623618,7,1.7550776
556.0,2023-24,28,4.0581594,8,2.5813951
556.0,2023-24,29,0.6735405,0,2.1495461
556.0,2023-24,30,3.1693068,3,1.8045106
556.0,2023-24,31,3.499436,1,2.731034
556.0,2023-24,32,3.022789,2,1.9899583
556.0,2023-24,33,2.7251034,2,1.5171096
556.0,2023-24,34,0.52565783,0,2.1742792
556.0,2023-24,35,0.40221724,0,2.217175
556.0,2023-24,36,0.19063893,0,1.5701172
556.0,2023-24,37,1.3918442,1,0.85547566
556.0,2023-24,38,1.6973757,1,1.683794
561.0,2023-24,6,-0.11985798,0,0.6806437
561.0,2023-24,7,1.0715241,1,0.5577311
561.0,2023-24,8,1.3298503,1,0.87849414
561.0,2023-24,9,1.7472954,1,1.4142833
561.0,2023-24,10,1.8794262,1,1.394139
561.0,2023-24,11,1.4058453,1,1.3390062
561.0,2023-24,12,1.6433389,1,1.3897195
561.0,2023-24,13,0.0046840217,0,1.3593088
561.0,2023-24,14,0.0066120615,0,0.7984483
561.0,2023-24,15,0.049216986,0,0.57856023
561.0,2023-24,16,0.9880628,1,0.4739623
561.0,2023-24,17,0.02215777,0,0.8089242
561.0,2023-24,18,1.1707555,1,0.6964661
592.0,2023-24,8,1.3235431,1,0.5642268
592.0,2023-24,9,1.4422001,1,0.79285115
592.0,2023-24,10,1.6270057,2,1.2978077
592.0,2023-24,11,2.5390713,2,1.7608483
592.0,2023-24,12,2.4996817,2,1.5294029
592.0,2023-24,13,2.5386295,1,1.725022
592.0,2023-24,14,2.6571715,5,1.6844727
592.0,2023-24,15,2.111072,6,1.992932
592.0,2023-24,16,1.9349873,2,1.6743221
592.0,2023-24,17,7.826765e-05,0,1.8321303
592.0,2023-24,18,2.7503011,5,1.6350093
592.0,2023-24,19,3.8031945,2,2.2458794
592.0,2023-24,20,2.9079692,8,1.8661885
592.0,2023-24,21,3.252899,2,1.886486
592.0,2023-24,22,3.0171516,6,1.8488493
592.0,2023-24,23,3.2972968,13,2.0865893
592.0,2023-24,24,5.9107437,2,1.8361497
592.0,2023-24,25,5.1496186,2,2.5675738
592.0,2023-24,25,5.1496186,2,3.8688147
592.0,2023-24,25,4.7367325,1,2.5675738
592.0,2023-24,25,4.7367325,1,3.8688147
592.0,2023-24,26,0.1778991,0,3.4729505
592.0,2023-24,27,3.3694015,2,3.0093637
592.0,2023-24,28,3.3634694,2,1.6042341
592.0,2023-24,28,3.3634694,2,2.5120695
592.0,2023-24,28,3.9045062,7,1.6042341
592.0,2023-24,28,3.9045062,7,2.5120695
592.0,2023-24,29,3.9151897,2,3.246439
592.0,2023-24,30,3.4961712,4,2.7775762
592.0,2023-24,31,2.5685918,2,3.5029857
592.0,2023-24,32,2.6527562,2,2.6674726
592.0,2023-24,33,1.8561245,7,2.4674008
592.0,2023-24,34,2.6734161,2,2.1647594
592.0,2023-24,35,2.8205097,2,2.0991695
592.0,2023-24,36,3.589461,2,2.1708894
592.0,2023-24,37,3.007182,0,2.1378646
618.0,2023-24,6,5.065343,2,2.6861618
618.0,2023-24,7,5.4339914,0,3.9300597
618.0,2023-24,8,4.386124,16,4.801468
618.0,2023-24,9,5.157981,2,3.157166
618.0,2023-24,10,3.5061529,2,2.027545
618.0,2023-24,11,5.259513,5,2.3351417
618.0,2023-24,12,4.6513467,6,2.8552864
618.0,2023-24,13,3.8070157,6,2.623637
618.0,2023-24,14,3.7117763,2,2.3892949
618.0,2023-24,15,3.2283423,2,2.3730235
618.0,2023-24,16,3.0658572,1,3.3171654
618.0,2023-24,17,4.0991273,6,2.1310983
618.0,2023-24,18,4.108733,4,2.6752455
618.0,2023-24,19,-0.119411,0,3.438786
618.0,2023-24,20,0.31851697,0,2.0083663
618.0,2023-24,21,5.0235662,6,2.2176068
618.0,2023-24,22,2.801413,2,1.4349794
618.0,2023-24,23,3.425287,2,1.7845078
618.0,2023-24,24,2.9486594,1,1.5611429
618.0,2023-24,25,3.0961125,8,1.4670358
618.0,2023-24,26,-0.024321068,0,1.0380054
618.0,2023-24,27,2.7918375,1,1.8631428
618.0,2023-24,28,3.0455692,1,2.4635012
618.0,2023-24,29,0.37235522,0,1.8946948
618.0,2023-24,30,2.7624304,4,1.5103135
618.0,2023-24,31,3.4067004,1,1.9640052
618.0,2023-24,32,0.70767,0,1.1927512
618.0,2023-24,33,0.42965862,0,0.7365738
618.0,2023-24,34,1.5646333,1,0.42557263
618.0,2023-24,35,0.28264755,0,0.6912596
618.0,2023-24,36,0.11326063,0,1.0361146
618.0,2023-24,37,2.1459093,6,0.7309341
618.0,2023-24,37,2.1459093,6,1.2577521
618.0,2023-24,37,2.0182066,0,0.7309341
618.0,2023-24,37,2.0182066,0,1.2577521
618.0,2023-24,38,2.1885617,9,1.2098258
646.0,2023-24,6,-0.35194337,0,1.5471742
646.0,2023-24,7,2.0500982,1,1.3675472
646.0,2023-24,8,2.372259,1,1.2505879
646.0,2023-24,9,2.4798234,1,1.9293449
646.0,2023-24,10,2.370892,2,1.9247239
646.0,2023-24,11,2.4033506,3,1.3718109
646.0,2023-24,12,2.6105173,1,1.2034706
646.0,2023-24,13,0.004310972,0,1.3543998
646.0,2023-24,14,0.012595208,0,0.95499694
646.0,2023-24,15,-0.05433556,0,0.67159283
646.0,2023-24,16,0.06218724,0,0.5547492
646.0,2023-24,17,0.22003202,0,0.44461897
646.0,2023-24,18,1.2633417,1,0.5328179
646.0,2023-24,19,1.3586205,2,0.84885645
646.0,2023-24,20,2.0854962,1,1.7532704
646.0,2023-24,21,2.2324696,1,1.9317465
646.0,2023-24,22,-0.05836516,0,1.2727816
646.0,2023-24,23,-0.020926422,0,0.78692997
646.0,2023-24,24,-0.056327417,0,0.5762959
646.0,2023-24,25,0.0007470227,0,0.47305265
646.0,2023-24,26,1.4547931,1,0.319539
646.0,2023-24,27,-0.25003967,0,1.228566
646.0,2023-24,28,-0.06315457,0,1.7178957
646.0,2023-24,29,-0.09943484,0,1.2456685
646.0,2023-24,30,-0.0020864424,0,0.9110807
646.0,2023-24,31,-0.0020864424,0,0.64981866
646.0,2023-24,32,0.19380888,0,0.4451881
646.0,2023-24,33,0.19380888,0,0.3974821
646.0,2023-24,34,1.3049649,2,0.36701608
646.0,2023-24,35,1.8884177,3,1.3524623
646.0,2023-24,36,2.4633768,2,1.9084153
646.0,2023-24,37,2.780491,1,1.7374043
646.0,2023-24,37,2.780491,1,0.9953946
646.0,2023-24,37,2.1227915,1,1.7374043
646.0,2023-24,37,2.1227915,1,0.9953946
646.0,2023-24,38,2.1620293,4,0.8595171
668.0,2023-24,6,1.958945,2,1.4499602
668.0,2023-24,7,2.4218278,1,2.015939
668.0,2023-24,8,0.07707766,0,1.5106405
668.0,2023-24,9,0.14810367,0,1.1357073
668.0,2023-24,10,-0.10220416,0,0.6920795
668.0,2023-24,11,1.2654287,1,0.51417035
668.0,2023-24,12,1.7463078,8,1.1618917
668.0,2023-24,13,2.189523,1,1.1594265
668.0,2023-24,14,2.273013,3,1.2709377
668.0,2023-24,15,2.5861852,2,1.5481932
668.0,2023-24,16,2.5065882,0,1.8227608
668.0,2023-24,17,-0.0518962,0,1.4790825
668.0,2023-24,18,1.9098777,0,1.1712275
668.0,2023-24,19,0.2132811,0,1.1187288
668.0,2023-24,20,0.3443049,0,0.71287787
668.0,2023-24,21,0.26444644,0,0.50492185
668.0,2023-24,22,0.019589435,0,0.5121007
668.0,2023-24,23,1.0905248,2,0.46033514
668.0,2023-24,24,1.4827441,1,1.7217451
668.0,2023-24,25,1.8278388,3,1.6796479
668.0,2023-24,26,1.7685057,1,1.4617035
668.0,2023-24,27,-0.0730219,0,1.2922939
668.0,2023-24,28,-0.06691219,0,1.0046961
668.0,2023-24,29,-0.05066445,0,0.741803
668.0,2023-24,30,-0.051857997,0,0.5639299
668.0,2023-24,31,1.148157,2,0.49154136
668.0,2023-24,32,-0.0042942865,0,1.2918481
668.0,2023-24,33,0.036341596,0,0.9297603
668.0,2023-24,34,1.4448805,11,0.7148529
668.0,2023-24,34,1.4448805,11,0.7596718
668.0,2023-24,34,1.538127,3,0.7148529
668.0,2023-24,34,1.538127,3,0.7596718
668.0,2023-24,35,2.2312038,10,1.4197459
668.0,2023-24,36,3.544712,1,1.0002639
668.0,2023-24,37,2.4119303,3,1.3937628
668.0,2023-24,38,2.11449,10,1.5951413
672.0,2023-24,6,3.2157302,2,2.6239178
672.0,2023-24,7,2.8903873,3,1.8282186
672.0,2023-24,8,3.3000329,3,2.2842324
672.0,2023-24,9,2.7995534,2,2.0398648
672.0,2023-24,10,2.521085,6,2.4169652
672.0,2023-24,11,3.5533526,5,2.0091124
672.0,2023-24,12,3.3124526,2,2.5116222
672.0,2023-24,13,3.1950119,1,2.158254
672.0,2023-24,14,3.0327942,2,2.3726187
672.0,2023-24,15,3.2347412,2,1.9668202
672.0,2023-24,16,3.341513,-1,1.7800399
672.0,2023-24,17,0.16499375,0,2.0273323
672.0,2023-24,18,2.8583171,8,1.9435668
672.0,2023-24,19,2.5786262,5,1.7074404
672.0,2023-24,20,2.8481295,5,1.9621184
672.0,2023-24,21,-0.002386786,0,2.7125823
672.0,2023-24,22,5.048784,2,2.08962
672.0,2023-24,23,3.5540373,2,2.1582308
672.0,2023-24,24,2.919417,2,2.3591352
672.0,2023-24,25,2.944848,6,1.7865973
672.0,2023-24,26,3.3091457,13,1.6699923
672.0,2023-24,27,3.247566,3,2.3674405
672.0,2023-24,28,4.3679943,3,3.1009808
672.0,2023-24,29,0.1106279,0,2.299252
672.0,2023-24,30,2.859493,2,1.9661541
672.0,2023-24,31,2.4173996,3,2.0457416
672.0,2023-24,32,2.1139352,2,2.187149
672.0,2023-24,33,3.0485723,1,1.8511262
672.0,2023-24,34,2.9594657,1,1.5785034
672.0,2023-24,34,2.9594657,1,1.4531429
672.0,2023-24,34,2.2563796,5,1.5785034
672.0,2023-24,34,2.2563796,5,1.4531429
672.0,2023-24,35,1.9396877,2,2.4705956
672.0,2023-24,36,1.9955573,1,2.1043174
672.0,2023-24,37,-0.03367815,0,1.7180234
672.0,2023-24,38,2.1881652,1,1.408857
675.0,2023-24,7,2.690622,1,1.0062629
675.0,2023-24,8,0.073516674,0,1.5140157
675.0,2023-24,9,1.4890854,0,1.194074
675.0,2023-24,10,1.5586345,3,1.1862284
675.0,2023-24,11,0.29616815,0,3.3710897
675.0,2023-24,12,2.153369,0,1.7476377
675.0,2023-24,13,0.10331559,0,1.3768361
675.0,2023-24,14,1.2402148,5,1.2105417
675.0,2023-24,15,0.19903041,0,1.5259293
675.0,2023-24,16,3.0128129,10,1.6563799
675.0,2023-24,17,3.690097,8,1.4517659
675.0,2023-24,18,0.098727666,0,1.9382372
675.0,2023-24,19,3.1702583,1,2.2941532
675.0,2023-24,20,3.0397031,1,2.149743
675.0,2023-24,21,-0.0035571924,0,2.498542
675.0,2023-24,22,3.056798,1,1.4067802
675.0,2023-24,23,0.06631291,0,1.0397223
675.0,2023-24,24,2.1586611,1,0.4098701
675.0,2023-24,25,-0.101076454,0,0.72778535
675.0,2023-24,26,-0.038968563,0,1.347384
675.0,2023-24,27,-0.038968563,0,1.1818765
675.0,2023-24,28,-0.007462711,0,1.0604242
675.0,2023-24,29,-0.029205697,0,0.8202117
675.0,2023-24,30,0.7237541,1,0.5115415
675.0,2023-24,31,1.7155948,1,1.103154
675.0,2023-24,32,2.6366906,2,2.4391367
675.0,2023-24,33,0.8017046,0,2.090287
675.0,2023-24,34,3.488485,1,1.5347972
675.0,2023-24,35,2.658026,3,1.1230958
675.0,2023-24,36,2.5812826,1,1.3638754
695.0,2023-24,8,-0.013550402,0,0.42645028
695.0,2023-24,9,-0.0035363657,0,0.4167534
695.0,2023-24,10,0.7938142,1,0.4024807
695.0,2023-24,11,0.019832687,0,0.55698323
695.0,2023-24,12,0.019832687,0,0.72961205
695.0,2023-24,13,0.019832687,0,0.53477687
695.0,2023-24,14,0.00817386,0,0.4230881
695.0,2023-24,15,0.00817386,0,0.3972197
695.0,2023-24,16,0.018187886,0,0.39356646
695.0,2023-24,17,0.018187886,0,0.39114377
695.0,2023-24,18,0.018187886,0,0.39114377
695.0,2023-24,19,-0.017932415,0,0.39114377
695.0,2023-24,20,-0.017932415,0,0.39104575
695.0,2023-24,21,-0.017932415,0,0.39005804
695.0,2023-24,22,-0.017932415,0,0.38821882
695.0,2023-24,23,-0.017932415,0,0.38602105
695.0,2023-24,24,-0.017932415,0,0.38369066
695.0,2023-24,25,-0.017932415,0,0.38369066
695.0,2023-24,26,-0.017932415,0,0.38369066
695.0,2023-24,27,-0.017932415,0,0.38369066
695.0,2023-24,28,0.39188927,0,0.38369066
695.0,2023-24,29,0.4487157,0,0.53495556
695.0,2023-24,30,-0.017932415,0,0.5588767
695.0,2023-24,31,-0.017932415,0,0.48511216
695.0,2023-24,32,-0.017932415,0,0.4345656
695.0,2023-24,33,0.3738197,0,0.38436538
695.0,2023-24,34,0.49003837,0,0.48907647
695.0,2023-24,35,-0.017932415,0,0.53251183
695.0,2023-24,36,-0.017932415,0,0.49378943
695.0,2023-24,37,-0.017932415,0,0.46397474
695.0,2023-24,38,0.38070336,0,0.4261801
700.0,2023-24,6,1.7851266,3,2.1656747
700.0,2023-24,7,2.1778297,2,2.1629453
700.0,2023-24,8,2.9121048,10,2.0249515
700.0,2023-24,9,4.289752,2,2.2239392
700.0,2023-24,10,3.1279294,2,2.2767956
700.0,2023-24,11,4.3296986,3,2.3712285
700.0,2023-24,12,2.9770067,2,2.256603
700.0,2023-24,13,4.1687803,15,2.6354816
700.0,2023-24,14,2.6575534,1,2.900969
700.0,2023-24,15,3.0045092,6,1.8510418
700.0,2023-24,16,4.4694815,6,1.5890398
700.0,2023-24,17,1.8751334,0,2.0448685
700.0,2023-24,18,3.5679002,0,1.7810538
700.0,2023-24,19,2.3008857,0,1.3930908
700.0,2023-24,20,1.6233326,2,1.2996767
700.0,2023-24,21,3.0393863,2,1.2277646
700.0,2023-24,22,3.4974294,3,1.8077767
700.0,2023-24,23,3.7296553,2,2.123749
700.0,2023-24,24,3.4990072,5,2.749601
700.0,2023-24,25,3.848616,1,3.2095833
700.0,2023-24,26,4.0429635,0,1.7858915
700.0,2023-24,27,3.3071609,1,0.99111515
700.0,2023-24,28,3.0135136,1,0.6550863
700.0,2023-24,29,4.23874,3,0.6980814
700.0,2023-24,30,3.546129,2,1.8769231
700.0,2023-24,31,3.152247,1,2.2675512
700.0,2023-24,32,4.585396,3,2.3933737
700.0,2023-24,33,3.4565003,3,1.6345944
700.0,2023-24,34,2.8908486,0,3.4650738
700.0,2023-24,35,3.3583548,1,2.2171881
700.0,2023-24,36,3.6122525,3,1.6107082
700.0,2023-24,37,2.1263306,1,0.9579356
700.0,2023-24,38,2.178906,0,0.83691573
712.0,2023-24,9,-0.036157243,0,0.4422191
712.0,2023-24,10,-0.029914109,0,0.4283842
712.0,2023-24,11,-0.029914109,0,0.40785596
712.0,2023-24,12,-0.008189843,0,0.4004508
712.0,2023-24,13,-0.017932415,0,0.39655432
712.0,2023-24,14,-0.017932415,0,0.39465502
712.0,2023-24,15,-0.017932415,0,0.39270768
712.0,2023-24,16,-0.017932415,0,0.39001697
712.0,2023-24,17,-0.017932415,0,0.3869518
712.0,2023-24,18,-0.017932415,0,0.38369066
712.0,2023-24,19,-0.017932415,0,0.38369066
712.0,2023-24,20,-0.017932415,0,0.38369066
712.0,2023-24,21,0.57838696,1,0.38369066
712.0,2023-24,22,0.019832687,0,0.68123966
712.0,2023-24,23,0.019832687,0,0.629215
712.0,2023-24,24,0.019832687,0,0.543722
712.0,2023-24,25,0.00817386,0,0.48578793
712.0,2023-24,26,0.82974696,1,0.4370091
712.0,2023-24,27,0.019832687,0,0.64728266
712.0,2023-24,28,0.019832687,0,0.5437726
712.0,2023-24,29,0.019832687,0,0.46841004
712.0,2023-24,30,0.00817386,0,0.4370733
712.0,2023-24,31,0.00817386,0,0.4302762
712.0,2023-24,32,0.018187886,0,0.39648974
712.0,2023-24,33,0.018187886,0,0.3948189
712.0,2023-24,34,0.018187886,0,0.3928137
712.0,2023-24,35,-0.017932415,0,0.39067876
712.0,2023-24,36,-0.017932415,0,0.39060742
712.0,2023-24,37,-0.017932415,0,0.3897032
712.0,2023-24,38,0.47437862,1,0.38797665
757.0,2023-24,6,2.870809,3,1.9195635
757.0,2023-24,7,2.5235257,3,1.6903692
757.0,2023-24,8,3.0457034,1,1.6629949
757.0,2023-24,9,0.099237174,0,1.211857
757.0,2023-24,10,1.8968476,1,1.1077408
757.0,2023-24,11,1.9502251,9,1.3243036
757.0,2023-24,12,2.3544126,2,1.8032112
757.0,2023-24,13,2.3670976,2,1.2972891
757.0,2023-24,14,-0.17668833,0,1.821612
757.0,2023-24,15,2.3164654,2,1.6970369
757.0,2023-24,16,1.9687682,2,1.4756606
757.0,2023-24,17,2.1419013,5,1.8149588
757.0,2023-24,18,-0.020105392,0,2.0736952
757.0,2023-24,19,2.1398385,1,1.6312251
757.0,2023-24,20,2.2998602,1,2.0961607
757.0,2023-24,21,1.2994726,2,2.0069082
757.0,2023-24,22,2.373558,1,1.6539778
757.0,2023-24,23,1.926094,1,1.0627247
757.0,2023-24,24,0.0967835,0,0.9732672
757.0,2023-24,25,0.1949797,0,0.732896
757.0,2023-24,26,0.045451343,0,0.68071157
757.0,2023-24,27,0.014863293,0,0.55258894
757.0,2023-24,28,0.019675853,0,0.4940761
757.0,2023-24,29,0.05540644,0,0.5351353
757.0,2023-24,30,1.0258234,0,0.47347322
757.0,2023-24,31,1.3049787,1,0.73840284
757.0,2023-24,32,1.2179023,4,0.89476514
757.0,2023-24,33,1.5133379,1,1.2406206
757.0,2023-24,34,1.885757,1,1.3036621
757.0,2023-24,34,1.885757,1,1.1305656
757.0,2023-24,34,1.9844975,1,1.3036621
757.0,2023-24,34,1.9844975,1,1.1305656
757.0,2023-24,35,1.6251742,9,1.1384497
757.0,2023-24,36,2.3175128,1,0.6884682
757.0,2023-24,37,2.4428074,1,0.6506759
775.0,2023-24,14,2.1528053,1,1.1137426
775.0,2023-24,15,2.1593087,5,1.4418592
775.0,2023-24,16,1.7646747,5,1.801975
775.0,2023-24,17,0.048210066,0,1.7768388
775.0,2023-24,18,2.4486175,11,1.3878978
775.0,2023-24,19,4.3692594,2,1.3404483
775.0,2023-24,20,2.7758524,2,0.85729074
775.0,2023-24,21,3.677854,2,0.6343646
775.0,2023-24,22,3.8988721,1,0.8834658
775.0,2023-24,23,0.21260636,0,0.8008532
775.0,2023-24,24,3.3469825,1,0.59476554
775.0,2023-24,25,2.4006958,0,0.9873658
775.0,2023-24,25,2.4006958,0,1.8019111
775.0,2023-24,25,2.1319618,1,0.9873658
775.0,2023-24,25,2.1319618,1,1.8019111
775.0,2023-24,26,0.17504154,0,1.8332326
775.0,2023-24,27,2.0810804,1,1.752487
775.0,2023-24,28,1.9583187,4,1.2669919
775.0,2023-24,28,1.9583187,4,1.2928324
775.0,2023-24,28,1.9507221,1,1.2669919
775.0,2023-24,28,1.9507221,1,1.2928324
775.0,2023-24,29,1.9817884,1,1.4420671
775.0,2023-24,30,1.8887446,2,1.5754069
775.0,2023-24,31,1.7402455,2,1.589014
775.0,2023-24,32,2.3431919,2,1.1821415
775.0,2023-24,33,1.8413222,1,1.2901459
775.0,2023-24,34,2.5048063,1,1.3315866
775.0,2023-24,35,-0.021428153,0,1.1510406
775.0,2023-24,36,1.814276,1,0.8723014
775.0,2023-24,37,0.034360796,0,0.87936246
775.0,2023-24,38,1.4963008,1,0.99097323
790.0,2023-24,6,0.0068587586,0,0.74342835
790.0,2023-24,7,0.06356829,0,0.7677544
790.0,2023-24,8,-0.009643446,0,0.61114043
790.0,2023-24,9,1.0156375,1,0.5508936
790.0,2023-24,10,1.3596542,1,0.7617465
790.0,2023-24,11,1.2743719,1,0.8494049
790.0,2023-24,12,0.029408222,0,0.9671762
790.0,2023-24,13,0.035947815,0,0.8589436
790.0,2023-24,14,1.5721828,1,0.6987846
790.0,2023-24,15,1.538287,1,0.9216926
790.0,2023-24,16,1.3269081,0,1.0587406
790.0,2023-24,17,1.5421137,1,0.9758922
790.0,2023-24,18,1.2265493,1,0.87128764
790.0,2023-24,19,1.2454704,1,0.7244026
843.0,2023-24,7,6.0601544,4,2.5929892
843.0,2023-24,8,4.5824213,2,2.7100623
843.0,2023-24,9,3.0058846,2,2.143929
843.0,2023-24,10,4.7911005,2,2.126179
843.0,2023-24,11,4.3051505,2,1.831468
843.0,2023-24,12,4.342886,11,2.0038614
843.0,2023-24,13,3.8076234,2,2.930731
843.0,2023-24,14,4.2936077,1,3.0054984
843.0,2023-24,15,4.189783,8,2.3444955
843.0,2023-24,16,3.6638894,2,2.5204055
843.0,2023-24,17,3.8489122,3,1.7859674
843.0,2023-24,18,4.389417,3,3.0917964
843.0,2023-24,19,2.9513133,6,3.6964786
843.0,2023-24,20,3.691883,3,3.7707884
843.0,2023-24,21,2.9433312,9,2.453636
843.0,2023-24,22,3.42415,10,3.4198153
843.0,2023-24,23,3.6807616,2,2.5400782
843.0,2023-24,24,5.339296,2,3.4739153
843.0,2023-24,25,5.6930795,2,4.0399265
843.0,2023-24,26,5.3846354,2,3.9255292
843.0,2023-24,27,4.3422294,5,2.5682654
843.0,2023-24,28,3.7956212,1,3.462492
843.0,2023-24,29,3.7501895,1,2.055097
843.0,2023-24,30,3.690757,2,3.3153892
843.0,2023-24,31,3.3940592,2,2.2398078
843.0,2023-24,32,3.5502203,10,2.0221539
843.0,2023-24,33,2.7364717,2,1.713956
843.0,2023-24,34,2.9062216,2,1.5610111
843.0,2023-24,35,3.3438346,1,3.1958206
843.0,2023-24,36,2.793345,1,2.0001454
843.0,2023-24,37,2.9831958,8,1.7655044
843.0,2023-24,38,2.1962962,2,1.4889084
900.0,2023-24,7,0.0049247565,0,0.5242541
900.0,2023-24,8,-0.011372809,0,0.505667
900.0,2023-24,9,-0.022284348,0,0.4833162
900.0,2023-24,10,0.00945394,0,0.41830432
900.0,2023-24,11,0.0059902025,0,0.40824366
900.0,2023-24,12,0.8909055,1,0.40225086
900.0,2023-24,13,0.032211717,0,0.69427514
900.0,2023-24,14,0.032211717,0,0.7065791
900.0,2023-24,15,0.032211717,0,0.557345
900.0,2023-24,16,0.014247099,0,0.4721441
900.0,2023-24,17,0.014247099,0,0.43842247
900.0,2023-24,18,-0.006486209,0,0.38951558
900.0,2023-24,19,-0.006486209,0,0.38951558
900.0,2023-24,20,-0.006486209,0,0.38951558
900.0,2023-24,21,-0.017932415,0,0.38951558
900.0,2023-24,22,-0.017932415,0,0.3911947
900.0,2023-24,23,-0.017932415,0,0.39136317
900.0,2023-24,24,0.48650113,1,0.3896619
900.0,2023-24,25,0.96435845,0,0.68879414
900.0,2023-24,26,2.3726084,4,1.5636826
900.0,2023-24,27,2.0483031,6,1.2389908
900.0,2023-24,28,2.2328756,1,2.5577738
900.0,2023-24,29,0.12780608,0,1.1292014
900.0,2023-24,30,2.353232,4,0.9298774
900.0,2023-24,31,2.4957736,1,0.93022394
900.0,2023-24,32,2.6383133,1,1.958887
900.0,2023-24,33,2.4497313,1,1.4073175
900.0,2023-24,34,1.8287711,1,0.5923319
900.0,2023-24,35,-0.054493092,0,0.62845266
900.0,2023-24,36,1.7105322,1,0.85396314
900.0,2023-24,37,1.5124435,1,0.98878664
900.0,2023-24,38,2.1413696,10,1.2514979
910.0,2023-24,6,2.1280928,3,1.3312683
910.0,2023-24,7,2.6721635,2,1.5026753
910.0,2023-24,8,2.3918478,1,1.1739421
910.0,2023-24,9,2.3368134,1,1.2627788
910.0,2023-24,10,1.473392,1,1.0871682
910.0,2023-24,11,0.032613166,0,1.3692839
910.0,2023-24,12,1.6221143,0,1.1677626
910.0,2023-24,13,1.6095701,2,1.2005885
910.0,2023-24,14,1.6433835,2,1.6606445
910.0,2023-24,15,0.08212548,0,1.5255688
910.0,2023-24,16,2.0452225,1,1.2205945
910.0,2023-24,17,1.3886495,1,1.2386202
910.0,2023-24,18,1.5795699,1,1.3183904
910.0,2023-24,19,-0.03032663,0,1.4305043
910.0,2023-24,20,1.3715559,1,1.1512587
910.0,2023-24,21,0.41300198,0,1.19117
910.0,2023-24,22,0.011177673,0,0.9211285
910.0,2023-24,23,1.2175602,1,0.700372
910.0,2023-24,24,1.7178863,1,1.334237
910.0,2023-24,25,0.081147686,0,1.2498633
910.0,2023-24,26,1.7371715,3,0.9307357
910.0,2023-24,27,1.6732091,3,1.3808973
910.0,2023-24,28,1.8634479,1,1.7259837
910.0,2023-24,29,1.9784652,0,1.4049852
910.0,2023-24,30,-0.08966745,0,1.1546156
910.0,2023-24,31,1.6340973,1,0.8615086
910.0,2023-24,32,-0.071757,0,0.99277574
910.0,2023-24,33,1.5454886,1,1.0232164
910.0,2023-24,34,0.09691575,0,1.3647995
910.0,2023-24,35,1.5252845,3,1.0218993
910.0,2023-24,36,0.035828926,0,1.568135
910.0,2023-24,37,0.064054,0,1.09396
910.0,2023-24,38,1.8358136,4,0.80939925
922.0,2023-24,6,3.0529492,3,1.209445
922.0,2023-24,7,3.3737547,1,1.7558157
922.0,2023-24,8,3.9001887,5,1.6041939
922.0,2023-24,9,3.493939,1,1.5139985
922.0,2023-24,10,3.7508357,1,1.4306533
922.0,2023-24,11,4.87235,3,1.6917762
922.0,2023-24,12,3.2894893,2,2.150124
922.0,2023-24,13,4.0763445,2,2.4014537
922.0,2023-24,14,2.8681154,2,2.3298104
922.0,2023-24,15,3.2920702,15,2.6743987
922.0,2023-24,16,4.6496634,6,2.5284164
922.0,2023-24,17,3.8380892,2,2.7860134
922.0,2023-24,18,4.9491534,2,2.676648
922.0,2023-24,19,3.5533957,1,2.612704
922.0,2023-24,20,3.9149153,1,2.5658371
922.0,2023-24,21,2.1979618,2,1.2766149
922.0,2023-24,22,4.1168256,3,2.5220892
922.0,2023-24,23,3.4878495,4,2.464686
922.0,2023-24,24,4.650184,2,2.7627492
922.0,2023-24,25,3.6207852,2,1.8893679
922.0,2023-24,26,4.1402698,2,2.4749186
922.0,2023-24,27,3.8644266,3,2.903054
922.0,2023-24,28,3.8595045,2,1.9927626
922.0,2023-24,29,4.464589,3,1.8459799
922.0,2023-24,30,4.237953,5,2.1460717
922.0,2023-24,31,3.7285395,6,3.8558848
922.0,2023-24,32,5.0476074,3,4.3243093
922.0,2023-24,33,4.847583,15,3.252826
922.0,2023-24,34,4.7897243,2,3.0298212
922.0,2023-24,35,3.656804,3,1.4922141
922.0,2023-24,36,3.430484,3,2.0115316
922.0,2023-24,37,4.5470076,2,3.345792
1018.0,2023-24,6,1.9005399,2,1.3844621
1018.0,2023-24,7,2.2771351,2,1.3847728
1018.0,2023-24,7,2.2771351,2,1.4030339
1018.0,2023-24,7,2.0404222,2,1.3847728
1018.0,2023-24,7,2.0404222,2,1.4030339
1018.0,2023-24,8,2.0876875,1,1.5422177
1018.0,2023-24,9,2.0214975,1,1.5175465
1018.0,2023-24,10,3.0154886,0,1.6507747
1018.0,2023-24,11,0.093521126,0,1.5589638
1018.0,2023-24,12,0.08377338,0,1.096998
1018.0,2023-24,13,1.4286156,1,0.76849204
1018.0,2023-24,14,-0.014455448,0,1.0106322
1018.0,2023-24,15,-0.009468154,0,0.98252296
1018.0,2023-24,16,-0.03513312,0,0.75274515
1018.0,2023-24,17,-0.016094213,0,0.60409105
1018.0,2023-24,18,-0.020529365,0,0.51023173
1018.0,2023-24,19,0.010285146,0,0.47408596
1018.0,2023-24,20,0.010285146,0,0.44493845
1018.0,2023-24,21,1.0247632,2,0.42201692
1018.0,2023-24,22,0.059297025,0,1.3500714
1018.0,2023-24,23,0.059297025,0,1.0233079
1018.0,2023-24,24,0.059297025,0,0.77540624
1018.0,2023-24,25,-0.017759118,0,0.61658585
1018.0,2023-24,26,1.0180007,1,0.47753495
1018.0,2023-24,27,1.678749,2,1.0912876
1018.0,2023-24,28,2.067409,6,1.5944333
1018.0,2023-24,29,2.5363293,2,1.622297
1018.0,2023-24,30,2.8406808,11,1.739712
1018.0,2023-24,31,3.4249158,2,1.6578155
1018.0,2023-24,32,3.4256854,2,2.041933
1018.0,2023-24,33,2.6154802,1,2.681267
1018.0,2023-24,34,4.0553536,5,1.9234742
1018.0,2023-24,35,3.276797,1,2.1625638
1018.0,2023-24,36,3.888652,2,1.9577914
1018.0,2023-24,37,2.8659997,1,1.9801538
1018.0,2023-24,38,2.9505644,9,2.0161078
1042.0,2023-24,10,0.05246667,0,0.6873146
1042.0,2023-24,11,0.0411211,0,0.5847784
1042.0,2023-24,12,0.03495235,0,0.44400686
1042.0,2023-24,13,0.07552807,0,0.41050807
1042.0,2023-24,14,0.074735865,0,0.40167862
1042.0,2023-24,15,0.06662787,0,0.39636618
1042.0,2023-24,16,-0.017932415,0,0.3960408
1042.0,2023-24,17,-0.017932415,0,0.39909196
1042.0,2023-24,18,-0.017932415,0,0.39922953
1042.0,2023-24,19,-0.017932415,0,0.39540488
1042.0,2023-24,20,-0.017932415,0,0.3885433
1042.0,2023-24,21,-0.017932415,0,0.38369066
1042.0,2023-24,22,-0.017932415,0,0.38369066
1042.0,2023-24,23,0.46711728,1,0.38369066
1042.0,2023-24,24,1.4652168,1,0.8532964
1042.0,2023-24,25,1.5321522,0,1.1909468
1042.0,2023-24,26,1.6893569,1,1.0333172
1042.0,2023-24,27,1.2690318,1,0.94123393
1042.0,2023-24,28,1.3049853,1,0.87816924
1228.0,2023-24,6,3.8034587,10,1.7258525
1228.0,2023-24,7,4.769616,2,2.8452516
1228.0,2023-24,8,5.5497646,2,2.3968923
1228.0,2023-24,9,5.77951,7,3.2921681
1228.0,2023-24,10,5.487264,1,3.5627062
1228.0,2023-24,11,2.8545897,11,2.8538916
1228.0,2023-24,12,3.816385,3,2.996086
1228.0,2023-24,13,3.0099354,6,2.684379
1228.0,2023-24,14,2.9105582,2,3.7039564
1228.0,2023-24,15,3.4504573,0,4.3758554
1228.0,2023-24,16,3.3185332,1,3.9865456
1228.0,2023-24,17,0.9055327,0,1.2520659
1228.0,2023-24,18,3.2649682,1,1.6675875
1228.0,2023-24,19,3.6113038,1,1.4765111
1228.0,2023-24,20,5.384588,2,1.7620661
1228.0,2023-24,21,3.2593656,2,3.135965
1228.0,2023-24,22,3.8563912,5,2.8485832
1228.0,2023-24,23,3.7259676,6,3.387772
1228.0,2023-24,24,4.576618,2,3.106323
1228.0,2023-24,25,4.419932,2,4.3932037
1228.0,2023-24,26,6.0112205,4,4.122346
1228.0,2023-24,27,4.1376677,5,2.9302762
1228.0,2023-24,28,5.327994,11,3.212824
1228.0,2023-24,29,0.6221301,0,4.132468
1228.0,2023-24,30,3.7244048,2,3.0440633
1228.0,2023-24,31,3.350961,8,3.7339258
1228.0,2023-24,32,5.541923,9,4.075009
1228.0,2023-24,33,3.7030725,15,3.5675972
1228.0,2023-24,34,5.795185,18,4.4629536
1228.0,2023-24,35,4.5976086,4,1.9645636
1228.0,2023-24,36,-0.6518484,0,2.6020079
1228.0,2023-24,37,5.859543,5,2.8044667
1228.0,2023-24,38,4.7491565,0,3.321756
1250.0,2023-24,6,6.507248,10,2.170289
1250.0,2023-24,7,6.608955,1,3.329472
1250.0,2023-24,8,5.245189,15,3.4712384
1250.0,2023-24,9,9.323603,16,3.580573
1250.0,2023-24,10,6.781039,8,2.022963
1250.0,2023-24,11,7.3173504,2,5.219738
1250.0,2023-24,12,7.506117,16,6.7869167
1250.0,2023-24,13,6.488518,5,6.189435
1250.0,2023-24,14,5.5369315,5,5.3891983
1250.0,2023-24,15,6.1819234,3,5.852687
1250.0,2023-24,16,6.9573455,13,5.6577215
1250.0,2023-24,17,7.072741,3,5.659979
1250.0,2023-24,18,5.8827715,7,3.8943114
1250.0,2023-24,19,2.8820357,3,5.386341
1250.0,2023-24,20,6.0242705,16,5.8560762
1250.0,2023-24,21,0.19909573,0,4.3857517
1250.0,2023-24,22,1.1086005,0,2.5089607
1250.0,2023-24,23,0.48039708,0,1.4513029
1250.0,2023-24,24,0.89281356,0,2.1264973
1250.0,2023-24,25,4.8346825,11,2.3539283
1250.0,2023-24,26,1.3739892,0,2.3988698
1250.0,2023-24,27,0.57114756,0,1.8980436
1250.0,2023-24,28,3.9130669,1,1.1961958
1250.0,2023-24,29,-0.1526966,0,2.3206465
1250.0,2023-24,30,1.6160479,7,1.8298998
1250.0,2023-24,31,4.9465303,1,2.7010086
1250.0,2023-24,32,5.1741753,8,1.52915
1250.0,2023-24,33,5.740811,2,1.6946447
1250.0,2023-24,34,6.755117,1,1.0186694
1250.0,2023-24,34,6.755117,1,2.737991
1250.0,2023-24,34,6.742894,2,1.0186694
1250.0,2023-24,34,6.742894,2,2.737991
1250.0,2023-24,35,4.032873,1,3.1140244
1250.0,2023-24,36,5.3288746,13,3.349485
1250.0,2023-24,37,8.302257,2,3.6357973
1250.0,2023-24,38,6.498224,6,2.4695795
1299.0,2023-24,6,2.197151,1,2.079033
1299.0,2023-24,7,1.9914025,1,1.8760247
1299.0,2023-24,8,2.4381042,-1,1.9786572
1299.0,2023-24,9,-0.25198412,0,1.7529283
1299.0,2023-24,10,2.12097,9,1.9623841
1299.0,2023-24,11,3.2232804,2,1.8931856
1299.0,2023-24,12,2.548182,10,1.9423645
1299.0,2023-24,13,3.1061475,1,1.584023
1299.0,2023-24,14,-0.37836745,0,1.2845714
1299.0,2023-24,15,2.4219534,2,1.3584514
1299.0,2023-24,16,3.528831,2,1.4585841
1299.0,2023-24,17,2.835558,2,1.6618975
1299.0,2023-24,18,3.114553,9,2.1227267
1299.0,2023-24,19,3.022403,9,1.5490384
1299.0,2023-24,20,-0.17105477,0,1.4603691
1299.0,2023-24,21,2.942359,3,1.5078318
1299.0,2023-24,22,2.2202022,2,1.7630377
1299.0,2023-24,23,3.1765783,2,1.4725116
1299.0,2023-24,24,2.4511778,1,1.8524288
1299.0,2023-24,25,2.9335747,2,1.709147
1299.0,2023-24,26,2.5448303,3,1.9838051
1299.0,2023-24,27,2.2273605,2,1.8547459
1299.0,2023-24,28,2.2369227,2,2.6546614
1299.0,2023-24,29,-0.34980977,0,2.0151494
1299.0,2023-24,30,2.8782961,2,2.0803657
1299.0,2023-24,31,3.1694515,2,1.9180398
1299.0,2023-24,32,2.7767906,2,2.1763992
1299.0,2023-24,33,3.3320608,1,1.897191
1299.0,2023-24,34,2.0758562,1,1.7786698
1299.0,2023-24,34,2.0758562,1,1.830763
1299.0,2023-24,34,2.4927979,2,1.7786698
1299.0,2023-24,34,2.4927979,2,1.830763
1299.0,2023-24,35,2.302681,8,2.1803565
1299.0,2023-24,36,1.9808573,0,2.383491
1299.0,2023-24,37,2.7102041,2,1.8648922
1299.0,2023-24,38,2.5598633,2,1.3472028
1389.0,2023-24,6,1.1904935,1,0.94440603
1389.0,2023-24,7,1.4422891,1,1.0903785
1389.0,2023-24,8,1.3789647,2,1.0252166
1389.0,2023-24,9,1.8060871,2,1.3250673
1389.0,2023-24,10,2.3493516,0,1.6392496
1389.0,2023-24,11,1.6424185,2,1.090803
1389.0,2023-24,12,2.2004573,2,1.1358784
1389.0,2023-24,13,1.89662,1,1.3709815
1389.0,2023-24,14,2.1797802,1,1.2299484
1389.0,2023-24,15,1.969526,0,1.1906471
1389.0,2023-24,16,1.3003337,0,0.8498653
1389.0,2023-24,17,1.5372823,0,0.71478474
1389.0,2023-24,18,1.0133637,0,0.6554667
1389.0,2023-24,19,1.1170683,0,0.636539
1389.0,2023-24,20,1.084131,0,0.54284334
1389.0,2023-24,21,0.83494663,4,0.48252034
1389.0,2023-24,22,1.177025,1,1.1766801
1389.0,2023-24,23,1.1604974,2,1.1086665
1389.0,2023-24,24,2.0407236,0,1.0581346
1389.0,2023-24,25,2.0130093,1,0.6251261
1389.0,2023-24,26,1.944996,2,0.43383425
1389.0,2023-24,27,2.06138,3,1.2746739
1389.0,2023-24,28,2.5779603,2,1.6701213
1389.0,2023-24,29,0.05577255,0,1.4046149
1389.0,2023-24,30,1.7647383,3,1.0722126
1389.0,2023-24,31,2.5807915,1,1.2157583
1389.0,2023-24,32,2.553305,7,1.2608081
1389.0,2023-24,33,2.1839998,1,1.2438216
1389.0,2023-24,34,1.723811,0,1.1969604
1389.0,2023-24,34,1.723811,0,0.9152117
1389.0,2023-24,34,2.0281115,1,1.1969604
1389.0,2023-24,34,2.0281115,1,0.9152117
1389.0,2023-24,35,1.3758942,0,0.8961336
1389.0,2023-24,36,1.4063158,0,0.9649404
1389.0,2023-24,37,1.3520851,1,0.9509529
1389.0,2023-24,38,1.5247914,0,1.0078961
1537.0,2023-24,6,-0.21359318,0,0.84866107
1537.0,2023-24,7,1.2631476,1,0.7284919
1537.0,2023-24,8,0.4628615,0,1.5862958
1537.0,2023-24,9,2.0931332,2,1.0414318
1537.0,2023-24,10,2.1997418,1,0.9735105
1537.0,2023-24,11,2.392071,1,1.6209488
1537.0,2023-24,12,-0.018000195,0,1.228205
1537.0,2023-24,13,1.3473843,1,0.9578544
1537.0,2023-24,14,0.091414705,0,1.3004942
1537.0,2023-24,15,1.2989857,1,1.1492305
1537.0,2023-24,16,0.017266659,0,1.1108739
1537.0,2023-24,17,1.017863,1,0.7942462
1537.0,2023-24,18,-0.012549102,0,1.1281089
1537.0,2023-24,19,1.2120339,1,1.2950126
1537.0,2023-24,20,0.00041362038,0,1.2665308
1537.0,2023-24,21,0.9954695,1,0.8886608
1537.0,2023-24,22,0.028278966,0,1.1856791
1537.0,2023-24,23,0.015215787,0,0.65027714
1537.0,2023-24,24,0.010607445,0,0.53062105
1537.0,2023-24,25,0.8047548,0,0.44168454
1537.0,2023-24,26,0.9928751,2,0.58064824
1537.0,2023-24,27,1.7772611,3,0.6771295
1537.0,2023-24,28,2.0619009,2,1.208067
1537.0,2023-24,29,2.3280413,8,1.4969454
1537.0,2023-24,30,2.629582,2,1.5500789
1537.0,2023-24,31,2.4075,1,1.6599126
1537.0,2023-24,32,2.5014908,0,1.3371912
1537.0,2023-24,33,2.3709939,3,1.0427455
1537.0,2023-24,34,2.1438851,2,1.619895
1537.0,2023-24,35,2.7979183,1,1.6303456
1537.0,2023-24,36,2.6422396,3,1.521429
1663.0,2023-24,8,-0.17171496,0,0.6907078
1663.0,2023-24,9,-0.104188144,0,0.6109531
1663.0,2023-24,10,1.4230553,2,0.5914798
1663.0,2023-24,11,2.0609024,2,1.7579919
1663.0,2023-24,12,2.9685764,1,2.4341934
1663.0,2023-24,13,3.814186,3,2.131966
1663.0,2023-24,14,5.4171424,1,1.7904084
1663.0,2023-24,15,2.4204803,1,1.5938067
1663.0,2023-24,16,2.8092144,1,1.366528
1663.0,2023-24,17,0.20323314,0,1.4017226
1663.0,2023-24,18,-0.053733535,0,0.90570277
1663.0,2023-24,19,2.2495618,1,0.5675636
1663.0,2023-24,20,2.5026393,5,1.4534858
1663.0,2023-24,21,4.114211,3,3.1213932
1663.0,2023-24,22,2.1922855,1,2.1686049
1663.0,2023-24,23,2.741276,1,1.7231059
1663.0,2023-24,24,0.09221409,0,1.5297635
1663.0,2023-24,25,1.8754958,1,1.004529
1663.0,2023-24,26,2.051851,2,1.5131323
1663.0,2023-24,27,2.2417383,1,1.9034863
1663.0,2023-24,28,2.2558398,1,1.7427961
1663.0,2023-24,29,0.14086947,0,1.0573506
1663.0,2023-24,30,1.2260876,1,1.411494
1663.0,2023-24,31,0.09003533,0,1.3711934
1663.0,2023-24,32,1.5160292,1,0.79429173
1663.0,2023-24,33,0.068495624,0,0.7387938
1663.0,2023-24,34,1.3250846,6,0.74062574
1663.0,2023-24,35,1.6270435,1,1.348186
1663.0,2023-24,36,1.7790061,4,0.813952
1663.0,2023-24,37,0.5607385,0,0.6689592
1663.0,2023-24,38,2.4934893,1,0.56000847
1726.0,2023-24,6,3.1110454,7,1.9286677
1726.0,2023-24,7,4.0877533,4,2.8863447
1726.0,2023-24,8,3.674269,8,3.0835526
1726.0,2023-24,9,4.216094,2,4.4956694
1726.0,2023-24,10,4.2654567,3,3.0384338
1726.0,2023-24,11,3.1030731,1,3.1807745
1726.0,2023-24,12,4.5213456,11,2.463792
1726.0,2023-24,13,4.789818,1,3.1993825
1726.0,2023-24,14,4.9301686,3,2.4999073
1726.0,2023-24,15,4.755323,9,3.4818594
1726.0,2023-24,16,3.9662278,10,2.8266351
1726.0,2023-24,17,2.995917,1,3.700506
1726.0,2023-24,18,-0.40538636,0,3.4920132
1726.0,2023-24,19,-0.27072737,0,1.8011708
1726.0,2023-24,20,0.5263017,0,1.4090512
1726.0,2023-24,21,1.9614577,3,1.0391008
1726.0,2023-24,22,0.15001126,0,2.6703496
1726.0,2023-24,23,0.2631935,0,1.7750416
1726.0,2023-24,24,0.15998116,0,1.270313
1726.0,2023-24,25,1.2255429,2,1.0190706
1726.0,2023-24,26,2.4781544,3,2.0744998
1726.0,2023-24,27,2.6987362,2,1.9211221
1726.0,2023-24,28,2.6960437,1,1.7107704
1726.0,2023-24,29,0.028657362,0,1.5898383
1726.0,2023-24,30,2.334725,2,1.2640688
1726.0,2023-24,31,2.3637989,1,1.8260702
1726.0,2023-24,32,3.5389333,3,1.5609868
1726.0,2023-24,33,2.3088098,2,1.4889437
1726.0,2023-24,34,2.4383008,5,1.8392792
1726.0,2023-24,34,2.4383008,5,2.530987
1726.0,2023-24,34,2.4432416,3,1.8392792
1726.0,2023-24,34,2.4432416,3,2.530987
1726.0,2023-24,35,2.7457592,3,2.6732464
1726.0,2023-24,36,2.8380392,1,2.389087
1726.0,2023-24,37,3.0216603,8,2.2390063
1726.0,2023-24,38,2.3677812,1,1.8789712
1776.0,2023-24,6,2.7210255,7,2.038913
1776.0,2023-24,7,3.863796,9,4.3598194
1776.0,2023-24,8,6.170437,2,5.0618324
1776.0,2023-24,9,3.7964058,8,1.9583871
1776.0,2023-24,10,3.6091547,2,2.5067456
1776.0,2023-24,11,2.8420672,7,1.9211218
1776.0,2023-24,12,6.5974336,8,4.6793766
1776.0,2023-24,13,0.5701051,0,3.437409
1776.0,2023-24,14,4.690449,2,2.4560664
1776.0,2023-24,15,4.5163026,7,3.1485655
1776.0,2023-24,16,3.4797692,2,4.045727
1776.0,2023-24,17,4.1131983,8,2.8294501
1776.0,2023-24,18,5.304214,8,2.7984638
1776.0,2023-24,19,4.4019403,6,4.35275
1776.0,2023-24,20,5.818361,3,4.2036386
1776.0,2023-24,21,4.7969413,2,2.5283198
1776.0,2023-24,22,5.50781,1,2.0810838
1776.0,2023-24,23,4.689699,2,1.5753924
1776.0,2023-24,24,3.353454,2,1.9282223
1776.0,2023-24,25,3.541834,2,2.3640668
1776.0,2023-24,26,3.3905215,20,2.9782364
1776.0,2023-24,27,3.404281,5,2.430703
1776.0,2023-24,28,3.6220543,2,2.4926093
1776.0,2023-24,29,3.8558204,2,2.228584
1776.0,2023-24,30,4.723581,10,2.1655421
1776.0,2023-24,31,5.6395855,5,1.6803148
1776.0,2023-24,32,6.1624565,1,2.3380306
1776.0,2023-24,33,-0.5230641,0,2.3912208
1776.0,2023-24,34,0.093301944,0,1.5652316
1776.0,2023-24,35,3.9832592,13,0.79918337
1776.0,2023-24,36,3.134874,2,1.1266043
1776.0,2023-24,37,3.601609,2,3.5366225
1789.0,2023-24,6,1.9796747,2,1.6818353
1789.0,2023-24,7,1.764661,2,1.8978989
1789.0,2023-24,8,2.229886,2,1.7307862
1789.0,2023-24,9,2.0262651,-2,1.7296257
1789.0,2023-24,10,1.9706975,0,1.3548754
1789.0,2023-24,11,1.6235498,0,1.0571945
1789.0,2023-24,12,1.4149997,2,0.79140615
1789.0,2023-24,13,1.3646767,2,1.4116166
1789.0,2023-24,14,2.5602744,2,2.3237095
1789.0,2023-24,15,2.4206595,3,1.7964511
1789.0,2023-24,16,2.2498283,8,1.7213264
1789.0,2023-24,17,0.21611625,0,2.185257
1789.0,2023-24,18,3.0366554,1,1.8597848
1789.0,2023-24,19,2.1977284,0,1.569386
1789.0,2023-24,20,2.348448,2,1.2244153
1789.0,2023-24,21,3.0026934,1,2.3111145
1789.0,2023-24,22,2.109829,1,1.639177
1789.0,2023-24,23,1.9563749,2,1.5088074
1789.0,2023-24,24,2.316633,2,1.601703
1789.0,2023-24,25,1.7775892,2,1.8997259
1789.0,2023-24,26,3.0123162,1,2.0524282
1789.0,2023-24,27,2.8280778,12,1.793616
1789.0,2023-24,28,4.0822177,2,2.270557
1789.0,2023-24,28,4.0822177,2,2.1068072
1789.0,2023-24,28,2.959482,2,2.270557
1789.0,2023-24,28,2.959482,2,2.1068072
1789.0,2023-24,29,0.14970106,0,1.9849532
1789.0,2023-24,30,3.5020597,2,1.6918385
1789.0,2023-24,31,3.391538,3,2.1082728
1789.0,2023-24,32,3.1696978,2,1.9179144
1789.0,2023-24,33,3.304624,1,1.8690593
1789.0,2023-24,34,2.6699824,2,1.7731049
1789.0,2023-24,34,2.6699824,2,1.8497622
1789.0,2023-24,34,2.361435,3,1.7731049
1789.0,2023-24,34,2.361435,3,1.8497622
1789.0,2023-24,35,2.3961465,3,1.8659256
1789.0,2023-24,36,2.069626,2,2.169429
1789.0,2023-24,37,2.1084063,2,2.1250672
1789.0,2023-24,38,1.8973567,2,1.8439497
2182.0,2023-24,6,-0.14913778,0,1.7466223
2182.0,2023-24,7,-0.27512458,0,1.3067484
2182.0,2023-24,8,-0.02411435,0,0.8639102
2182.0,2023-24,9,1.1298968,2,0.76798403
2182.0,2023-24,10,1.8568127,2,2.2099457
2182.0,2023-24,11,2.0883112,2,1.5328918
2182.0,2023-24,12,2.3445845,8,1.5639176
2182.0,2023-24,13,2.4235735,1,2.3838003
2182.0,2023-24,14,2.5962634,2,2.4095218
2182.0,2023-24,15,3.2470195,2,1.8525743
2182.0,2023-24,16,3.3086667,2,1.733243
2182.0,2023-24,17,-0.18266243,0,1.3010411
2182.0,2023-24,18,3.7194479,2,1.5826612
2182.0,2023-24,19,2.3143764,2,1.8724715
2182.0,2023-24,20,2.684672,2,2.0828533
2182.0,2023-24,21,2.056859,2,1.968849
2182.0,2023-24,22,3.617952,1,2.2317967
2182.0,2023-24,23,2.3707068,2,2.1910734
2182.0,2023-24,24,2.0580637,6,2.7934756
2182.0,2023-24,25,2.0231972,1,1.9577515
2182.0,2023-24,26,2.3832626,3,2.1858864
2182.0,2023-24,27,2.301169,1,1.9353852
2182.0,2023-24,28,2.6972148,3,2.1256294
2182.0,2023-24,29,0.19979142,0,1.7507308
2182.0,2023-24,30,2.4580436,2,2.010625
2182.0,2023-24,31,2.7534034,2,1.8155025
2182.0,2023-24,32,2.4293256,2,1.9608746
2182.0,2023-24,33,2.0094519,2,1.6608331
2182.0,2023-24,34,0.23034929,0,1.6231377
2182.0,2023-24,35,-0.034945115,0,1.6940253
2182.0,2023-24,36,-0.066421434,0,1.3273891
2182.0,2023-24,37,0.057616528,0,0.96713454
2182.0,2023-24,38,1.6163158,1,0.7865911
2199.0,2023-24,6,-0.12128553,0,1.258866
2199.0,2023-24,7,-0.13891168,0,0.702908
2199.0,2023-24,8,0.01654679,0,0.62433046
2199.0,2023-24,9,1.5109118,0,0.3021804
2199.0,2023-24,10,-0.13956493,0,1.3976989
2199.0,2023-24,11,-0.039389808,0,1.0737791
2199.0,2023-24,12,1.1551988,11,0.7752823
2199.0,2023-24,13,1.0059303,0,1.4378343
2199.0,2023-24,14,2.910127,1,1.204885
2199.0,2023-24,15,2.1776361,3,1.493387
2199.0,2023-24,16,2.2813106,6,1.1228864
2199.0,2023-24,17,3.4698217,2,0.4408454
2199.0,2023-24,18,4.008653,7,1.3797688
2199.0,2023-24,19,3.373425,5,1.4963882
2199.0,2023-24,20,4.155286,3,1.9491163
2199.0,2023-24,21,4.001014,3,2.486697
2199.0,2023-24,22,4.850799,6,2.5125053
2199.0,2023-24,23,4.7919626,2,1.7701762
2199.0,2023-24,24,4.004825,2,1.4283992
2199.0,2023-24,25,4.1315007,5,2.3103278
2199.0,2023-24,26,4.351443,10,3.9758189
2199.0,2023-24,27,4.010017,2,2.6382291
2199.0,2023-24,28,4.8664894,2,2.67082
2199.0,2023-24,29,-0.116480544,0,2.2098017
2199.0,2023-24,30,3.3919046,1,2.0746999
2199.0,2023-24,31,4.5792575,6,4.041257
2199.0,2023-24,32,2.9654794,7,3.5453653
2199.0,2023-24,33,3.7968895,2,3.7231052
2199.0,2023-24,34,3.418656,1,1.4758238
2199.0,2023-24,34,3.418656,1,1.2802639
2199.0,2023-24,34,4.3358574,2,1.4758238
2199.0,2023-24,34,4.3358574,2,1.2802639
2199.0,2023-24,35,3.541512,0,1.2167337
2199.0,2023-24,36,2.6843486,1,1.268122
2199.0,2023-24,37,3.287096,0,1.5826793
2248.0,2023-24,6,3.423202,3,1.4538465
2248.0,2023-24,7,3.2952116,1,2.1323633
2248.0,2023-24,8,2.6882842,1,2.0612783
2248.0,2023-24,9,3.9984322,0,2.7405677
2248.0,2023-24,10,3.0647829,0,2.5510457
2248.0,2023-24,11,2.7757742,0,1.7865647
2248.0,2023-24,12,1.6247247,0,1.1071218
2248.0,2023-24,13,1.3976642,0,0.9184593
2248.0,2023-24,14,1.0170758,0,0.83084166
2248.0,2023-24,15,1.1194404,0,0.57970184
2248.0,2023-24,16,0.89262974,0,0.52112925
2248.0,2023-24,17,0.29815117,0,0.41397023
2248.0,2023-24,18,0.43941975,0,0.40868223
2248.0,2023-24,19,0.5038837,0,0.33627123
2248.0,2023-24,20,0.52114,0,0.29514426
2248.0,2023-24,21,0.242881,0,0.3256644
2248.0,2023-24,22,0.4560207,1,0.41991
2248.0,2023-24,23,2.3620365,6,1.1200929
2248.0,2023-24,24,2.3378282,1,1.4935871
2248.0,2023-24,25,2.957163,0,1.3589454
2248.0,2023-24,26,2.7695575,1,1.0783896
2248.0,2023-24,27,1.5151945,2,1.0110879
2248.0,2023-24,28,1.7456344,3,1.3507692
2248.0,2023-24,29,-0.20956725,0,1.506788
2248.0,2023-24,30,2.3551252,4,1.5258197
2248.0,2023-24,31,1.8675121,2,1.5150255
2248.0,2023-24,32,2.65653,1,1.3825356
2248.0,2023-24,33,2.6644452,2,1.3061185
2248.0,2023-24,34,2.9286327,2,1.2861522
2248.0,2023-24,35,3.2702475,2,1.5431268
2248.0,2023-24,36,2.6131303,2,1.757168
2248.0,2023-24,37,2.4262812,2,1.6762265
2248.0,2023-24,37,2.4262812,2,1.7456156
2248.0,2023-24,37,2.2435546,1,1.6762265
2248.0,2023-24,37,2.2435546,1,1.7456156
2248.0,2023-24,38,1.8838451,5,1.696897
2254.0,2023-24,6,0.19725335,0,1.5667841
2254.0,2023-24,7,3.1128933,1,1.4298346
2254.0,2023-24,8,1.7536002,2,1.6312886
2254.0,2023-24,9,-0.050798357,0,1.6791584
2254.0,2023-24,10,1.9148949,1,1.2458014
2254.0,2023-24,11,1.9136469,2,1.5575495
2254.0,2023-24,12,2.0315263,1,2.573646
2254.0,2023-24,13,0.17733167,0,1.7518456
2254.0,2023-24,14,2.6139681,1,1.1842284
2254.0,2023-24,15,1.4260786,1,1.0889686
2254.0,2023-24,16,2.0567844,2,1.1336851
2254.0,2023-24,17,0.10519982,0,1.8572237
2254.0,2023-24,18,0.081807405,0,1.1941345
2254.0,2023-24,19,1.7619879,1,0.92454803
2254.0,2023-24,20,1.894463,2,1.0881206
2254.0,2023-24,21,1.6845305,2,1.8474667
2254.0,2023-24,22,2.7323909,1,2.035521
2254.0,2023-24,23,2.5633423,1,1.2045069
2254.0,2023-24,24,0.20657611,0,1.0906491
2254.0,2023-24,25,2.156544,1,0.8499126
2254.0,2023-24,26,1.6864228,3,1.1550708
2254.0,2023-24,27,0.11636564,0,0.89667696
2254.0,2023-24,28,1.5547576,1,1.1647115
2254.0,2023-24,29,0.0509526,0,1.5460789
2254.0,2023-24,30,1.24027,3,1.3181353
2254.0,2023-24,31,1.6903955,1,1.2121136
2254.0,2023-24,32,1.6267523,1,1.2959675
2254.0,2023-24,33,1.7375118,9,1.0966349
2254.0,2023-24,34,3.6226552,3,1.2400776
2254.0,2023-24,35,3.171428,1,1.7962015
2254.0,2023-24,36,3.6933541,2,1.7754194
2254.0,2023-24,37,2.740761,3,1.7390978
2254.0,2023-24,37,2.740761,3,2.0721674
2254.0,2023-24,37,2.888791,2,1.7390978
2254.0,2023-24,37,2.888791,2,2.0721674
2254.0,2023-24,38,2.8154612,1,1.9787917
2328.0,2023-24,6,-0.2672698,0,0.93924856
2328.0,2023-24,7,-0.0050150407,0,0.9289863
2328.0,2023-24,8,1.2369745,1,0.79722226
2328.0,2023-24,9,0.080022834,0,1.1268572
2328.0,2023-24,10,0.058652356,0,0.92063266
2328.0,2023-24,11,0.041686058,0,0.75837815
2328.0,2023-24,12,0.017983098,0,0.64904195
2328.0,2023-24,13,0.017983098,0,0.530141
2328.0,2023-24,14,0.0068214135,0,0.45473778
2328.0,2023-24,15,0.0068214135,0,0.41859186
2328.0,2023-24,16,0.0068214135,0,0.39570767
2328.0,2023-24,17,-0.017932415,0,0.38890612
2328.0,2023-24,18,-0.017932415,0,0.3901288
2328.0,2023-24,19,-0.017932415,0,0.3903926
2328.0,2023-24,20,-0.017932415,0,0.38907284
2328.0,2023-24,21,-0.017932415,0,0.38672003
2328.0,2023-24,22,-0.017932415,0,0.38369066
2328.0,2023-24,23,-0.017932415,0,0.38369066
2328.0,2023-24,24,-0.017932415,0,0.38369066
2328.0,2023-24,25,-0.017932415,0,0.38369066
2328.0,2023-24,26,-0.017932415,0,0.38369066
2328.0,2023-24,27,0.51203346,1,0.38369066
2328.0,2023-24,28,1.384898,1,0.76808846
2328.0,2023-24,29,0.056560148,0,0.998786
2328.0,2023-24,30,1.1252313,1,0.78507525
2328.0,2023-24,31,1.4664456,3,1.0688994
2328.0,2023-24,32,0.06219271,0,1.1455154
2328.0,2023-24,33,0.06287965,0,0.748803
2328.0,2023-24,34,1.6737927,1,0.67087555
2328.0,2023-24,34,1.6737927,1,0.7663509
2328.0,2023-24,34,1.3245311,3,0.67087555
2328.0,2023-24,34,1.3245311,3,0.7663509
2328.0,2023-24,35,1.6229312,1,1.9299694
2328.0,2023-24,36,2.2758396,2,1.5564119
2328.0,2023-24,37,2.3803473,3,1.7699423
2328.0,2023-24,38,2.675641,1,1.7814468
2335.0,2023-24,6,1.3224746,1,0.91507447
2335.0,2023-24,7,2.127078,1,1.6339202
2335.0,2023-24,8,0.038942963,0,1.5560031
2335.0,2023-24,9,1.430324,1,1.0031767
2335.0,2023-24,10,-0.03265797,0,0.90074897
2335.0,2023-24,11,1.2001734,1,1.2579765
2335.0,2023-24,12,0.014037605,0,1.4315683
2335.0,2023-24,13,0.07569159,0,0.86482537
2335.0,2023-24,14,1.7285242,1,0.5426424
2335.0,2023-24,15,1.590741,1,0.5971341
2335.0,2023-24,16,1.5093507,1,1.4318635
2335.0,2023-24,17,1.9964074,1,1.7829925
2335.0,2023-24,18,1.8280349,1,1.4103336
2335.0,2023-24,19,0.030954804,0,1.1657966
2335.0,2023-24,20,1.3047696,3,0.8530847
2335.0,2023-24,21,1.944607,2,1.6333857
2335.0,2023-24,22,0.18360776,0,1.7322857
2335.0,2023-24,23,2.0357137,0,1.1574018
2335.0,2023-24,24,0.055535864,0,0.88663954
2335.0,2023-24,25,-0.0034518067,0,0.72429466
2335.0,2023-24,26,0.015434922,0,0.6128162
2335.0,2023-24,27,0.05540644,0,0.5298414
2335.0,2023-24,28,1.1270484,0,0.4981521
2335.0,2023-24,29,0.9857609,0,0.60498714
2335.0,2023-24,30,-0.017932415,0,0.671303
2335.0,2023-24,31,-0.017932415,0,0.60221326
2335.0,2023-24,32,-0.017932415,0,0.5444893
2335.0,2023-24,33,-0.017932415,0,0.4519076
2335.0,2023-24,34,-0.017932415,0,0.389314
2335.0,2023-24,35,-0.017932415,0,0.38369066
2335.0,2023-24,36,0.33903575,0,0.38369066
2335.0,2023-24,37,-0.017932415,0,0.5325972
2335.0,2023-24,38,0.28672355,0,0.46441045
2383.0,2023-24,23,-0.001469706,0,0.70354795
2383.0,2023-24,24,0.015722837,0,0.88650167
2383.0,2023-24,25,0.0558126,0,0.92839587
2383.0,2023-24,26,0.047722533,0,0.6910392
2383.0,2023-24,27,0.8042911,1,0.5919902
2383.0,2023-24,28,1.9912244,1,1.2590945
2383.0,2023-24,29,0.024570886,0,1.4351604
2383.0,2023-24,30,1.7717732,1,0.84843177
2383.0,2023-24,31,1.6335256,1,0.9471447
2383.0,2023-24,32,1.9323479,2,1.2300699
2383.0,2023-24,33,2.0131295,1,1.4062147
2383.0,2023-24,34,2.0949736,3,1.6422359
2383.0,2023-24,35,0.11351504,0,1.7174499
2383.0,2023-24,36,1.9744687,0,1.3571597
2383.0,2023-24,37,1.9788984,1,1.3148882
2496.0,2023-24,6,5.7796197,-2,2.998303
2496.0,2023-24,7,6.4886804,0,2.061513
2496.0,2023-24,8,3.0459776,0,1.5026134
2496.0,2023-24,9,2.600056,1,0.88796985
2496.0,2023-24,10,2.356184,6,1.496036
2496.0,2023-24,11,3.1606727,6,2.656693
2496.0,2023-24,12,3.6166408,6,2.3482215
2496.0,2023-24,13,2.458044,2,2.3635056
2496.0,2023-24,14,1.7640501,1,2.1052349
2496.0,2023-24,15,2.2157044,0,2.3676007
2496.0,2023-24,16,4.4100595,1,2.012265
2496.0,2023-24,17,4.303699,2,2.5274603
2496.0,2023-24,18,0.63102585,0,2.2504277
2496.0,2023-24,19,3.4265158,2,1.8430519
2496.0,2023-24,20,3.5608618,10,2.2723541
2496.0,2023-24,21,2.6070418,4,2.2483962
2496.0,2023-24,22,3.3859005,10,2.3791294
2496.0,2023-24,23,2.475459,2,2.631213
2496.0,2023-24,24,5.112844,3,2.6505396
2496.0,2023-24,25,4.821587,10,2.1722267
2496.0,2023-24,25,4.821587,10,2.0124912
2496.0,2023-24,25,4.7486057,3,2.1722267
2496.0,2023-24,25,4.7486057,3,2.0124912
2496.0,2023-24,26,3.1361182,3,1.6611258
2496.0,2023-24,27,4.618205,10,2.7850263
2496.0,2023-24,28,4.618375,1,2.440912
2496.0,2023-24,29,-0.2508186,0,2.3929002
2496.0,2023-24,30,3.8000603,3,3.1328995
2496.0,2023-24,31,3.9398193,12,2.7679617
2496.0,2023-24,32,3.7300022,5,2.5600646
2496.0,2023-24,33,4.5395374,0,2.4446242
2496.0,2023-24,34,3.4483423,3,1.549548
2496.0,2023-24,35,3.5061233,3,2.298205
2496.0,2023-24,36,3.8679414,10,2.8973267
2496.0,2023-24,37,2.8791835,3,2.422243
2496.0,2023-24,37,2.8791835,3,2.8925653
2496.0,2023-24,37,3.3714938,3,2.422243
2496.0,2023-24,37,3.3714938,3,2.8925653
2496.0,2023-24,38,2.380851,8,2.6313665
2517.0,2023-24,6,3.424209,1,2.180044
2517.0,2023-24,7,3.523171,17,4.1966496
2517.0,2023-24,8,3.5560446,3,2.8307533
2517.0,2023-24,9,3.904836,2,2.2196383
2517.0,2023-24,10,0.24629377,0,4.043598
2517.0,2023-24,11,0.1507591,0,3.7745273
2517.0,2023-24,12,0.04318845,0,2.006909
2517.0,2023-24,13,1.9380686,3,0.5885811
2517.0,2023-24,14,4.744419,10,3.5694015
2517.0,2023-24,15,4.1753592,5,3.575198
2517.0,2023-24,16,4.112076,2,3.2883532
2517.0,2023-24,17,5.865446,3,3.7411623
2517.0,2023-24,18,4.630542,8,3.0257652
2517.0,2023-24,19,5.497931,2,1.6220003
2517.0,2023-24,20,5.1870437,2,2.80635
2517.0,2023-24,21,6.013446,3,3.42161
2517.0,2023-24,22,4.345062,2,3.2969112
2517.0,2023-24,23,5.0682063,2,3.8963091
2517.0,2023-24,24,4.700395,10,2.671253
2517.0,2023-24,25,6.275799,14,3.470951
2517.0,2023-24,26,6.230141,2,3.4503903
2517.0,2023-24,27,5.4507823,10,2.5489323
2517.0,2023-24,28,5.8895464,2,4.5500546
2517.0,2023-24,29,1.1397762,0,3.3820407
2517.0,2023-24,30,3.5553236,3,3.8283994
2517.0,2023-24,31,4.263895,11,3.5624254
2517.0,2023-24,32,3.7741525,3,3.324178
2517.0,2023-24,33,4.03997,3,3.8397279
2517.0,2023-24,34,4.4181476,9,3.813223
2517.0,2023-24,34,4.4181476,9,4.2178335
2517.0,2023-24,34,5.17104,11,3.813223
2517.0,2023-24,34,5.17104,11,4.2178335
2517.0,2023-24,35,3.8065145,2,3.00776
2517.0,2023-24,36,6.0438237,3,3.490702
2517.0,2023-24,37,4.010299,3,3.3346508
2517.0,2023-24,38,4.984483,10,2.8360107
3278.0,2023-24,6,-0.013550402,0,0.45416158
3278.0,2023-24,7,-0.0035363657,0,0.41755635
3278.0,2023-24,8,-0.0035363657,0,0.4035081
3278.0,2023-24,9,0.018187886,0,0.39798456
3278.0,2023-24,10,-0.017932415,0,0.39493573
3278.0,2023-24,11,-0.017932415,0,0.3929175
3278.0,2023-24,12,-0.017932415,0,0.39075226
3278.0,2023-24,13,-0.017932415,0,0.38829556
3278.0,2023-24,14,-0.017932415,0,0.38590205
3278.0,2023-24,15,-0.017932415,0,0.38369066
3278.0,2023-24,16,-0.017932415,0,0.38369066
3278.0,2023-24,17,-0.017932415,0,0.38369066
3278.0,2023-24,18,-0.017932415,0,0.38369066
3278.0,2023-24,19,-0.017932415,0,0.38369066
3278.0,2023-24,20,-0.017932415,0,0.38369066
3278.0,2023-24,21,0.5279395,7,0.38369066
3278.0,2023-24,22,2.0065289,1,0.90832907
3278.0,2023-24,23,2.1274004,1,0.9029437
3278.0,2023-24,24,-0.03633177,0,0.67946374
3278.0,2023-24,25,2.3328664,1,0.6020405
3278.0,2023-24,26,-0.10768261,0,0.77339107
3278.0,2023-24,27,0.09191189,0,0.6076695
3278.0,2023-24,28,0.09191189,0,0.5520926
3278.0,2023-24,29,0.06525651,0,0.48331642
3278.0,2023-24,30,0.01674868,0,0.448322
3278.0,2023-24,31,0.0144601725,0,0.4751386
3278.0,2023-24,32,0.014052387,0,0.4741945
3278.0,2023-24,33,0.8411894,1,0.46005893
3278.0,2023-24,34,1.0007646,1,0.826614
3585.0,2023-24,6,-0.3920402,0,2.0649195
3585.0,2023-24,7,2.7314944,1,1.7956176
3585.0,2023-24,8,1.8769177,1,2.0384693
3585.0,2023-24,9,0.011363401,0,1.8960768
3585.0,2023-24,10,2.289723,0,1.3845937
3585.0,2023-24,11,2.7579548,2,1.6439464
3585.0,2023-24,12,0.22507647,0,1.9612612
3585.0,2023-24,13,2.7760344,1,1.5534639
3585.0,2023-24,14,0.22761287,0,1.3149844
3585.0,2023-24,15,0.05223089,0,1.0305315
3585.0,2023-24,16,1.9380748,1,0.7837876
3585.0,2023-24,17,0.15636943,0,1.5137823
3585.0,2023-24,18,0.15636943,0,1.0633178
3585.0,2023-24,19,2.052627,-1,0.65667427
3585.0,2023-24,20,3.0084836,3,1.1992874
3585.0,2023-24,21,0.12741756,0,0.9179224
3585.0,2023-24,22,0.046637226,0,0.9459685
3585.0,2023-24,23,0.01922607,0,0.60457283
3585.0,2023-24,24,1.2325453,0,0.46058485
3585.0,2023-24,25,0.018709945,0,0.52049005
3585.0,2023-24,26,0.11865756,0,0.43435264
3585.0,2023-24,27,0.11865756,0,0.39238712
3585.0,2023-24,28,0.03336034,0,0.3607937
3585.0,2023-24,29,-0.017932415,0,0.32499045
3585.0,2023-24,30,0.35387075,0,0.35439157
3585.0,2023-24,31,-0.017932415,0,0.53430545
3585.0,2023-24,32,-0.017932415,0,0.48453662
3585.0,2023-24,33,0.40239683,0,0.43523276
3585.0,2023-24,34,0.38350204,0,0.5299041
3585.0,2023-24,35,-0.017932415,0,0.5155154
3585.0,2023-24,36,-0.017932415,0,0.49129456
3585.0,2023-24,37,-0.017932415,0,0.44558585
3585.0,2023-24,38,0.28672355,0,0.39585733
3635.0,2023-24,6,0.03373976,0,1.2473407
3635.0,2023-24,7,0.43440476,0,1.6904037
3635.0,2023-24,8,4.070757,1,1.9905114
3635.0,2023-24,9,2.6923342,2,1.9867572
3635.0,2023-24,10,3.0933173,7,1.7263646
3635.0,2023-24,11,3.6805217,14,3.464987
3635.0,2023-24,12,3.647429,7,2.1417384
3635.0,2023-24,13,4.8352094,1,2.1506944
3635.0,2023-24,14,2.8721128,2,2.0449178
3635.0,2023-24,15,3.514682,2,1.6688645
3635.0,2023-24,16,5.7316713,9,1.889673
3635.0,2023-24,17,4.5124617,2,2.6781116
3635.0,2023-24,18,0.43481877,0,2.1639044
3635.0,2023-24,19,4.147948,13,1.7904171
3635.0,2023-24,20,3.691799,3,2.513387
3635.0,2023-24,21,3.530397,8,3.30418
3635.0,2023-24,22,1.4108554,0,3.2559214
3635.0,2023-24,23,3.788612,2,3.1937551
3635.0,2023-24,24,3.897057,1,5.9515114
3635.0,2023-24,25,1.8829142,0,3.2043545
3635.0,2023-24,25,1.8829142,0,1.6647176
3635.0,2023-24,25,2.7362144,3,3.2043545
3635.0,2023-24,25,2.7362144,3,1.6647176
3635.0,2023-24,26,3.6547737,2,2.4105704
3635.0,2023-24,27,3.8513021,3,2.573263
3635.0,2023-24,28,3.9111123,1,1.8428643
3635.0,2023-24,29,0.6458671,0,2.6477807
3635.0,2023-24,30,3.4105108,3,1.5835654
3635.0,2023-24,31,3.0535176,2,1.5016084
3635.0,2023-24,32,3.2890081,1,2.9956157
3635.0,2023-24,33,0.57154524,0,3.5976856
3635.0,2023-24,34,3.465227,6,1.561628
3635.0,2023-24,35,2.9924178,3,2.4337523
3635.0,2023-24,36,2.6006873,2,3.8022773
3635.0,2023-24,37,2.82953,11,3.6297204
3635.0,2023-24,37,2.82953,11,2.3819075
3635.0,2023-24,37,3.001826,2,3.6297204
3635.0,2023-24,37,3.001826,2,2.3819075
3635.0,2023-24,38,4.6003633,10,2.8912668
5220.0,2023-24,6,3.2177076,0,1.6061945
5220.0,2023-24,7,2.5770535,7,1.88923
5220.0,2023-24,8,2.3229258,4,1.3997884
5220.0,2023-24,9,2.9099054,1,2.1002104
5220.0,2023-24,10,3.4396534,3,1.7136823
5220.0,2023-24,11,1.5697836,1,1.1192335
5220.0,2023-24,12,2.761255,1,1.0515178
5220.0,2023-24,13,2.8368595,6,0.7854074
5220.0,2023-24,14,3.5966034,1,2.5170813
5220.0,2023-24,15,4.229084,7,2.4330196
5220.0,2023-24,16,2.7520752,2,2.155679
5220.0,2023-24,17,4.3810315,8,2.5279024
5220.0,2023-24,18,2.5414584,1,3.567157
5220.0,2023-24,19,-0.1067631,0,2.832895
5220.0,2023-24,20,3.5762427,2,2.9079049
5220.0,2023-24,21,3.846555,3,2.3032253
5220.0,2023-24,22,3.8940225,1,2.1938055
5220.0,2023-24,23,3.0745113,4,2.175004
5220.0,2023-24,24,4.299067,3,1.8553417
5220.0,2023-24,25,4.67294,12,2.2125297
5220.0,2023-24,26,4.8460393,14,1.8901026
5220.0,2023-24,27,4.292582,14,1.1637146
5220.0,2023-24,28,4.288825,7,0.8364855
5220.0,2023-24,29,-0.21882668,0,1.8904037
5220.0,2023-24,30,3.5537345,3,1.4994953
5220.0,2023-24,31,4.1464767,5,2.8261378
5220.0,2023-24,32,3.8645627,14,3.630099
5220.0,2023-24,33,4.336251,1,3.0050294
5220.0,2023-24,34,4.285072,3,2.1838512
5220.0,2023-24,34,4.285072,3,3.4272158
5220.0,2023-24,34,4.7648697,14,2.1838512
5220.0,2023-24,34,4.7648697,14,3.4272158
5220.0,2023-24,35,2.9691403,13,3.2177255
5220.0,2023-24,36,5.112709,5,3.217962
5220.0,2023-24,37,4.4552784,6,4.4038982
5220.0,2023-24,38,6.3771567,6,4.335471
5221.0,2023-24,6,2.370245,1,1.8544455
5221.0,2023-24,7,-0.023432117,0,0.902669
5221.0,2023-24,8,3.9254045,1,1.6402739
5221.0,2023-24,9,2.201455,6,1.7046747
5221.0,2023-24,10,2.5232358,4,1.4038218
5221.0,2023-24,11,2.738579,1,1.5378547
5221.0,2023-24,12,3.0759087,4,1.7229911
5221.0,2023-24,13,3.6698647,1,0.78104955
5221.0,2023-24,14,4.335472,7,0.7897635
5221.0,2023-24,15,3.8711665,9,0.53039414
5221.0,2023-24,16,3.3951728,4,0.7739301
5221.0,2023-24,17,2.9384136,3,0.7211217
5221.0,2023-24,18,4.3226013,2,2.059249
5221.0,2023-24,19,3.2599804,2,1.3226516
5221.0,2023-24,20,4.321743,8,1.4537046
5221.0,2023-24,21,3.3723907,3,0.91563964
5221.0,2023-24,22,4.432041,4,1.8837111
5221.0,2023-24,23,4.4088826,7,3.8633788
5221.0,2023-24,24,3.6829634,5,3.1830914
5221.0,2023-24,25,4.284881,2,1.9695475
5221.0,2023-24,26,4.1357927,12,2.5602643
5221.0,2023-24,27,3.0921702,4,1.8422744
5221.0,2023-24,28,4.713902,2,2.3240702
5221.0,2023-24,29,5.0125875,2,1.9941444
5221.0,2023-24,30,5.060482,3,3.5603807
5221.0,2023-24,31,4.1419697,1,3.1446927
5221.0,2023-24,32,4.547378,5,2.127949
5221.0,2023-24,33,3.5877414,6,1.8629893
5221.0,2023-24,34,3.4888144,13,1.2610819
5221.0,2023-24,35,5.4993234,1,2.0144746
5221.0,2023-24,36,4.341013,2,1.7953126
5221.0,2023-24,37,3.7159622,2,2.535199
5355.0,2023-24,6,1.8508143,1,1.0788767
5355.0,2023-24,7,1.5295349,1,1.261477
5355.0,2023-24,7,1.5295349,1,1.2838485
5355.0,2023-24,7,2.067835,6,1.261477
5355.0,2023-24,7,2.067835,6,1.2838485
5355.0,2023-24,8,1.9090743,1,1.3158257
5355.0,2023-24,9,2.3214211,1,1.1469023
5355.0,2023-24,10,2.2546895,1,1.0836911
5355.0,2023-24,11,2.0692093,1,1.2129128
5355.0,2023-24,12,1.6104321,1,0.8050208
5355.0,2023-24,13,0.114470035,0,1.3784813
5355.0,2023-24,14,1.8833164,8,0.8832379
5355.0,2023-24,15,2.7317991,2,1.2261007
5355.0,2023-24,16,0.18561016,0,1.4324981
5355.0,2023-24,17,2.4431925,2,1.1188985
5355.0,2023-24,18,2.4116864,1,1.398636
5355.0,2023-24,19,2.846317,1,1.4114523
5355.0,2023-24,20,0.23728247,0,1.2737732
5355.0,2023-24,21,2.624196,1,0.9261731
5355.0,2023-24,22,0.16509424,0,0.8646034
5355.0,2023-24,23,1.6033025,1,0.88610953
5355.0,2023-24,24,1.1738384,1,1.1162133
5355.0,2023-24,25,1.312091,1,1.225949
5355.0,2023-24,26,0.031178076,0,1.5523841
5355.0,2023-24,27,1.2245752,2,1.0258471
5355.0,2023-24,28,2.0640397,1,1.450812
5355.0,2023-24,29,2.499848,11,1.3293012
5355.0,2023-24,30,2.068821,1,0.9603074
5355.0,2023-24,31,2.9218311,10,0.42151976
5355.0,2023-24,32,4.593928,2,0.31136018
5355.0,2023-24,33,3.0656958,2,0.5816151
5355.0,2023-24,34,4.519572,6,1.0113211
5355.0,2023-24,35,3.1611366,3,1.5754215
5355.0,2023-24,36,3.8785682,2,1.7293824
5355.0,2023-24,37,3.1768851,7,3.1262412
5355.0,2023-24,38,3.4192588,1,3.158388
5553.0,2023-24,6,2.5171075,1,1.8531904
5553.0,2023-24,7,2.4932487,3,1.7918044
5553.0,2023-24,8,2.479989,3,1.7397729
5553.0,2023-24,9,3.0044417,9,1.5797954
5553.0,2023-24,10,2.5208063,6,2.4163191
5553.0,2023-24,11,2.281344,2,2.2062354
5553.0,2023-24,12,2.3909547,2,2.5173337
5553.0,2023-24,13,2.379774,3,1.99289
5553.0,2023-24,14,2.9777277,2,2.1079624
5553.0,2023-24,15,2.9005315,9,1.9301267
5553.0,2023-24,16,1.6095296,1,2.0109324
5553.0,2023-24,17,2.062922,3,2.2129664
5553.0,2023-24,18,1.7867682,1,2.712431
5553.0,2023-24,19,2.7575552,2,2.3100612
5553.0,2023-24,20,2.7333078,2,2.1277134
5553.0,2023-24,21,2.839504,6,2.261778
5553.0,2023-24,22,2.7324934,2,2.180129
5553.0,2023-24,23,1.9694798,1,2.107146
5553.0,2023-24,24,2.3179865,17,1.9042284
5553.0,2023-24,25,4.1148887,3,1.8398272
5553.0,2023-24,26,3.813208,6,2.4233806
5553.0,2023-24,27,2.729797,8,2.8335197
5553.0,2023-24,28,5.2004824,9,3.117317
5553.0,2023-24,29,0.020880077,0,2.3313985
5553.0,2023-24,30,2.8572326,3,1.800886
5553.0,2023-24,31,4.7350082,1,2.3052313
5553.0,2023-24,32,3.0044115,3,1.3388591
5553.0,2023-24,33,3.354792,2,2.6473901
5553.0,2023-24,34,3.488521,2,2.6423862
5553.0,2023-24,34,3.488521,2,3.2535205
5553.0,2023-24,34,4.6102366,9,2.6423862
5553.0,2023-24,34,4.6102366,9,3.2535205
5553.0,2023-24,35,3.0660784,6,2.1954927
5553.0,2023-24,36,3.4421756,14,2.5264342
5553.0,2023-24,37,2.874772,3,2.6416092
5553.0,2023-24,38,5.1619396,1,2.8337648
5560.0,2023-24,6,1.7300835,3,1.0277905
5560.0,2023-24,7,0.0928032,0,1.5426782
5560.0,2023-24,8,1.7263093,14,0.97033846
5560.0,2023-24,9,3.1553364,7,3.9594631
5560.0,2023-24,10,2.741684,2,1.8854258
5560.0,2023-24,11,2.9679713,3,1.8352194
5560.0,2023-24,12,3.072021,3,1.5532739
5560.0,2023-24,13,2.3352792,3,1.6655729
5560.0,2023-24,14,2.3470464,2,1.8461245
5560.0,2023-24,15,2.6200066,14,1.8481878
5560.0,2023-24,16,3.7411404,2,2.2389247
5560.0,2023-24,17,4.133371,3,1.4351504
5560.0,2023-24,18,4.2261586,2,1.8796338
5560.0,2023-24,19,3.6251526,1,3.1414473
5560.0,2023-24,20,3.1397393,1,3.243888
5560.0,2023-24,21,2.854681,1,2.766332
5560.0,2023-24,22,2.750077,6,2.9884303
5560.0,2023-24,23,4.053742,4,3.754489
5560.0,2023-24,24,2.4608717,6,2.1638038
5560.0,2023-24,25,2.9664097,1,1.9578912
5560.0,2023-24,26,3.044045,1,2.1632915
5560.0,2023-24,27,1.8910776,2,2.4617686
5560.0,2023-24,28,3.152907,2,2.0790682
5560.0,2023-24,29,0.07538572,0,1.9154179
5560.0,2023-24,30,3.020447,1,2.199306
5560.0,2023-24,31,1.7155291,1,1.9755869
5560.0,2023-24,32,0.1285996,0,1.86007
5560.0,2023-24,33,0.062092826,0,1.5035477
5560.0,2023-24,34,1.4597232,1,0.97723806
5560.0,2023-24,35,2.5122004,1,1.4556899
5560.0,2023-24,36,-0.122520365,0,1.1614113
5560.0,2023-24,37,1.3332049,2,0.9000643
5560.0,2023-24,37,1.3332049,2,1.0509206
5560.0,2023-24,37,2.0348654,2,0.9000643
5560.0,2023-24,37,2.0348654,2,1.0509206
5560.0,2023-24,38,2.173024,3,1.4147357
5596.0,2023-24,6,2.46508,1,1.7279413
5596.0,2023-24,7,2.4521525,1,2.298898
5596.0,2023-24,8,2.6352944,1,1.8942847
5596.0,2023-24,9,2.1350133,1,1.587409
5596.0,2023-24,10,2.2615004,3,2.0582776
5596.0,2023-24,11,2.9070272,2,2.3015044
5596.0,2023-24,12,2.5338461,1,1.9842312
5596.0,2023-24,13,2.7476354,4,1.6094624
5596.0,2023-24,14,1.7786845,7,1.4142613
5596.0,2023-24,15,2.6355512,4,1.4621686
5596.0,2023-24,16,3.6700845,9,1.4472276
5596.0,2023-24,17,2.628427,2,1.076748
5596.0,2023-24,18,3.4474895,2,0.7391685
5596.0,2023-24,19,3.525223,1,1.0234836
5596.0,2023-24,20,2.6139462,1,1.6150169
5596.0,2023-24,21,3.0774646,1,1.8582146
5596.0,2023-24,22,0.1397855,0,1.5849577
5596.0,2023-24,23,0.14351046,0,1.2420518
5596.0,2023-24,24,2.7761786,0,0.9974086
5596.0,2023-24,25,1.3921555,0,1.1707851
5596.0,2023-24,26,1.8470399,2,2.078117
5596.0,2023-24,27,1.835925,14,2.3953898
5596.0,2023-24,28,3.1970656,2,1.470947
5596.0,2023-24,29,3.4929485,1,1.7222382
5596.0,2023-24,30,-0.016080886,0,1.1083398
5596.0,2023-24,31,2.436659,1,1.0551203
5596.0,2023-24,32,2.176927,1,0.4238765
5596.0,2023-24,33,2.7461402,1,1.497119
5596.0,2023-24,34,2.2254422,1,1.4902825
5596.0,2023-24,35,2.5725477,1,1.7832942
5596.0,2023-24,36,2.0868552,1,1.543248
5596.0,2023-24,37,1.6893688,1,1.7024403
5596.0,2023-24,38,2.1241183,15,2.012314
5609.0,2023-24,6,2.7603283,1,2.1895986
5609.0,2023-24,7,2.2417736,1,2.3074303
5609.0,2023-24,8,2.604099,-2,1.9120824
5609.0,2023-24,9,-0.2851598,0,1.9621829
5609.0,2023-24,10,3.1717126,3,1.1196365
5609.0,2023-24,11,2.3680458,2,1.5964742
5609.0,2023-24,12,2.628846,2,1.6483364
5609.0,2023-24,13,-0.030782063,0,1.7119168
5609.0,2023-24,14,1.7647202,2,1.483535
5609.0,2023-24,15,1.8879602,2,1.6494149
5609.0,2023-24,16,2.167043,3,1.9592984
5609.0,2023-24,17,2.6966276,0,1.908539
5609.0,2023-24,18,0.31180224,0,1.5865736
5609.0,2023-24,19,0.111463964,0,1.2721121
5609.0,2023-24,20,-0.0060155243,0,0.9988529
5609.0,2023-24,21,0.026192097,0,0.83961916
5609.0,2023-24,22,-0.005552033,0,0.5683173
5609.0,2023-24,23,-0.019101556,0,0.54312015
5609.0,2023-24,24,1.0223048,1,0.49971163
5609.0,2023-24,25,1.221757,2,0.8824291
5609.0,2023-24,26,0.08916009,0,1.5107429
5609.0,2023-24,27,1.7171127,2,1.1762278
5609.0,2023-24,28,1.9460614,3,1.5875256
5609.0,2023-24,29,2.229124,1,1.6717173
5609.0,2023-24,30,2.1123526,2,1.4788795
5609.0,2023-24,31,2.1408103,2,1.5837853
5609.0,2023-24,32,2.3416953,1,1.8489039
5609.0,2023-24,33,2.2048297,0,1.486157
5609.0,2023-24,34,0.03262984,0,1.2786909
5609.0,2023-24,35,2.1700206,1,0.9904992
5609.0,2023-24,35,2.1700206,1,1.0021873
5609.0,2023-24,35,1.6133156,2,0.9904992
5609.0,2023-24,35,1.6133156,2,1.0021873
5609.0,2023-24,36,1.6073366,1,1.4394596
5609.0,2023-24,37,2.342308,2,1.5922909
5681.0,2023-24,8,0.012361008,0,0.48522002
5681.0,2023-24,9,1.0543667,1,0.46294397
5681.0,2023-24,10,-0.00085135864,0,0.7436477
5681.0,2023-24,11,0.020872923,0,0.7141025
5681.0,2023-24,12,1.2117373,1,0.57289064
5681.0,2023-24,13,1.2738742,10,0.82520455
5681.0,2023-24,14,1.7230446,7,0.8003766
5681.0,2023-24,15,3.2584493,2,0.9658615
5681.0,2023-24,16,4.3379555,1,0.9781107
5681.0,2023-24,17,-0.07626089,0,1.169433
5681.0,2023-24,18,2.8811057,1,0.89253247
5681.0,2023-24,19,1.942447,1,1.0137243
5681.0,2023-24,20,2.04609,11,1.2123399
5681.0,2023-24,21,0.8874713,0,1.6510826
5681.0,2023-24,22,0.5895865,0,1.4303594
5681.0,2023-24,23,-0.1497447,0,1.1094217
5681.0,2023-24,24,-0.055128064,0,1.1066102
5681.0,2023-24,25,1.2178485,1,0.71941626
5681.0,2023-24,26,-0.006789285,0,1.5606506
5681.0,2023-24,27,1.4744077,1,1.9533542
5681.0,2023-24,28,0.040645074,0,1.4522624
5681.0,2023-24,29,0.8936818,1,1.0587935
5681.0,2023-24,30,1.3963945,0,1.1673045
5681.0,2023-24,31,1.8167435,1,0.6890943
5681.0,2023-24,32,1.6615444,1,0.3387569
5681.0,2023-24,33,2.1091688,1,0.6046413
5681.0,2023-24,34,-0.04640754,0,0.4407546
5681.0,2023-24,35,1.2453694,1,0.27644387
5681.0,2023-24,35,1.2453694,1,0.28345782
5681.0,2023-24,35,1.3635153,1,0.27644387
5681.0,2023-24,35,1.3635153,1,0.28345782
5681.0,2023-24,36,1.675857,1,1.0925958
5681.0,2023-24,37,1.8814968,1,2.298659
5681.0,2023-24,37,1.8814968,1,1.8727095
5681.0,2023-24,37,1.3941638,1,2.298659
5681.0,2023-24,37,1.3941638,1,1.8727095
5722.0,2023-24,10,1.4825946,1,1.5232279
5722.0,2023-24,11,2.1031191,3,1.5590278
5722.0,2023-24,12,2.6319177,2,1.4970918
5722.0,2023-24,13,0.06464493,0,1.8819228
5722.0,2023-24,14,2.4392617,3,1.7199667
5722.0,2023-24,15,2.1022334,1,1.7733281
5722.0,2023-24,16,-0.022698324,0,1.604707
5722.0,2023-24,17,-0.013753555,0,1.1697679
5722.0,2023-24,18,0.082563706,0,0.8357161
5722.0,2023-24,19,1.1349226,1,0.5738815
5722.0,2023-24,20,-0.1253028,0,1.5650545
5722.0,2023-24,21,-0.1787042,0,1.2281451
5722.0,2023-24,22,-0.1787042,0,0.9653792
5722.0,2023-24,23,0.04566785,0,0.8199593
5722.0,2023-24,24,-0.020208247,0,0.72116387
5722.0,2023-24,25,-0.012602148,0,0.4686093
5722.0,2023-24,26,-0.012602148,0,0.44163507
5722.0,2023-24,27,-0.012602148,0,0.4271314
5722.0,2023-24,28,0.47918525,0,0.40940577
5722.0,2023-24,29,1.1095392,2,0.68873906
5722.0,2023-24,30,1.8692197,1,1.3125126
5722.0,2023-24,31,0.053945445,0,1.2002435
5722.0,2023-24,32,1.459807,1,0.8698531
5722.0,2023-24,33,-0.010323013,0,0.8982284
5722.0,2023-24,34,-0.029982423,0,0.7116236
5722.0,2023-24,35,0.9814253,1,0.53300166
5722.0,2023-24,36,0.067889504,0,0.7659426
5722.0,2023-24,37,0.028881064,0,0.736606
5722.0,2023-24,38,1.2335489,1,0.6098414
5789.0,2023-24,6,2.6530092,3,1.5173967
5789.0,2023-24,7,2.0730968,2,1.8723613
5789.0,2023-24,8,1.9940722,1,1.6661037
5789.0,2023-24,9,2.1168473,2,1.6401556
5789.0,2023-24,10,2.7176723,2,1.7402842
5789.0,2023-24,11,2.3745477,1,1.8975191
5789.0,2023-24,12,2.5936396,2,1.8184048
5789.0,2023-24,13,2.5083778,1,1.6183333
5789.0,2023-24,14,0.10907637,0,1.6409931
5789.0,2023-24,15,1.8068471,2,1.3227694
5789.0,2023-24,16,2.6568255,3,1.7845447
5789.0,2023-24,17,2.4786997,2,1.5944455
5789.0,2023-24,18,-0.16949329,0,1.8988134
5789.0,2023-24,19,-0.039577447,0,1.4433954
5789.0,2023-24,20,1.0422288,0,1.1247451
5789.0,2023-24,21,1.7914944,3,1.0338411
5789.0,2023-24,22,2.0521672,1,2.4340541
5789.0,2023-24,23,1.9169707,3,1.6633844
5789.0,2023-24,24,2.4106395,2,1.6967319
5956.0,2023-24,6,1.5651927,1,1.3662913
5956.0,2023-24,7,1.5668066,1,1.2038965
5956.0,2023-24,8,1.688306,1,1.5568085
5956.0,2023-24,9,1.4530054,4,1.2026932
5956.0,2023-24,10,2.0063257,1,0.9593139
5956.0,2023-24,11,1.1632773,1,1.009217
5956.0,2023-24,12,1.6242672,2,0.8624824
5956.0,2023-24,13,3.1065738,4,0.69760895
5956.0,2023-24,14,2.4821725,2,0.58252066
5956.0,2023-24,15,2.425284,6,1.5095019
5956.0,2023-24,16,2.3730972,1,1.5983231
5956.0,2023-24,17,0.19482802,0,1.4433246
5956.0,2023-24,18,-0.08994476,0,1.2241766
5956.0,2023-24,19,0.065164596,0,0.9582101
5956.0,2023-24,20,0.05428684,0,0.7115749
5956.0,2023-24,21,1.5166324,0,0.5921689
5956.0,2023-24,22,1.9445277,2,1.408714
5956.0,2023-24,23,2.4117928,8,1.5888205
5956.0,2023-24,24,2.679155,1,2.731055
5956.0,2023-24,25,2.7982216,5,2.0465512
5956.0,2023-24,26,2.6529915,2,1.9629524
5956.0,2023-24,27,2.6567094,2,2.2048457
5956.0,2023-24,28,3.846095,1,2.3695571
5956.0,2023-24,29,3.1260931,1,1.6094335
5956.0,2023-24,30,3.8234513,2,2.0034533
5956.0,2023-24,31,2.425415,1,1.9983711
5956.0,2023-24,32,2.6231825,6,2.0362036
5956.0,2023-24,33,2.6444173,6,2.3278778
5956.0,2023-24,34,2.9116862,2,2.2208152
5956.0,2023-24,35,3.2935731,1,1.7905402
5956.0,2023-24,36,0.08336907,0,1.5704234
5956.0,2023-24,37,2.2019985,8,1.3646518
6026.0,2023-24,6,3.1240134,1,2.6351912
6026.0,2023-24,7,3.0075989,5,1.96797
6026.0,2023-24,8,4.090411,1,1.3400913
6026.0,2023-24,9,5.1054697,6,0.8301522
6026.0,2023-24,10,4.5246916,3,0.5971108
6026.0,2023-24,11,3.9013243,0,2.222253
6026.0,2023-24,12,3.5251455,0,2.1603827
6026.0,2023-24,13,2.8522873,0,0.9992255
6026.0,2023-24,14,2.1831703,1,1.1712244
6026.0,2023-24,15,2.6514292,1,0.9879521
6026.0,2023-24,16,2.7494593,15,0.9581489
6026.0,2023-24,17,2.2612936,9,0.81675136
6026.0,2023-24,18,3.2125645,8,0.69621
6026.0,2023-24,19,3.8236623,1,0.8415073
6026.0,2023-24,20,2.685455,8,1.0521967
6026.0,2023-24,21,4.1966267,8,0.94662476
6026.0,2023-24,22,4.6829076,7,1.5247622
6026.0,2023-24,23,5.281257,15,2.6095467
6026.0,2023-24,24,5.9490995,2,3.642807
6026.0,2023-24,25,4.380886,2,2.234988
6026.0,2023-24,26,0.17150073,0,1.9536374
6026.0,2023-24,27,4.898974,0,1.8892878
6026.0,2023-24,28,2.622011,0,1.761052
6026.0,2023-24,29,1.4941919,1,1.8526497
6026.0,2023-24,30,2.480917,1,2.7240133
6026.0,2023-24,31,2.6220632,1,2.033349
6026.0,2023-24,32,2.381084,0,1.7172023
6026.0,2023-24,33,1.3524495,0,1.6810398
6026.0,2023-24,34,0.07503153,0,1.1372602
6026.0,2023-24,35,0.8911781,1,0.82659674
6026.0,2023-24,35,0.8911781,1,0.8707329
6026.0,2023-24,35,1.1793507,2,0.82659674
6026.0,2023-24,35,1.1793507,2,0.8707329
6026.0,2023-24,36,1.7879593,9,1.1248263
6026.0,2023-24,37,2.4580624,0,1.4069905
6026.0,2023-24,37,2.4580624,0,1.3244852
6026.0,2023-24,37,1.5550413,0,1.4069905
6026.0,2023-24,37,1.5550413,0,1.3244852
6026.0,2023-24,38,1.624461,0,1.4603145
6027.0,2023-24,12,-0.024629563,0,0.67117333
6027.0,2023-24,13,-0.028929915,0,0.63192034
6027.0,2023-24,14,1.1372932,1,0.50956976
6027.0,2023-24,15,0.031772487,0,0.78867364
6027.0,2023-24,16,0.026456926,0,0.6437671
6027.0,2023-24,17,1.228576,2,0.5366565
6027.0,2023-24,18,0.03587898,0,1.257591
6027.0,2023-24,19,0.03587898,0,0.95744526
6027.0,2023-24,20,0.02160088,0,0.7262673
6027.0,2023-24,21,-0.0077872584,0,0.619639
6027.0,2023-24,22,-0.0077872584,0,0.5584528
6027.0,2023-24,23,-0.014701347,0,0.40786105
6027.0,2023-24,24,-0.014701347,0,0.40834126
6027.0,2023-24,25,-0.014701347,0,0.40785176
6027.0,2023-24,26,-0.017932415,0,0.40609604
6027.0,2023-24,27,-0.017932415,0,0.40343422
6027.0,2023-24,28,-0.017932415,0,0.40042245
6027.0,2023-24,29,-0.017932415,0,0.39750487
6027.0,2023-24,30,-0.017932415,0,0.3919962
6027.0,2023-24,31,-0.017932415,0,0.38369066
6027.0,2023-24,32,-0.017932415,0,0.38369066
6027.0,2023-24,33,0.3523571,1,0.38369066
6027.0,2023-24,34,1.3060564,1,0.70661414
6027.0,2023-24,34,1.3060564,1,0.92931664
6027.0,2023-24,34,1.442753,1,0.70661414
6027.0,2023-24,34,1.442753,1,0.92931664
6027.0,2023-24,35,0.012307907,0,1.0480108
6027.0,2023-24,36,1.4110194,1,0.82585347
6027.0,2023-24,37,0.2879312,0,0.9866477
6027.0,2023-24,38,1.7929136,1,0.76248586
6034.0,2023-24,6,2.7579594,2,2.0237947
6034.0,2023-24,7,1.7312067,2,2.8057299
6034.0,2023-24,8,2.4122336,2,2.1025167
6034.0,2023-24,9,2.777915,6,2.9316561
6034.0,2023-24,10,3.910696,8,3.3000398
6034.0,2023-24,11,2.8197174,1,2.6473162
6034.0,2023-24,12,-0.18153825,0,1.949282
6034.0,2023-24,13,2.8479614,0,1.616388
6034.0,2023-24,14,2.4914966,1,1.5487235
6034.0,2023-24,15,2.1052032,4,1.5679483
6034.0,2023-24,16,2.4404745,6,2.4719996
6034.0,2023-24,17,0.26275116,0,2.2496586
6034.0,2023-24,18,3.164578,5,1.7941761
6034.0,2023-24,19,2.8361075,1,3.3051386
6034.0,2023-24,20,2.070869,1,2.028335
6034.0,2023-24,21,2.3777564,1,1.2831615
6034.0,2023-24,22,0.30656108,0,1.1150198
6034.0,2023-24,23,1.8401039,-2,0.76221156
6034.0,2023-24,24,0.090255104,0,0.8316035
6034.0,2023-24,25,-0.007849136,0,0.7295629
6034.0,2023-24,26,0.007320092,0,0.59881747
6034.0,2023-24,27,1.1702319,1,0.6122248
6034.0,2023-24,28,1.2035856,1,0.8631961
6034.0,2023-24,28,1.2035856,1,1.1236904
6034.0,2023-24,28,1.9707525,1,0.8631961
6034.0,2023-24,28,1.9707525,1,1.1236904
6034.0,2023-24,29,-0.060667966,0,0.7011952
6034.0,2023-24,30,1.6840894,1,1.1381795
6034.0,2023-24,31,1.2961979,3,1.2061203
6034.0,2023-24,32,2.310489,1,0.8913597
6034.0,2023-24,33,-0.020392235,0,0.6070597
6034.0,2023-24,34,2.3262956,1,0.89660347
6034.0,2023-24,35,0.0075159324,0,0.7030716
6034.0,2023-24,36,1.3279182,1,0.54155076
6034.0,2023-24,37,0.042445384,0,0.65932333
6034.0,2023-24,38,1.2698653,1,0.6114687
6049.0,2023-24,6,0.78430426,0,1.4915457
6049.0,2023-24,7,2.4043193,2,0.88814056
6049.0,2023-24,8,3.2960672,7,2.4803026
6049.0,2023-24,9,2.3323786,1,4.6374836
6055.0,2023-24,6,4.388039,11,3.183264
6055.0,2023-24,7,4.1849594,2,1.8098016
6055.0,2023-24,8,3.4123662,2,1.0555353
6055.0,2023-24,9,3.4412832,2,3.3151186
6055.0,2023-24,10,3.1385522,7,3.2677958
6055.0,2023-24,11,4.2067623,6,3.1494014
6055.0,2023-24,12,3.453555,2,1.7070154
6055.0,2023-24,13,5.2889333,2,2.5433152
6055.0,2023-24,14,4.520695,9,3.9541686
6055.0,2023-24,15,3.0415921,3,2.2056942
6055.0,2023-24,16,6.2057714,2,1.5551286
6055.0,2023-24,17,4.7872477,5,3.5877178
6055.0,2023-24,18,0.07804821,0,3.1810586
6055.0,2023-24,19,2.8983462,8,3.0683203
6055.0,2023-24,20,4.1628885,12,3.5197186
6055.0,2023-24,21,4.536977,2,3.8959084
6055.0,2023-24,22,6.2950764,6,3.8870623
6055.0,2023-24,23,4.9648075,20,2.8084412
6055.0,2023-24,24,5.198466,3,2.4577417
6055.0,2023-24,25,3.8281884,2,2.2014456
6055.0,2023-24,25,3.8281884,2,3.3587272
6055.0,2023-24,25,4.157458,3,2.2014456
6055.0,2023-24,25,4.157458,3,3.3587272
6055.0,2023-24,26,3.69318,11,3.5715816
6055.0,2023-24,27,6.8155394,15,3.3783958
6055.0,2023-24,28,7.0533404,2,3.4791167
6055.0,2023-24,29,0.38378245,0,4.4208984
6055.0,2023-24,30,6.0900955,3,4.2114043
6055.0,2023-24,31,4.9559135,20,3.3884127
6055.0,2023-24,32,-0.6488169,0,4.644923
6055.0,2023-24,33,1.2099832,0,1.5491414
6055.0,2023-24,34,3.595714,16,0.9442197
6055.0,2023-24,35,-0.07482035,0,1.7565889
6055.0,2023-24,36,2.4664092,5,1.3615484
6055.0,2023-24,37,2.8158343,9,2.8334715
6055.0,2023-24,37,2.8158343,9,2.6663978
6055.0,2023-24,37,2.342759,2,2.8334715
6055.0,2023-24,37,2.342759,2,2.6663978
6055.0,2023-24,38,4.461691,15,2.3421886
6063.0,2023-24,6,-0.050119452,0,0.29213578
6063.0,2023-24,7,1.026103,1,0.70072424
6063.0,2023-24,8,1.5396134,1,0.97831416
6063.0,2023-24,9,1.7213646,17,1.2016108
6063.0,2023-24,10,0.6095007,0,0.72742134
6063.0,2023-24,11,2.6967664,1,0.7170635
6063.0,2023-24,12,0.41780555,0,0.8594953
6063.0,2023-24,13,0.32106087,0,0.69665575
6063.0,2023-24,14,0.32106087,0,0.52586484
6063.0,2023-24,15,0.042095277,0,0.71793765
6063.0,2023-24,16,0.042095277,0,0.62609696
6063.0,2023-24,17,-0.003397462,0,0.6367723
6063.0,2023-24,18,-0.009021056,0,0.63457054
6063.0,2023-24,19,-0.009021056,0,0.64709735
6063.0,2023-24,20,-0.017932415,0,0.6004517
6063.0,2023-24,21,-0.017932415,0,0.52129143
6063.0,2023-24,22,0.4883118,5,0.4462574
6063.0,2023-24,23,2.33029,1,1.2402189
6063.0,2023-24,24,0.25468174,0,1.243566
6063.0,2023-24,25,3.2381318,1,0.6612233
6063.0,2023-24,26,2.2418346,1,0.89632237
6063.0,2023-24,27,1.9695703,3,1.3688235
6063.0,2023-24,28,2.1039803,6,1.3012662
6063.0,2023-24,29,0.041990306,0,1.5593421
6063.0,2023-24,30,2.6055827,2,2.094006
6063.0,2023-24,31,3.7252343,2,2.9506905
6063.0,2023-24,32,3.8963096,3,2.3475237
6063.0,2023-24,33,4.020728,3,2.101758
6063.0,2023-24,34,2.6298037,2,1.7000701
6063.0,2023-24,35,4.339883,5,1.723119
6063.0,2023-24,36,3.3289323,10,2.9173915
6063.0,2023-24,37,5.229824,2,2.950528
6063.0,2023-24,37,5.229824,2,2.3882701
6063.0,2023-24,37,4.8190365,5,2.950528
6063.0,2023-24,37,4.8190365,5,2.3882701
6063.0,2023-24,38,3.525355,7,2.433594
6088.0,2023-24,6,1.6708934,1,1.2411692
6088.0,2023-24,7,1.8262063,2,1.322455
6088.0,2023-24,8,2.3496099,3,1.4060227
6088.0,2023-24,9,2.4266732,2,1.717071
6088.0,2023-24,10,1.8548074,1,1.6708133
6088.0,2023-24,11,2.198987,8,1.60972
6088.0,2023-24,12,2.5048885,2,1.3094046
6088.0,2023-24,13,2.0826125,2,1.6882713
6088.0,2023-24,14,2.3118553,2,1.646719
6088.0,2023-24,15,2.169889,2,1.687806
6088.0,2023-24,16,2.0723906,2,1.6217222
6088.0,2023-24,17,1.8934333,2,1.6463277
6088.0,2023-24,18,1.9655573,1,1.570575
6088.0,2023-24,19,-0.19372435,0,1.536239
6088.0,2023-24,20,1.9057112,0,1.36176
6088.0,2023-24,21,1.5590104,1,1.1049676
6088.0,2023-24,22,2.3336954,2,1.5570744
6088.0,2023-24,23,0.28782526,0,1.4442341
6088.0,2023-24,24,0.42724755,0,1.174609
6088.0,2023-24,25,0.12029245,0,0.8557946
6088.0,2023-24,26,0.0964699,0,0.60203195
6088.0,2023-24,27,-0.0318076,0,0.5256954
6088.0,2023-24,28,0.017934943,0,0.43647325
6088.0,2023-24,29,0.017934943,0,0.39986962
6088.0,2023-24,30,0.07026961,0,0.37093067
6088.0,2023-24,31,-0.017932415,0,0.36712003
6088.0,2023-24,32,-0.017932415,0,0.3841396
6088.0,2023-24,33,-0.017932415,0,0.40102643
6088.0,2023-24,34,-0.017932415,0,0.40289032
6088.0,2023-24,35,0.30174905,0,0.39279726
6088.0,2023-24,36,-0.017932415,0,0.5699012
6088.0,2023-24,37,-0.017932415,0,0.5312323
6088.0,2023-24,38,0.41344136,0,0.4782968
6104.0,2023-24,9,1.7123263,2,1.6826684
6104.0,2023-24,10,2.12589,2,1.6366982
6104.0,2023-24,11,2.7524981,3,1.6200228
6104.0,2023-24,12,2.539403,2,1.8950127
6104.0,2023-24,13,2.405234,1,1.6367729
6104.0,2023-24,14,2.7176244,2,1.5273104
6104.0,2023-24,15,2.957889,1,1.5997568
6104.0,2023-24,16,2.0661516,2,1.6176945
6104.0,2023-24,17,0.16066104,0,1.6280079
6104.0,2023-24,18,2.1088002,0,1.7466549
6104.0,2023-24,19,-0.07574725,0,1.380764
6104.0,2023-24,20,1.4576225,1,1.0694098
6104.0,2023-24,21,1.2596955,2,0.9352218
6104.0,2023-24,22,1.9545197,2,1.3001034
6104.0,2023-24,23,1.7754576,2,1.3640084
6104.0,2023-24,24,1.7181327,2,1.524632
6104.0,2023-24,25,-0.09276001,0,1.56275
6104.0,2023-24,26,-0.027509004,0,1.5678029
6104.0,2023-24,27,1.6349728,1,1.0453874
6104.0,2023-24,28,1.7179807,1,0.96384
6104.0,2023-24,29,0.31076422,0,1.0587204
6104.0,2023-24,30,1.8021774,1,0.8913859
6104.0,2023-24,31,1.5554638,2,0.95331264
6104.0,2023-24,32,1.5054519,2,1.3451397
6104.0,2023-24,33,1.6675013,3,1.4506851
6104.0,2023-24,34,1.8781908,4,1.6057
6104.0,2023-24,34,1.8781908,4,1.884979
6104.0,2023-24,34,2.1183374,8,1.6057
6104.0,2023-24,34,2.1183374,8,1.884979
6104.0,2023-24,35,2.7980955,1,2.2194245
6104.0,2023-24,36,3.6489236,3,1.8151622
6104.0,2023-24,37,3.9880745,1,1.5136137
6108.0,2023-24,15,0.38796967,0,0.6739875
6108.0,2023-24,16,0.29529318,0,0.53323007
6108.0,2023-24,17,0.095153295,0,0.5598347
6108.0,2023-24,18,0.033043638,0,0.46572948
6108.0,2023-24,19,0.11831901,0,0.33855224
6108.0,2023-24,20,0.79675466,1,0.31841218
6108.0,2023-24,21,1.8059087,6,0.91102326
6108.0,2023-24,22,1.980779,1,1.4727907
6108.0,2023-24,23,2.3454177,2,1.3783102
6108.0,2023-24,24,2.7906988,2,1.5555178
6108.0,2023-24,25,2.3273354,1,1.3903797
6108.0,2023-24,26,0.25854114,0,1.5498855
6108.0,2023-24,27,2.2036715,1,1.0953248
6108.0,2023-24,28,2.211982,1,1.2798767
6108.0,2023-24,29,2.3794503,0,1.2877573
6108.0,2023-24,30,2.9764683,1,1.2045345
6108.0,2023-24,31,2.5872855,1,1.1205527
6108.0,2023-24,32,2.322412,3,1.5545776
6108.0,2023-24,33,2.750198,1,1.5219872
6108.0,2023-24,34,0.75361246,0,1.3696241
6108.0,2023-24,35,2.16593,1,1.0751348
6108.0,2023-24,35,2.16593,1,1.0616534
6108.0,2023-24,35,2.3115048,1,1.0751348
6108.0,2023-24,35,2.3115048,1,1.0616534
6108.0,2023-24,36,2.5807793,2,1.1921778
6108.0,2023-24,37,3.1190975,1,1.2569499
6108.0,2023-24,37,3.1190975,1,1.1376438
6108.0,2023-24,37,2.10345,0,1.2569499
6108.0,2023-24,37,2.10345,0,1.1376438
6108.0,2023-24,38,2.67444,3,1.1097748
6122.0,2023-24,6,1.9667807,2,1.7056788
6122.0,2023-24,7,1.7100409,8,2.5633888
6122.0,2023-24,8,1.1749377,2,3.2470665
6122.0,2023-24,9,2.7065692,15,2.0747788
6122.0,2023-24,10,5.3061485,7,1.1252711
6122.0,2023-24,11,3.6553528,2,2.0297875
6122.0,2023-24,12,3.1643584,2,1.9902201
6122.0,2023-24,13,2.1578567,7,1.7236036
6122.0,2023-24,14,3.537799,2,2.1848907
6122.0,2023-24,15,3.9432867,3,2.5644255
6122.0,2023-24,16,3.4328551,2,2.7335713
6122.0,2023-24,17,0.30049694,0,2.7419534
6122.0,2023-24,18,3.9702165,8,2.5581741
6122.0,2023-24,19,3.0469775,2,2.609822
6122.0,2023-24,20,3.807981,10,2.727861
6122.0,2023-24,21,3.944563,3,2.5895026
6122.0,2023-24,22,3.9104795,1,1.9164915
6122.0,2023-24,23,4.6105275,5,2.217533
6122.0,2023-24,24,3.3596609,10,3.5736954
6122.0,2023-24,25,4.6040664,2,2.7751086
6122.0,2023-24,26,4.3850513,15,2.1848962
6122.0,2023-24,27,3.000864,4,1.7082131
6122.0,2023-24,28,4.2828593,2,1.1852746
6122.0,2023-24,29,3.1989048,1,1.4454838
6122.0,2023-24,30,4.686656,3,3.766543
6122.0,2023-24,31,3.7875886,1,2.1823444
6122.0,2023-24,32,4.0334063,1,3.061587
6122.0,2023-24,33,0.047046512,0,3.0055583
6122.0,2023-24,34,0.19337904,0,2.7953854
6122.0,2023-24,35,2.5062077,1,1.4255219
6122.0,2023-24,36,1.4228762,2,1.0618682
6122.0,2023-24,37,2.2074213,2,1.876061
6122.0,2023-24,38,1.7909352,1,1.8794054
6345.0,2023-24,6,0.10452274,0,0.70706856
6345.0,2023-24,7,9.840191e-05,0,0.66993845
6345.0,2023-24,8,9.840191e-05,0,0.5232118
6345.0,2023-24,9,0.040320814,0,0.4627722
6345.0,2023-24,10,0.019094154,0,0.44161388
6345.0,2023-24,11,0.016397962,0,0.43141323
6345.0,2023-24,12,-0.017932415,0,0.42345086
6345.0,2023-24,13,-0.017932415,0,0.41529813
6345.0,2023-24,14,-0.017932415,0,0.40569678
6345.0,2023-24,15,-0.017932415,0,0.39482367
6345.0,2023-24,16,-0.017932415,0,0.38779014
6345.0,2023-24,17,-0.017932415,0,0.38369066
6345.0,2023-24,18,-0.017932415,0,0.38369066
6345.0,2023-24,19,-0.017932415,0,0.38369066
6345.0,2023-24,20,-0.017932415,0,0.38369066
6345.0,2023-24,21,-0.017932415,0,0.38369066
6345.0,2023-24,22,-0.017932415,0,0.38369066
6345.0,2023-24,23,-0.017932415,0,0.38369066
6345.0,2023-24,24,-0.017932415,0,0.38369066
6345.0,2023-24,25,-0.017932415,0,0.38369066
6345.0,2023-24,26,-0.017932415,0,0.38369066
6345.0,2023-24,27,-0.017932415,0,0.38369066
6345.0,2023-24,28,0.5540681,0,0.38369066
6345.0,2023-24,29,-0.017932415,0,0.52309954
6345.0,2023-24,30,0.44332686,0,0.48912045
6345.0,2023-24,31,-0.017932415,0,0.54547906
6345.0,2023-24,32,-0.017932415,0,0.4706263
6345.0,2023-24,33,-0.017932415,0,0.4031019
6345.0,2023-24,34,-0.017932415,0,0.3952013
6345.0,2023-24,35,0.4377058,0,0.38584274
6382.0,2023-24,6,4.6475053,9,3.1547644
6382.0,2023-24,7,4.9260173,4,3.6180332
6382.0,2023-24,8,4.6053195,5,1.9026208
6382.0,2023-24,9,5.5507708,4,1.8112104
6382.0,2023-24,10,4.294695,5,3.082938
6382.0,2023-24,11,0.49527138,0,3.1226954
6382.0,2023-24,12,-0.40562174,0,2.6183953
6382.0,2023-24,13,-0.13229993,0,1.5824071
6382.0,2023-24,14,-0.044343185,0,0.43961024
6382.0,2023-24,15,0.04171213,0,0.43323433
6382.0,2023-24,16,0.1269594,0,0.9865675
6382.0,2023-24,17,0.093915015,0,0.9860097
6382.0,2023-24,18,0.015666693,0,0.8477042
6382.0,2023-24,19,-0.017932415,0,0.7218147
6382.0,2023-24,20,0.48650113,1,0.6034295
6382.0,2023-24,21,1.2855974,3,1.1181016
6382.0,2023-24,22,2.1886659,13,1.808039
6382.0,2023-24,23,2.107375,4,1.4081408
6382.0,2023-24,24,5.095209,2,2.338639
6382.0,2023-24,25,3.758127,5,3.2758396
6382.0,2023-24,26,4.7642736,3,3.1438415
6382.0,2023-24,27,3.9831975,1,3.1860812
6382.0,2023-24,28,3.5693808,1,2.6605406
6382.0,2023-24,29,0.10276445,0,1.3619823
6382.0,2023-24,30,0.0074318936,0,0.8841347
6382.0,2023-24,31,-0.050368246,0,0.4577301
6382.0,2023-24,32,0.020664372,0,0.5683725
6382.0,2023-24,33,0.04087266,0,0.6825727
6382.0,2023-24,34,0.06236691,0,0.98216796
6382.0,2023-24,35,-0.0010557653,0,0.8371484
6382.0,2023-24,36,-0.0010557653,0,0.6290682
6382.0,2023-24,37,-0.017932415,0,0.523715
6382.0,2023-24,38,0.36659002,1,0.46101785
6420.0,2023-24,27,0.024997659,0,1.0918579
6420.0,2023-24,28,-0.022054106,0,0.6338811
6420.0,2023-24,29,-0.022054106,0,0.4532936
6420.0,2023-24,30,0.05499895,0,0.48469436
6420.0,2023-24,31,0.05499895,0,0.40451324
6420.0,2023-24,32,-0.0129816,0,0.37696195
6420.0,2023-24,33,1.0356139,1,0.3764711
6420.0,2023-24,34,0.030306403,0,0.7233865
6420.0,2023-24,35,0.036318,0,0.6329574
6420.0,2023-24,36,1.1324693,1,0.55047053
6456.0,2023-24,10,-0.035986207,0,1.1627028
6456.0,2023-24,11,-0.13102457,0,1.1359372
6456.0,2023-24,12,0.0005914653,0,0.9911556
6456.0,2023-24,13,1.2538176,4,1.0811241
6456.0,2023-24,14,1.423831,1,1.8987775
6456.0,2023-24,15,1.6283185,1,1.4312066
6456.0,2023-24,16,0.12520187,0,1.219326
6456.0,2023-24,17,1.837493,1,0.7918144
6456.0,2023-24,18,1.8826146,1,0.7903161
6456.0,2023-24,19,1.5123266,2,1.2859764
6456.0,2023-24,20,2.4456112,1,1.6090733
6456.0,2023-24,21,2.4270267,5,1.2123659
6456.0,2023-24,22,2.1054666,1,1.370693
6456.0,2023-24,23,2.3397992,10,1.3842053
6456.0,2023-24,24,2.5884223,9,1.3487332
6456.0,2023-24,25,3.187526,11,1.4330244
6456.0,2023-24,26,3.3283982,2,1.5981231
6456.0,2023-24,27,2.8326008,2,1.8954713
6456.0,2023-24,28,3.7304392,1,1.6983396
6456.0,2023-24,29,2.7469134,1,1.7274499
6456.0,2023-24,30,3.3395803,2,1.867496
6456.0,2023-24,31,3.4245164,7,2.1738117
6456.0,2023-24,32,3.0086634,2,2.253733
6456.0,2023-24,33,3.5575056,2,1.8239406
6456.0,2023-24,34,3.9047832,2,1.9906998
6456.0,2023-24,35,2.6791093,2,2.694454
6456.0,2023-24,36,4.4716887,15,2.5800443
6456.0,2023-24,37,4.129023,7,2.6077693
6456.0,2023-24,38,4.087729,2,1.9760629
6492.0,2023-24,9,-0.04451223,0,1.2314312
6492.0,2023-24,10,1.5348756,1,0.7838921
6492.0,2023-24,11,-0.04308156,0,0.9553123
6492.0,2023-24,12,1.0871946,1,0.74809325
6492.0,2023-24,13,-0.032006398,0,0.7817546
6492.0,2023-24,14,0.0016896583,0,0.64352965
6492.0,2023-24,15,0.016268436,0,0.5365255
6492.0,2023-24,16,0.77490216,1,0.5035286
6492.0,2023-24,17,1.1014123,1,0.7316668
6492.0,2023-24,18,-0.008810909,0,1.0114058
6492.0,2023-24,19,1.1391528,0,0.67584705
6492.0,2023-24,20,1.2305998,1,0.74609566
6492.0,2023-24,21,-0.0050432812,0,0.7892729
6492.0,2023-24,22,-0.0050432812,0,0.78294414
6492.0,2023-24,23,1.0580769,1,0.7278186
6492.0,2023-24,24,0.9802702,1,0.98186755
6492.0,2023-24,25,1.6628964,1,0.9329853
6492.0,2023-24,26,1.5159893,1,0.8890871
6492.0,2023-24,27,-0.01214922,0,1.0004673
6492.0,2023-24,28,2.1026573,1,0.8080119
6492.0,2023-24,29,0.03558186,0,1.0368046
6492.0,2023-24,30,0.059784234,0,0.845981
6492.0,2023-24,31,1.6982998,3,0.6341334
6552.0,2023-24,6,7.0243816,1,4.5938883
6552.0,2023-24,7,4.867717,2,4.1516733
6552.0,2023-24,8,5.8534446,2,4.0196586
6552.0,2023-24,9,6.300236,14,4.658231
6552.0,2023-24,10,3.3310626,13,4.0701475
6552.0,2023-24,11,5.419619,5,4.9930687
6552.0,2023-24,12,3.4948192,2,2.1771958
6552.0,2023-24,13,3.7162695,2,2.7808275
6552.0,2023-24,14,5.5042624,5,3.016785
6552.0,2023-24,15,4.045193,6,2.3958578
6552.0,2023-24,16,-0.9366269,0,2.0023932
6552.0,2023-24,17,0.056539673,0,1.4172648
6552.0,2023-24,18,-0.33985338,0,1.3226177
6552.0,2023-24,19,-0.109455004,0,1.8212116
6552.0,2023-24,20,0.09657612,0,0.8207801
6552.0,2023-24,21,0.06031678,0,0.725268
6552.0,2023-24,22,0.061318107,0,0.78012216
6552.0,2023-24,23,0.14130825,0,0.79545873
6552.0,2023-24,24,-0.017932415,0,0.65476346
6552.0,2023-24,25,-0.017932415,0,0.5211384
6552.0,2023-24,26,-0.017932415,0,0.43730623
6552.0,2023-24,27,-0.017932415,0,0.40809003
6552.0,2023-24,28,-0.017932415,0,0.39057958
6552.0,2023-24,29,0.5957773,1,0.38369066
6552.0,2023-24,30,1.1403533,1,0.6695632
6552.0,2023-24,31,1.6862977,1,1.1703842
6552.0,2023-24,32,2.1152735,7,1.3465418
6552.0,2023-24,33,2.5398498,3,1.1913037
6552.0,2023-24,34,2.5999632,9,1.2456259
6552.0,2023-24,35,5.0086293,1,1.5639386
6552.0,2023-24,36,4.3137846,3,2.2527208
6552.0,2023-24,37,4.051249,12,2.3114362
6552.0,2023-24,38,3.7490473,2,1.0378871
6556.0,2023-24,6,2.8986917,3,2.0839434
6556.0,2023-24,7,2.8400404,8,3.2024727
6556.0,2023-24,8,4.2113237,2,2.337052
6556.0,2023-24,9,3.3316734,2,1.8385959
6556.0,2023-24,10,3.7278225,13,2.0619614
6556.0,2023-24,11,3.9542918,2,2.9513745
6556.0,2023-24,12,5.422309,6,2.0048504
6556.0,2023-24,13,4.350997,1,1.8037226
6556.0,2023-24,14,4.567051,4,1.9637946
6556.0,2023-24,15,4.183389,1,2.9790142
6556.0,2023-24,16,1.8742255,1,1.2963328
6556.0,2023-24,17,3.0250688,2,1.0270841
6556.0,2023-24,18,4.3642626,3,1.2265031
6556.0,2023-24,19,2.8307471,1,0.38345635
6556.0,2023-24,20,3.8635905,7,1.3101587
6556.0,2023-24,21,3.746608,3,2.3706696
6556.0,2023-24,22,5.3877625,2,1.9903787
6556.0,2023-24,23,4.532863,1,1.6828046
6556.0,2023-24,24,4.0154467,0,2.2594974
6556.0,2023-24,25,4.3307114,1,2.114274
6556.0,2023-24,26,3.3083477,1,2.3281248
6556.0,2023-24,27,2.5871942,4,1.8034157
6556.0,2023-24,28,2.7756822,1,1.1546038
6556.0,2023-24,29,2.5033767,4,2.0565557
6556.0,2023-24,30,2.6768482,14,1.1134319
6556.0,2023-24,31,2.2987528,2,0.28035176
6556.0,2023-24,32,3.0847485,1,0.37826216
6556.0,2023-24,33,2.7876685,3,1.6761676
6556.0,2023-24,34,2.9464164,9,1.3869632
6556.0,2023-24,35,3.592685,1,0.42710721
6556.0,2023-24,36,3.0910273,3,1.0839374
6556.0,2023-24,37,2.9769268,5,1.0231711
6556.0,2023-24,38,2.9608376,2,1.7824271
6630.0,2023-24,15,0.0117175365,0,0.7429594
6630.0,2023-24,16,-0.014091034,0,0.50256646
6630.0,2023-24,17,0.035494577,0,0.35957986
6630.0,2023-24,18,0.06255486,0,0.5378715
6630.0,2023-24,19,-0.0012881759,0,0.46843725
6630.0,2023-24,20,-0.008016247,0,0.42981446
6630.0,2023-24,21,-0.017932415,0,0.43075433
6630.0,2023-24,22,-0.017932415,0,0.43305895
6630.0,2023-24,23,-0.017932415,0,0.4274055
6630.0,2023-24,24,-0.017932415,0,0.41353363
6630.0,2023-24,25,-0.017932415,0,0.39808023
6630.0,2023-24,26,0.26350072,6,0.38369066
6630.0,2023-24,27,1.5522219,3,0.985407
6630.0,2023-24,28,1.9162096,2,0.96259904
6630.0,2023-24,29,-0.028981779,0,1.2085619
6630.0,2023-24,30,2.1606374,1,0.837646
6630.0,2023-24,31,2.494714,1,1.4383618
6630.0,2023-24,32,2.121794,1,1.3434808
6665.0,2023-24,6,1.7909206,2,1.6203616
6665.0,2023-24,7,2.1623285,-2,1.6180705
6665.0,2023-24,8,0.147163,0,1.1924275
6665.0,2023-24,9,-0.07845409,0,0.95610815
6665.0,2023-24,10,-0.12663656,0,0.7688652
6665.0,2023-24,11,-0.01657125,0,0.5922197
6665.0,2023-24,12,0.029046917,0,0.3657647
6665.0,2023-24,13,0.8812209,1,0.4514625
6665.0,2023-24,14,0.05397987,0,0.730935
6665.0,2023-24,15,1.3882352,1,0.64238775
6665.0,2023-24,16,1.9097055,4,0.9291255
6665.0,2023-24,17,1.9427017,1,1.1904918
6665.0,2023-24,18,1.7866515,2,1.034017
6665.0,2023-24,19,2.0894032,1,1.143764
6665.0,2023-24,20,1.8948299,9,0.7991761
6665.0,2023-24,21,3.4153147,3,0.8975645
6665.0,2023-24,22,4.348727,2,1.2763094
6665.0,2023-24,23,2.4614239,2,1.3553194
6665.0,2023-24,24,3.773347,2,1.5913055
6665.0,2023-24,25,4.2761316,1,1.667474
6665.0,2023-24,26,0.7260637,0,2.2132533
6665.0,2023-24,27,0.30061156,0,1.7184788
6665.0,2023-24,28,0.32996526,0,1.0069764
6665.0,2023-24,29,0.021622404,0,0.6239156
6665.0,2023-24,30,0.003976372,0,0.7837156
6665.0,2023-24,31,1.419525,1,0.7545697
6665.0,2023-24,32,1.2607685,0,1.3802452
6665.0,2023-24,33,1.5110334,1,1.0668414
6665.0,2023-24,34,3.3750815,2,1.5221622
6665.0,2023-24,35,0.8070641,0,1.3264469
6665.0,2023-24,36,0.6076641,0,1.1628416
6665.0,2023-24,37,2.1802983,1,0.856062
6665.0,2023-24,38,1.9916617,1,0.68323874
6681.0,2023-24,6,3.042126,1,1.9252186
6681.0,2023-24,7,0.09894566,0,1.2386193
6681.0,2023-24,8,0.0803973,0,0.7898583
6681.0,2023-24,9,0.13095093,0,0.66090727
6681.0,2023-24,10,0.013162301,0,0.42821303
6681.0,2023-24,11,0.0063839406,0,0.56469023
6681.0,2023-24,12,0.016397962,0,0.6307786
6681.0,2023-24,13,0.016397962,0,0.53691405
6681.0,2023-24,14,0.018187886,0,0.46344835
6681.0,2023-24,15,-0.017932415,0,0.42473608
6681.0,2023-24,16,-0.017932415,0,0.42140064
6681.0,2023-24,17,-0.017932415,0,0.41238055
6681.0,2023-24,18,-0.017932415,0,0.39985165
6681.0,2023-24,19,-0.017932415,0,0.38616323
6681.0,2023-24,20,-0.017932415,0,0.38369066
6681.0,2023-24,21,-0.017932415,0,0.38369066
6681.0,2023-24,22,-0.017932415,0,0.38369066
6681.0,2023-24,23,0.57838696,6,0.38369066
6681.0,2023-24,24,1.8143731,1,1.0009246
6681.0,2023-24,25,2.257268,2,0.9307575
6681.0,2023-24,26,1.5820036,1,1.0243825
6681.0,2023-24,27,2.4436233,1,1.2003863
6681.0,2023-24,28,0.12580629,0,1.1926862
6681.0,2023-24,29,-0.023459205,0,1.0918175
6681.0,2023-24,30,1.3875985,12,0.8494209
6681.0,2023-24,31,1.9876035,5,1.3685288
6681.0,2023-24,32,5.4771705,1,0.8777664
6681.0,2023-24,33,6.044368,3,1.3844751
6681.0,2023-24,34,3.5427673,2,1.5023115
6681.0,2023-24,35,4.134527,4,2.8679905
6681.0,2023-24,36,3.3556235,1,2.3227947
6681.0,2023-24,37,3.505138,0,2.480102
6681.0,2023-24,37,3.505138,0,1.3075086
6681.0,2023-24,37,3.496822,1,2.480102
6681.0,2023-24,37,3.496822,1,1.3075086
6681.0,2023-24,38,2.974352,7,1.0516822
6686.0,2023-24,8,3.7855482,1,1.0818813
6686.0,2023-24,9,2.8704882,2,1.140152
6686.0,2023-24,10,2.4408307,0,1.2872921
6686.0,2023-24,11,3.3089485,1,1.450571
6686.0,2023-24,12,1.2694063,0,1.301187
6686.0,2023-24,13,1.3375527,0,0.9988251
6686.0,2023-24,14,2.2597907,0,0.6550807
6686.0,2023-24,15,-0.16571526,0,0.6675768
6686.0,2023-24,16,0.1455977,0,0.7500118
6686.0,2023-24,17,1.4963615,1,0.57303363
6686.0,2023-24,18,1.8323059,5,0.7278408
6686.0,2023-24,19,1.645382,1,1.8118904
6686.0,2023-24,20,0.05855349,0,1.3853953
6686.0,2023-24,21,1.8850355,1,1.0135362
6686.0,2023-24,22,1.6405936,0,1.1010951
6686.0,2023-24,23,0.16488412,0,1.0344653
6686.0,2023-24,24,1.826328,1,0.7113423
6686.0,2023-24,25,0.065838784,0,0.890083
6686.0,2023-24,26,1.4189484,1,0.7219393
6686.0,2023-24,27,1.514451,0,1.0083039
6686.0,2023-24,28,1.4673958,1,1.1026504
6686.0,2023-24,29,2.1895394,5,1.4080603
6686.0,2023-24,30,2.1087558,1,1.1130729
6686.0,2023-24,31,1.7993336,2,1.3273036
6686.0,2023-24,32,2.7936997,1,1.6649845
6686.0,2023-24,33,2.3200603,3,1.3452806
6686.0,2023-24,34,0.16006665,0,1.2737398
6686.0,2023-24,35,0.1043203,0,1.122487
6686.0,2023-24,36,0.102068536,0,1.0417364
6686.0,2023-24,37,1.6584566,1,0.7237238
6691.0,2023-24,6,2.3584816,2,2.7271588
6691.0,2023-24,7,4.400166,2,3.201834
6691.0,2023-24,8,3.3567336,3,3.1073792
6691.0,2023-24,9,4.519024,3,3.9368365
6691.0,2023-24,10,4.021758,3,3.0458853
6691.0,2023-24,11,4.3380632,7,2.5877068
6691.0,2023-24,12,4.5827637,2,2.8236296
6691.0,2023-24,13,4.9176373,2,4.8173866
6691.0,2023-24,14,3.761975,12,5.0601645
6691.0,2023-24,15,5.112583,1,2.5355551
6691.0,2023-24,16,3.3454158,2,1.5604115
6691.0,2023-24,17,4.6042123,14,3.0966017
6691.0,2023-24,18,6.036302,1,1.663257
6691.0,2023-24,19,4.0659947,1,3.1230328
6691.0,2023-24,20,0.17213954,0,2.9474323
6691.0,2023-24,21,0.09905663,0,3.012358
6691.0,2023-24,22,2.6383812,1,1.5564967
6691.0,2023-24,23,5.2327127,1,1.9660964
6691.0,2023-24,24,4.9041686,2,2.84586
6691.0,2023-24,25,4.0342073,9,2.0579095
6691.0,2023-24,26,-0.3017655,0,2.695594
6691.0,2023-24,27,3.6316416,2,2.8806012
6691.0,2023-24,28,3.6682239,6,2.6849835
6691.0,2023-24,29,3.2815418,2,2.922821
6691.0,2023-24,30,4.5093694,1,2.7727294
6691.0,2023-24,31,3.7095242,1,2.3200572
6691.0,2023-24,32,4.1001716,1,2.1042738
6691.0,2023-24,33,3.1890926,1,1.7561259
6691.0,2023-24,34,0.12600861,0,1.3476167
6691.0,2023-24,35,2.8816113,1,0.8751414
6691.0,2023-24,35,2.8816113,1,2.1158078
6691.0,2023-24,35,2.9223657,2,0.8751414
6691.0,2023-24,35,2.9223657,2,2.1158078
6691.0,2023-24,36,2.7684705,2,3.036836
6691.0,2023-24,37,3.268167,2,2.0770545
6691.0,2023-24,37,3.268167,2,1.7771091
6691.0,2023-24,37,1.8734375,1,2.0770545
6691.0,2023-24,37,1.8734375,1,1.7771091
6691.0,2023-24,38,3.5125496,16,1.4910648
6756.0,2023-24,9,2.7837534,1,1.4044783
6756.0,2023-24,10,3.590083,3,1.194969
6756.0,2023-24,11,2.6779006,2,1.499737
6756.0,2023-24,12,4.2858987,2,1.1519256
6756.0,2023-24,13,3.643774,2,1.8599908
6756.0,2023-24,14,4.1584783,8,1.8940259
6756.0,2023-24,15,4.430246,14,1.7797328
6756.0,2023-24,16,6.0618896,3,2.565991
6756.0,2023-24,17,4.595272,6,2.4956605
6756.0,2023-24,18,3.4259474,2,3.3782117
6756.0,2023-24,19,4.210232,5,3.0037634
6756.0,2023-24,20,3.9278011,1,3.6280005
6756.0,2023-24,21,4.1805806,1,3.069275
6756.0,2023-24,22,3.159047,3,2.2489223
6756.0,2023-24,23,3.2387302,2,2.1429703
6756.0,2023-24,24,2.595286,2,2.0410013
6756.0,2023-24,25,3.4716933,8,2.8355696
6756.0,2023-24,26,2.535064,2,2.762182
6756.0,2023-24,27,2.474737,2,2.823105
6756.0,2023-24,28,3.817888,2,3.4924386
6756.0,2023-24,29,1.5971323,0,2.6004863
6756.0,2023-24,30,5.4561224,5,2.047313
6756.0,2023-24,31,4.2025323,1,1.7826791
6756.0,2023-24,32,5.466287,3,2.679353
6756.0,2023-24,33,4.320362,2,2.1700068
6756.0,2023-24,34,4.475537,10,3.5866048
6756.0,2023-24,34,4.475537,10,2.8819966
6756.0,2023-24,34,5.0897136,6,3.5866048
6756.0,2023-24,34,5.0897136,6,2.8819966
6756.0,2023-24,35,4.67169,3,3.6188014
6756.0,2023-24,36,4.309673,2,4.16422
6756.0,2023-24,37,4.8340907,3,3.4880557
6756.0,2023-24,38,3.6311455,5,2.8676264
6818.0,2023-24,6,5.077877,9,3.4783375
6818.0,2023-24,7,4.5191083,2,3.6935704
6818.0,2023-24,8,5.1298985,6,3.5422459
6818.0,2023-24,9,6.7353435,9,3.5117123
6818.0,2023-24,10,6.888028,6,3.9274948
6818.0,2023-24,11,5.0697203,1,3.3816297
6818.0,2023-24,12,-0.52034795,0,2.8050158
6818.0,2023-24,13,0.0110669695,0,2.0227993
6818.0,2023-24,14,-0.6607112,0,0.4479746
6818.0,2023-24,15,-0.27527502,0,0.40800583
6818.0,2023-24,16,0.35491145,0,0.5719698
6818.0,2023-24,17,0.0018536104,0,0.89487815
6818.0,2023-24,18,0.025243208,0,0.9706732
6818.0,2023-24,19,0.02422055,0,0.92946774
6818.0,2023-24,20,-0.017932415,0,0.7692835
6818.0,2023-24,21,-0.017932415,0,0.59214693
6818.0,2023-24,22,0.3925792,7,0.47435948
6818.0,2023-24,23,2.2677004,5,1.3792447
6818.0,2023-24,24,3.3840685,1,1.8740404
6818.0,2023-24,25,3.4498682,2,2.3289611
6818.0,2023-24,26,0.37091735,0,1.7881209
6818.0,2023-24,27,3.3654392,5,1.1757357
6818.0,2023-24,28,3.5461442,9,2.0650897
6818.0,2023-24,29,3.9703355,2,1.9755523
6818.0,2023-24,30,3.9817069,2,1.701443
6818.0,2023-24,31,4.07107,2,1.8779092
6818.0,2023-24,32,4.468124,2,2.4021041
6818.0,2023-24,33,3.2020218,1,3.1074226
6818.0,2023-24,34,0.16263261,0,3.4918993
6818.0,2023-24,35,3.3489845,2,2.861376
6818.0,2023-24,35,3.3489845,2,2.0620005
6818.0,2023-24,35,3.0383847,1,2.861376
6818.0,2023-24,35,3.0383847,1,2.0620005
6818.0,2023-24,36,3.3143272,1,2.0434327
6818.0,2023-24,37,3.6188521,4,1.9455531
6818.0,2023-24,37,3.6188521,4,3.186313
6818.0,2023-24,37,3.2961621,2,1.9455531
6818.0,2023-24,37,3.2961621,2,3.186313
6818.0,2023-24,38,4.077331,6,2.387469
6820.0,2023-24,6,1.3661392,0,0.48309004
6820.0,2023-24,7,-0.70199114,0,1.1659825
6820.0,2023-24,8,1.3102309,1,1.8408289
6820.0,2023-24,9,1.6678776,1,2.1136494
6820.0,2023-24,10,0.27662167,0,1.2543375
6820.0,2023-24,11,0.3623378,0,1.1488404
6820.0,2023-24,12,0.30808517,0,0.9850869
6820.0,2023-24,13,1.371304,1,0.76968753
6820.0,2023-24,14,0.092873305,0,0.8107551
6820.0,2023-24,15,0.046023253,0,0.7224656
6820.0,2023-24,16,0.046023253,0,0.54767466
6820.0,2023-24,17,0.019491298,0,0.4652136
6820.0,2023-24,18,1.17643,1,0.41956046
6820.0,2023-24,19,1.6720699,4,0.979982
6820.0,2023-24,20,1.8737264,1,1.0844508
6820.0,2023-24,21,1.9513086,1,1.4685009
6827.0,2023-24,6,3.2124822,3,3.798668
6827.0,2023-24,7,0.29347223,0,3.1508687
6827.0,2023-24,8,3.157461,9,2.801823
6827.0,2023-24,9,2.5405617,2,1.6236014
6827.0,2023-24,10,1.8389056,1,1.5171058
6827.0,2023-24,11,3.1086066,1,1.522284
6827.0,2023-24,12,1.7110838,1,1.3317754
6827.0,2023-24,13,-0.2951811,0,1.1503143
6827.0,2023-24,14,1.2942127,6,1.3450018
6827.0,2023-24,15,2.247891,1,1.4234182
6827.0,2023-24,16,2.7448525,1,1.010293
6827.0,2023-24,17,1.4121804,0,1.2599986
6827.0,2023-24,18,1.9102589,1,1.18048
6827.0,2023-24,19,1.8609427,2,1.3015976
6827.0,2023-24,20,1.940115,10,1.3837366
6827.0,2023-24,21,1.8869777,1,1.032331
6827.0,2023-24,22,3.0946357,3,1.0987144
6827.0,2023-24,23,3.0778809,2,0.85881555
6827.0,2023-24,24,3.1595685,12,1.582597
6827.0,2023-24,25,2.7591069,2,1.011077
6827.0,2023-24,26,0.12570193,0,1.808103
6827.0,2023-24,27,3.069017,3,1.1359446
6827.0,2023-24,28,-0.004820968,0,1.3022325
6827.0,2023-24,29,2.5727036,1,1.3552648
6827.0,2023-24,30,3.2098968,6,2.9667504
6827.0,2023-24,31,1.8829626,1,3.775654
6827.0,2023-24,32,0.027248798,0,1.9373095
6827.0,2023-24,33,2.035997,0,0.93017167
6827.0,2023-24,34,1.6783284,2,1.4101648
6827.0,2023-24,35,2.0252233,3,1.5126133
6827.0,2023-24,36,2.7644043,1,1.182126
6827.0,2023-24,37,1.9893196,1,1.2028215
6827.0,2023-24,38,2.4774451,1,1.0800996
6835.0,2023-24,6,0.061351135,0,0.7752173
6835.0,2023-24,7,1.2351553,1,0.79272896
6835.0,2023-24,8,1.617683,4,1.176279
6835.0,2023-24,9,1.7885971,1,1.1817846
6835.0,2023-24,10,2.4457607,1,0.9526708
6835.0,2023-24,11,1.9187684,1,0.74726915
6835.0,2023-24,12,1.5132166,1,0.71798503
6835.0,2023-24,13,1.3853136,5,1.0595602
6835.0,2023-24,14,1.5168842,4,1.5227458
6835.0,2023-24,15,2.4208431,8,0.9067816
6835.0,2023-24,16,3.8893955,6,1.1585679
6835.0,2023-24,17,2.5018861,2,1.9744473
6835.0,2023-24,18,3.965117,2,1.9430711
6835.0,2023-24,19,2.8071876,2,1.2606204
6835.0,2023-24,20,3.3035147,6,1.8274437
6835.0,2023-24,21,2.3572524,2,1.6468391
6835.0,2023-24,22,2.8993623,3,1.8563876
6835.0,2023-24,23,3.6044655,1,1.6067238
6835.0,2023-24,24,3.1223407,2,1.7267585
6835.0,2023-24,25,3.038289,2,1.74357
6835.0,2023-24,26,2.5257406,0,1.8317335
6835.0,2023-24,27,2.405358,1,1.5935053
6835.0,2023-24,28,2.6753948,-1,1.2679634
6835.0,2023-24,29,0.27672654,0,1.1656073
6835.0,2023-24,30,1.6502483,4,1.0744977
6835.0,2023-24,31,2.2049983,1,1.9018974
6835.0,2023-24,32,2.961111,3,1.758206
6835.0,2023-24,33,0.16500604,0,1.2497156
6835.0,2023-24,34,2.206294,1,0.7831814
6835.0,2023-24,35,2.4294095,1,0.8797901
6835.0,2023-24,36,1.928693,1,1.1477252
6835.0,2023-24,37,1.6206319,1,1.1303437
6835.0,2023-24,38,2.17372,0,1.3863524
6854.0,2023-24,6,3.327741,6,1.2135439
6854.0,2023-24,7,2.8770018,-2,1.2863288
6854.0,2023-24,8,3.65418,0,0.69236696
6854.0,2023-24,9,2.9658272,3,1.039835
6854.0,2023-24,10,3.4219687,6,2.565842
6854.0,2023-24,11,4.597034,3,2.5504708
6854.0,2023-24,12,3.003965,8,2.0671744
6854.0,2023-24,13,3.4173498,1,1.9284711
6854.0,2023-24,14,3.248309,0,2.0428166
6854.0,2023-24,15,4.435832,0,1.43735
6854.0,2023-24,16,2.4144347,0,1.1558883
6854.0,2023-24,17,2.85773,0,1.137807
6854.0,2023-24,18,1.707277,0,0.726884
6854.0,2023-24,19,1.6750158,6,0.7350904
6854.0,2023-24,20,1.9983076,7,1.7780129
6854.0,2023-24,21,2.646375,19,0.65901464
6854.0,2023-24,22,6.591998,8,0.4639387
6854.0,2023-24,23,4.05782,2,0.9352341
6854.0,2023-24,24,4.9477906,7,0.6406872
6854.0,2023-24,25,4.4245095,4,0.6151396
6854.0,2023-24,25,4.4245095,4,1.057027
6854.0,2023-24,25,4.8474436,0,0.6151396
6854.0,2023-24,25,4.8474436,0,1.057027
6854.0,2023-24,26,-0.076920494,0,1.0156096
6854.0,2023-24,27,2.999943,0,0.40196466
6854.0,2023-24,28,2.4291792,0,0.15740034
6854.0,2023-24,29,-0.2192729,0,0.53858876
6854.0,2023-24,30,1.8956747,0,0.8845508
6854.0,2023-24,31,2.188355,0,1.1154197
6854.0,2023-24,32,1.2409059,0,0.86634916
6854.0,2023-24,33,0.7009773,1,0.7258905
6854.0,2023-24,34,2.8738415,12,1.6433452
6854.0,2023-24,34,2.8738415,12,1.2769631
6854.0,2023-24,34,1.9074047,0,1.6433452
6854.0,2023-24,34,1.9074047,0,1.2769631
6854.0,2023-24,35,2.3638883,0,1.0189356
6854.0,2023-24,36,1.5530522,0,0.5612653
6854.0,2023-24,37,1.2562047,0,0.21415259
6854.0,2023-24,38,1.5454314,0,0.24373779
6857.0,2023-24,6,3.3639703,1,2.4857051
6857.0,2023-24,7,2.9081976,1,2.7050908
6857.0,2023-24,8,3.6795483,3,2.8196156
6857.0,2023-24,9,4.0043178,1,3.8655362
6857.0,2023-24,10,3.3887303,2,3.4767253
6857.0,2023-24,11,4.4459805,3,2.5207996
6857.0,2023-24,12,3.8451853,5,1.7419157
6857.0,2023-24,13,2.753532,12,2.6863594
6857.0,2023-24,14,4.984896,2,3.18711
6857.0,2023-24,15,3.6421025,1,3.1160762
6857.0,2023-24,16,4.1943345,2,3.6965268
6857.0,2023-24,17,3.7214627,2,2.857505
6857.0,2023-24,18,3.2258089,5,2.1629298
6857.0,2023-24,19,2.3562832,2,3.1371715
6857.0,2023-24,20,4.7183766,7,3.5688035
6857.0,2023-24,21,0.2383169,0,2.9223573
6857.0,2023-24,22,2.9960644,2,2.998048
6857.0,2023-24,23,2.7637236,2,2.2298014
6857.0,2023-24,24,3.951137,4,3.3284638
6857.0,2023-24,25,3.2215211,2,2.2896016
6857.0,2023-24,26,3.6033726,7,2.29751
6857.0,2023-24,27,3.959639,1,2.7155201
6857.0,2023-24,28,3.5725095,2,2.0767672
6857.0,2023-24,29,3.4874725,7,3.050296
6857.0,2023-24,30,4.656361,7,4.41852
6857.0,2023-24,31,6.885894,13,2.981983
6857.0,2023-24,32,3.8215327,1,3.3535817
6857.0,2023-24,33,5.505231,6,2.8724477
6857.0,2023-24,34,4.3173695,2,2.163334
6857.0,2023-24,35,4.047501,2,3.555414
6857.0,2023-24,36,4.5029435,7,3.1592357
6857.0,2023-24,37,5.187875,9,3.5592825
6857.0,2023-24,38,5.031992,2,2.5854557
6963.0,2023-24,6,2.835028,2,1.2666987
6963.0,2023-24,7,2.3351574,1,1.2660418
6963.0,2023-24,8,0.15062265,0,1.4013258
6963.0,2023-24,9,0.5417348,0,1.1267736
6963.0,2023-24,10,-0.084109314,0,0.77846926
6963.0,2023-24,11,1.1573457,1,0.5603919
6963.0,2023-24,12,1.3040113,3,0.71615875
6963.0,2023-24,13,2.0695956,10,1.2564591
6963.0,2023-24,14,2.609958,1,1.1951656
6963.0,2023-24,15,2.920474,3,1.3892798
6963.0,2023-24,16,2.4272535,3,1.6169811
6963.0,2023-24,17,-0.018019872,0,1.612613
6963.0,2023-24,18,-0.01525385,0,1.2478971
6963.0,2023-24,19,2.2549636,8,0.8458986
6963.0,2023-24,20,2.780836,1,1.6788855
6963.0,2023-24,21,2.7471204,2,2.1470406
6963.0,2023-24,22,3.153948,1,1.5382468
6963.0,2023-24,23,2.7177458,5,1.6398447
6963.0,2023-24,24,0.41228423,0,1.6086262
6963.0,2023-24,25,2.5684772,2,1.2551538
6963.0,2023-24,26,2.381137,2,1.835597
6963.0,2023-24,27,3.4901497,7,1.412863
6963.0,2023-24,28,3.176258,2,1.555415
6963.0,2023-24,29,0.026521327,0,1.7356522
6963.0,2023-24,30,3.5439982,3,2.0915458
6963.0,2023-24,31,3.6687422,6,2.7361693
6963.0,2023-24,32,3.363864,6,2.096121
6963.0,2023-24,33,4.393605,7,1.6073935
6963.0,2023-24,34,4.0232806,2,1.8071163
6963.0,2023-24,34,4.0232806,2,2.1244793
6963.0,2023-24,34,3.5239806,3,1.8071163
6963.0,2023-24,34,3.5239806,3,2.1244793
6963.0,2023-24,35,4.808891,7,1.7302449
6963.0,2023-24,36,3.8210118,2,2.9317968
6963.0,2023-24,37,3.1778746,3,2.3041856
6963.0,2023-24,38,2.9400368,1,2.0275078
6986.0,2023-24,6,1.5257024,1,0.47415856
6986.0,2023-24,7,1.2037481,0,0.63860863
6986.0,2023-24,8,1.2679409,0,0.606076
6986.0,2023-24,9,1.3498967,0,0.53041863
6986.0,2023-24,10,1.1469043,0,0.47050545
6986.0,2023-24,11,0.9542449,0,0.52382183
6986.0,2023-24,12,0.79969555,0,0.36212096
6986.0,2023-24,13,0.91696507,0,0.40958798
6986.0,2023-24,14,0.8932859,0,0.39049137
6986.0,2023-24,15,0.5192848,0,0.40517664
6986.0,2023-24,16,0.34241843,0,0.4013139
6986.0,2023-24,17,-0.017932415,0,0.32982695
6986.0,2023-24,18,0.6652004,0,0.4234173
6986.0,2023-24,19,0.4670569,0,0.40168506
6986.0,2023-24,20,0.35889643,0,0.46721417
6986.0,2023-24,21,0.33462167,0,0.48277336
6986.0,2023-24,22,0.53736347,0,0.50775653
6986.0,2023-24,23,0.4040315,0,0.42636502
6986.0,2023-24,24,0.6324815,0,0.39366728
6986.0,2023-24,25,0.33231318,0,0.39932883
6986.0,2023-24,26,0.29232165,0,0.34869626
6986.0,2023-24,27,0.5749237,0,0.36008418
6986.0,2023-24,28,0.7009773,0,0.32889453
6986.0,2023-24,28,0.7009773,0,0.37106812
6986.0,2023-24,28,0.4468291,0,0.32889453
6986.0,2023-24,28,0.4468291,0,0.37106812
6986.0,2023-24,29,-0.017932415,0,0.42849186
6986.0,2023-24,30,0.4468291,0,0.45865077
6986.0,2023-24,31,0.618326,0,0.5866166
6986.0,2023-24,32,0.40946892,0,0.5952715
6986.0,2023-24,33,0.45859838,0,0.55220824
6986.0,2023-24,34,0.39880332,0,0.55936086
6986.0,2023-24,34,0.39880332,0,0.4478925
6986.0,2023-24,34,0.5427973,0,0.55936086
6986.0,2023-24,34,0.5427973,0,0.4478925
6986.0,2023-24,35,0.4780577,0,0.38897893
6986.0,2023-24,36,0.3341694,0,0.3989718
6986.0,2023-24,37,0.3925792,0,0.35684463
6986.0,2023-24,38,0.31365994,0,0.39438373
7069.0,2023-24,11,1.6731365,1,1.3789608
7069.0,2023-24,12,1.0435811,1,1.2740061
7069.0,2023-24,13,1.222828,2,1.302705
7069.0,2023-24,14,1.9737186,2,1.0859566
7069.0,2023-24,15,2.404999,2,1.1291535
7069.0,2023-24,16,2.4003205,2,1.218241
7069.0,2023-24,17,2.4939258,1,1.7240849
7069.0,2023-24,18,-0.058879863,0,1.7330524
7069.0,2023-24,19,1.993434,2,1.3856417
7069.0,2023-24,20,2.420085,1,2.0979414
7069.0,2023-24,21,0.4141449,0,1.9084533
7069.0,2023-24,22,0.22362196,0,1.5589287
7069.0,2023-24,23,-0.0039067,0,1.0998867
7069.0,2023-24,24,0.0027164102,0,0.71611464
7069.0,2023-24,25,1.3486078,1,0.6776285
7069.0,2023-24,25,1.3486078,1,0.83795667
7069.0,2023-24,25,1.062109,1,0.6776285
7069.0,2023-24,25,1.062109,1,0.83795667
7069.0,2023-24,26,0.058340956,0,0.7920048
7069.0,2023-24,27,0.031884465,0,0.837044
7069.0,2023-24,28,0.9187992,1,0.5896646
7069.0,2023-24,29,0.019832687,0,0.7493123
7069.0,2023-24,30,1.097294,1,0.6167797
7069.0,2023-24,31,-0.07112902,0,0.75914216
7069.0,2023-24,32,-0.07112902,0,0.698046
7069.0,2023-24,33,-0.07112902,0,0.5913679
7069.0,2023-24,34,-0.009623594,0,0.5966632
7069.0,2023-24,35,-0.009623594,0,0.55944645
7069.0,2023-24,36,-0.029752953,0,0.39391273
7069.0,2023-24,37,-0.029752953,0,0.39001662
7069.0,2023-24,38,0.5354774,1,0.38546246
7078.0,2023-24,6,2.2505805,11,1.2882998
7078.0,2023-24,7,3.6211798,3,1.6319917
7078.0,2023-24,8,3.7855575,1,1.6093844
7078.0,2023-24,9,3.2769284,7,2.610569
7078.0,2023-24,10,3.3741338,1,2.537392
7078.0,2023-24,11,3.0808015,2,2.1671553
7078.0,2023-24,12,4.303786,2,2.1225443
7078.0,2023-24,13,0.4634099,0,2.2913735
7078.0,2023-24,14,0.46230716,0,1.7684743
7078.0,2023-24,15,0.43940288,0,1.2398976
7078.0,2023-24,16,2.129499,1,1.0761517
7078.0,2023-24,17,2.5037105,3,2.331144
7078.0,2023-24,18,3.5253325,2,2.8208337
7078.0,2023-24,19,3.3283908,2,2.2773597
7078.0,2023-24,20,2.3403015,4,1.7921414
7078.0,2023-24,21,2.0406852,2,1.8460112
7078.0,2023-24,22,2.5057166,2,1.4223764
7078.0,2023-24,23,6.1523085,13,1.2716887
7078.0,2023-24,24,4.3551598,2,1.6454887
7078.0,2023-24,25,5.2494335,2,1.277457
7078.0,2023-24,26,2.0270712,2,1.4864985
7078.0,2023-24,27,3.2103224,3,1.5015804
7078.0,2023-24,28,2.1462483,2,1.658838
7078.0,2023-24,29,0.22115864,0,2.3917515
7078.0,2023-24,30,3.0145411,2,2.412411
7078.0,2023-24,31,3.539782,2,3.0330532
7078.0,2023-24,32,2.7919796,2,2.2853653
7078.0,2023-24,33,3.0252283,3,2.6707742
7078.0,2023-24,34,2.641956,1,1.9508328
7078.0,2023-24,35,2.928248,2,2.3301225
7078.0,2023-24,36,2.795113,8,1.9474844
7078.0,2023-24,37,2.9187598,9,1.9673102
7078.0,2023-24,37,2.9187598,9,1.9262166
7078.0,2023-24,37,4.5550013,2,1.9673102
7078.0,2023-24,37,4.5550013,2,1.9262166
7078.0,2023-24,38,3.8254905,2,1.1968524
7083.0,2023-24,6,3.2662618,2,1.5996642
7083.0,2023-24,7,2.8307326,9,1.5198478
7083.0,2023-24,8,2.2510772,1,1.5171019
7083.0,2023-24,9,3.6069176,3,1.6353108
7083.0,2023-24,10,2.7626593,2,1.8790156
7083.0,2023-24,11,3.860847,2,2.238227
7083.0,2023-24,12,2.4361484,1,2.3729517
7083.0,2023-24,13,2.5277147,2,2.8428385
7083.0,2023-24,14,3.4427266,1,2.3974943
7083.0,2023-24,15,0.12501718,0,2.5337853
7083.0,2023-24,16,3.529573,2,2.2069778
7083.0,2023-24,17,3.2446022,1,2.0504823
7083.0,2023-24,18,0.5944501,0,1.9622307
7083.0,2023-24,19,3.1214209,1,1.9209034
7083.0,2023-24,20,2.4790637,2,1.8198086
7083.0,2023-24,21,-0.013864965,0,1.908026
7083.0,2023-24,22,2.002892,1,1.6646523
7083.0,2023-24,23,1.8230678,2,1.7167099
7083.0,2023-24,24,2.460899,9,1.640634
7083.0,2023-24,25,2.7041123,2,1.9576495
7083.0,2023-24,25,2.7041123,2,1.7109692
7083.0,2023-24,25,1.8025455,2,1.9576495
7083.0,2023-24,25,1.8025455,2,1.7109692
7083.0,2023-24,26,2.6972065,2,1.9666531
7083.0,2023-24,27,2.4429526,2,1.7253507
7083.0,2023-24,28,1.6215456,1,2.1065278
7083.0,2023-24,29,-0.063892506,0,1.9645627
7083.0,2023-24,30,0.3839214,0,1.8437505
7083.0,2023-24,31,0.15783368,0,1.2260301
7083.0,2023-24,32,-0.014645849,0,0.7712037
7083.0,2023-24,33,-0.054251358,0,0.7716286
7083.0,2023-24,34,1.2465124,1,0.7419397
7083.0,2023-24,35,1.4035465,2,1.2968643
7083.0,2023-24,36,1.668787,3,1.4676754
7083.0,2023-24,37,1.8653136,3,1.4096789
7083.0,2023-24,38,1.8714415,2,1.3895686
7166.0,2023-24,6,3.8455207,9,0.7768445
7166.0,2023-24,7,3.8037555,6,0.64788353
7166.0,2023-24,8,3.7600453,10,1.6475699
7166.0,2023-24,9,4.427687,2,1.583188
7166.0,2023-24,10,3.1884756,3,2.1234555
7166.0,2023-24,11,3.3115869,5,1.4427066
7166.0,2023-24,12,3.6180124,2,2.7548492
7166.0,2023-24,13,-0.010748646,0,2.544875
7166.0,2023-24,14,0.3144563,0,2.203803
7166.0,2023-24,15,-0.1078226,0,1.6181998
7166.0,2023-24,16,0.07537509,0,1.0445316
7166.0,2023-24,17,0.059205905,0,0.9841254
7166.0,2023-24,18,0.066713735,0,1.1453791
7166.0,2023-24,19,1.2983234,1,0.9996195
7166.0,2023-24,20,1.6012496,2,1.5270541
7166.0,2023-24,21,1.857096,5,1.8385041
7166.0,2023-24,22,1.8690602,1,1.4837389
7166.0,2023-24,23,2.212865,2,1.0858147
7166.0,2023-24,24,2.4511554,2,0.98363465
7166.0,2023-24,25,2.2732058,2,1.1155376
7166.0,2023-24,25,2.2732058,2,1.3913362
7166.0,2023-24,25,1.8156732,1,1.1155376
7166.0,2023-24,25,1.8156732,1,1.3913362
7166.0,2023-24,26,1.987728,2,1.3469579
7166.0,2023-24,27,2.303309,1,1.4496874
7166.0,2023-24,28,1.5465913,1,1.4279996
7166.0,2023-24,29,2.1124701,2,1.8178661
7166.0,2023-24,30,2.3203695,4,2.032817
7166.0,2023-24,31,3.081874,3,2.0938218
7166.0,2023-24,32,2.7544785,2,1.7801673
7166.0,2023-24,33,3.1940877,3,1.8656476
7166.0,2023-24,34,2.9546027,3,1.7193402
7166.0,2023-24,35,3.1130362,2,1.973489
7166.0,2023-24,36,0.22911194,0,2.0976331
7166.0,2023-24,37,3.0346897,0,1.7740669
7166.0,2023-24,38,2.7174802,1,1.2581892
7198.0,2023-24,6,0.002119615,0,0.7494967
7198.0,2023-24,7,1.1870868,1,0.66791934
7198.0,2023-24,8,1.1269256,1,0.8697483
7198.0,2023-24,9,1.2640866,1,0.9863815
7198.0,2023-24,10,0.0040708194,0,1.1338563
7198.0,2023-24,11,1.3277464,1,0.8922983
7198.0,2023-24,12,0.10885568,0,1.191163
7198.0,2023-24,13,1.4694966,1,1.0280585
7198.0,2023-24,14,1.2770663,1,1.1455839
7198.0,2023-24,15,1.5196942,1,0.9497043
7198.0,2023-24,16,1.6834815,1,0.89421785
7198.0,2023-24,17,2.0738666,1,0.65203106
7198.0,2023-24,18,2.6363134,2,0.57197094
7198.0,2023-24,19,0.0023905432,0,1.1587429
7198.0,2023-24,20,2.1219385,0,1.0237162
7198.0,2023-24,21,1.9749299,2,1.1024032
7198.0,2023-24,22,1.8047829,1,1.7874534
7198.0,2023-24,23,2.6697972,1,1.4541788
7198.0,2023-24,24,0.27976802,0,1.0891929
7198.0,2023-24,25,-0.0026967481,0,0.985551
7198.0,2023-24,26,0.0024560627,0,0.67495835
7198.0,2023-24,27,-0.048142895,0,0.48012555
7198.0,2023-24,28,-0.051793516,0,0.28651994
7198.0,2023-24,29,0.07932927,0,0.4501671
7198.0,2023-24,30,0.041794345,0,0.42899147
7198.0,2023-24,31,0.018187886,0,0.4091596
7198.0,2023-24,32,-0.017932415,0,0.4077499
7198.0,2023-24,33,-0.017932415,0,0.4133559
7198.0,2023-24,34,-0.017932415,0,0.40447846
7198.0,2023-24,35,-0.017932415,0,0.39024746
7198.0,2023-24,36,0.34241843,1,0.38593215
7198.0,2023-24,37,1.8079493,1,1.0371029
7198.0,2023-24,37,1.8079493,1,1.4910513
7198.0,2023-24,37,1.4106343,1,1.0371029
7198.0,2023-24,37,1.4106343,1,1.4910513
7198.0,2023-24,38,1.5467589,1,1.1782298
7230.0,2023-24,11,-0.22201934,0,0.67492026
7230.0,2023-24,12,-0.20640953,0,0.39600965
7230.0,2023-24,13,0.2867815,0,0.80561626
7230.0,2023-24,14,0.06788772,0,0.6504897
7230.0,2023-24,15,0.10823441,0,0.45355096
7230.0,2023-24,16,-0.0040148264,0,0.43925112
7230.0,2023-24,17,1.0784993,1,0.4062084
7230.0,2023-24,18,0.022359997,0,0.6875008
7230.0,2023-24,19,1.2624246,1,0.5788583
7230.0,2023-24,20,0.07057952,0,1.0012435
7230.0,2023-24,21,1.4854537,1,0.75059867
7230.0,2023-24,22,1.8782283,3,0.93676984
7230.0,2023-24,23,0.038778387,0,1.506327
7230.0,2023-24,24,0.038778387,0,1.1300478
7230.0,2023-24,25,2.3072352,1,0.8823612
7230.0,2023-24,26,1.3168908,1,0.92641795
7230.0,2023-24,27,0.18413226,0,1.0815244
7230.0,2023-24,28,0.13781878,0,1.048706
7230.0,2023-24,29,0.0071003744,0,0.7342026
7230.0,2023-24,30,0.013524284,0,0.5302943
7230.0,2023-24,31,1.160459,6,0.4054981
7230.0,2023-24,32,0.07853604,0,1.6237364
7230.0,2023-24,33,2.4787288,1,1.1853743
7230.0,2023-24,34,0.0030139803,0,1.1296291
7230.0,2023-24,35,0.08443264,0,0.8551495
7230.0,2023-24,36,0.08443264,0,0.64350414
7230.0,2023-24,37,-0.014800893,0,0.48863074
7230.0,2023-24,38,1.3428572,1,0.43408915
7236.0,2023-24,10,0.69701624,1,0.4079625
7236.0,2023-24,11,1.0296384,1,0.5437776
7236.0,2023-24,12,-0.0018915765,0,1.0426672
7236.0,2023-24,13,0.019832687,0,0.6713103
7236.0,2023-24,14,0.019832687,0,0.48194587
7236.0,2023-24,15,0.00817386,0,0.4321574
7236.0,2023-24,16,0.83751374,1,0.44090372
7236.0,2023-24,17,1.185083,1,0.89571345
7236.0,2023-24,18,0.014202874,0,1.0974891
7236.0,2023-24,19,1.1567216,13,0.80863875
7236.0,2023-24,20,2.1547685,1,0.6614096
7322.0,2023-24,6,4.739223,13,3.376151
7322.0,2023-24,7,4.529196,9,2.4713597
7322.0,2023-24,8,0.3444844,0,2.5167508
7322.0,2023-24,9,3.621802,5,1.8784902
7322.0,2023-24,10,5.5431976,6,3.25642
7322.0,2023-24,11,5.088566,2,3.4061103
7322.0,2023-24,12,4.922333,5,2.482207
7322.0,2023-24,13,3.812125,8,2.9283354
7322.0,2023-24,14,4.3670263,8,3.59929
7322.0,2023-24,15,5.354708,5,4.524292
7322.0,2023-24,16,4.0615444,2,4.1301394
7322.0,2023-24,17,5.808437,3,3.568095
7322.0,2023-24,18,4.0189557,1,2.4978888
7322.0,2023-24,19,5.1176023,2,2.866502
7322.0,2023-24,20,5.1258984,7,2.662057
7322.0,2023-24,21,5.7306266,3,3.253525
7322.0,2023-24,22,5.8390226,10,2.4629858
7322.0,2023-24,23,5.072833,9,3.982014
7322.0,2023-24,24,3.9043748,15,2.758477
7322.0,2023-24,25,8.888449,15,2.4779499
7322.0,2023-24,26,8.272973,10,3.0055168
7322.0,2023-24,27,7.6088524,7,5.0093775
7322.0,2023-24,28,5.56911,2,6.1717596
7322.0,2023-24,29,0.085291825,0,5.7399435
7322.0,2023-24,30,6.820431,3,3.2958863
7322.0,2023-24,31,0.7762703,0,1.5825402
7322.0,2023-24,32,4.7902236,10,0.7219977
7322.0,2023-24,33,3.3521132,2,3.4441159
7322.0,2023-24,34,4.152649,3,4.838378
7322.0,2023-24,34,4.152649,3,4.864807
7322.0,2023-24,34,5.910688,6,4.838378
7322.0,2023-24,34,5.910688,6,4.864807
7322.0,2023-24,35,3.8133066,12,3.6960313
7322.0,2023-24,36,4.3667445,10,2.814452
7322.0,2023-24,37,4.1992726,2,2.5168629
7338.0,2023-24,15,2.1507397,1,1.0278211
7338.0,2023-24,16,2.290835,1,0.92360085
7338.0,2023-24,17,-0.13960314,0,1.2308086
7338.0,2023-24,18,0.0057392213,0,0.9558685
7338.0,2023-24,19,1.3739895,1,0.75359434
7338.0,2023-24,20,1.6384279,1,1.4926639
7338.0,2023-24,21,2.0944648,1,2.242223
7338.0,2023-24,22,0.304234,0,1.5151116
7338.0,2023-24,23,1.4009464,1,0.9533714
7338.0,2023-24,24,0.23657393,0,0.53792846
7338.0,2023-24,25,0.057566863,0,0.58443356
7338.0,2023-24,26,0.020725202,0,0.4470841
7338.0,2023-24,27,0.0039116107,0,0.2774325
7338.0,2023-24,28,0.07098141,0,0.25066236
7338.0,2023-24,29,0.010285146,0,0.3393494
7338.0,2023-24,30,-0.0016938634,0,0.34963772
7338.0,2023-24,31,-0.0016938634,0,0.37103224
7338.0,2023-24,32,-0.017932415,0,0.38575846
7338.0,2023-24,33,-0.017932415,0,0.39042813
7338.0,2023-24,34,-0.017932415,0,0.39301455
7338.0,2023-24,35,0.32758346,1,0.38849524
7352.0,2023-24,33,0.090110555,0,0.76645935
7352.0,2023-24,34,-0.0017269356,0,0.6644952
7352.0,2023-24,35,-0.0017269356,0,0.53404355
7352.0,2023-24,36,0.018517854,0,0.5050987
7352.0,2023-24,37,0.9970537,1,0.4749071
7365.0,2023-24,6,3.468646,3,1.9970124
7365.0,2023-24,7,4.616362,3,2.5569043
7365.0,2023-24,8,3.9814584,1,2.4373822
7365.0,2023-24,9,3.2538285,2,2.5602458
7365.0,2023-24,10,3.5319276,1,3.08861
7365.0,2023-24,11,2.9347303,0,2.758389
7365.0,2023-24,12,3.1203892,9,2.8580382
7365.0,2023-24,13,2.4932222,2,2.1790042
7365.0,2023-24,14,3.438631,2,3.2714002
7365.0,2023-24,15,3.4979699,2,2.7009406
7365.0,2023-24,16,2.946349,2,2.2869406
7365.0,2023-24,17,3.5491252,14,1.9082255
7365.0,2023-24,18,4.1104407,5,2.784721
7365.0,2023-24,19,2.8554475,1,3.468911
7365.0,2023-24,20,4.6215143,0,2.864291
7365.0,2023-24,21,2.849416,0,1.649936
7365.0,2023-24,22,2.8782737,0,0.95289546
7365.0,2023-24,23,2.1986575,0,0.56840336
7365.0,2023-24,24,1.9296114,0,0.8439382
7365.0,2023-24,25,3.5820618,0,0.84246606
7365.0,2023-24,26,1.2549075,2,0.8543338
7365.0,2023-24,27,1.8390232,2,1.9280252
7365.0,2023-24,28,2.4864678,6,1.6848421
7365.0,2023-24,29,3.2217104,2,1.7203662
7365.0,2023-24,30,3.259088,5,2.0949435
7365.0,2023-24,31,4.2698617,2,1.9689322
7365.0,2023-24,32,5.27776,8,1.5883315
7365.0,2023-24,33,3.063592,1,1.7257341
7365.0,2023-24,34,3.4828165,2,1.8064148
7365.0,2023-24,35,4.7053914,2,2.3832533
7365.0,2023-24,36,3.5411606,1,2.0876484
7365.0,2023-24,37,3.7217119,2,2.76523
7365.0,2023-24,38,2.4984922,2,2.7762835
7420.0,2023-24,6,3.4494722,8,1.3928258
7420.0,2023-24,7,2.3958385,10,2.095276
7420.0,2023-24,8,2.6658764,1,2.216453
7420.0,2023-24,9,2.8660476,1,1.975102
7420.0,2023-24,10,3.1478972,2,1.6321807
7420.0,2023-24,11,1.6417012,3,1.6314992
7420.0,2023-24,12,2.7085128,1,1.5039138
7420.0,2023-24,13,1.8596562,6,1.9562606
7420.0,2023-24,14,2.8505065,3,1.8547213
7420.0,2023-24,15,3.2707903,2,1.9303402
7420.0,2023-24,16,3.642354,2,1.6602168
7420.0,2023-24,17,3.6155283,9,1.6190706
7420.0,2023-24,18,4.2860084,2,1.9042009
7420.0,2023-24,19,5.210834,1,2.2172117
7420.0,2023-24,20,3.1319354,1,2.052161
7420.0,2023-24,21,2.8739617,2,2.3728235
7420.0,2023-24,22,3.5375838,1,1.7173026
7420.0,2023-24,23,5.018586,2,3.6119552
7420.0,2023-24,24,3.5601237,1,1.4352825
7420.0,2023-24,25,3.587854,2,1.3618937
7420.0,2023-24,26,2.1955879,2,1.5782088
7420.0,2023-24,27,2.8074536,1,2.246188
7420.0,2023-24,28,2.3409827,2,1.7785902
7420.0,2023-24,29,-0.12651756,0,1.797426
7420.0,2023-24,30,3.0578132,1,1.3312879
7420.0,2023-24,31,0.053154625,0,2.4154391
7420.0,2023-24,32,-0.07768612,0,1.9921759
7420.0,2023-24,33,-0.046856605,0,1.5719852
7420.0,2023-24,34,0.038364682,0,1.144293
7420.0,2023-24,35,-0.0027482195,0,0.6079943
7420.0,2023-24,36,1.1483438,1,0.4983106
7420.0,2023-24,37,1.169428,0,0.84701455
7420.0,2023-24,37,1.169428,0,1.0501399
7420.0,2023-24,37,2.0056105,1,0.84701455
7420.0,2023-24,37,2.0056105,1,1.0501399
7420.0,2023-24,38,1.7990023,1,1.1327387
7438.0,2023-24,6,2.1719031,7,1.0584689
7438.0,2023-24,7,3.235984,2,2.0941372
7438.0,2023-24,8,3.1511352,8,2.232719
7438.0,2023-24,9,3.4846613,2,2.1611662
7438.0,2023-24,10,3.772489,3,1.9855204
7438.0,2023-24,11,3.999768,2,1.914218
7438.0,2023-24,12,4.5844774,1,1.2339189
7438.0,2023-24,13,3.4231381,2,2.2340317
7438.0,2023-24,14,4.2688093,3,2.733668
7438.0,2023-24,15,0.35804495,0,2.6495578
7438.0,2023-24,16,2.7003784,3,2.119424
7438.0,2023-24,17,1.8486239,2,2.052541
7438.0,2023-24,18,1.7968366,2,3.2586734
7438.0,2023-24,19,2.1375375,2,2.8562129
7438.0,2023-24,20,2.6584854,2,2.0741801
7438.0,2023-24,21,2.7983181,3,1.9682457
7438.0,2023-24,22,2.805826,3,1.9681082
7438.0,2023-24,23,2.8733563,1,2.4546158
7438.0,2023-24,24,2.54929,1,2.0566204
7438.0,2023-24,25,2.7848065,3,1.950911
7438.0,2023-24,26,2.6920536,2,1.7468479
7438.0,2023-24,27,2.7611818,5,2.148177
7438.0,2023-24,28,2.881683,2,2.5179574
7438.0,2023-24,29,0.42437294,0,2.7998426
7438.0,2023-24,30,2.8843176,2,1.8990685
7438.0,2023-24,31,2.1273377,1,1.9700091
7438.0,2023-24,32,2.7984626,3,1.9975905
7438.0,2023-24,33,2.3302877,0,2.0195634
7438.0,2023-24,34,2.1201763,1,1.9602017
7438.0,2023-24,34,2.1201763,1,1.6603858
7438.0,2023-24,34,1.8208582,3,1.9602017
7438.0,2023-24,34,1.8208582,3,1.6603858
7438.0,2023-24,35,1.8724167,3,1.6677169
7438.0,2023-24,36,1.9875396,0,1.9323976
7438.0,2023-24,37,2.7798557,3,1.9050798
7438.0,2023-24,38,1.8286393,2,1.8223419
7439.0,2023-24,6,-0.0038882361,0,1.5396729
7439.0,2023-24,7,2.3336103,0,1.2319018
7439.0,2023-24,8,2.1144278,1,1.2351801
7439.0,2023-24,9,2.073326,2,1.3475165
7439.0,2023-24,10,1.9693283,1,1.4852666
7439.0,2023-24,11,2.1471903,6,1.4026002
7439.0,2023-24,12,2.3142915,1,1.3614385
7439.0,2023-24,13,2.4545567,1,1.6634116
7439.0,2023-24,14,2.521629,1,1.7679487
7439.0,2023-24,15,2.0910335,1,1.5573882
7439.0,2023-24,16,1.709085,1,1.2683688
7439.0,2023-24,17,0.20120825,0,1.4273199
7439.0,2023-24,18,0.10443557,0,1.2450784
7439.0,2023-24,19,0.42177418,0,1.0606413
7439.0,2023-24,20,1.109124,1,0.8132251
7439.0,2023-24,21,2.232286,1,1.6929822
7439.0,2023-24,22,1.8303574,1,2.0236404
7439.0,2023-24,23,0.17230928,0,1.655015
7439.0,2023-24,24,2.001445,1,1.1374984
7439.0,2023-24,25,2.4065185,5,1.259643
7439.0,2023-24,25,2.4065185,5,1.6825587
7439.0,2023-24,25,2.0264323,5,1.259643
7439.0,2023-24,25,2.0264323,5,1.6825587
7439.0,2023-24,26,0.45589322,0,1.7286711
7439.0,2023-24,27,1.9901369,7,1.0599728
7439.0,2023-24,28,2.851992,2,1.2317035
7439.0,2023-24,28,2.851992,2,1.0715017
7439.0,2023-24,28,2.6898956,8,1.2317035
7439.0,2023-24,28,2.6898956,8,1.0715017
7439.0,2023-24,29,4.1902356,2,0.83599627
7439.0,2023-24,30,3.1186001,9,1.2480313
7439.0,2023-24,31,2.7821038,1,1.340214
7439.0,2023-24,32,2.2646894,2,1.9091934
7439.0,2023-24,33,1.7386594,2,1.8964545
7439.0,2023-24,34,2.7976403,2,2.1795366
7439.0,2023-24,35,3.3736432,2,1.6959083
7439.0,2023-24,36,3.4417975,1,2.1036992
7439.0,2023-24,37,3.2065272,2,2.1472785
7439.0,2023-24,38,2.3059812,2,2.4481041
7546.0,2023-24,6,0.0870244,0,1.1918254
7546.0,2023-24,7,-0.14007963,0,0.982498
7546.0,2023-24,8,1.9658388,1,0.7530998
7546.0,2023-24,9,1.9104811,1,0.730496
7546.0,2023-24,10,2.1310778,1,0.8400603
7546.0,2023-24,11,2.1826012,4,1.391392
7546.0,2023-24,12,1.8293179,1,1.0746022
7546.0,2023-24,13,1.7655294,1,1.102712
7546.0,2023-24,14,-0.10223516,0,0.62536323
7546.0,2023-24,15,1.2484626,1,0.29339498
7546.0,2023-24,16,1.6762698,6,0.22259921
7546.0,2023-24,17,2.0493507,1,1.6999545
7546.0,2023-24,18,1.542462,1,1.2330873
7546.0,2023-24,19,1.8963226,3,0.9791001
7546.0,2023-24,20,0.15546983,0,0.7239903
7546.0,2023-24,21,2.2274723,3,0.7454792
7546.0,2023-24,22,2.349698,1,1.5131814
7546.0,2023-24,23,1.5626624,1,1.4641778
7546.0,2023-24,24,3.1322463,10,1.164587
7546.0,2023-24,25,2.5143151,1,0.7895379
7546.0,2023-24,25,2.5143151,1,0.560763
7546.0,2023-24,25,2.7037117,10,0.7895379
7546.0,2023-24,25,2.7037117,10,0.560763
7546.0,2023-24,26,0.617866,0,0.07559149
7546.0,2023-24,27,2.6424284,3,0.35709757
7546.0,2023-24,28,3.844708,2,0.47250694
7546.0,2023-24,29,0.76969355,0,1.7704679
7546.0,2023-24,30,3.996974,1,2.121982
7546.0,2023-24,31,3.7241056,1,1.4233817
7546.0,2023-24,32,3.473305,4,1.6097987
7546.0,2023-24,33,4.003227,1,1.0516005
7546.0,2023-24,34,2.7497554,5,0.59046495
7546.0,2023-24,34,2.7497554,5,0.19566649
7546.0,2023-24,34,3.2177489,1,0.59046495
7546.0,2023-24,34,3.2177489,1,0.19566649
7546.0,2023-24,35,3.2391787,2,0.78623927
7546.0,2023-24,36,3.045039,12,1.461658
7546.0,2023-24,37,4.873222,4,1.4563212
7546.0,2023-24,38,4.706252,6,2.529095
7698.0,2023-24,6,-0.06699796,0,0.38764745
7698.0,2023-24,7,-0.38566115,0,0.52525914
7698.0,2023-24,8,1.3499477,1,0.44808424
7698.0,2023-24,9,1.77036,6,0.6499796
7698.0,2023-24,10,2.5064797,1,0.8860011
7698.0,2023-24,11,1.5832533,1,1.0757614
7698.0,2023-24,12,2.244485,13,1.2853098
7698.0,2023-24,13,2.6114478,3,0.94502854
7698.0,2023-24,14,4.770666,2,1.3767958
7698.0,2023-24,15,4.572999,1,2.0422287
7698.0,2023-24,16,3.0702121,1,2.1866457
7698.0,2023-24,17,3.1560757,1,2.2736604
7698.0,2023-24,18,2.9690309,1,3.3188624
7698.0,2023-24,19,2.8535287,2,1.7498224
7698.0,2023-24,20,4.01441,1,1.3818643
7698.0,2023-24,21,3.2032435,8,1.5337389
7698.0,2023-24,22,6.050899,1,1.3955235
7698.0,2023-24,23,2.3646994,8,1.774062
7698.0,2023-24,24,2.8413353,8,1.5886453
7698.0,2023-24,25,3.0384777,11,1.0060545
7698.0,2023-24,26,4.408005,1,1.4839044
7698.0,2023-24,27,4.472616,1,1.5297277
7698.0,2023-24,28,2.989616,2,1.5644362
7698.0,2023-24,29,0.28235918,0,1.7057476
7698.0,2023-24,30,2.0224254,1,1.7879086
7698.0,2023-24,31,3.64374,3,2.0805602
7698.0,2023-24,32,3.0253692,6,1.8696513
7698.0,2023-24,33,3.9302537,3,1.7214382
7698.0,2023-24,34,4.2171354,7,1.326525
7698.0,2023-24,34,4.2171354,7,2.1582372
7698.0,2023-24,34,5.193877,7,1.326525
7698.0,2023-24,34,5.193877,7,2.1582372
7698.0,2023-24,35,3.1204746,3,2.9769485
7698.0,2023-24,36,3.5650566,8,2.140911
7698.0,2023-24,37,3.5356107,11,1.7616773
7698.0,2023-24,38,5.8039203,2,2.1095605
7709.0,2023-24,15,1.4867505,1,0.8826319
7710.0,2023-24,6,2.398368,2,1.4430912
7710.0,2023-24,7,-0.010228325,0,1.460379
7710.0,2023-24,8,2.0891654,1,1.2113143
7710.0,2023-24,9,2.2226646,2,2.0471635
7710.0,2023-24,10,1.9989128,1,1.7865126
7710.0,2023-24,11,2.083461,10,1.7726395
7710.0,2023-24,12,2.787128,2,1.6214486
7710.0,2023-24,13,2.336553,1,1.9095536
7710.0,2023-24,14,2.8370662,2,1.7602336
7710.0,2023-24,15,2.3092825,0,1.8436933
7710.0,2023-24,16,-0.07443494,0,1.2733536
7710.0,2023-24,17,1.9488871,1,1.1979866
7710.0,2023-24,18,1.4520203,2,1.2312347
7710.0,2023-24,19,2.8200629,0,2.363379
7710.0,2023-24,20,2.0292196,2,1.4232147
7710.0,2023-24,21,2.2241228,1,1.6887724
7710.0,2023-24,22,0.07653243,0,1.4525236
7710.0,2023-24,23,0.079679355,0,1.3555326
7710.0,2023-24,24,1.3805362,1,0.9033073
7710.0,2023-24,25,1.464691,1,0.8847738
7710.0,2023-24,26,1.4355481,2,0.9247032
7710.0,2023-24,27,1.4606403,1,1.3092766
7710.0,2023-24,28,1.6539515,0,1.0896503
7710.0,2023-24,29,0.11417141,0,0.8802446
7710.0,2023-24,30,1.4236722,0,0.76496726
7710.0,2023-24,31,0.025967803,0,0.779336
7710.0,2023-24,32,0.027549492,0,0.6135187
7710.0,2023-24,33,0.026193773,0,0.5310624
7710.0,2023-24,34,1.1768194,1,0.44737306
7710.0,2023-24,34,1.1768194,1,0.78559875
7710.0,2023-24,34,1.322672,1,0.44737306
7710.0,2023-24,34,1.322672,1,0.78559875
7714.0,2023-24,6,-0.066016845,0,0.84797025
7714.0,2023-24,7,-0.033516094,0,0.6701156
7714.0,2023-24,8,-0.10056526,0,0.42972603
7714.0,2023-24,9,1.0808239,1,0.46737552
7714.0,2023-24,10,1.0676526,0,0.7913225
7714.0,2023-24,11,1.6654274,1,1.144261
7714.0,2023-24,12,1.4488987,1,0.9357071
7714.0,2023-24,13,1.658212,1,1.2133374
7714.0,2023-24,14,0.05188751,0,0.8308288
7714.0,2023-24,15,0.15280679,0,0.60649824
7714.0,2023-24,16,0.030635886,0,0.35103735
7714.0,2023-24,17,0.0547534,0,0.6489403
7714.0,2023-24,18,0.040034268,0,0.4996854
7714.0,2023-24,19,0.035712488,0,0.42380178
7714.0,2023-24,20,1.0039606,1,0.42448837
7714.0,2023-24,21,0.053589065,0,0.76364654
7714.0,2023-24,22,0.003929004,0,0.6235359
7714.0,2023-24,23,1.1839862,1,0.51758707
7714.0,2023-24,24,1.4738233,5,1.0067207
7714.0,2023-24,25,1.8361295,2,1.5202105
7714.0,2023-24,26,1.8803052,1,1.5169017
7714.0,2023-24,27,1.7410816,2,1.2771776
7714.0,2023-24,28,1.8075309,2,1.4567872
7714.0,2023-24,29,0.16741303,0,1.6738136
7714.0,2023-24,30,2.1149476,2,1.3018603
7714.0,2023-24,31,1.6816028,1,1.5428231
7714.0,2023-24,32,2.1082578,2,1.4769406
7714.0,2023-24,33,1.7101374,2,1.4346426
7714.0,2023-24,34,2.0326278,1,1.6294723
7714.0,2023-24,34,2.0326278,1,1.6024895
7714.0,2023-24,34,2.3607132,5,1.6294723
7714.0,2023-24,34,2.3607132,5,1.6024895
7714.0,2023-24,35,1.9811802,0,1.8951424
7714.0,2023-24,36,2.27582,2,1.6178874
7714.0,2023-24,37,0.033975594,0,1.589277
7714.0,2023-24,38,1.9284407,1,1.4484872
7723.0,2023-24,6,3.1141517,3,1.6116654
7723.0,2023-24,7,2.6712005,5,2.6544182
7723.0,2023-24,8,3.588546,1,3.2140796
7723.0,2023-24,9,4.136908,5,3.2157738
7723.0,2023-24,10,4.66497,8,2.5667837
7723.0,2023-24,11,3.5022173,2,2.3410666
7723.0,2023-24,12,3.8587136,10,2.2374578
7723.0,2023-24,13,3.0815468,1,2.588847
7723.0,2023-24,14,4.0379634,2,2.1015682
7723.0,2023-24,15,3.6303856,3,2.4051054
7723.0,2023-24,16,3.7748594,9,2.6343102
7723.0,2023-24,17,3.3883662,2,2.778221
7723.0,2023-24,18,4.2680683,2,2.248557
7723.0,2023-24,19,2.8699608,7,2.6137273
7723.0,2023-24,20,3.424947,1,2.6534798
7723.0,2023-24,21,3.211385,3,1.9344661
7723.0,2023-24,22,4.647673,1,3.6600401
7723.0,2023-24,23,4.138615,8,2.5996869
7723.0,2023-24,24,3.9026353,2,2.5075595
7723.0,2023-24,25,5.34341,1,2.0269835
7723.0,2023-24,26,3.7080297,6,3.725106
7723.0,2023-24,27,3.383937,2,3.3073304
7723.0,2023-24,28,3.3829513,-1,3.2710025
7723.0,2023-24,29,0.3844329,0,2.8574069
7723.0,2023-24,30,0.6392705,0,2.6817386
7723.0,2023-24,31,-0.17360826,0,1.9665384
7723.0,2023-24,32,1.8312806,5,0.64800143
7723.0,2023-24,33,2.460777,3,2.3043518
7723.0,2023-24,34,2.9147108,2,2.3923142
7723.0,2023-24,35,2.3584645,5,1.8148575
7723.0,2023-24,36,2.480962,2,1.6873808
7723.0,2023-24,37,2.155075,1,1.8172135
7723.0,2023-24,38,2.523409,1,1.8627534
7752.0,2023-24,6,2.5986311,0,2.0853436
7752.0,2023-24,7,4.1486917,0,1.325746
7752.0,2023-24,8,2.2211087,6,0.69891095
7752.0,2023-24,9,3.0386803,2,0.97885525
7752.0,2023-24,10,4.7799063,3,1.9266425
7752.0,2023-24,11,3.233322,2,2.1218975
7752.0,2023-24,12,5.445785,2,1.9533398
7752.0,2023-24,13,4.0921497,2,1.9042709
7752.0,2023-24,14,3.9061387,3,2.6179469
7752.0,2023-24,15,4.6549034,7,2.2864454
7752.0,2023-24,16,3.2809813,2,2.254156
7752.0,2023-24,17,4.7528014,3,2.544018
7752.0,2023-24,18,3.8581758,2,5.199975
7752.0,2023-24,19,5.257333,2,3.3954828
7752.0,2023-24,20,3.9061115,5,2.3179991
7752.0,2023-24,21,4.3263273,14,2.1854086
7752.0,2023-24,22,3.939913,3,1.4631698
7752.0,2023-24,23,3.9946353,10,1.6683222
7752.0,2023-24,24,5.6461487,3,2.882568
7752.0,2023-24,25,3.7306023,3,3.0177438
7752.0,2023-24,26,3.0069427,6,4.859641
7752.0,2023-24,27,4.7085457,11,5.260972
7752.0,2023-24,28,3.617754,0,4.059783
7752.0,2023-24,29,0.38530275,0,1.9513166
7752.0,2023-24,30,2.6237767,1,1.326702
7752.0,2023-24,31,3.6445873,1,0.8906797
7752.0,2023-24,32,2.4666266,1,1.301188
7752.0,2023-24,33,3.5437827,1,1.640552
7752.0,2023-24,34,2.8080478,1,2.0219798
7752.0,2023-24,34,2.8080478,1,1.9483845
7752.0,2023-24,34,2.7668567,1,2.0219798
7752.0,2023-24,34,2.7668567,1,1.9483845
7752.0,2023-24,35,1.7105463,1,2.952619
7752.0,2023-24,36,2.5202837,1,1.9820132
7752.0,2023-24,37,2.0144358,1,1.718129
7752.0,2023-24,38,2.2096527,2,1.3327484
7762.0,2023-24,10,-0.037302047,0,0.47711423
7762.0,2023-24,11,0.9777794,7,0.400819
7762.0,2023-24,12,1.5298315,2,0.781706
7762.0,2023-24,13,2.4422438,5,1.1264242
7762.0,2023-24,14,1.8899448,2,1.2920997
7762.0,2023-24,15,2.4244277,1,1.4858861
7762.0,2023-24,16,2.273849,1,1.1888387
7762.0,2023-24,17,1.7880923,2,0.99764496
7762.0,2023-24,18,0.04053438,0,1.5383344
7762.0,2023-24,19,2.4282656,6,1.2521297
7762.0,2023-24,20,2.7164588,1,1.1872358
7762.0,2023-24,21,2.180269,1,0.87905574
7762.0,2023-24,22,2.1745234,2,1.4965215
7762.0,2023-24,23,1.835398,1,1.8866842
7762.0,2023-24,24,2.4092379,2,2.0262764
7762.0,2023-24,25,2.687369,1,1.8481858
7762.0,2023-24,26,3.0545123,1,2.2300096
7762.0,2023-24,27,2.4479654,2,1.7759001
7762.0,2023-24,28,2.6922605,1,1.7054203
7762.0,2023-24,29,0.12292778,0,1.1908493
7762.0,2023-24,30,0.19903065,0,0.6401999
7762.0,2023-24,31,0.1217104,0,0.490225
7762.0,2023-24,32,0.040397458,0,0.36935917
7762.0,2023-24,33,0.0075470963,0,0.38253576
7762.0,2023-24,34,0.03779549,0,0.46520656
7762.0,2023-24,35,0.03779549,0,0.45245245
7762.0,2023-24,36,0.78919363,4,0.4348624
7762.0,2023-24,37,2.335724,1,1.1879942
7762.0,2023-24,38,1.3705736,2,1.2520338
7768.0,2023-24,6,-0.0004970664,0,0.8876171
7768.0,2023-24,7,1.0586321,1,0.8296494
7768.0,2023-24,8,1.6845543,2,1.7164321
7768.0,2023-24,9,2.8409288,1,1.5006762
7768.0,2023-24,10,2.0520556,1,1.1800771
7768.0,2023-24,11,2.419661,1,1.0220513
7768.0,2023-24,12,1.8284851,1,0.96717334
7768.0,2023-24,13,0.046371285,0,1.365885
7768.0,2023-24,14,0.10999176,0,1.0953434
7768.0,2023-24,15,0.06749265,0,0.957899
7768.0,2023-24,16,0.024962947,0,0.7189394
7768.0,2023-24,17,0.029171536,0,0.59772956
7768.0,2023-24,18,0.09757415,0,0.4772958
7768.0,2023-24,19,0.024088075,0,0.4767227
7768.0,2023-24,20,-0.0056416728,0,0.46051764
7768.0,2023-24,21,-0.017932415,0,0.4339418
7768.0,2023-24,22,-0.017932415,0,0.42128175
7768.0,2023-24,23,-0.017932415,0,0.41388777
7768.0,2023-24,24,-0.017932415,0,0.40202296
7768.0,2023-24,25,-0.017932415,0,0.39205682
7768.0,2023-24,26,-0.017932415,0,0.38369066
7768.0,2023-24,27,-0.017932415,0,0.38369066
7768.0,2023-24,28,-0.017932415,0,0.38369066
7768.0,2023-24,29,-0.017932415,0,0.38369066
7768.0,2023-24,30,0.44332686,6,0.38369066
7768.0,2023-24,31,1.2553707,1,1.2757804
7768.0,2023-24,32,1.5135767,0,0.7589684
7768.0,2023-24,33,1.670745,1,0.9520867
7768.0,2023-24,34,0.02844476,0,0.9818161
7768.0,2023-24,35,1.5547761,1,0.7201873
7768.0,2023-24,36,1.3117816,2,0.38468525
7927.0,2023-24,11,0.050792035,0,0.9033035
7927.0,2023-24,12,-0.1187122,0,0.9402156
7927.0,2023-24,13,1.1576804,1,0.7096799
7927.0,2023-24,14,1.1112229,1,0.93661845
7927.0,2023-24,15,1.3559022,2,0.9860274
7927.0,2023-24,16,1.8116773,2,1.3742712
7927.0,2023-24,17,1.5685319,2,1.4680142
7927.0,2023-24,18,-0.12470168,0,1.5633696
7927.0,2023-24,19,0.023311254,0,1.279935
7927.0,2023-24,20,-0.0031604127,0,1.0066817
7927.0,2023-24,21,0.021374078,0,0.7645559
7927.0,2023-24,22,-0.019385992,0,0.56672037
7927.0,2023-24,23,-0.008016247,0,0.4978455
7927.0,2023-24,24,0.9913884,1,0.49191457
7927.0,2023-24,25,1.20991,1,0.7411574
7927.0,2023-24,26,0.019832687,0,0.9675461
7927.0,2023-24,27,0.9288109,1,0.63278055
7927.0,2023-24,28,1.1796613,1,0.7606014
7927.0,2023-24,29,0.019832687,0,0.8655678
7927.0,2023-24,30,0.019832687,0,0.7144308
7927.0,2023-24,31,0.019832687,0,0.5794638
7927.0,2023-24,32,0.93405384,1,0.5125891
7927.0,2023-24,33,-0.027587723,0,0.8551092
7927.0,2023-24,34,1.34812,1,0.78338206
7927.0,2023-24,35,1.4233795,1,0.8975171
7927.0,2023-24,36,1.1614661,0,1.0347781
7927.0,2023-24,37,1.2743624,2,1.1548737
7927.0,2023-24,37,1.2743624,2,1.236593
7927.0,2023-24,37,1.7029119,1,1.1548737
7927.0,2023-24,37,1.7029119,1,1.236593
7927.0,2023-24,38,1.7876822,2,1.1844707
7958.0,2023-24,6,3.2601976,1,2.537328
7958.0,2023-24,7,2.2937698,1,2.8198388
7958.0,2023-24,8,2.182364,2,2.093523
7958.0,2023-24,9,2.540598,1,2.23305
7967.0,2023-24,10,2.5707045,1,1.9919951
7967.0,2023-24,11,2.353729,1,3.22663
7967.0,2023-24,12,2.8620467,3,3.8465478
7967.0,2023-24,13,3.110458,1,3.4225695
7967.0,2023-24,14,0.051288202,0,1.897013
7967.0,2023-24,15,0.2939481,0,1.8895423
7967.0,2023-24,16,0.11996405,0,1.2960476
7967.0,2023-24,17,0.04522676,0,0.6808257
7967.0,2023-24,18,0.097800255,0,0.5967883
7967.0,2023-24,19,0.08845731,0,0.64203376
7967.0,2023-24,20,0.08845731,0,0.54693735
7967.0,2023-24,21,0.02889529,0,0.46034002
7967.0,2023-24,22,-0.017932415,0,0.42562515
7967.0,2023-24,23,0.4276508,1,0.4056972
7967.0,2023-24,24,0.89934427,1,0.7549627
7967.0,2023-24,25,1.6321607,4,1.2769046
7967.0,2023-24,26,1.9466848,1,1.1428921
7967.0,2023-24,27,2.4965367,1,0.9604777
7967.0,2023-24,28,2.1960957,0,0.91055214
7967.0,2023-24,29,0.09761331,0,1.1814723
7967.0,2023-24,30,0.10776503,0,0.4430774
7967.0,2023-24,31,0.1684381,0,0.5192685
7967.0,2023-24,32,1.482923,1,0.44568512
7967.0,2023-24,33,2.0137665,1,0.8650265
7967.0,2023-24,34,0.033211406,0,1.7016947
7967.0,2023-24,35,-0.02349693,0,1.3601453
7967.0,2023-24,36,-0.01384551,0,1.013037
7967.0,2023-24,37,0.95293254,1,0.76355916
7967.0,2023-24,38,1.5483195,1,0.90598977
7988.0,2023-24,6,2.4715211,6,1.1933279
7988.0,2023-24,7,2.534331,2,2.2734582
7988.0,2023-24,8,0.07427953,0,3.0204422
7988.0,2023-24,9,2.6213362,1,2.8147547
7988.0,2023-24,10,3.4096906,1,2.3212686
7988.0,2023-24,11,2.8264208,1,1.5092807
7988.0,2023-24,12,4.2524114,3,1.6280804
7988.0,2023-24,13,2.3201668,2,1.5694453
7988.0,2023-24,14,2.0748851,2,1.4784541
7988.0,2023-24,15,2.0063276,1,1.8062437
7988.0,2023-24,16,2.712916,1,2.0817866
7988.0,2023-24,17,2.5043714,1,1.8183045
7988.0,2023-24,18,2.5700736,2,1.5299464
7988.0,2023-24,19,2.224982,2,1.5529242
7988.0,2023-24,20,2.2387938,3,1.5105766
7988.0,2023-24,21,2.4714987,3,1.9909682
7988.0,2023-24,22,2.5705645,2,1.9121468
7988.0,2023-24,23,2.4859655,2,1.8700734
7988.0,2023-24,24,1.8811431,2,1.6640551
7988.0,2023-24,25,2.1161194,2,1.8558195
7988.0,2023-24,26,2.9061005,-1,2.0630167
7988.0,2023-24,27,0.08585877,0,1.6787049
7988.0,2023-24,28,0.076627836,0,1.539118
7988.0,2023-24,29,0.021960951,0,1.0792707
7988.0,2023-24,30,-0.08468547,0,0.7866237
7988.0,2023-24,31,0.047900777,0,0.65492576
7988.0,2023-24,32,0.036115926,0,0.6245209
7988.0,2023-24,33,0.030800361,0,0.5600425
7988.0,2023-24,34,0.012842218,0,0.50426674
7988.0,2023-24,35,0.43375605,1,0.470873
7988.0,2023-24,36,1.524026,3,2.128386
7988.0,2023-24,37,1.8544878,1,2.0441456
7988.0,2023-24,37,1.8544878,1,1.783988
7988.0,2023-24,37,2.1554341,2,2.0441456
7988.0,2023-24,37,2.1554341,2,1.783988
7988.0,2023-24,38,2.1940818,0,1.7205031
8040.0,2023-24,6,1.955579,2,1.6801337
8040.0,2023-24,7,2.1094403,2,1.5398293
8040.0,2023-24,7,2.1094403,2,1.6991159
8040.0,2023-24,7,1.9521089,1,1.5398293
8040.0,2023-24,7,1.9521089,1,1.6991159
8040.0,2023-24,8,1.7287296,2,1.5335714
8040.0,2023-24,9,1.9005731,2,1.7008731
8040.0,2023-24,10,1.5861335,2,1.6975881
8040.0,2023-24,11,1.9610189,1,1.7107568
8040.0,2023-24,12,1.8912443,2,1.6314247
8040.0,2023-24,13,0.059444293,0,1.8293152
8040.0,2023-24,14,0.34189665,0,1.5244424
8040.0,2023-24,15,0.045616437,0,1.1314656
8040.0,2023-24,16,0.99487734,1,0.7323937
8066.0,2023-24,6,4.3378625,1,1.7467915
8066.0,2023-24,7,5.204611,1,1.630895
8066.0,2023-24,8,0.15563975,0,1.3212874
8066.0,2023-24,9,1.966755,1,1.383665
8066.0,2023-24,10,0.18003458,0,2.1293738
8066.0,2023-24,11,0.11251186,0,1.4195223
8066.0,2023-24,12,0.24820527,0,1.0458488
8066.0,2023-24,13,1.1383795,1,0.7971457
8066.0,2023-24,14,-0.031776935,0,1.3704727
8066.0,2023-24,15,-0.019027453,0,1.10903
8066.0,2023-24,16,-0.034755543,0,0.77551484
8066.0,2023-24,17,-0.010424581,0,0.58678687
8066.0,2023-24,18,0.75707173,1,0.45795256
8066.0,2023-24,19,2.56787,1,1.0842662
8066.0,2023-24,20,2.6433194,1,0.9734803
8066.0,2023-24,21,2.625886,3,0.6603214
8066.0,2023-24,22,2.1684136,3,0.69176894
8119.0,2023-24,9,1.3203748,1,1.2277443
8119.0,2023-24,10,1.9333644,1,1.4931471
8119.0,2023-24,11,2.3858666,1,1.2699779
8119.0,2023-24,12,0.079701066,0,1.0880942
8119.0,2023-24,13,-0.012283516,0,0.9043077
8119.0,2023-24,14,1.2662938,2,0.71751314
8119.0,2023-24,15,1.7482296,1,1.398004
8119.0,2023-24,16,1.6427889,1,1.1537855
8119.0,2023-24,17,0.07815723,0,1.0058007
8119.0,2023-24,18,0.08553762,0,0.9129947
8119.0,2023-24,19,0.095826186,0,0.81589276
8119.0,2023-24,20,1.2154382,1,0.67202
8119.0,2023-24,21,0.007662189,0,0.839175
8119.0,2023-24,22,-0.007410704,0,0.7903187
8119.0,2023-24,23,-0.067797616,0,0.6282348
8119.0,2023-24,24,0.006671006,0,0.49832863
8119.0,2023-24,25,0.7260218,1,0.39958572
8119.0,2023-24,26,0.02268598,0,0.4562629
8119.0,2023-24,27,1.0170016,1,0.59538364
8119.0,2023-24,28,0.043638594,0,0.59990627
8119.0,2023-24,29,0.021858795,0,0.4630289
8119.0,2023-24,30,1.2543788,1,0.40681654
8119.0,2023-24,31,1.1204071,1,0.77274895
8119.0,2023-24,32,0.96236163,0,0.74002004
8119.0,2023-24,33,1.3829577,1,0.7419437
8119.0,2023-24,34,1.1770681,2,0.7660297
8119.0,2023-24,34,1.1770681,2,1.2789705
8119.0,2023-24,34,1.9709659,1,0.7660297
8119.0,2023-24,34,1.9709659,1,1.2789705
8119.0,2023-24,35,1.9179796,2,1.2951603
8119.0,2023-24,36,1.5916425,1,1.5872964
8119.0,2023-24,37,1.9224591,0,1.5052116
8119.0,2023-24,38,1.6770617,1,1.3125466
8127.0,2023-24,6,0.5064736,0,0.40065396
8127.0,2023-24,7,0.43281728,0,0.39379382
8127.0,2023-24,8,0.3085027,0,0.3643755
8127.0,2023-24,9,0.31726602,0,0.39636803
8127.0,2023-24,10,0.41299677,0,0.40563762
8127.0,2023-24,11,0.5154287,0,0.42991853
8127.0,2023-24,12,0.44358632,0,0.38141632
8127.0,2023-24,13,0.44050232,0,0.40805426
8127.0,2023-24,14,0.25907254,0,0.42104113
8127.0,2023-24,15,0.32539576,0,0.3063694
8127.0,2023-24,16,0.36840335,0,0.33240604
8127.0,2023-24,17,0.29815117,0,0.33946955
8127.0,2023-24,18,0.43941975,0,0.35398594
8127.0,2023-24,19,0.5038837,0,0.32517087
8127.0,2023-24,20,0.52114,1,0.3040982
8127.0,2023-24,21,1.6396914,0,0.9684793
8127.0,2023-24,22,2.0407457,0,0.9770115
8127.0,2023-24,23,1.9276692,0,0.7270753
8127.0,2023-24,24,1.2280346,0,0.594941
8127.0,2023-24,25,1.272548,0,0.50571465
8127.0,2023-24,26,1.1235534,1,0.2923471
8127.0,2023-24,27,1.2355318,0,0.5428519
8127.0,2023-24,28,1.6348708,0,0.5515858
8127.0,2023-24,29,-0.023944424,0,0.5911326
8127.0,2023-24,30,0.9458429,0,0.57516706
8127.0,2023-24,31,0.8094421,0,0.5846706
8127.0,2023-24,32,0.7668315,0,0.47537842
8127.0,2023-24,33,0.90680534,1,0.44585365
8127.0,2023-24,34,1.9519945,1,0.70890206
8127.0,2023-24,35,1.8437659,1,1.162605
8127.0,2023-24,36,2.2831144,1,1.58372
8127.0,2023-24,37,1.6498518,2,1.1451662
8127.0,2023-24,37,1.6498518,2,0.9921148
8127.0,2023-24,37,2.212668,12,1.1451662
8127.0,2023-24,37,2.212668,12,0.9921148
8127.0,2023-24,38,3.160425,3,0.748225
8150.0,2023-24,6,3.0400646,12,1.6199334
8150.0,2023-24,7,3.884384,5,3.1866252
8150.0,2023-24,8,-0.35165417,0,2.1375859
8150.0,2023-24,9,2.5423129,8,2.3974557
8150.0,2023-24,10,5.1162605,2,2.9855838
8150.0,2023-24,11,3.3937557,7,2.8382757
8150.0,2023-24,12,6.5028257,2,1.5083859
8150.0,2023-24,13,3.530683,13,2.1064143
8150.0,2023-24,14,4.545415,10,2.523627
8150.0,2023-24,15,3.490574,2,2.3347752
8150.0,2023-24,16,3.7642894,2,1.6110003
8150.0,2023-24,17,5.1212406,6,1.9390119
8150.0,2023-24,18,5.38476,2,2.7391098
8150.0,2023-24,19,5.1455917,1,4.1894245
8150.0,2023-24,20,3.5681133,5,3.0804079
8150.0,2023-24,21,3.9042017,7,2.7081707
8150.0,2023-24,22,2.8549585,1,2.5152292
8150.0,2023-24,23,5.8882546,4,2.5154216
8150.0,2023-24,24,4.7566013,2,2.005435
8150.0,2023-24,25,4.4917655,8,2.38213
8150.0,2023-24,26,3.6996017,2,1.9592657
8150.0,2023-24,27,4.405995,8,1.9384665
8150.0,2023-24,28,4.0582724,1,2.0032625
8150.0,2023-24,29,0.28260338,0,2.829188
8150.0,2023-24,30,3.4142418,8,2.4706752
8150.0,2023-24,31,0.45853,0,3.7391877
8150.0,2023-24,32,3.8420234,3,2.5273197
8150.0,2023-24,33,4.1851063,17,2.7761223
8150.0,2023-24,34,4.169023,1,2.066104
8150.0,2023-24,35,4.6268234,10,3.213963
8150.0,2023-24,36,3.5253294,6,2.7339928
8150.0,2023-24,37,5.8033266,2,3.2761157
8150.0,2023-24,37,5.8033266,2,3.1193302
8150.0,2023-24,37,5.052792,6,3.2761157
8150.0,2023-24,37,5.052792,6,3.1193302
8191.0,2023-24,28,0.020486137,0,0.70798343
8191.0,2023-24,29,0.02613132,0,0.53208566
8191.0,2023-24,30,1.2193173,1,0.4939278
8191.0,2023-24,31,2.1354702,1,1.0825336
8191.0,2023-24,32,1.4129671,1,1.1598556
8191.0,2023-24,33,1.7748346,5,0.9877424
8191.0,2023-24,34,2.2768884,1,1.1085835
8191.0,2023-24,35,1.8566278,1,1.135809
8252.0,2023-24,11,2.6292243,3,1.4909337
8252.0,2023-24,12,2.62922,1,1.4009986
8252.0,2023-24,13,1.8381429,2,1.5952384
8252.0,2023-24,14,0.010312809,0,1.7593734
8252.0,2023-24,15,2.9816158,1,1.8075966
8252.0,2023-24,16,0.071832724,0,1.456348
8252.0,2023-24,17,-0.053210907,0,1.1134434
8252.0,2023-24,18,-0.030873325,0,0.78520286
8252.0,2023-24,19,1.1688757,1,0.67319024
8252.0,2023-24,20,1.3806875,9,0.98211783
8252.0,2023-24,21,2.230348,2,1.1011038
8252.0,2023-24,22,2.0664253,3,1.1054604
8252.0,2023-24,23,2.492932,2,1.3766072
8252.0,2023-24,24,2.4677923,6,1.5355656
8252.0,2023-24,25,2.2975495,5,1.598279
8252.0,2023-24,26,2.8666453,2,1.6108227
8252.0,2023-24,27,3.1753697,3,1.7466935
8252.0,2023-24,28,3.4273694,1,1.7214787
8252.0,2023-24,29,2.8695347,1,2.1289864
8252.0,2023-24,30,0.044583578,0,1.8659368
8252.0,2023-24,31,2.2734401,1,1.3768657
8252.0,2023-24,32,1.723659,1,1.3839315
8252.0,2023-24,33,2.112303,1,1.8075686
8252.0,2023-24,34,1.8435218,2,1.5365949
8252.0,2023-24,35,0.12344986,0,1.7124991
8252.0,2023-24,36,1.9780537,1,1.37853
8252.0,2023-24,37,1.7908343,0,1.3036203
8285.0,2023-24,6,1.9604217,1,1.1442212
8285.0,2023-24,7,1.5748562,2,1.0892277
8285.0,2023-24,7,1.5748562,2,1.3407199
8285.0,2023-24,7,2.3755617,7,1.0892277
8285.0,2023-24,7,2.3755617,7,1.3407199
8285.0,2023-24,8,2.3202906,2,1.6155522
8285.0,2023-24,9,2.5421276,1,1.6597078
8285.0,2023-24,10,2.4309382,1,1.6706225
8285.0,2023-24,11,2.2670953,2,1.4669579
8285.0,2023-24,12,1.9081744,2,1.3836017
8285.0,2023-24,13,2.2641094,2,1.7232137
8285.0,2023-24,14,3.1188302,3,1.5907907
8285.0,2023-24,15,2.983575,1,1.6423296
8285.0,2023-24,16,2.0317798,2,2.0001347
8285.0,2023-24,17,1.9690807,2,1.8720903
8285.0,2023-24,18,2.2786849,9,1.7133894
8285.0,2023-24,19,2.4170642,1,1.936597
8285.0,2023-24,20,2.616917,-2,1.9452316
8285.0,2023-24,21,-0.19231497,0,1.7868233
8285.0,2023-24,22,1.6670017,2,1.321393
8285.0,2023-24,23,2.1722481,1,1.5237944
8285.0,2023-24,24,1.549804,2,1.6272633
8285.0,2023-24,25,2.1781907,2,1.7569374
8285.0,2023-24,26,2.0023324,2,1.6429651
8285.0,2023-24,27,1.8617578,2,1.9505589
8285.0,2023-24,28,1.5602638,1,1.8332934
8285.0,2023-24,29,2.2743611,2,2.1882105
8285.0,2023-24,30,2.7880635,2,1.9448725
8285.0,2023-24,31,3.1591578,2,1.8170466
8285.0,2023-24,32,2.6573913,1,1.6382482
8285.0,2023-24,33,2.0512862,2,1.737073
8285.0,2023-24,34,3.0244362,2,1.6727537
8285.0,2023-24,35,3.0262258,2,2.0576472
8285.0,2023-24,36,3.1178882,2,2.0601902
8285.0,2023-24,37,1.6838946,4,1.9825959
8285.0,2023-24,38,2.3330774,2,2.0000803
8288.0,2023-24,6,1.9567254,2,1.8615568
8288.0,2023-24,7,3.5182378,8,2.5510194
8288.0,2023-24,8,3.2508337,8,2.0246935
8288.0,2023-24,9,2.712529,2,1.3618007
8288.0,2023-24,10,4.1070733,1,0.9531605
8288.0,2023-24,11,2.9705865,1,1.12486
8288.0,2023-24,12,3.0922337,7,1.3148751
8288.0,2023-24,13,3.1903908,8,1.3797874
8288.0,2023-24,14,3.5790854,2,1.7186449
8288.0,2023-24,15,3.2638085,2,1.4530928
8288.0,2023-24,16,2.7477145,2,1.911715
8288.0,2023-24,17,2.3066838,3,1.804311
8288.0,2023-24,18,2.30861,3,2.066318
8288.0,2023-24,19,1.8886749,9,2.443071
8288.0,2023-24,20,3.3366914,3,1.9848658
8288.0,2023-24,21,2.5637789,2,1.757823
8288.0,2023-24,22,2.4047146,2,1.8713082
8288.0,2023-24,23,1.9951833,1,1.9026937
8288.0,2023-24,24,1.5737743,2,2.017137
8288.0,2023-24,25,2.6890614,1,2.1533253
8288.0,2023-24,26,2.7771633,2,2.1291785
8288.0,2023-24,27,2.8719249,7,1.5461372
8288.0,2023-24,28,2.8415856,1,1.2237949
8288.0,2023-24,29,3.140418,2,0.99753666
8288.0,2023-24,30,2.2257032,1,1.1116455
8288.0,2023-24,31,2.0622194,2,1.3344028
8288.0,2023-24,32,3.9296372,1,1.4786928
8288.0,2023-24,33,2.73137,1,1.8212454
8288.0,2023-24,34,2.4384148,3,1.7556431
8288.0,2023-24,35,2.733039,2,2.156686
8288.0,2023-24,36,2.5731175,2,1.9219184
8288.0,2023-24,37,3.1672513,10,1.9402597
8288.0,2023-24,38,2.0548124,2,1.6476898
8323.0,2023-24,6,2.3179278,2,1.677131
8323.0,2023-24,7,1.8618886,2,1.3831077
8323.0,2023-24,7,1.8618886,2,1.5261359
8323.0,2023-24,7,2.643631,2,1.3831077
8323.0,2023-24,7,2.643631,2,1.5261359
8323.0,2023-24,8,3.2719755,2,1.6691527
8323.0,2023-24,9,3.1030552,1,1.7095463
8323.0,2023-24,10,3.522154,2,1.4067843
8323.0,2023-24,11,3.0639217,2,1.4943177
8323.0,2023-24,12,2.3915968,7,1.6722152
8323.0,2023-24,13,2.7391875,2,1.7300496
8323.0,2023-24,14,3.0164285,8,1.9145136
8323.0,2023-24,15,2.5579052,1,1.9027871
8323.0,2023-24,16,2.1922581,2,1.8916054
8323.0,2023-24,17,2.302167,2,1.90289
8323.0,2023-24,18,2.918113,3,1.8119236
8323.0,2023-24,19,2.6008193,2,1.8787267
8323.0,2023-24,20,2.3165677,2,1.8471297
8323.0,2023-24,21,3.291298,2,1.843943
8323.0,2023-24,22,2.1713703,2,1.6817865
8323.0,2023-24,23,2.6040623,2,2.140572
8323.0,2023-24,24,2.5928602,4,2.0170398
8323.0,2023-24,25,3.9339643,2,1.9703996
8323.0,2023-24,26,3.104317,-2,1.6333505
8323.0,2023-24,27,-0.1257313,0,1.4488128
8323.0,2023-24,28,1.9627995,1,1.2205911
8323.0,2023-24,29,2.9704986,1,1.8207284
8323.0,2023-24,30,2.734024,4,1.3516201
8323.0,2023-24,31,0.6915979,0,1.3885792
8323.0,2023-24,32,2.1859093,1,1.1484308
8323.0,2023-24,33,2.2773159,8,1.3867445
8323.0,2023-24,34,2.293671,1,0.88940436
8323.0,2023-24,35,0.02658669,0,0.78839606
8323.0,2023-24,36,2.316926,1,0.79062605
8323.0,2023-24,37,0.20894164,0,1.3591456
8323.0,2023-24,38,2.2302022,1,0.99878335
8327.0,2023-24,6,4.185357,13,1.6779525
8327.0,2023-24,7,3.4575508,3,2.1424885
8327.0,2023-24,8,3.1296353,1,2.0301762
8327.0,2023-24,9,2.5009708,3,2.7222931
8327.0,2023-24,10,3.854236,2,2.3066504
8327.0,2023-24,11,3.0708265,2,3.5002682
8327.0,2023-24,12,0.060225032,0,2.5081584
8327.0,2023-24,13,2.9844916,2,2.4384358
8327.0,2023-24,14,3.1246011,3,1.8490843
8327.0,2023-24,15,3.1700244,2,2.6668828
8327.0,2023-24,16,3.7909956,2,2.7676325
8327.0,2023-24,17,3.4996946,7,2.1687403
8327.0,2023-24,18,4.76802,2,2.589916
8327.0,2023-24,19,4.112697,1,2.4959238
8327.0,2023-24,20,2.1318936,1,1.9911594
8327.0,2023-24,21,2.9970477,4,1.8090136
8327.0,2023-24,22,4.337953,2,1.4702289
8327.0,2023-24,23,4.7295437,5,2.51985
8327.0,2023-24,24,3.409868,15,2.7661064
8327.0,2023-24,25,4.023075,2,2.7980883
8327.0,2023-24,26,3.2483454,2,1.8678259
8327.0,2023-24,27,4.789693,6,2.4388397
8327.0,2023-24,28,3.5715177,5,2.4025798
8327.0,2023-24,29,0.36481524,0,2.9288402
8327.0,2023-24,30,3.5194154,2,2.3258908
8327.0,2023-24,31,4.239721,2,2.6453984
8327.0,2023-24,32,4.22067,11,2.5713103
8327.0,2023-24,33,4.273073,6,2.2918947
8327.0,2023-24,34,2.804547,2,2.1466134
8327.0,2023-24,35,3.6867964,8,2.6150792
8327.0,2023-24,36,5.2278666,9,2.6349347
8327.0,2023-24,37,3.9453583,2,2.2395391
8327.0,2023-24,37,3.9453583,2,1.7983992
8327.0,2023-24,37,4.454151,2,2.2395391
8327.0,2023-24,37,4.454151,2,1.7983992
8327.0,2023-24,38,3.4812841,16,2.4693027
8379.0,2023-24,6,1.9374783,6,1.3725321
8379.0,2023-24,7,2.5165765,1,2.3542173
8379.0,2023-24,8,2.6623347,2,1.9517466
8379.0,2023-24,9,2.259575,3,1.9302132
8379.0,2023-24,10,2.3973413,2,1.8775663
8379.0,2023-24,11,2.915017,1,2.043036
8379.0,2023-24,12,-0.28232738,0,2.0574474
8379.0,2023-24,13,2.0385878,2,1.5746002
8379.0,2023-24,14,2.5646145,9,1.522007
8379.0,2023-24,15,2.4754972,1,1.3663622
8379.0,2023-24,16,-0.00023582019,0,1.429342
8379.0,2023-24,17,-0.16218174,0,1.1374662
8379.0,2023-24,18,0.0005484093,0,0.92604244
8379.0,2023-24,19,0.017171836,0,0.69645876
8379.0,2023-24,20,1.6048689,1,0.7327472
8379.0,2023-24,21,1.8713876,3,1.3270022
8379.0,2023-24,22,2.0797534,2,1.9464782
8379.0,2023-24,23,2.619673,2,1.7887237
8379.0,2023-24,24,3.2175038,2,1.6199735
8379.0,2023-24,25,2.9581397,8,1.6571344
8379.0,2023-24,25,2.9581397,8,1.7904274
8379.0,2023-24,25,2.9797266,9,1.6571344
8379.0,2023-24,25,2.9797266,9,1.7904274
8379.0,2023-24,26,0.019649178,0,2.1796656
8379.0,2023-24,27,2.3905404,6,2.2383401
8379.0,2023-24,28,4.334424,10,3.55033
8379.0,2023-24,29,-0.27105767,0,2.8664522
8379.0,2023-24,30,3.6773138,4,1.541837
8379.0,2023-24,31,4.9619036,10,1.7265315
8379.0,2023-24,32,3.661748,2,1.8202151
8379.0,2023-24,33,5.9731035,2,1.8620175
8379.0,2023-24,34,4.134238,1,2.2262104
8379.0,2023-24,34,4.134238,1,3.1138341
8379.0,2023-24,34,3.4821246,2,2.2262104
8379.0,2023-24,34,3.4821246,2,3.1138341
8379.0,2023-24,35,3.1158867,1,2.2044358
8379.0,2023-24,36,3.8931448,2,3.5497558
8379.0,2023-24,37,4.1030574,2,2.8971052
8379.0,2023-24,38,3.7515395,9,3.0156806
8496.0,2023-24,10,1.5942137,1,1.010087
8496.0,2023-24,11,1.8481488,2,1.133652
8496.0,2023-24,12,1.8198241,1,1.441937
8496.0,2023-24,13,2.2082355,1,1.6977634
8496.0,2023-24,14,1.5396874,2,1.0636622
8496.0,2023-24,15,0.10677942,0,1.2464788
8496.0,2023-24,16,0.11851135,0,1.1598271
8496.0,2023-24,17,2.01628,1,0.9616466
8496.0,2023-24,18,1.3408109,1,0.86637425
8496.0,2023-24,19,1.7581514,1,1.2568148
8496.0,2023-24,20,1.8546101,2,1.254943
8496.0,2023-24,21,2.0603933,3,1.5756085
8496.0,2023-24,22,2.4322305,2,1.6374865
8496.0,2023-24,23,1.9442227,1,1.5724586
8496.0,2023-24,24,1.8755515,1,1.4936172
8496.0,2023-24,25,-0.0015695519,0,1.3875186
8496.0,2023-24,26,1.9164002,1,1.2512555
8496.0,2023-24,27,1.7019322,2,1.2046568
8496.0,2023-24,28,2.0539942,2,1.7692357
8496.0,2023-24,29,0.09641962,0,1.6403108
8496.0,2023-24,30,1.975242,2,1.3374767
8496.0,2023-24,31,0.1336425,0,1.5343156
8496.0,2023-24,32,1.6229591,2,1.2129204
8496.0,2023-24,33,2.0713,2,1.9054916
8496.0,2023-24,34,1.9418962,2,1.7300014
8496.0,2023-24,34,1.9418962,2,1.6565653
8496.0,2023-24,34,2.2957196,1,1.7300014
8496.0,2023-24,34,2.2957196,1,1.6565653
8496.0,2023-24,35,-0.03479127,0,1.4776621
8496.0,2023-24,36,-0.0670862,0,1.238021
8496.0,2023-24,37,1.5514779,1,0.98575926
8496.0,2023-24,38,1.2072957,1,1.1125792
8497.0,2023-24,6,1.8259403,1,1.6724305
8497.0,2023-24,7,2.693661,5,1.4417429
8497.0,2023-24,8,2.391741,12,0.8386627
8497.0,2023-24,9,3.4777496,6,0.8213876
8497.0,2023-24,10,3.507579,2,2.26408
8497.0,2023-24,11,3.4222383,12,1.4224463
8497.0,2023-24,12,3.6473746,6,0.76206404
8497.0,2023-24,13,4.139929,2,1.1857141
8497.0,2023-24,14,3.9038901,1,1.5361855
8497.0,2023-24,15,3.7124774,8,1.8497491
8497.0,2023-24,16,4.240505,1,2.001768
8497.0,2023-24,17,3.800145,14,2.8585813
8497.0,2023-24,18,3.7657778,1,4.9464455
8497.0,2023-24,19,0.40134078,0,2.9436536
8497.0,2023-24,20,4.490655,18,4.1517787
8497.0,2023-24,21,4.202215,10,2.8403158
8497.0,2023-24,22,2.2562547,2,1.9961363
8497.0,2023-24,23,4.138779,8,4.232662
8497.0,2023-24,24,4.4009256,10,5.6919136
8497.0,2023-24,25,2.922682,2,3.9137216
8497.0,2023-24,26,1.1397561,0,3.128156
8497.0,2023-24,27,4.858835,5,2.487469
8497.0,2023-24,28,4.870254,13,3.929351
8497.0,2023-24,29,-0.012882166,0,2.4457417
8497.0,2023-24,30,4.0185895,15,2.1104453
8497.0,2023-24,31,5.458203,20,1.7432973
8497.0,2023-24,32,6.5434365,5,1.4876198
8497.0,2023-24,33,6.130462,26,1.6853185
8497.0,2023-24,34,-0.09872113,0,2.006578
8497.0,2023-24,35,7.5424633,2,0.78466964
8497.0,2023-24,35,7.5424633,2,1.5066478
8497.0,2023-24,35,6.2748575,6,0.78466964
8497.0,2023-24,35,6.2748575,6,1.5066478
8497.0,2023-24,36,8.419606,8,4.3943157
8497.0,2023-24,37,6.991997,6,5.5581894
8497.0,2023-24,37,6.991997,6,4.064184
8497.0,2023-24,37,5.7070026,8,5.5581894
8497.0,2023-24,37,5.7070026,8,4.064184
8497.0,2023-24,38,6.879393,6,5.405957
8666.0,2023-24,6,2.7288237,2,1.9938854
8666.0,2023-24,7,2.5742443,3,1.5845336
8666.0,2023-24,8,2.1067138,0,1.7387154
8666.0,2023-24,9,1.611249,2,1.3398855
8666.0,2023-24,10,2.0416925,2,1.7279296
8666.0,2023-24,11,2.2553487,1,1.8739239
8666.0,2023-24,12,2.1724741,0,1.7719563
8666.0,2023-24,13,1.8819767,1,1.1987262
8666.0,2023-24,14,2.0228758,0,1.5657792
8666.0,2023-24,15,1.8071281,0,1.1420546
8666.0,2023-24,16,1.6620051,0,0.9005636
8666.0,2023-24,17,1.263537,0,0.7652353
8666.0,2023-24,18,1.2762407,0,0.69571805
8666.0,2023-24,19,0.86297137,0,0.52063966
8666.0,2023-24,20,1.0219824,0,0.39818743
8666.0,2023-24,21,0.8296283,0,0.36852032
8666.0,2023-24,22,0.4579887,0,0.38198736
8666.0,2023-24,23,0.39456052,0,0.3400594
8666.0,2023-24,24,0.3925792,0,0.37377715
8666.0,2023-24,25,0.37445876,0,0.37208652
8666.0,2023-24,26,0.46373096,0,0.39284056
8666.0,2023-24,27,0.3957647,0,0.39122087
8666.0,2023-24,28,0.4887037,0,0.38760245
8666.0,2023-24,29,-0.017932415,0,0.3875351
8666.0,2023-24,30,0.50835973,0,0.4542269
8666.0,2023-24,31,0.48676705,0,0.43849483
8666.0,2023-24,32,0.2859574,0,0.4379434
8666.0,2023-24,33,0.3523571,0,0.42196977
8666.0,2023-24,34,0.48222935,0,0.39850688
8666.0,2023-24,34,0.48222935,0,0.3718482
8666.0,2023-24,34,0.46471006,0,0.39850688
8666.0,2023-24,34,0.46471006,0,0.3718482
8666.0,2023-24,35,0.41332492,0,0.4016412
8666.0,2023-24,36,0.45733932,0,0.3556893
8666.0,2023-24,37,0.5957773,0,0.43409857
8666.0,2023-24,38,0.4887037,0,0.40359044
8706.0,2023-24,6,4.4359946,3,3.6373684
8706.0,2023-24,7,4.2493124,6,3.630758
8706.0,2023-24,8,-0.2630672,0,3.6045012
8706.0,2023-24,9,-0.20148462,0,2.915998
8706.0,2023-24,10,0.89125675,0,1.1091487
8706.0,2023-24,11,1.8334855,4,0.55934703
8706.0,2023-24,12,3.247983,6,1.4544824
8706.0,2023-24,13,3.3032568,1,4.2485285
8706.0,2023-24,14,-0.007933333,0,1.779443
8706.0,2023-24,15,-0.06716397,0,1.0299928
8706.0,2023-24,16,-0.02769606,0,0.44783476
8706.0,2023-24,17,1.2004604,1,0.4657703
8706.0,2023-24,18,1.8889298,1,1.0492213
8706.0,2023-24,19,1.9365326,2,1.7646385
8706.0,2023-24,20,2.8775613,9,2.1115186
8706.0,2023-24,21,1.882949,2,1.6003244
8706.0,2023-24,22,4.931985,14,1.958412
8706.0,2023-24,23,-0.7581058,0,2.3835704
8706.0,2023-24,24,-0.27265373,0,2.0392723
8706.0,2023-24,25,-0.5070528,0,1.4927495
8706.0,2023-24,26,-0.5539183,0,1.1601996
8706.0,2023-24,27,1.8037354,8,0.8173166
8706.0,2023-24,28,2.3901873,1,1.9504647
8706.0,2023-24,29,-0.060950816,0,3.4456184
8706.0,2023-24,30,2.663744,5,1.9080412
8706.0,2023-24,31,5.3395114,2,1.9921098
8706.0,2023-24,32,3.4269934,2,1.8877581
8706.0,2023-24,33,2.3593693,10,1.4565873
8706.0,2023-24,34,4.7405086,11,1.6827557
8706.0,2023-24,34,4.7405086,11,1.8397355
8706.0,2023-24,34,4.678894,3,1.6827557
8706.0,2023-24,34,4.678894,3,1.8397355
8706.0,2023-24,35,0.9990893,0,1.9823577
8706.0,2023-24,36,5.3881936,3,3.3346105
8706.0,2023-24,37,3.6199868,8,3.0533187
8706.0,2023-24,38,3.4362745,18,5.1347256
8719.0,2023-24,9,0.05710983,0,0.9617599
8719.0,2023-24,10,0.021049887,0,0.7695426
8719.0,2023-24,11,1.1865754,1,0.61864996
8719.0,2023-24,12,0.023119051,0,0.9601953
8719.0,2023-24,13,-0.016618248,0,0.7438816
8719.0,2023-24,14,-0.016618248,0,0.60494125
8719.0,2023-24,15,-0.00501462,0,0.5223484
8719.0,2023-24,16,0.002888085,0,0.4504079
8719.0,2023-24,17,0.00971285,0,0.40465018
8719.0,2023-24,18,0.00971285,0,0.40409353
8719.0,2023-24,19,0.00971285,0,0.40196112
8719.0,2023-24,20,-0.017932415,0,0.39543572
8719.0,2023-24,21,-0.017932415,0,0.39204848
8719.0,2023-24,22,0.42027947,2,0.39143667
8719.0,2023-24,23,1.5401717,1,1.0341816
8719.0,2023-24,24,1.5754124,0,1.1103587
8719.0,2023-24,25,1.8406053,-1,1.122542
8719.0,2023-24,26,0.04300847,0,1.1904012
8719.0,2023-24,27,1.7013108,1,0.967455
8719.0,2023-24,28,1.7872567,1,0.9705081
8719.0,2023-24,29,0.015911814,0,0.8675398
8719.0,2023-24,30,1.371919,1,0.6780107
8719.0,2023-24,31,-0.005791866,0,0.77471805
8719.0,2023-24,32,-0.10417232,0,0.73520124
8719.0,2023-24,33,0.04144753,0,0.5570731
8719.0,2023-24,34,0.96797824,1,0.4871346
8720.0,2023-24,12,3.810756,5,1.3966393
8720.0,2023-24,13,3.198081,2,1.3631572
8720.0,2023-24,14,2.5961099,3,1.9743633
8720.0,2023-24,15,2.8868072,3,2.159009
8720.0,2023-24,16,3.1498795,3,2.4159973
8720.0,2023-24,17,4.0226846,3,2.0707211
8720.0,2023-24,18,3.6402729,2,2.2528198
8720.0,2023-24,19,3.146003,7,2.0754213
8720.0,2023-24,20,3.5855286,2,1.916981
8720.0,2023-24,21,3.358583,3,2.4762833
8720.0,2023-24,22,3.6125004,3,2.8057292
8720.0,2023-24,23,3.8772914,9,3.4612653
8720.0,2023-24,24,2.3916218,2,2.3316267
8720.0,2023-24,25,3.5472133,1,2.7065551
8720.0,2023-24,26,2.6274521,2,2.4627159
8720.0,2023-24,27,3.0925348,2,2.5191872
8720.0,2023-24,28,3.301342,2,2.3290718
8720.0,2023-24,29,0.20330605,0,2.2172127
8720.0,2023-24,30,2.3918653,2,1.4355845
8720.0,2023-24,31,0.12824154,0,1.6515679
8720.0,2023-24,32,1.9961241,1,1.225297
8720.0,2023-24,33,1.6522378,1,1.5691952
8720.0,2023-24,34,1.7030566,2,2.6036232
8720.0,2023-24,34,1.7030566,2,2.2409606
8720.0,2023-24,34,2.1042132,3,2.6036232
8720.0,2023-24,34,2.1042132,3,2.2409606
8720.0,2023-24,35,2.2394745,3,2.0819573
8720.0,2023-24,36,2.3596807,2,1.9869064
8808.0,2023-24,7,1.1502126,1,0.95850784
8808.0,2023-24,8,0.034224473,0,1.1215345
8808.0,2023-24,9,0.0071568238,0,0.82283163
8808.0,2023-24,10,1.2448285,1,0.635026
8808.0,2023-24,11,0.032905944,0,0.8403367
8808.0,2023-24,12,1.0511075,3,0.7283119
8808.0,2023-24,13,1.414252,0,1.5136788
8808.0,2023-24,14,1.6732659,6,1.1138352
8808.0,2023-24,15,2.4606123,2,2.0850036
8808.0,2023-24,16,1.9786772,1,1.4830954
8808.0,2023-24,17,2.04739,2,1.2768488
8808.0,2023-24,18,1.8558642,1,1.5614823
8808.0,2023-24,19,2.0877182,3,1.5987155
8808.0,2023-24,20,2.6381652,1,1.82588
8808.0,2023-24,21,0.49412733,0,1.8615382
8808.0,2023-24,22,0.30332172,0,1.3996781
8808.0,2023-24,23,-0.3405257,0,0.9188502
8808.0,2023-24,24,1.4667089,1,0.659566
8808.0,2023-24,25,1.8519397,1,1.7388939
8808.0,2023-24,25,1.8519397,1,2.0265284
8808.0,2023-24,25,2.6231744,2,1.7388939
8808.0,2023-24,25,2.6231744,2,2.0265284
8808.0,2023-24,26,0.002669004,0,2.038262
8808.0,2023-24,27,2.041302,1,1.5650725
8808.0,2023-24,28,1.8378931,2,1.2454414
8808.0,2023-24,29,-0.09111106,0,1.4607747
8808.0,2023-24,30,2.1552765,1,1.3249704
8808.0,2023-24,31,0.2417543,0,1.4440235
8808.0,2023-24,32,1.8304944,2,1.3027828
8808.0,2023-24,33,2.5547407,1,1.5126431
8808.0,2023-24,34,1.9423575,2,1.2435838
8808.0,2023-24,34,1.9423575,2,1.5070623
8808.0,2023-24,34,1.8691939,1,1.2435838
8808.0,2023-24,34,1.8691939,1,1.5070623
8808.0,2023-24,35,1.7595671,1,1.3317138
8808.0,2023-24,36,1.7341853,3,1.4420935
8808.0,2023-24,37,2.1188421,2,1.5269865
8808.0,2023-24,38,2.0834365,2,1.5435474
8821.0,2023-24,12,0.04898693,0,0.5176468
8821.0,2023-24,13,-0.02361622,0,0.41993695
8821.0,2023-24,14,-0.02361622,0,0.39927045
8821.0,2023-24,15,-0.0018919501,0,0.39302197
8821.0,2023-24,16,-0.017932415,0,0.39011037
8821.0,2023-24,17,-0.017932415,0,0.39065513
8821.0,2023-24,18,-0.017932415,0,0.39076
8821.0,2023-24,19,-0.017932415,0,0.3892747
8821.0,2023-24,20,-0.017932415,0,0.38669556
8821.0,2023-24,21,-0.017932415,0,0.38369066
8821.0,2023-24,22,-0.017932415,0,0.38369066
8821.0,2023-24,23,-0.017932415,0,0.38369066
8821.0,2023-24,24,-0.017932415,0,0.38369066
8821.0,2023-24,25,-0.017932415,0,0.38369066
8821.0,2023-24,26,-0.017932415,0,0.38369066
8821.0,2023-24,27,-0.017932415,0,0.38369066
8821.0,2023-24,28,-0.017932415,0,0.38369066
8821.0,2023-24,29,-0.017932415,0,0.38369066
8821.0,2023-24,30,-0.017932415,0,0.38369066
8821.0,2023-24,31,-0.017932415,0,0.38369066
8821.0,2023-24,32,-0.017932415,0,0.38369066
8821.0,2023-24,33,0.4172068,0,0.38369066
8821.0,2023-24,34,-0.017932415,0,0.4952363
8821.0,2023-24,35,0.4377058,0,0.44979563
8845.0,2023-24,6,3.0497692,1,1.6494637
8845.0,2023-24,7,1.9483329,8,1.3140471
8845.0,2023-24,8,2.4368148,10,1.2172258
8845.0,2023-24,9,4.1315346,4,0.92897224
8845.0,2023-24,10,3.7715907,7,1.0864873
8845.0,2023-24,11,5.796926,5,1.6625667
8845.0,2023-24,12,4.246895,2,1.798206
8845.0,2023-24,13,4.2387605,7,2.8438694
8845.0,2023-24,14,2.983275,1,1.3383888
8845.0,2023-24,15,4.138099,10,1.7685742
8845.0,2023-24,16,6.288473,2,2.714278
8845.0,2023-24,17,3.6926565,2,2.4152834
8845.0,2023-24,18,2.7968352,2,2.0941825
8845.0,2023-24,19,2.7958443,14,2.2371595
8845.0,2023-24,20,3.6225824,6,2.19013
8845.0,2023-24,21,4.7282863,0,2.6729467
8845.0,2023-24,22,4.2718496,0,3.4307878
8845.0,2023-24,23,2.6886375,0,3.0675325
8845.0,2023-24,24,3.1046872,0,1.6854973
8845.0,2023-24,25,2.6477926,2,1.4929633
8845.0,2023-24,26,3.505777,3,1.7466655
8845.0,2023-24,27,3.404077,0,1.4962187
8845.0,2023-24,28,2.8745868,0,1.6655209
8845.0,2023-24,29,0.17105916,0,1.4551916
8845.0,2023-24,30,1.3132969,0,1.1356516
8845.0,2023-24,31,1.2238517,0,0.9452954
8845.0,2023-24,32,0.9424053,0,0.54677504
8845.0,2023-24,33,1.1806399,1,0.44551075
8845.0,2023-24,34,1.242361,0,0.7432002
8845.0,2023-24,34,1.242361,0,0.79575825
8845.0,2023-24,34,1.7014897,2,0.7432002
8845.0,2023-24,34,1.7014897,2,0.79575825
8845.0,2023-24,35,2.7680151,6,1.3776138
8845.0,2023-24,36,1.7305299,7,1.641401
8845.0,2023-24,37,3.4167123,2,1.9213524
8845.0,2023-24,38,3.0492501,2,1.7852597
8859.0,2023-24,6,-0.008561976,0,0.5772467
8859.0,2023-24,7,-0.015340333,0,0.52912235
8859.0,2023-24,8,-0.005326313,0,0.4461256
8859.0,2023-24,9,0.016397962,0,0.42390957
8859.0,2023-24,10,0.018187886,0,0.41317925
8859.0,2023-24,11,-0.017932415,0,0.4084869
8859.0,2023-24,12,-0.017932415,0,0.4060898
8859.0,2023-24,13,-0.017932415,0,0.40182728
8859.0,2023-24,14,-0.017932415,0,0.39504242
8859.0,2023-24,15,0.37717143,1,0.38652134
8859.0,2023-24,16,1.522073,1,0.77851725
8859.0,2023-24,17,1.596035,3,0.94335246
8859.0,2023-24,18,0.20760657,0,1.4932173
8859.0,2023-24,19,2.516065,1,1.0447819
8859.0,2023-24,20,2.480131,1,1.3435793
8859.0,2023-24,21,2.0987186,5,1.2577775
8859.0,2023-24,22,2.7370872,1,1.1662503
8859.0,2023-24,23,1.3305901,1,1.0405791
8859.0,2023-24,24,-0.04009878,0,0.8067907
8859.0,2023-24,25,1.5593878,1,0.7466437
8859.0,2023-24,25,1.5593878,1,1.0565245
8859.0,2023-24,25,1.4414866,1,0.7466437
8859.0,2023-24,25,1.4414866,1,1.0565245
8859.0,2023-24,26,1.9705505,4,1.18406
8859.0,2023-24,27,0.16735092,0,1.0330994
8859.0,2023-24,28,1.4593838,1,0.8708611
8859.0,2023-24,29,-0.06849854,0,0.6639809
8859.0,2023-24,30,1.4043567,1,0.3918786
8859.0,2023-24,31,1.6093587,1,0.5886824
8859.0,2023-24,32,1.6011008,4,1.2655244
8859.0,2023-24,33,2.3690867,6,1.4404687
8859.0,2023-24,34,2.074696,2,1.5429325
8859.0,2023-24,35,2.6727402,1,1.8337291
8859.0,2023-24,36,2.415627,3,1.0358365
8859.0,2023-24,37,2.4978957,3,1.4223335
8859.0,2023-24,38,2.1507847,1,1.3747438
8941.0,2023-24,11,-0.031114398,0,0.6388613
8941.0,2023-24,12,-0.0029771652,0,0.7755539
8941.0,2023-24,13,1.3075792,1,0.64692587
8941.0,2023-24,14,1.6293552,1,0.8458631
8941.0,2023-24,15,1.3340635,1,1.1755522
8941.0,2023-24,16,1.342366,1,1.1757329
8941.0,2023-24,17,1.6369525,2,1.2329197
8941.0,2023-24,18,3.358948,2,1.6622556
8941.0,2023-24,19,2.2684216,1,1.6286048
8941.0,2023-24,20,3.075123,1,1.4692987
8941.0,2023-24,21,0.41228518,0,1.6068342
8941.0,2023-24,22,3.400909,1,1.1579516
8941.0,2023-24,23,2.9118814,1,1.1512989
8941.0,2023-24,24,2.0859816,2,1.3255824
8941.0,2023-24,25,2.8816066,2,1.3419788
8941.0,2023-24,26,2.7312691,5,2.1521738
8941.0,2023-24,27,3.502351,1,2.576279
8981.0,2023-24,9,4.8710876,6,2.277384
8981.0,2023-24,10,3.038341,1,2.157693
8981.0,2023-24,11,3.9290695,22,1.8562636
8981.0,2023-24,12,2.875986,0,2.163388
8981.0,2023-24,13,3.4684572,5,1.0752833
8981.0,2023-24,14,4.500621,1,1.1366966
8981.0,2023-24,15,-0.25183758,0,1.3227401
8981.0,2023-24,16,0.03998469,0,1.2131177
8981.0,2023-24,17,0.6332221,0,0.71166086
8981.0,2023-24,18,-0.20070663,0,0.40617293
8981.0,2023-24,19,-0.09742421,0,0.45347098
8981.0,2023-24,20,-0.058576096,0,0.90733945
8981.0,2023-24,21,1.2163671,2,1.0056026
8981.0,2023-24,22,2.9736822,1,3.90347
8981.0,2023-24,23,3.2191525,1,3.0394464
8981.0,2023-24,24,3.5948582,3,1.8787729
8981.0,2023-24,25,2.879852,2,1.8472861
8981.0,2023-24,25,2.879852,2,2.4421163
8981.0,2023-24,25,3.4457626,1,1.8472861
8981.0,2023-24,25,3.4457626,1,2.4421163
8981.0,2023-24,26,3.044242,1,1.7193842
8981.0,2023-24,27,4.0695753,1,1.0686283
8981.0,2023-24,28,4.6454387,1,1.1128321
8981.0,2023-24,29,1.2333657,0,1.1852078
8981.0,2023-24,30,4.301883,1,0.80616254
8981.0,2023-24,31,4.256008,6,1.6453714
8981.0,2023-24,32,-0.13321567,0,4.7544556
8981.0,2023-24,33,3.7124832,16,2.4379146
8981.0,2023-24,34,4.1109295,1,1.8899057
8981.0,2023-24,35,3.6636171,1,1.2406547
8981.0,2023-24,36,3.8323836,1,1.382669
8981.0,2023-24,37,3.0297978,1,0.7908374
8981.0,2023-24,37,3.0297978,1,0.84822774
8981.0,2023-24,37,2.5250492,4,0.7908374
8981.0,2023-24,37,2.5250492,4,0.84822774
8981.0,2023-24,38,3.5920799,5,1.435094
9021.0,2023-24,6,2.730591,1,1.72087
9021.0,2023-24,7,3.6595721,2,3.1723087
9021.0,2023-24,8,3.134676,3,2.7556472
9021.0,2023-24,9,3.7008438,3,2.8879302
9021.0,2023-24,10,3.7976062,2,2.8441732
9021.0,2023-24,11,3.6306355,4,2.6393101
9021.0,2023-24,12,3.2719884,3,2.5168328
9021.0,2023-24,13,0.0298535,0,2.6095374
9021.0,2023-24,14,-0.017153569,0,2.1482868
9021.0,2023-24,15,1.5518389,1,1.5719064
9021.0,2023-24,16,1.966735,3,1.8401681
9021.0,2023-24,17,2.525042,2,3.07081
9021.0,2023-24,18,2.9902737,3,1.897238
9021.0,2023-24,19,2.633413,2,1.6026286
9021.0,2023-24,20,2.1843905,6,1.7058895
9021.0,2023-24,21,-0.03226821,0,1.3017709
9021.0,2023-24,22,0.039258815,0,1.3027802
9021.0,2023-24,23,2.5477448,1,1.0507483
9021.0,2023-24,24,1.9360101,8,1.287132
9021.0,2023-24,25,2.488263,2,1.0806353
9021.0,2023-24,26,0.17260653,0,1.2712762
9021.0,2023-24,27,2.31488,1,1.1602573
9021.0,2023-24,28,2.072311,5,1.0367312
9021.0,2023-24,29,2.2442791,2,1.1835566
9021.0,2023-24,30,2.2787058,2,1.665593
9021.0,2023-24,31,3.2370582,1,1.6551077
9021.0,2023-24,32,3.0686796,1,1.3604467
9021.0,2023-24,33,2.4811835,1,1.3686332
9021.0,2023-24,34,0.047965143,0,1.2371547
9021.0,2023-24,35,1.9255425,1,1.1248031
9021.0,2023-24,35,1.9255425,1,1.5905284
9021.0,2023-24,35,1.7484502,2,1.1248031
9021.0,2023-24,35,1.7484502,2,1.5905284
9021.0,2023-24,36,2.101499,1,2.233814
9021.0,2023-24,37,2.6559446,1,1.8976196
9021.0,2023-24,37,2.6559446,1,1.7472363
9021.0,2023-24,37,2.3758569,1,1.8976196
9021.0,2023-24,37,2.3758569,1,1.7472363
9021.0,2023-24,38,2.9172413,3,1.7231874
9040.0,2023-24,6,2.6501057,2,1.9623548
9040.0,2023-24,7,4.269906,3,1.6879756
9040.0,2023-24,8,2.7318954,5,1.8655081
9040.0,2023-24,9,2.3486662,6,2.1680925
9040.0,2023-24,10,2.57739,2,2.5732005
9040.0,2023-24,11,2.846695,6,2.6045363
9040.0,2023-24,12,2.3798106,10,2.860537
9040.0,2023-24,13,3.0461984,2,2.4778063
9040.0,2023-24,14,3.5001175,-2,2.0045319
9040.0,2023-24,15,0.32013306,0,1.651391
9040.0,2023-24,16,2.454341,2,1.2210727
9040.0,2023-24,17,4.1325455,2,2.746351
9040.0,2023-24,18,3.8034217,1,3.2079828
9040.0,2023-24,19,3.5556698,1,2.5752215
9040.0,2023-24,20,3.526627,2,2.3462312
9040.0,2023-24,21,3.2976725,3,2.3993514
9040.0,2023-24,22,2.0315194,1,2.2600312
9040.0,2023-24,23,2.675197,2,1.8516392
9040.0,2023-24,24,2.0315192,15,1.5040495
9040.0,2023-24,25,1.9570656,2,1.7157722
9040.0,2023-24,26,-1.0689704,0,1.901026
9040.0,2023-24,27,2.7460332,1,1.8862995
9040.0,2023-24,28,3.787126,6,3.1115406
9040.0,2023-24,29,0.0006640495,0,2.5630558
9040.0,2023-24,30,3.565851,1,2.5047383
9040.0,2023-24,31,3.7803402,7,2.433288
9040.0,2023-24,32,3.691897,5,2.3995178
9040.0,2023-24,33,3.6258247,3,2.1418989
9040.0,2023-24,34,2.8587546,2,2.5584795
9040.0,2023-24,35,4.2813673,9,2.6585634
9040.0,2023-24,35,4.2813673,9,2.3665388
9040.0,2023-24,35,3.7905748,6,2.6585634
9040.0,2023-24,35,3.7905748,6,2.3665388
9040.0,2023-24,36,2.9654222,8,2.5042825
9040.0,2023-24,37,4.1823025,1,2.956175
9040.0,2023-24,37,4.1823025,1,2.3168833
9040.0,2023-24,37,3.6260016,2,2.956175
9040.0,2023-24,37,3.6260016,2,2.3168833
9040.0,2023-24,38,3.421811,2,2.3935294
9154.0,2023-24,6,2.139209,6,1.1786158
9154.0,2023-24,7,2.5430126,3,2.2338696
9154.0,2023-24,8,2.993596,2,2.3146818
9154.0,2023-24,9,2.906083,1,2.6205852
9154.0,2023-24,10,0.056151845,0,2.2707675
9154.0,2023-24,11,0.016681267,0,1.601663
9154.0,2023-24,12,0.5453039,0,0.8114332
9154.0,2023-24,13,0.37179145,0,0.72411454
9154.0,2023-24,14,0.2487194,0,0.65888566
9154.0,2023-24,15,0.050918657,0,0.6438215
9154.0,2023-24,16,0.04179579,0,0.59977996
9154.0,2023-24,17,0.018187886,0,0.5412028
9154.0,2023-24,18,-0.017932415,0,0.4931487
9154.0,2023-24,19,-0.017932415,0,0.44889536
9154.0,2023-24,20,-0.017932415,0,0.41304272
9154.0,2023-24,21,-0.017932415,0,0.39867115
9154.0,2023-24,22,-0.017932415,0,0.386471
9154.0,2023-24,23,-0.017932415,0,0.38369066
9154.0,2023-24,24,-0.017932415,0,0.38369066
9154.0,2023-24,25,-0.017932415,0,0.38369066
9154.0,2023-24,26,-0.017932415,0,0.38369066
9154.0,2023-24,27,0.4914015,1,0.38369066
9154.0,2023-24,28,0.8994841,1,0.7447845
9154.0,2023-24,29,0.019206693,0,1.0896025
9154.0,2023-24,30,1.0321022,1,0.7494396
9154.0,2023-24,31,2.002061,3,1.1063589
9154.0,2023-24,32,1.7981627,1,1.430768
9154.0,2023-24,33,2.2777998,3,1.6147943
9154.0,2023-24,34,2.404713,1,1.5327239
9154.0,2023-24,35,3.2149117,2,1.543935
9154.0,2023-24,36,2.9748585,0,1.5571666
9154.0,2023-24,37,2.9062076,8,1.4255667
9154.0,2023-24,37,2.9062076,8,1.8385103
9154.0,2023-24,37,3.1365564,1,1.4255667
9154.0,2023-24,37,3.1365564,1,1.8385103
9154.0,2023-24,38,3.3637376,1,1.851144
9156.0,2023-24,6,-0.2039682,0,1.6790061
9156.0,2023-24,7,-0.06375854,0,1.7552971
9156.0,2023-24,8,0.06872455,0,1.0752372
9156.0,2023-24,9,0.030920137,0,0.68070525
9156.0,2023-24,10,0.030426838,0,0.8226081
9156.0,2023-24,11,0.018909086,0,0.7359879
9156.0,2023-24,12,0.0050984444,0,0.6676649
9156.0,2023-24,13,0.031261146,0,0.61849385
9156.0,2023-24,14,-0.017932415,0,0.56717837
9156.0,2023-24,15,-0.017932415,0,0.51276755
9156.0,2023-24,16,-0.017932415,0,0.45111609
9156.0,2023-24,17,-0.017932415,0,0.4036407
9156.0,2023-24,18,-0.017932415,0,0.38711536
9156.0,2023-24,19,-0.017932415,0,0.38369066
9156.0,2023-24,20,-0.017932415,0,0.38369066
9156.0,2023-24,21,-0.017932415,0,0.38369066
9156.0,2023-24,22,-0.017932415,0,0.38369066
9156.0,2023-24,23,-0.017932415,0,0.38369066
9156.0,2023-24,24,-0.017932415,0,0.38369066
9156.0,2023-24,25,-0.017932415,0,0.38369066
9156.0,2023-24,26,-0.017932415,0,0.38369066
9156.0,2023-24,27,-0.017932415,0,0.38369066
9156.0,2023-24,28,-0.017932415,0,0.38369066
9156.0,2023-24,29,-0.017932415,0,0.38369066
9156.0,2023-24,30,-0.017932415,0,0.38369066
9156.0,2023-24,31,-0.017932415,0,0.38369066
9156.0,2023-24,32,-0.017932415,0,0.38369066
9156.0,2023-24,33,0.66068816,4,0.38369066
9156.0,2023-24,34,1.2342366,6,0.60409427
9156.0,2023-24,35,1.738534,1,0.70472944
9156.0,2023-24,36,1.8938586,1,0.6222173
9156.0,2023-24,37,1.9322952,1,0.70991224
9156.0,2023-24,38,1.6713002,1,0.5877542
9274.0,2023-24,7,0.016821142,0,0.7453687
9274.0,2023-24,8,0.008394514,0,0.5110431
9274.0,2023-24,9,-0.023035936,0,0.31408775
9274.0,2023-24,10,0.9420315,1,0.28020078
9274.0,2023-24,11,1.3012112,1,0.86062276
9274.0,2023-24,12,1.3433456,1,0.9880455
9274.0,2023-24,13,1.4124049,1,1.0463595
9274.0,2023-24,14,-0.020798568,0,0.92093766
9274.0,2023-24,15,1.3388119,1,0.7543476
9274.0,2023-24,16,1.2817036,0,0.9413353
9274.0,2023-24,17,1.1819963,1,0.9059799
9274.0,2023-24,18,-0.032833457,0,0.90033245
9274.0,2023-24,19,0.020939156,0,0.7350645
9274.0,2023-24,20,-0.026517006,0,0.57467794
9274.0,2023-24,21,0.91434556,1,0.520387
9274.0,2023-24,22,0.024720935,0,0.8217011
9274.0,2023-24,23,1.0952322,1,0.65370953
9274.0,2023-24,24,1.1550968,1,0.7391562
9274.0,2023-24,25,1.167969,1,0.91925347
9274.0,2023-24,26,1.3816357,1,1.0632384
9274.0,2023-24,27,0.020512054,0,1.1243114
9274.0,2023-24,28,1.9728463,1,0.84303117
9274.0,2023-24,29,0.07678271,0,1.1139996
9274.0,2023-24,30,0.08486042,0,0.9023371
9274.0,2023-24,31,0.10405242,0,0.6754253
9274.0,2023-24,32,1.0140245,1,0.5437989
9274.0,2023-24,33,0.008640488,0,0.9470027
9274.0,2023-24,34,1.5824943,0,0.7909014
9274.0,2023-24,35,1.5704796,1,0.9503777
9274.0,2023-24,36,0.10313867,0,0.88552386
9274.0,2023-24,37,1.8840394,-1,0.738524
9284.0,2023-24,18,1.0847594,1,0.61445457
9284.0,2023-24,19,1.0832101,0,0.77306175
9284.0,2023-24,20,1.5451242,1,0.8880067
9284.0,2023-24,21,0.578423,0,1.1646724
9284.0,2023-24,22,2.5707,1,1.0023371
9284.0,2023-24,23,0.4536815,0,0.83431387
9284.0,2023-24,24,0.08897514,0,0.5702457
9284.0,2023-24,25,1.2860669,1,0.34861103
9284.0,2023-24,26,0.065746024,0,1.0548627
9284.0,2023-24,27,1.9062318,1,0.80819994
9284.0,2023-24,28,2.4314368,2,0.8572644
9284.0,2023-24,29,0.15905565,0,1.3062977
9284.0,2023-24,30,1.754913,2,1.072694
9284.0,2023-24,31,2.0551627,1,1.2630595
9284.0,2023-24,32,1.7390554,2,1.1231506
9284.0,2023-24,33,1.9814076,2,1.1929618
9284.0,2023-24,34,1.7515178,1,1.3721426
9284.0,2023-24,35,-0.013157871,0,1.4132012
9284.0,2023-24,36,2.0134156,1,1.0574539
9284.0,2023-24,37,1.5905341,1,1.185509
9284.0,2023-24,38,1.7695603,2,1.1157205
9324.0,2023-24,6,0.06119355,0,0.864643
9324.0,2023-24,7,1.189585,2,0.9784721
9324.0,2023-24,8,0.04246141,0,1.0252664
9324.0,2023-24,9,0.13739285,0,0.7808473
9324.0,2023-24,10,0.13951273,0,0.6089036
9324.0,2023-24,11,1.3844327,4,0.54366755
9324.0,2023-24,12,0.004387414,0,0.8801771
9324.0,2023-24,13,1.7804,1,0.5760912
9324.0,2023-24,14,0.0022121836,0,0.94496614
9324.0,2023-24,15,0.035127442,0,0.80679107
9324.0,2023-24,16,1.472697,1,0.64390993
9324.0,2023-24,17,1.1453818,1,0.963929
9324.0,2023-24,18,1.4632266,1,1.4045794
9324.0,2023-24,19,0.115298204,0,1.4395704
9324.0,2023-24,20,0.038903434,0,1.034036
9324.0,2023-24,21,0.025031667,0,0.75717825
9324.0,2023-24,22,0.019096224,0,0.58454055
9324.0,2023-24,23,0.0040136008,0,0.50225234
9324.0,2023-24,24,0.96758896,0,0.4007764
9324.0,2023-24,25,0.9022224,0,0.50105757
9324.0,2023-24,26,-0.002574126,0,0.5258268
9324.0,2023-24,27,0.26708767,0,0.44944873
9324.0,2023-24,28,0.5540681,0,0.46386057
9324.0,2023-24,29,-0.017932415,0,0.448398
9324.0,2023-24,30,-0.017932415,0,0.47062325
9324.0,2023-24,31,0.32308736,0,0.45788652
9324.0,2023-24,32,-0.017932415,0,0.52869654
9324.0,2023-24,33,-0.017932415,0,0.4591077
9324.0,2023-24,34,-0.017932415,0,0.4246706
9324.0,2023-24,35,-0.017932415,0,0.40350783
9324.0,2023-24,36,-0.017932415,0,0.3896997
9324.0,2023-24,37,0.3585092,0,0.38369066
9324.0,2023-24,38,0.5147881,0,0.55104864
9356.0,2023-24,6,-0.030503284,0,0.62896764
9356.0,2023-24,7,-0.002342528,0,0.6942683
9356.0,2023-24,8,0.019715369,0,0.7675351
9356.0,2023-24,9,0.041439597,0,0.5949383
9356.0,2023-24,10,0.023225589,0,0.5239103
9356.0,2023-24,11,-0.017932415,0,0.4960325
9356.0,2023-24,12,-0.017932415,0,0.48034683
9356.0,2023-24,13,-0.017932415,0,0.45923275
9356.0,2023-24,14,-0.017932415,0,0.43210512
9356.0,2023-24,15,-0.017932415,0,0.4037946
9356.0,2023-24,16,-0.017932415,0,0.38369066
9356.0,2023-24,17,-0.017932415,0,0.38369066
9356.0,2023-24,18,-0.017932415,0,0.38369066
9356.0,2023-24,19,-0.017932415,0,0.38369066
9356.0,2023-24,20,-0.017932415,0,0.38369066
9356.0,2023-24,21,0.5737794,1,0.38369066
9356.0,2023-24,22,0.892255,4,0.6748917
9356.0,2023-24,23,1.531714,1,1.0402815
9356.0,2023-24,24,0.08279356,0,1.0507607
9356.0,2023-24,25,0.08279356,0,0.716622
9356.0,2023-24,26,0.060452163,0,0.5496566
9356.0,2023-24,27,0.07584736,0,0.49860442
9356.0,2023-24,28,1.1875927,1,0.48211005
9356.0,2023-24,29,-0.007549826,0,0.5292474
9356.0,2023-24,30,-0.007549826,0,0.7260708
9356.0,2023-24,31,1.2194934,1,0.5817417
9356.0,2023-24,32,1.4396405,1,0.64769506
9356.0,2023-24,33,1.655089,1,0.53396064
9451.0,2023-24,6,1.5677274,1,1.6353445
9451.0,2023-24,7,1.89104,1,1.5351593
9451.0,2023-24,8,1.6877605,0,1.08676
9451.0,2023-24,9,1.3001653,0,0.79708743
9451.0,2023-24,10,1.2461667,1,0.6927291
9451.0,2023-24,11,1.3067313,0,0.7081542
9451.0,2023-24,12,1.0582196,1,0.5269411
9451.0,2023-24,13,0.99797595,1,0.24799898
9451.0,2023-24,14,1.5065578,0,0.31732732
9451.0,2023-24,15,1.3408835,0,0.47253758
9451.0,2023-24,16,1.2819024,0,0.6501454
9451.0,2023-24,17,1.2550462,0,0.4582519
9451.0,2023-24,18,0.97241044,1,0.5135874
9451.0,2023-24,19,1.3244756,0,0.6488962
9451.0,2023-24,20,1.5625468,0,0.65517503
9451.0,2023-24,21,1.5495317,0,0.5643177
9451.0,2023-24,22,0.7795678,0,0.5046197
9451.0,2023-24,23,1.0847092,0,0.45224285
9451.0,2023-24,24,0.96302086,0,0.39144146
9451.0,2023-24,25,0.9128542,0,0.37927327
9451.0,2023-24,26,-0.008016247,0,0.29790646
9451.0,2023-24,27,0.39880332,0,0.39866447
9451.0,2023-24,28,0.49898326,0,0.43830448
9451.0,2023-24,29,-0.017932415,0,0.50279224
9451.0,2023-24,30,0.5737794,0,0.49875718
9451.0,2023-24,31,0.41575268,0,0.55437523
9451.0,2023-24,32,0.64781934,0,0.58310694
9451.0,2023-24,33,0.5527336,0,0.5289331
9451.0,2023-24,34,0.3574629,0,0.53931206
9451.0,2023-24,35,0.4612364,0,0.39610606
9451.0,2023-24,35,0.4612364,0,0.3649614
9451.0,2023-24,35,0.4276508,0,0.39610606
9451.0,2023-24,35,0.4276508,0,0.3649614
9451.0,2023-24,36,0.41489315,0,0.4066386
9451.0,2023-24,37,0.43786004,0,0.43970725
9451.0,2023-24,37,0.43786004,0,0.44204104
9451.0,2023-24,37,0.4135758,1,0.43970725
9451.0,2023-24,37,0.4135758,1,0.44204104
9451.0,2023-24,38,1.1498022,1,0.44355887
9453.0,2023-24,7,2.3226345,3,1.4834576
9453.0,2023-24,8,1.8123189,1,1.6484275
9453.0,2023-24,9,1.7061799,2,1.6420188
9453.0,2023-24,10,2.0451186,1,1.6431903
9453.0,2023-24,11,2.6673105,2,1.710494
9453.0,2023-24,12,1.9737144,1,1.8893914
9453.0,2023-24,13,1.9860572,1,1.5191603
9453.0,2023-24,14,2.1730137,2,1.2882278
9453.0,2023-24,15,2.145801,2,1.2068936
9453.0,2023-24,16,1.7580335,2,1.5231125
9453.0,2023-24,17,2.1744313,3,1.7049003
9453.0,2023-24,18,0.15768954,0,1.9627061
9453.0,2023-24,19,2.1389964,1,1.7861423
9453.0,2023-24,20,2.504459,2,1.7742797
9453.0,2023-24,21,2.0399194,3,1.6475087
9453.0,2023-24,22,1.8365476,1,1.5505862
9453.0,2023-24,23,1.9410145,4,1.4489064
9453.0,2023-24,24,2.488437,2,1.7798235
9453.0,2023-24,25,2.7767012,1,1.8784592
9453.0,2023-24,26,0.07155873,0,1.7663984
9453.0,2023-24,27,2.0673556,2,1.53456
9453.0,2023-24,28,2.4239852,1,1.8890153
9453.0,2023-24,29,-0.0015666352,0,1.6815453
9453.0,2023-24,30,1.9730996,2,1.3387959
9453.0,2023-24,31,1.9738672,1,1.7481935
9453.0,2023-24,32,1.8629535,2,1.3802863
9453.0,2023-24,33,1.7233602,3,1.3659849
9453.0,2023-24,34,1.8008807,2,1.4947267
9453.0,2023-24,35,2.1187592,1,1.5552797
9453.0,2023-24,35,2.1187592,1,1.745235
9453.0,2023-24,35,2.8489304,3,1.5552797
9453.0,2023-24,35,2.8489304,3,1.745235
9453.0,2023-24,36,2.3585749,6,1.6109815
9453.0,2023-24,37,2.5754693,8,2.2255323
9453.0,2023-24,37,2.5754693,8,2.1656325
9453.0,2023-24,37,2.379371,1,2.2255323
9453.0,2023-24,37,2.379371,1,2.1656325
9453.0,2023-24,38,2.8634326,10,1.8244574
9461.0,2023-24,7,0.00953249,0,0.6994434
9461.0,2023-24,8,1.0222296,3,0.5803304
9461.0,2023-24,9,1.4286336,1,1.1114925
9461.0,2023-24,10,2.0655532,1,1.0515882
9524.0,2023-24,6,1.7485528,1,0.29273224
9524.0,2023-24,7,1.9198787,2,2.6612608
9524.0,2023-24,8,3.16473,1,1.9166777
9524.0,2023-24,9,3.1186998,9,1.1589475
9524.0,2023-24,10,3.0100658,2,1.6825634
9524.0,2023-24,11,3.0815213,3,1.899097
9524.0,2023-24,12,4.0196505,6,1.8230927
9524.0,2023-24,13,2.8956316,7,1.7757506
9524.0,2023-24,14,3.981417,2,2.1325593
9524.0,2023-24,15,3.8097725,2,2.1714277
9524.0,2023-24,16,3.3383007,2,2.3151383
9524.0,2023-24,17,3.501793,2,1.8536899
9524.0,2023-24,18,3.5299885,7,1.9250828
9524.0,2023-24,19,2.1109798,10,2.2040892
9524.0,2023-24,20,5.016652,5,2.0969121
9524.0,2023-24,21,0.07412811,0,2.7966044
9524.0,2023-24,22,3.8183186,1,3.297208
9524.0,2023-24,23,2.93464,2,2.3597314
9524.0,2023-24,24,3.4057655,7,3.5198097
9524.0,2023-24,25,3.1537719,6,1.5251714
9524.0,2023-24,26,4.858446,2,2.3160326
9524.0,2023-24,27,3.4829028,2,2.6030252
9524.0,2023-24,28,4.2040305,1,1.8993031
9524.0,2023-24,29,4.0174885,2,2.9866054
9524.0,2023-24,30,4.1359854,1,3.2936635
9524.0,2023-24,31,4.2754335,2,3.206093
9524.0,2023-24,32,3.6932805,6,2.1590621
9524.0,2023-24,33,0.7522249,0,2.4649603
9524.0,2023-24,34,3.2328978,1,2.8856897
9524.0,2023-24,35,1.9737653,2,2.4921587
9524.0,2023-24,36,2.5672252,2,1.9864022
9524.0,2023-24,37,2.904366,1,2.2242534
9524.0,2023-24,38,3.0452127,5,1.4582539
9554.0,2023-24,24,0.0006574476,0,0.7317979
9554.0,2023-24,25,1.3250986,1,0.61706024
9554.0,2023-24,26,-0.0018915765,0,0.79977244
9554.0,2023-24,27,1.1684413,1,0.6292899
9554.0,2023-24,28,1.1659217,1,0.828823
9554.0,2023-24,29,0.015531919,0,1.062798
9554.0,2023-24,30,1.2862971,1,0.7726593
9554.0,2023-24,31,1.0148106,2,0.95209813
9554.0,2023-24,32,0.060448598,0,1.2934673
9554.0,2023-24,33,0.06371949,0,0.8537301
9554.0,2023-24,34,0.07671991,0,0.59942913
9554.0,2023-24,35,1.0758929,1,0.5028136
9554.0,2023-24,36,0.058616955,0,0.80672115
9554.0,2023-24,37,0.032905944,0,0.6908783
9554.0,2023-24,38,1.1492441,1,0.5850838
9558.0,2023-24,10,-0.113415144,0,0.7636716
9558.0,2023-24,11,0.007699962,0,1.0031708
9558.0,2023-24,12,-0.031372767,0,0.89756536
9558.0,2023-24,13,1.2440147,1,0.6981361
9558.0,2023-24,14,0.028318442,0,0.9535017
9558.0,2023-24,15,0.019832687,0,0.7954865
9558.0,2023-24,16,0.019832687,0,0.5290288
9558.0,2023-24,17,0.73168904,1,0.41335553
9558.0,2023-24,18,0.019832687,0,0.6398463
9558.0,2023-24,19,1.2181737,1,0.6137644
9558.0,2023-24,20,0.019832687,0,0.8224505
9558.0,2023-24,21,0.019832687,0,0.7061447
9558.0,2023-24,22,0.019832687,0,0.6021768
9558.0,2023-24,23,0.00817386,0,0.49054945
9558.0,2023-24,24,0.00817386,0,0.43783188
9558.0,2023-24,25,0.018187886,0,0.4006737
9558.0,2023-24,26,0.018187886,0,0.3985443
9558.0,2023-24,27,0.018187886,0,0.3961545
9558.0,2023-24,28,-0.017932415,0,0.3955735
9558.0,2023-24,29,-0.017932415,0,0.39408126
9558.0,2023-24,30,-0.017932415,0,0.3913532
9558.0,2023-24,31,-0.017932415,0,0.38749325
9558.0,2023-24,32,-0.017932415,0,0.3856642
9558.0,2023-24,33,-0.017932415,0,0.38369066
9558.0,2023-24,34,-0.017932415,0,0.38369066
9558.0,2023-24,35,-0.017932415,0,0.38369066
9558.0,2023-24,36,-0.017932415,0,0.38369066
9558.0,2023-24,37,-0.017932415,0,0.38369066
9558.0,2023-24,38,0.5147881,0,0.38369066
9662.0,2023-24,10,3.456671,0,1.9793563
9662.0,2023-24,11,0.39787832,0,2.012063
9662.0,2023-24,12,2.040899,1,1.4079523
9662.0,2023-24,13,0.3799273,0,1.84638
9662.0,2023-24,14,1.7175832,1,1.6870868
9662.0,2023-24,15,1.5800271,0,1.444336
9662.0,2023-24,16,1.4112296,1,0.8551454
9662.0,2023-24,17,0.03423862,0,0.65713686
9662.0,2023-24,18,1.4994575,2,0.8096911
9662.0,2023-24,19,2.2619774,3,1.6662847
9662.0,2023-24,20,2.4957514,1,1.877111
9662.0,2023-24,21,0.053148437,0,1.3360343
9662.0,2023-24,22,0.16110304,0,0.94188815
9662.0,2023-24,23,1.9827662,1,0.6991786
9662.0,2023-24,24,1.8588169,1,0.91598773
9662.0,2023-24,25,1.8158146,1,1.1936164
9662.0,2023-24,26,1.5390263,1,1.0878797
9662.0,2023-24,27,2.3197703,1,1.1053045
9662.0,2023-24,28,2.0616736,12,1.0657389
9662.0,2023-24,28,2.0616736,12,1.0146328
9662.0,2023-24,28,2.9339597,2,1.0657389
9662.0,2023-24,28,2.9339597,2,1.0146328
9662.0,2023-24,29,-0.1642045,0,1.4091666
9662.0,2023-24,30,3.029552,1,0.9577752
9662.0,2023-24,31,2.6197946,3,0.85798204
9662.0,2023-24,32,2.6043136,1,0.8787539
9662.0,2023-24,33,2.8220425,2,1.5944511
9662.0,2023-24,34,3.2832112,2,1.5572622
9662.0,2023-24,34,3.2832112,2,1.6024305
9662.0,2023-24,34,4.06,1,1.5572622
9662.0,2023-24,34,4.06,1,1.6024305
9662.0,2023-24,35,2.5782912,6,1.4159101
9662.0,2023-24,36,1.9410625,2,2.38592
9662.0,2023-24,37,1.9452449,2,2.2240465
9662.0,2023-24,38,2.314873,1,1.687262
9667.0,2023-24,6,2.253201,2,1.741637
9667.0,2023-24,7,2.820203,2,2.481512
9667.0,2023-24,8,3.1643248,3,2.1018536
9667.0,2023-24,9,1.6922174,2,1.9920563
9667.0,2023-24,10,3.3152711,3,2.0584831
9667.0,2023-24,11,-0.18284577,0,2.0888019
9667.0,2023-24,12,3.2869012,0,2.0805404
9667.0,2023-24,13,0.3493311,0,1.7191085
9667.0,2023-24,14,0.3357456,0,1.269526
9667.0,2023-24,15,0.23841685,0,0.9102541
9667.0,2023-24,16,1.1961434,1,0.72817993
9667.0,2023-24,17,1.4297063,11,1.4633675
9667.0,2023-24,18,2.2629519,1,1.4634267
9667.0,2023-24,19,1.8856294,2,1.5760365
9667.0,2023-24,20,2.2497554,2,1.5517104
9667.0,2023-24,21,2.3444927,3,1.7451361
9667.0,2023-24,22,-0.0566715,0,1.6118906
9667.0,2023-24,23,0.21385902,0,1.6994298
9667.0,2023-24,24,1.8712441,1,1.2659805
9667.0,2023-24,25,1.7181622,8,1.1811392
9667.0,2023-24,26,2.3265443,0,1.1246562
9667.0,2023-24,27,1.9677012,2,1.0374296
9667.0,2023-24,28,2.4361627,1,1.3320117
9667.0,2023-24,29,0.059308697,0,1.63163
9667.0,2023-24,30,2.5560615,1,1.2072399
9667.0,2023-24,31,2.1002738,2,1.4094735
9667.0,2023-24,32,0.027292483,0,1.5175805
9667.0,2023-24,33,2.029305,1,1.2340248
9667.0,2023-24,34,1.6936651,1,1.3840566
9667.0,2023-24,35,1.6149027,1,1.1687667
9667.0,2023-24,36,1.6776967,1,1.0049773
9667.0,2023-24,37,2.4061716,3,0.9633947
9667.0,2023-24,38,1.7578235,2,1.760417
9680.0,2023-24,6,2.705501,5,1.6644704
9680.0,2023-24,7,2.551979,2,1.9117205
9680.0,2023-24,8,2.240401,2,1.9237254
9680.0,2023-24,9,2.6643827,2,1.7670438
9680.0,2023-24,10,2.97597,3,1.8602486
9680.0,2023-24,11,2.904571,2,1.6753199
9680.0,2023-24,12,2.5331743,1,1.8768628
9680.0,2023-24,13,2.4889367,2,1.9079548
9680.0,2023-24,14,2.753108,2,1.6904148
9680.0,2023-24,15,2.6974485,6,1.938024
9680.0,2023-24,16,2.5439296,2,2.1078634
9680.0,2023-24,17,3.0603068,1,2.0245419
9680.0,2023-24,18,0.12256573,0,1.471379
9680.0,2023-24,19,2.7197354,2,1.0769135
9680.0,2023-24,20,2.951568,2,2.6270492
9680.0,2023-24,21,2.758128,2,2.6352644
9680.0,2023-24,22,3.6544795,2,1.9570844
9680.0,2023-24,23,2.4723432,2,1.596458
9680.0,2023-24,24,2.6404896,5,1.2128081
9680.0,2023-24,25,2.4077492,2,2.151291
9680.0,2023-24,25,2.4077492,2,2.1832461
9680.0,2023-24,25,2.0423844,2,2.151291
9680.0,2023-24,25,2.0423844,2,2.1832461
9680.0,2023-24,26,2.666267,1,2.3123038
9680.0,2023-24,27,2.0121806,1,1.8831056
9680.0,2023-24,28,2.031232,2,1.6941767
9680.0,2023-24,29,2.6723647,1,2.0639868
9680.0,2023-24,30,2.4015808,2,1.8872591
9680.0,2023-24,31,2.4725826,2,1.9322528
9680.0,2023-24,32,2.3422792,2,1.9572766
9680.0,2023-24,33,2.8424883,2,1.7557039
9680.0,2023-24,34,2.052519,5,1.5614809
9680.0,2023-24,35,2.7069216,2,1.8777196
9680.0,2023-24,36,2.5916953,3,1.8859687
9680.0,2023-24,37,2.5822492,3,1.8668265
9680.0,2023-24,38,2.5367389,7,1.9787486
9681.0,2023-24,8,2.636493,1,0.6924275
9681.0,2023-24,9,2.3100681,2,1.0296602
9681.0,2023-24,10,1.9620383,0,1.6063298
9681.0,2023-24,11,2.2111478,5,1.4289826
9681.0,2023-24,12,1.8253257,1,1.5239531
9681.0,2023-24,13,2.2862058,2,1.4461956
9681.0,2023-24,14,2.4873564,2,1.575031
9681.0,2023-24,15,1.9503872,2,1.622505
9681.0,2023-24,16,2.8016465,0,1.936383
9681.0,2023-24,17,2.8483481,0,1.514813
9681.0,2023-24,18,0.36689666,0,1.291008
9681.0,2023-24,19,0.08774957,0,1.0452979
9681.0,2023-24,20,1.6104687,1,0.8603124
9681.0,2023-24,21,0.37985408,0,1.3213186
9681.0,2023-24,22,0.15795003,0,0.92152447
9681.0,2023-24,23,0.12205602,0,0.7548046
9681.0,2023-24,24,-0.061939586,0,0.68599296
9681.0,2023-24,25,0.86790806,0,0.60735846
9681.0,2023-24,25,0.86790806,0,0.78457123
9681.0,2023-24,25,0.97538304,2,0.60735846
9681.0,2023-24,25,0.97538304,2,0.78457123
9681.0,2023-24,26,2.754627,2,1.632859
9681.0,2023-24,27,2.5297694,4,1.5094607
9681.0,2023-24,28,2.0798204,1,1.5600731
9681.0,2023-24,29,2.806412,1,1.4256392
9681.0,2023-24,30,-0.0077019935,0,1.2279317
9681.0,2023-24,31,2.037062,1,1.0247942
9681.0,2023-24,32,1.7999148,1,1.0361001
9681.0,2023-24,33,2.142669,6,1.0746801
9681.0,2023-24,34,0.34599766,0,4.2351894
9681.0,2023-24,35,0.048467416,0,1.582033
9681.0,2023-24,36,3.850079,1,1.5544634
9689.0,2023-24,10,-0.06747705,0,0.556273
9689.0,2023-24,11,-0.05901756,0,0.536939
9689.0,2023-24,12,-0.048710898,0,0.50371903
9689.0,2023-24,13,-0.024248986,0,0.46190226
9689.0,2023-24,14,-0.008016247,0,0.44065836
9689.0,2023-24,15,-0.017932415,0,0.42689615
9689.0,2023-24,16,0.3202926,1,0.41867274
9689.0,2023-24,17,0.035454966,0,0.81912446
9689.0,2023-24,18,1.271182,3,0.69973266
9689.0,2023-24,19,1.6502112,6,1.3439634
9689.0,2023-24,20,1.7421631,2,1.6364019
9689.0,2023-24,21,2.042576,2,1.6409198
9689.0,2023-24,22,2.19574,5,1.5896602
9689.0,2023-24,23,2.2693603,1,1.8568549
9689.0,2023-24,24,3.3557546,2,1.3965509
9689.0,2023-24,25,2.8390405,2,1.4156623
9689.0,2023-24,25,2.8390405,2,1.4460957
9689.0,2023-24,25,2.3080637,1,1.4156623
9689.0,2023-24,25,2.3080637,1,1.4460957
9689.0,2023-24,26,0.005354441,0,1.1868985
9689.0,2023-24,27,0.14723928,0,1.0281817
9689.0,2023-24,28,-0.051521745,0,0.6682077
9689.0,2023-24,29,-0.051275883,0,0.5079998
9689.0,2023-24,30,0.052164406,0,0.65196764
9689.0,2023-24,31,-0.0010557653,0,0.7501762
9689.0,2023-24,32,0.0035072665,0,0.64497477
9689.0,2023-24,33,0.006846967,0,0.5716217
9689.0,2023-24,34,0.45445976,2,0.52189934
9689.0,2023-24,35,1.6383325,1,1.2316493
9689.0,2023-24,36,1.822153,6,1.5853438
9689.0,2023-24,37,2.2786877,9,1.5966501
9689.0,2023-24,38,2.5939038,1,1.4260231
9788.0,2023-24,6,2.6684456,2,2.2951534
9788.0,2023-24,7,3.411729,2,1.9683702
9788.0,2023-24,8,4.0524297,4,2.3454506
9788.0,2023-24,9,4.0540805,3,2.3526056
9788.0,2023-24,10,4.0372443,12,2.28857
9788.0,2023-24,11,5.076395,3,2.2007766
9788.0,2023-24,12,3.1943262,3,2.71747
9788.0,2023-24,13,3.1033037,2,2.6674197
9788.0,2023-24,14,3.690973,2,3.414106
9788.0,2023-24,15,4.9496894,9,2.5558379
9788.0,2023-24,16,3.3818316,2,3.4029057
9788.0,2023-24,17,3.950103,3,2.58166
9788.0,2023-24,18,3.089389,2,2.8502424
9788.0,2023-24,19,3.1951168,1,2.9921052
9788.0,2023-24,20,2.8201802,2,2.659476
9788.0,2023-24,21,0.54559153,0,2.9561417
9788.0,2023-24,22,3.3671086,9,1.9512599
9788.0,2023-24,23,0.04395616,0,1.6978307
9788.0,2023-24,24,0.2944611,0,1.965915
9788.0,2023-24,25,0.15475188,0,2.0031266
9788.0,2023-24,26,0.091069326,0,1.4124806
9788.0,2023-24,27,1.2780651,1,1.0413119
9788.0,2023-24,28,1.2562903,2,1.848726
9788.0,2023-24,29,0.044242803,0,2.6711519
9788.0,2023-24,30,2.1572404,2,1.7238925
9788.0,2023-24,31,3.0025163,2,2.0835764
9788.0,2023-24,32,3.2599304,2,2.159737
9788.0,2023-24,33,5.7207594,1,2.927473
9788.0,2023-24,34,4.4844317,1,1.8298817
9788.0,2023-24,34,4.4844317,1,0.89466214
9788.0,2023-24,34,3.695356,2,1.8298817
9788.0,2023-24,34,3.695356,2,0.89466214
9788.0,2023-24,35,3.5743349,1,0.82169247
9788.0,2023-24,36,3.3748555,1,1.0162212
9788.0,2023-24,37,3.3579895,1,0.8131482
9788.0,2023-24,38,3.3439002,1,1.917692
9913.0,2023-24,7,1.6554484,2,1.6891584
9913.0,2023-24,7,2.3326838,1,1.6891584
9913.0,2023-24,8,2.3454506,1,1.4207647
9913.0,2023-24,9,-0.024227368,0,1.2842172
9913.0,2023-24,10,0.0023526952,0,1.0001342
9913.0,2023-24,11,0.07348601,0,0.8396468
9913.0,2023-24,12,1.0559686,1,0.612276
9913.0,2023-24,13,1.2327939,1,0.7430345
9913.0,2023-24,14,0.035003003,0,1.0543686
9913.0,2023-24,15,0.035003003,0,0.9777528
9913.0,2023-24,16,1.3531879,1,0.7871374
9913.0,2023-24,17,0.028688109,0,0.99281716
9913.0,2023-24,18,0.028688109,0,0.7246957
9913.0,2023-24,19,1.162023,1,0.52618396
9913.0,2023-24,20,1.0506945,1,0.83395904
9913.0,2023-24,21,-0.013180412,0,0.7259275
9913.0,2023-24,22,1.1460654,1,0.7287142
9913.0,2023-24,23,1.6329451,2,1.2685697
9913.0,2023-24,24,1.3925613,2,2.0696194
9913.0,2023-24,25,1.805892,1,1.5756373
9914.0,2023-24,6,-0.008060463,0,0.4403702
9914.0,2023-24,7,5.1368028e-05,0,0.42307746
9914.0,2023-24,8,5.1368028e-05,0,0.4045924
9914.0,2023-24,9,0.021775642,0,0.39802477
9914.0,2023-24,10,-0.017932415,0,0.39460757
9914.0,2023-24,11,-0.017932415,0,0.39309794
9914.0,2023-24,12,-0.017932415,0,0.3916273
9914.0,2023-24,13,0.4020024,1,0.3893869
9914.0,2023-24,14,1.2454388,6,0.74783546
9914.0,2023-24,15,1.8476568,2,1.3725857
9914.0,2023-24,16,2.1241112,2,1.5925832
9914.0,2023-24,17,0.20748913,0,1.6654583
9914.0,2023-24,18,0.022345532,0,1.0572879
9914.0,2023-24,19,0.15999806,0,0.5655257
9914.0,2023-24,20,0.115906246,0,0.5584211
9914.0,2023-24,21,1.4328969,1,0.440367
9914.0,2023-24,22,1.5603272,1,0.91404265
9914.0,2023-24,23,1.2528132,1,1.2065904
9914.0,2023-24,24,1.9264562,1,1.218066
9914.0,2023-24,25,0.14885364,0,1.0351483
9914.0,2023-24,26,0.04443193,0,0.60155857
9914.0,2023-24,27,0.04798492,0,0.36339164
9914.0,2023-24,28,0.007294922,0,0.4695499
9914.0,2023-24,29,1.2625259,3,0.4258715
9948.0,2023-24,17,4.0033174,9,2.5246303
9948.0,2023-24,18,3.9513602,6,2.686037
9948.0,2023-24,19,3.7075875,9,2.1258326
9948.0,2023-24,20,4.279371,15,2.814454
9948.0,2023-24,21,-1.2102134,0,2.0747607
9948.0,2023-24,22,3.9653132,16,2.2996123
9948.0,2023-24,23,3.8138812,1,1.7788947
9948.0,2023-24,24,0.53724295,0,2.1966715
9948.0,2023-24,25,0.22811145,0,1.0278242
9948.0,2023-24,26,0.23292814,0,0.6457517
9948.0,2023-24,27,-0.20005384,0,0.25159347
9948.0,2023-24,28,0.25574076,0,0.5119471
9948.0,2023-24,29,-0.0056788963,0,0.64918816
9948.0,2023-24,30,-0.0056788963,0,0.8694464
9948.0,2023-24,31,0.018187886,0,0.9423491
9948.0,2023-24,32,0.2859574,1,0.9144423
9948.0,2023-24,33,1.1014593,3,1.3427017
9948.0,2023-24,34,2.2177494,12,2.0435538
9948.0,2023-24,34,2.2177494,12,1.2566115
9948.0,2023-24,34,2.586847,1,2.0435538
9948.0,2023-24,34,2.586847,1,1.2566115
9948.0,2023-24,35,2.3295517,2,1.3179538
9948.0,2023-24,36,6.3885145,16,1.244035
9948.0,2023-24,37,4.4254165,12,0.9834915
9948.0,2023-24,38,3.9035401,6,0.6918422
9959.0,2023-24,30,-0.008330432,0,0.5996882
9959.0,2023-24,31,-0.0064152405,0,0.4808875
9959.0,2023-24,32,-0.011635208,0,0.43608665
9959.0,2023-24,33,0.9806855,1,0.4128213
9959.0,2023-24,34,1.100163,1,0.76496065
10027.0,2023-24,6,0.15527403,0,0.681578
10027.0,2023-24,7,-0.0009415839,0,0.5782267
10027.0,2023-24,8,0.0012926699,0,0.5138093
10027.0,2023-24,9,0.022527222,0,0.5140308
10027.0,2023-24,10,0.022527222,0,0.47970754
10027.0,2023-24,11,0.022527222,0,0.45945096
10027.0,2023-24,12,-0.017932415,0,0.4444909
10027.0,2023-24,13,0.5527336,1,0.43340382
10027.0,2023-24,14,0.22153527,0,0.5909275
10027.0,2023-24,15,0.22153527,0,0.77706814
10027.0,2023-24,16,0.9931607,6,0.6649177
10027.0,2023-24,17,1.5388571,1,3.6209075
10027.0,2023-24,18,-0.032316733,0,1.9738165
10027.0,2023-24,19,-0.04018601,0,0.8306197
10027.0,2023-24,20,0.07294843,0,0.70527613
10027.0,2023-24,21,-0.0013373625,0,0.71230614
10027.0,2023-24,22,1.3098779,1,0.5033412
10027.0,2023-24,23,1.4466481,0,0.5766352
10027.0,2023-24,24,1.3895342,1,0.34434003
10027.0,2023-24,25,-0.020875765,0,0.39202946
10027.0,2023-24,26,-0.008507748,0,0.33123788
10027.0,2023-24,27,0.8583524,1,0.2548361
10027.0,2023-24,28,1.012429,1,0.40235066
10027.0,2023-24,29,0.0009424889,0,1.0754874
10027.0,2023-24,30,0.0009424889,0,0.75078243
10027.0,2023-24,31,0.014778898,0,0.47985208
10027.0,2023-24,32,0.020280872,0,0.3771655
10027.0,2023-24,33,0.02705722,0,0.46771508
10027.0,2023-24,34,0.019175472,0,0.40988058
10027.0,2023-24,35,0.019175472,0,0.40682924
10027.0,2023-24,36,0.035712488,0,0.40048826
10027.0,2023-24,37,0.5864625,1,0.39580852
10126.0,2023-24,6,2.0273743,2,1.3536806
10126.0,2023-24,7,2.6242435,1,1.2954772
10126.0,2023-24,8,3.0787902,1,1.2261133
10126.0,2023-24,9,2.647542,5,1.0266373
10126.0,2023-24,10,1.656917,2,1.9051883
10126.0,2023-24,11,2.211614,4,1.7963562
10126.0,2023-24,12,2.5461805,2,1.9125769
10126.0,2023-24,13,2.9785259,2,1.6772573
10126.0,2023-24,14,2.8977082,1,1.708771
10126.0,2023-24,15,2.3547034,2,1.8646786
10126.0,2023-24,16,2.8228042,8,1.7923933
10126.0,2023-24,17,2.8715932,1,1.859506
10126.0,2023-24,18,3.054264,1,2.0455282
10126.0,2023-24,19,3.926847,5,1.6440496
10126.0,2023-24,20,0.4565131,0,1.5861657
10126.0,2023-24,21,2.8355515,2,1.6930711
10126.0,2023-24,22,3.171771,7,2.583577
10126.0,2023-24,23,3.1235285,2,1.7441125
10126.0,2023-24,24,2.932174,7,1.9228308
10126.0,2023-24,25,3.572241,2,1.7368017
10126.0,2023-24,26,3.3255439,2,1.5316855
10126.0,2023-24,27,3.04547,1,1.8849578
10126.0,2023-24,28,3.208162,1,1.6947544
10126.0,2023-24,29,-0.23292051,0,1.4314119
10126.0,2023-24,30,2.4476118,1,1.1050628
10126.0,2023-24,31,1.4306136,2,1.1565754
10126.0,2023-24,32,3.1723692,1,2.2207756
10126.0,2023-24,33,2.7181702,1,2.7773488
10126.0,2023-24,34,3.0336795,5,2.4867027
10126.0,2023-24,34,3.0336795,5,2.522292
10126.0,2023-24,34,2.9918704,1,2.4867027
10126.0,2023-24,34,2.9918704,1,2.522292
10126.0,2023-24,35,-0.24109347,0,1.970252
10126.0,2023-24,36,2.494632,1,1.4805074
10205.0,2023-24,19,0.96823215,1,0.58788145
10327.0,2023-24,6,0.4573675,0,0.3246186
10327.0,2023-24,7,0.3000005,0,0.32567802
10327.0,2023-24,8,0.3504561,0,0.36541337
10327.0,2023-24,9,0.49089396,0,0.38335913
10327.0,2023-24,10,0.33917803,0,0.35732943
10327.0,2023-24,11,0.4853602,0,0.38260004
10327.0,2023-24,12,0.30001077,0,0.35707033
10327.0,2023-24,13,0.6629827,0,0.39406615
10327.0,2023-24,14,0.35285473,0,0.4083243
10327.0,2023-24,15,0.5639182,0,0.30957663
10327.0,2023-24,16,0.5499554,0,0.36249793
10327.0,2023-24,17,0.42963716,0,0.3836836
10327.0,2023-24,18,0.43587986,0,0.45236862
10327.0,2023-24,19,0.4742849,0,0.46083313
10327.0,2023-24,20,0.48650113,0,0.40961733
10327.0,2023-24,21,0.37029952,0,0.38706723
10327.0,2023-24,22,0.5347139,0,0.4043765
10327.0,2023-24,23,0.36588398,0,0.38236624
10327.0,2023-24,24,0.37104636,0,0.38678014
10327.0,2023-24,25,0.34176248,0,0.35711956
10327.0,2023-24,26,0.6898438,0,0.37645692
10327.0,2023-24,27,0.34874195,0,0.35976398
10327.0,2023-24,28,0.5291123,0,0.38194737
10327.0,2023-24,29,-0.017932415,0,0.39843386
10327.0,2023-24,30,0.47377175,0,0.45887434
10327.0,2023-24,31,0.5355039,0,0.47575974
10327.0,2023-24,32,0.25277513,0,0.45475823
10327.0,2023-24,33,0.516807,0,0.4706385
10327.0,2023-24,34,0.31837097,0,0.45196265
10327.0,2023-24,34,0.31837097,0,0.3698328
10327.0,2023-24,34,0.46864906,0,0.45196265
10327.0,2023-24,34,0.46864906,0,0.3698328
10327.0,2023-24,35,0.57828116,0,0.40789795
10327.0,2023-24,36,0.28672355,0,0.42238015
10327.0,2023-24,37,0.5540681,0,0.38709563
10327.0,2023-24,38,0.36659002,0,0.34437007
10405.0,2023-24,7,-0.013550402,0,0.43147066
10405.0,2023-24,8,-0.0035363657,0,0.41885254
10405.0,2023-24,9,-0.0035363657,0,0.40371943
10405.0,2023-24,10,0.018187886,0,0.39795238
10405.0,2023-24,11,-0.017932415,0,0.39482313
10405.0,2023-24,12,-0.017932415,0,0.39285487
10405.0,2023-24,13,-0.017932415,0,0.39093596
10405.0,2023-24,14,-0.017932415,0,0.38862014
10405.0,2023-24,15,-0.017932415,0,0.38618207
10405.0,2023-24,16,-0.017932415,0,0.38369066
10405.0,2023-24,17,-0.017932415,0,0.38369066
10405.0,2023-24,18,-0.017932415,0,0.38369066
10405.0,2023-24,19,-0.017932415,0,0.38369066
10405.0,2023-24,20,-0.017932415,0,0.38369066
10405.0,2023-24,21,0.3585092,1,0.38369066
10405.0,2023-24,22,1.0053209,1,0.7827885
10408.0,2023-24,6,3.4159184,2,4.3513136
10408.0,2023-24,7,4.008324,2,1.8974261
10408.0,2023-24,8,4.4752965,2,2.3684106
10408.0,2023-24,9,4.0767345,6,2.4367785
10408.0,2023-24,10,0.28120574,0,2.2022736
10408.0,2023-24,11,2.475453,6,2.1120608
10408.0,2023-24,12,2.237811,1,2.7240384
10408.0,2023-24,13,2.0813584,1,1.9590052
10408.0,2023-24,14,2.354862,2,1.558538
10408.0,2023-24,15,4.9346385,3,1.4921696
10408.0,2023-24,16,3.9676266,1,1.6099843
10408.0,2023-24,17,4.130039,3,1.8954197
10408.0,2023-24,18,2.856148,2,2.154287
10408.0,2023-24,19,3.400487,4,1.9160254
10408.0,2023-24,20,2.6803367,1,2.2175624
10408.0,2023-24,21,3.9811516,3,2.399632
10408.0,2023-24,22,5.0340724,12,2.001882
10408.0,2023-24,23,4.1303873,5,2.150447
10408.0,2023-24,24,5.9580045,9,2.7232864
10408.0,2023-24,25,4.1380105,5,2.5393555
10408.0,2023-24,25,4.1380105,5,1.9243591
10408.0,2023-24,25,3.9581115,7,2.5393555
10408.0,2023-24,25,3.9581115,7,1.9243591
10408.0,2023-24,26,-0.76294565,0,2.5560887
10408.0,2023-24,27,3.4252741,3,1.5520641
10408.0,2023-24,28,2.6713557,2,2.284755
10408.0,2023-24,29,1.2349546,0,2.494726
10408.0,2023-24,30,4.529543,10,4.309473
10408.0,2023-24,31,4.481609,6,5.080201
10408.0,2023-24,32,4.1879144,7,3.700795
10408.0,2023-24,33,5.119644,2,6.032174
10408.0,2023-24,34,4.363287,2,3.7435987
10408.0,2023-24,34,4.363287,2,4.1849647
10408.0,2023-24,34,3.630611,1,3.7435987
10408.0,2023-24,34,3.630611,1,4.1849647
10408.0,2023-24,35,3.2226653,5,4.280616
10408.0,2023-24,36,5.8686247,2,4.5918903
10408.0,2023-24,37,6.148363,2,3.0902362
10408.0,2023-24,38,4.4304624,3,3.1662743
10433.0,2023-24,27,-0.082540646,0,0.7700081
10433.0,2023-24,28,1.2541729,1,0.5860351
10433.0,2023-24,29,-0.014539062,0,0.8034474
10433.0,2023-24,30,0.007185203,0,0.7387771
10433.0,2023-24,31,0.01931997,0,0.6077385
10433.0,2023-24,32,1.0715563,1,0.52631444
10433.0,2023-24,33,1.2777778,1,0.44043672
10433.0,2023-24,34,1.2021388,1,0.71744287
10433.0,2023-24,35,1.3174193,1,0.586753
10433.0,2023-24,35,1.3174193,1,0.43783718
10433.0,2023-24,35,1.3412137,1,0.586753
10433.0,2023-24,35,1.3412137,1,0.43783718
10433.0,2023-24,36,1.2790285,1,0.50824314
10433.0,2023-24,37,1.2761471,1,0.9042771
10433.0,2023-24,38,1.4625067,1,0.7385967
10527.0,2023-24,11,0.056553017,0,1.2148858
10527.0,2023-24,12,2.421654,0,1.1277022
10527.0,2023-24,13,2.0037649,1,1.035175
10527.0,2023-24,14,1.5308791,1,0.9886668
10527.0,2023-24,15,1.6754459,2,1.1847992
10527.0,2023-24,16,2.001986,1,1.3261582
10527.0,2023-24,17,-0.06671553,0,1.445682
10527.0,2023-24,18,1.8264277,0,1.1555341
10527.0,2023-24,19,1.7194812,1,1.0176864
10527.0,2023-24,20,-0.09037922,0,0.9125279
10527.0,2023-24,21,-0.04458925,0,0.7827084
10527.0,2023-24,22,1.2907532,0,0.70172834
10527.0,2023-24,23,1.4294698,1,0.8031124
10527.0,2023-24,24,1.2815949,1,0.90787995
10527.0,2023-24,25,-0.044668697,0,0.6790123
10527.0,2023-24,26,-0.03883792,0,0.8573491
10527.0,2023-24,27,1.1634872,1,0.63548815
10527.0,2023-24,28,1.5088593,3,1.0123904
10527.0,2023-24,29,0.10728069,0,1.3314431
10527.0,2023-24,30,1.5749943,2,1.1052248
10527.0,2023-24,31,1.8315573,3,1.3768861
10527.0,2023-24,32,2.0631673,1,1.8899264
10527.0,2023-24,33,2.0933464,2,1.6551892
10527.0,2023-24,34,1.9112632,1,1.69223
10527.0,2023-24,35,2.0638196,1,1.7289076
10527.0,2023-24,36,2.1220934,1,1.5524192
10527.0,2023-24,37,1.515774,1,1.3219662
10527.0,2023-24,37,1.515774,1,1.2345301
10527.0,2023-24,37,1.2285974,1,1.3219662
10527.0,2023-24,37,1.2285974,1,1.2345301
10527.0,2023-24,38,1.7009127,2,1.2292669
10552.0,2023-24,6,0.15307234,0,1.0275476
10552.0,2023-24,7,1.7114781,1,1.2232227
10552.0,2023-24,8,1.6557881,1,1.590862
10552.0,2023-24,9,3.657091,1,1.4828155
10552.0,2023-24,10,2.3669395,1,1.5395874
10552.0,2023-24,11,2.2459128,2,1.0922525
10552.0,2023-24,12,3.199371,3,1.5519564
10552.0,2023-24,13,2.732151,8,1.9617183
10552.0,2023-24,14,2.3551824,2,1.7319081
10552.0,2023-24,15,3.1314688,4,1.9793494
10552.0,2023-24,16,4.2458353,2,2.7324326
10552.0,2023-24,17,3.8006961,3,2.6471128
10552.0,2023-24,18,4.286945,2,2.7129838
10552.0,2023-24,19,4.83684,14,2.0192647
10552.0,2023-24,20,3.873308,4,1.8489771
10552.0,2023-24,21,4.023536,2,3.1835098
10552.0,2023-24,22,4.3959174,1,2.8584871
10552.0,2023-24,23,4.5316224,16,2.740856
10552.0,2023-24,24,4.399345,2,2.1146007
10552.0,2023-24,25,3.8538935,5,2.0683556
10552.0,2023-24,26,6.215643,2,2.8194697
10552.0,2023-24,27,4.514852,2,2.6803405
10552.0,2023-24,28,5.201076,9,3.278334
10552.0,2023-24,29,0.3087189,0,2.7062085
10552.0,2023-24,30,3.2187715,1,2.5112195
10552.0,2023-24,31,3.2122908,14,1.6407872
10552.0,2023-24,32,4.8447504,2,2.375498
10552.0,2023-24,33,4.4922986,4,1.1936562
10552.0,2023-24,34,4.2617226,5,2.1034584
10552.0,2023-24,35,5.8602157,2,3.3078604
10552.0,2023-24,36,5.463494,2,2.3608656
10552.0,2023-24,37,4.918915,2,3.1244695
10552.0,2023-24,37,4.918915,2,2.9511864
10552.0,2023-24,37,3.9937282,2,3.1244695
10552.0,2023-24,37,3.9937282,2,2.9511864
10552.0,2023-24,38,4.1844254,3,3.1421323
10620.0,2023-24,6,2.3802762,2,1.4158983
10620.0,2023-24,7,1.7158465,1,1.3024126
10620.0,2023-24,7,1.7158465,1,1.4705604
10620.0,2023-24,7,2.2824159,3,1.3024126
10620.0,2023-24,7,2.2824159,3,1.4705604
10620.0,2023-24,8,3.2888613,1,1.5987937
10620.0,2023-24,9,2.7552946,1,1.7445033
10620.0,2023-24,10,3.9535086,2,1.751354
10620.0,2023-24,11,3.0991192,2,1.5354606
10620.0,2023-24,12,2.5851066,2,1.7284174
10620.0,2023-24,13,2.3592496,6,1.6086932
10620.0,2023-24,14,3.152406,8,1.7602355
10620.0,2023-24,15,4.4965425,1,2.0976653
10697.0,2023-24,10,2.3122647,1,0.7659824
10697.0,2023-24,11,2.6054702,2,0.88039815
10697.0,2023-24,12,-0.17889647,0,1.3641983
10697.0,2023-24,13,1.8374487,1,1.3937166
10697.0,2023-24,14,2.7991395,2,1.6262921
10697.0,2023-24,15,3.1674628,1,1.5835824
10697.0,2023-24,16,2.7756414,1,1.4672215
10697.0,2023-24,17,2.4793663,3,1.306504
10697.0,2023-24,18,2.2262864,1,1.575145
10697.0,2023-24,19,2.4750931,3,1.7666445
10697.0,2023-24,20,2.4140418,1,1.6362653
10697.0,2023-24,21,2.3363278,1,1.6612644
10697.0,2023-24,22,0.11063229,0,1.2571844
10697.0,2023-24,23,1.5239704,1,1.1862967
10697.0,2023-24,24,0.022176135,0,1.128786
10697.0,2023-24,25,1.8179706,1,0.84177244
10697.0,2023-24,25,1.8179706,1,1.4715257
10697.0,2023-24,25,2.1039205,2,0.84177244
10697.0,2023-24,25,2.1039205,2,1.4715257
10697.0,2023-24,26,0.26081192,0,1.7681464
10697.0,2023-24,27,0.24790853,0,1.4195805
10697.0,2023-24,28,-0.06632925,0,1.013665
10697.0,2023-24,29,-0.03293213,0,0.8067314
10697.0,2023-24,30,1.1812222,1,0.5920829
10697.0,2023-24,31,2.0284355,1,0.87421274
10697.0,2023-24,32,0.031281777,0,1.4188089
10697.0,2023-24,33,0.08669941,0,0.9271443
10697.0,2023-24,34,1.9153751,10,0.6367385
10697.0,2023-24,35,2.11716,2,0.5771564
10697.0,2023-24,36,2.5553594,1,1.566874
10697.0,2023-24,37,2.6822982,1,1.3854762
10697.0,2023-24,38,3.0451398,1,1.0583495
10715.0,2023-24,7,2.1544828,2,1.5320141
10715.0,2023-24,8,2.1290014,1,1.51317
10715.0,2023-24,9,2.341664,2,1.573619
10715.0,2023-24,10,2.07066,10,1.6382856
10715.0,2023-24,11,2.7551742,1,1.6981866
10715.0,2023-24,12,2.6703157,1,1.5773624
10715.0,2023-24,13,0.07778803,0,1.6346922
10715.0,2023-24,14,2.0425026,2,1.467335
10715.0,2023-24,15,2.5607753,3,1.7077266
10715.0,2023-24,16,3.1504889,5,1.7178758
10715.0,2023-24,17,2.8911996,1,1.8836601
10715.0,2023-24,18,2.9574974,1,1.3809158
10715.0,2023-24,19,2.4488044,2,1.5368454
10715.0,2023-24,20,1.7371563,2,1.5408988
10715.0,2023-24,21,2.2200208,2,1.4872906
10715.0,2023-24,22,2.457333,2,1.6664666
10715.0,2023-24,23,3.018447,8,1.4151955
10715.0,2023-24,24,2.6371703,2,1.5770872
10715.0,2023-24,25,1.9591075,1,1.7029471
10715.0,2023-24,26,-0.17674166,0,1.8791826
10715.0,2023-24,27,0.092670254,0,1.9468251
10715.0,2023-24,28,2.823056,0,1.4026504
10715.0,2023-24,29,2.0837023,2,1.7850183
10715.0,2023-24,30,3.2443535,8,1.5068467
10715.0,2023-24,31,2.6170602,2,1.1365228
10715.0,2023-24,32,2.6028943,2,1.279459
10715.0,2023-24,33,2.8271947,3,1.3756256
10715.0,2023-24,34,2.1630366,1,2.070981
10715.0,2023-24,35,3.1259053,3,1.5263011
10715.0,2023-24,36,3.2995422,3,1.6830325
10715.0,2023-24,37,2.4400885,2,1.9221044
10715.0,2023-24,38,3.4450698,2,1.8802543
10716.0,2023-24,7,3.6621873,1,1.668739
10741.0,2023-24,9,3.048639,2,0.97974247
10741.0,2023-24,10,3.065078,2,1.6929517
10741.0,2023-24,11,2.6023827,2,1.6090186
10741.0,2023-24,12,2.6062584,3,1.6999625
10741.0,2023-24,13,3.6301012,16,1.8351167
10741.0,2023-24,14,4.614837,2,1.8150499
10741.0,2023-24,15,3.4465914,1,1.7015225
10741.0,2023-24,16,3.6205645,9,2.3975966
10741.0,2023-24,17,-0.19853105,0,2.1867461
10741.0,2023-24,18,3.463114,2,3.5366104
10741.0,2023-24,19,3.7500627,3,2.721567
10741.0,2023-24,20,3.2253997,6,1.8559756
10741.0,2023-24,21,4.272638,2,3.3786576
10741.0,2023-24,22,3.284059,2,2.474231
10741.0,2023-24,23,2.8671546,1,3.1369486
10741.0,2023-24,24,3.1255774,2,2.1881168
10741.0,2023-24,25,2.903009,2,2.8924139
10741.0,2023-24,26,3.3741007,2,2.8484845
10741.0,2023-24,27,3.0237315,2,2.0647144
10741.0,2023-24,28,3.6053607,2,1.9053737
10741.0,2023-24,28,3.6053607,2,2.5796719
10741.0,2023-24,28,2.9060397,1,1.9053737
10741.0,2023-24,28,2.9060397,1,2.5796719
10741.0,2023-24,29,0.14158145,0,2.9597065
10741.0,2023-24,30,3.19424,3,2.2687147
10741.0,2023-24,31,3.4123874,2,1.8258065
10741.0,2023-24,32,3.4866729,6,1.6006037
10741.0,2023-24,33,0.069148794,0,1.9666108
10741.0,2023-24,34,-0.13812163,0,1.788591
10741.0,2023-24,35,-0.16188233,0,1.6646048
10741.0,2023-24,36,0.0528408,0,1.2258084
10741.0,2023-24,37,1.3514317,1,1.0453027
10741.0,2023-24,38,1.4907198,1,1.4848263
10744.0,2023-24,6,3.3386495,5,1.7102952
10744.0,2023-24,7,3.3380508,2,2.1055918
10744.0,2023-24,8,3.2263966,1,1.7111737
10744.0,2023-24,9,3.2310827,1,1.649818
10744.0,2023-24,10,3.041711,2,1.4648728
10744.0,2023-24,11,2.5399258,2,1.9925072
10744.0,2023-24,12,2.5316834,3,1.9649932
10744.0,2023-24,13,4.318724,2,2.1656451
10744.0,2023-24,14,3.2080345,7,2.18355
10744.0,2023-24,15,3.6827524,3,2.412573
10744.0,2023-24,16,2.20971,3,2.80819
10744.0,2023-24,17,-0.1887135,0,2.7044764
10744.0,2023-24,18,3.4202664,1,2.1951995
10744.0,2023-24,19,3.0653741,3,2.4548376
10744.0,2023-24,20,2.8810205,2,1.9214311
10744.0,2023-24,21,2.63559,2,2.257405
10744.0,2023-24,22,3.3364422,1,2.287203
10744.0,2023-24,23,2.3976347,1,2.3689764
10744.0,2023-24,24,2.7357843,2,1.9007024
10744.0,2023-24,25,2.1548846,1,2.8297484
10744.0,2023-24,26,2.9892597,2,1.807461
10744.0,2023-24,27,3.5702052,1,1.7915576
10744.0,2023-24,28,3.50387,7,1.4678338
10744.0,2023-24,28,3.50387,7,1.8616054
10744.0,2023-24,28,3.4409363,5,1.4678338
10744.0,2023-24,28,3.4409363,5,1.8616054
10744.0,2023-24,29,-0.32043627,0,2.756207
10744.0,2023-24,30,-0.046008065,0,2.6159592
10744.0,2023-24,31,3.541251,3,2.250863
10744.0,2023-24,32,3.0499063,2,1.60756
10744.0,2023-24,33,2.8199756,1,2.2781088
10744.0,2023-24,34,2.8085108,2,2.766005
10744.0,2023-24,34,2.8085108,2,2.4364207
10744.0,2023-24,34,2.988356,3,2.766005
10744.0,2023-24,34,2.988356,3,2.4364207
10744.0,2023-24,35,3.9193282,4,2.3497303
10744.0,2023-24,36,2.1479561,1,2.274407
10744.0,2023-24,37,2.3888364,3,1.8830292
10744.0,2023-24,38,2.8633285,2,2.1654074
10760.0,2023-24,6,1.7075851,2,1.7058744
10760.0,2023-24,7,0.1805613,0,1.4803643
10760.0,2023-24,8,-0.014755164,0,1.4142206
10760.0,2023-24,9,2.3859608,1,1.0872424
10760.0,2023-24,10,1.9111946,3,1.11028
10760.0,2023-24,11,2.3147867,1,1.338227
10760.0,2023-24,12,2.20989,9,1.1540431
10760.0,2023-24,13,2.1920168,2,0.81877816
10760.0,2023-24,14,2.1465547,5,1.079908
10760.0,2023-24,15,4.3415666,2,0.8094307
10760.0,2023-24,16,3.8629138,3,2.005698
10760.0,2023-24,17,5.140482,1,1.7040062
10760.0,2023-24,18,4.4911146,9,1.644768
10760.0,2023-24,19,4.1286407,2,1.6939919
10760.0,2023-24,20,3.5668256,6,2.7940204
10760.0,2023-24,21,4.208623,2,2.6910412
10760.0,2023-24,22,3.5872371,7,2.5631692
10760.0,2023-24,23,4.41855,2,2.814479
10760.0,2023-24,24,4.7821374,7,2.09455
10760.0,2023-24,25,4.6994133,1,2.0122697
10760.0,2023-24,26,0.24027327,0,1.5756079
10760.0,2023-24,27,2.3045988,8,0.96254814
10760.0,2023-24,28,2.481656,8,2.1376562
10760.0,2023-24,29,3.4747467,1,2.0900028
10760.0,2023-24,30,6.2550445,8,2.136728
10760.0,2023-24,31,3.5947962,9,0.64817566
10760.0,2023-24,32,4.046561,2,0.8915632
10760.0,2023-24,33,3.3244176,2,2.2442248
10760.0,2023-24,34,-0.80945843,0,2.060577
10760.0,2023-24,35,3.9115877,1,2.1910403
10760.0,2023-24,35,3.9115877,1,2.2484515
10760.0,2023-24,35,3.1487105,2,2.1910403
10760.0,2023-24,35,3.1487105,2,2.2484515
10760.0,2023-24,36,3.074284,5,2.2817633
10760.0,2023-24,37,4.67185,5,2.8979418
10760.0,2023-24,37,4.67185,5,2.7834768
10760.0,2023-24,37,3.013003,2,2.8979418
10760.0,2023-24,37,3.013003,2,2.7834768
10760.0,2023-24,38,4.8044047,6,2.2641861
10806.0,2023-24,6,5.0326314,14,2.7965562
10806.0,2023-24,7,3.827726,1,2.58102
10806.0,2023-24,8,5.739953,2,2.0687587
10806.0,2023-24,9,4.084861,2,2.278452
10806.0,2023-24,10,4.9064174,2,4.005237
10806.0,2023-24,11,4.2784142,6,2.8529727
10806.0,2023-24,12,5.4623537,1,3.6029675
10806.0,2023-24,13,0.096324325,0,2.609987
10806.0,2023-24,14,2.4948382,1,1.6322236
10806.0,2023-24,15,3.5185156,5,3.0233154
10806.0,2023-24,16,4.714724,1,3.1597316
10806.0,2023-24,17,2.4578667,1,2.4831064
10806.0,2023-24,18,3.2914176,2,2.0494916
10806.0,2023-24,19,0.021392714,0,2.4369924
10806.0,2023-24,20,0.42573333,0,2.5265808
10806.0,2023-24,21,0.105506115,0,1.3812598
10806.0,2023-24,22,0.17194928,0,0.8821783
10806.0,2023-24,23,0.02524935,0,0.799142
10806.0,2023-24,24,1.2876185,2,0.6898304
10806.0,2023-24,25,2.0324357,9,2.7257202
10809.0,2023-24,7,3.1279285,2,1.5669986
10809.0,2023-24,8,0.17172281,0,2.1708803
10809.0,2023-24,9,0.07250406,0,1.823787
10809.0,2023-24,10,0.1520118,0,1.2370349
10809.0,2023-24,11,0.14908189,0,0.86066073
10809.0,2023-24,12,0.11513432,0,0.57547235
10809.0,2023-24,13,1.1383933,1,0.40592635
10809.0,2023-24,14,1.3846226,4,0.8284507
10809.0,2023-24,15,1.775096,1,0.5978158
10809.0,2023-24,16,2.4138064,2,0.6070852
10809.0,2023-24,17,2.5827057,9,0.5701605
10809.0,2023-24,18,-0.044003516,0,0.74819505
10809.0,2023-24,19,2.1031768,2,0.39883187
10809.0,2023-24,20,2.9173448,7,1.9427267
10809.0,2023-24,21,2.93626,2,1.4190695
10809.0,2023-24,22,5.303274,2,1.6737158
10809.0,2023-24,23,2.2462685,1,1.8278067
10809.0,2023-24,24,3.0910454,1,1.608273
10809.0,2023-24,25,2.9211497,1,1.6328903
10809.0,2023-24,25,2.9211497,1,1.696615
10809.0,2023-24,25,1.7556065,1,1.6328903
10809.0,2023-24,25,1.7556065,1,1.696615
10809.0,2023-24,26,2.4728577,5,1.817641
10809.0,2023-24,27,0.06349178,0,2.6463563
10809.0,2023-24,28,1.839942,2,2.2192304
10809.0,2023-24,29,2.543383,1,2.138651
10809.0,2023-24,30,2.3508375,3,2.0351148
10809.0,2023-24,31,3.0909026,3,2.0046582
10809.0,2023-24,32,3.0833893,1,1.4355866
10809.0,2023-24,33,3.583526,1,1.264097
10809.0,2023-24,34,2.8326454,8,0.5447171
10809.0,2023-24,35,4.249113,1,0.85754997
10809.0,2023-24,36,3.454354,3,1.477035
10809.0,2023-24,37,4.5474343,3,2.0347023
10822.0,2023-24,12,2.2693973,1,0.86437654
10822.0,2023-24,13,-0.083015464,0,1.3028884
10822.0,2023-24,14,-0.034222484,0,1.2745137
10822.0,2023-24,15,2.0286386,1,0.9616397
10822.0,2023-24,16,1.3753474,6,0.52084434
10822.0,2023-24,17,1.8529913,2,0.85289353
10822.0,2023-24,18,2.0533485,14,1.6117867
10822.0,2023-24,19,2.867409,2,1.0487655
10822.0,2023-24,20,2.6328018,2,1.3874309
10822.0,2023-24,21,3.3824644,3,1.9273744
10822.0,2023-24,22,2.8069944,2,1.6930546
10822.0,2023-24,23,3.1348972,5,1.808882
10822.0,2023-24,24,2.5773,2,1.608402
10822.0,2023-24,25,2.8368704,2,2.2168634
10822.0,2023-24,26,2.6314867,2,2.168612
10822.0,2023-24,27,2.6869183,2,2.2817605
10822.0,2023-24,28,3.0346303,2,2.571205
10822.0,2023-24,29,3.7333264,5,2.7348905
10822.0,2023-24,30,3.9402928,2,2.1498945
10822.0,2023-24,31,5.3834305,2,2.3765283
10822.0,2023-24,32,4.5025353,2,2.2841675
10822.0,2023-24,33,3.06993,2,2.6385164
10822.0,2023-24,34,4.77494,5,3.1057506
10822.0,2023-24,35,4.5411286,1,3.2724125
10822.0,2023-24,36,5.0753,2,2.7861464
10822.0,2023-24,37,3.4328628,2,2.3282464
10822.0,2023-24,38,3.546112,2,3.0277827
10866.0,2023-24,10,0.070548125,0,1.1330099
10866.0,2023-24,11,1.5446042,6,0.8592394
10866.0,2023-24,12,1.4255382,1,1.0244077
10866.0,2023-24,13,1.7613817,1,0.8325285
10866.0,2023-24,14,2.077876,1,0.657212
10866.0,2023-24,15,2.3140063,6,0.93166375
10866.0,2023-24,16,2.261357,1,1.0191798
10866.0,2023-24,17,-0.23861049,0,1.644525
10866.0,2023-24,18,2.4050348,1,1.3390918
10866.0,2023-24,19,2.973683,6,1.6561522
10866.0,2023-24,20,2.9912724,2,1.1093024
10866.0,2023-24,21,2.9724333,1,1.3244787
10866.0,2023-24,22,2.6309297,1,1.0907464
10866.0,2023-24,23,3.0471408,7,1.0981936
10866.0,2023-24,24,3.1735318,2,1.3668069
10866.0,2023-24,25,-0.2732519,0,2.9547412
10866.0,2023-24,26,2.029798,1,1.5887673
10866.0,2023-24,27,-0.3467837,0,1.1585675
10866.0,2023-24,28,2.734152,1,0.7812855
10866.0,2023-24,28,2.734152,1,1.9497654
10866.0,2023-24,28,2.6620317,1,0.7812855
10866.0,2023-24,28,2.6620317,1,1.9497654
10866.0,2023-24,29,0.58581746,0,1.5759425
10866.0,2023-24,30,0.39194775,0,0.89086187
10866.0,2023-24,31,0.4092944,0,0.517597
10866.0,2023-24,32,-0.046059728,0,0.26521206
10866.0,2023-24,33,1.6771656,1,0.39659584
10872.0,2023-24,6,2.0402946,2,1.5131499
10872.0,2023-24,7,1.928503,2,1.6031306
10872.0,2023-24,8,2.0833163,3,1.7222188
10872.0,2023-24,9,2.0716205,1,1.7986572
10872.0,2023-24,10,1.5525306,2,1.6124581
10872.0,2023-24,11,1.8742065,2,1.6873806
10872.0,2023-24,12,1.8576202,1,1.7311841
10872.0,2023-24,13,2.0087662,1,1.6929197
10872.0,2023-24,14,1.9139292,0,1.4465944
10872.0,2023-24,15,1.7575923,2,1.19891
10872.0,2023-24,16,1.9995999,3,1.3392816
10872.0,2023-24,17,1.6600434,2,1.5982249
10872.0,2023-24,18,1.5320638,2,1.8025378
10872.0,2023-24,19,2.1598644,2,1.7058983
10872.0,2023-24,20,2.0635705,2,1.7608595
10872.0,2023-24,21,1.9506937,2,1.8660233
10872.0,2023-24,22,2.0650394,2,1.7586112
10872.0,2023-24,23,2.0922205,2,1.674113
10872.0,2023-24,24,1.9527149,13,1.5801227
10872.0,2023-24,25,2.1946757,2,1.5263121
10872.0,2023-24,26,2.3187776,2,1.6016258
10872.0,2023-24,27,2.2858171,2,1.672375
10872.0,2023-24,28,1.847154,1,1.5441657
10872.0,2023-24,29,-0.13671143,0,1.4223098
10872.0,2023-24,30,2.4879038,2,1.411824
10872.0,2023-24,31,1.7649868,2,1.6004415
10872.0,2023-24,32,2.7597616,1,1.9089205
10872.0,2023-24,33,1.7201904,0,1.634452
10872.0,2023-24,34,1.6858274,2,1.2432762
10872.0,2023-24,34,1.6858274,2,1.6292355
10872.0,2023-24,34,2.086914,1,1.2432762
10872.0,2023-24,34,2.086914,1,1.6292355
10872.0,2023-24,35,1.9049364,1,1.5099225
10872.0,2023-24,36,2.309201,1,1.1586022
10872.0,2023-24,37,1.9228294,2,0.9941176
10872.0,2023-24,38,2.1016977,1,1.2203498
10997.0,2023-24,26,-0.003518724,0,0.9561423
10997.0,2023-24,27,1.0825728,1,0.7434091
11000.0,2023-24,6,1.5035955,6,0.8959192
11000.0,2023-24,7,2.842757,1,2.4092257
11000.0,2023-24,8,2.0686018,1,1.5201237
11000.0,2023-24,9,0.09445632,0,1.2708085
11000.0,2023-24,10,0.13640966,0,1.1178484
11000.0,2023-24,11,1.6059613,1,0.90813833
11000.0,2023-24,12,0.016650688,0,1.2144406
11000.0,2023-24,13,0.01786229,0,0.96596396
11000.0,2023-24,14,0.03193836,0,0.7152153
11000.0,2023-24,15,0.92404824,1,0.60378027
11000.0,2023-24,16,1.532121,1,0.9476558
11000.0,2023-24,17,0.0036716762,0,1.0778167
11000.0,2023-24,18,0.0036716762,0,0.7545347
11000.0,2023-24,19,1.0836082,2,0.60683155
11000.0,2023-24,20,0.14597604,0,1.5048807
11000.0,2023-24,21,0.31504938,0,0.861343
11000.0,2023-24,22,2.6403322,6,0.5904382
11000.0,2023-24,23,0.15443835,0,1.1855941
11000.0,2023-24,24,3.016109,1,1.359997
11000.0,2023-24,25,-0.1599607,0,1.4135675
11000.0,2023-24,26,2.066819,3,1.1348276
11000.0,2023-24,27,-0.19389851,0,1.3723522
11000.0,2023-24,28,-0.0075832168,0,1.2833748
11000.0,2023-24,29,-0.0075832168,0,0.9245101
11000.0,2023-24,30,-0.047794394,0,0.8014611
11000.0,2023-24,31,1.4918952,1,0.6076784
11000.0,2023-24,32,1.5365142,1,1.221942
11000.0,2023-24,33,1.7702353,2,1.5016179
11000.0,2023-24,34,2.9395864,1,1.98275
11000.0,2023-24,35,2.7331362,1,1.321624
11000.0,2023-24,36,2.7599669,1,0.9193866
11003.0,2023-24,6,-0.19160883,0,1.5003707
11003.0,2023-24,7,-0.081552446,0,1.305952
11003.0,2023-24,8,1.150626,0,0.9773991
11003.0,2023-24,9,1.3275266,1,0.9165131
11003.0,2023-24,10,1.2589043,1,1.1468017
11003.0,2023-24,11,2.0112836,1,1.2595019
11003.0,2023-24,12,0.08783996,0,1.2229908
11003.0,2023-24,13,1.3202087,1,0.9175838
11003.0,2023-24,14,1.8619136,3,1.5565987
11003.0,2023-24,15,2.8368928,0,1.1959612
11003.0,2023-24,16,2.604304,2,1.0806208
11003.0,2023-24,17,2.535032,2,0.77280825
11003.0,2023-24,18,2.1989326,2,1.1085875
11003.0,2023-24,19,1.631479,1,1.6823905
11003.0,2023-24,20,2.5508168,2,1.9526579
11003.0,2023-24,21,2.9120505,2,1.656824
11003.0,2023-24,22,1.7769605,1,1.7737541
11003.0,2023-24,23,2.1966445,1,1.5650332
11003.0,2023-24,24,2.3390534,2,1.4523797
11003.0,2023-24,25,2.1335077,1,1.5199143
11003.0,2023-24,26,2.3286517,1,1.5376077
11003.0,2023-24,27,2.1021712,2,1.4303169
11003.0,2023-24,28,2.2603629,2,1.6736952
11003.0,2023-24,29,2.2807446,2,1.9332107
11003.0,2023-24,30,2.4779322,2,1.682405
11003.0,2023-24,31,2.7682693,2,1.6191585
11003.0,2023-24,32,1.9834551,1,1.8620001
11003.0,2023-24,33,2.4252374,2,1.7527263
11003.0,2023-24,34,2.47121,0,1.6476078
11003.0,2023-24,35,2.133985,1,1.4528325
11003.0,2023-24,36,2.6133993,7,1.3550323
11003.0,2023-24,37,2.500349,2,1.520009
11003.0,2023-24,38,3.2531648,4,1.6253617
11007.0,2023-24,8,-0.047396302,0,0.12746798
11007.0,2023-24,9,0.06855557,0,0.029774249
11007.0,2023-24,10,2.6016905,6,0.58595264
11007.0,2023-24,11,1.5269072,1,1.6727676
11007.0,2023-24,12,1.9922221,-2,1.1794351
11007.0,2023-24,13,0.18866116,0,0.8698155
11007.0,2023-24,14,-0.098049276,0,0.5444304
11007.0,2023-24,15,-0.03386754,0,0.40816575
11007.0,2023-24,16,0.12885483,0,0.582849
11007.0,2023-24,17,0.12265224,0,0.3826556
11007.0,2023-24,18,0.11687227,0,0.37582606
11007.0,2023-24,19,-0.008016247,0,0.34470356
11007.0,2023-24,20,0.006846967,0,0.34346604
11007.0,2023-24,21,-0.017932415,0,0.36303055
11007.0,2023-24,22,-0.017932415,0,0.3809431
11007.0,2023-24,23,-0.017932415,0,0.38567525
11007.0,2023-24,24,-0.017932415,0,0.3804463
11007.0,2023-24,25,-0.017932415,0,0.3809994
11007.0,2023-24,26,-0.017932415,0,0.38369066
11007.0,2023-24,27,0.51203346,1,0.38369066
11007.0,2023-24,28,0.03347703,0,1.0677849
11007.0,2023-24,29,0.03347703,0,0.9582504
11007.0,2023-24,30,0.03347703,0,0.7568258
11007.0,2023-24,31,0.05935243,0,0.6368246
11007.0,2023-24,32,1.0164704,1,0.5444809
11007.0,2023-24,33,0.0052641295,0,0.5127779
11007.0,2023-24,34,1.3139321,1,0.6295637
11058.0,2023-24,6,-0.1570828,0,0.5962346
11058.0,2023-24,7,-0.059409484,0,0.72744983
11058.0,2023-24,8,0.034319393,0,0.70268095
11058.0,2023-24,9,0.05680777,0,0.62301135
11058.0,2023-24,10,0.054153845,0,0.5465026
11058.0,2023-24,11,-0.017932415,0,0.4883263
11058.0,2023-24,12,-0.017932415,0,0.48128214
11058.0,2023-24,13,-0.017932415,0,0.465718
11058.0,2023-24,14,-0.017932415,0,0.4384036
11058.0,2023-24,15,-0.017932415,0,0.40871072
11058.0,2023-24,16,-0.017932415,0,0.38369066
11058.0,2023-24,17,-0.017932415,0,0.38369066
11058.0,2023-24,18,-0.017932415,0,0.38369066
11058.0,2023-24,19,-0.017932415,0,0.38369066
11058.0,2023-24,20,-0.017932415,0,0.38369066
11058.0,2023-24,21,-0.017932415,0,0.38369066
11058.0,2023-24,22,-0.017932415,0,0.38369066
11058.0,2023-24,23,-0.017932415,0,0.38369066
11058.0,2023-24,24,-0.017932415,0,0.38369066
11058.0,2023-24,25,-0.017932415,0,0.38369066
11058.0,2023-24,26,0.45445976,1,0.38369066
11058.0,2023-24,27,1.764619,1,0.8951076
11058.0,2023-24,28,2.0981538,1,1.2691151
11058.0,2023-24,29,0.082082905,0,1.0402334
11058.0,2023-24,30,0.11429604,0,0.65287423
11058.0,2023-24,31,1.4469224,1,0.4818954
11058.0,2023-24,32,1.4128008,2,1.0746951
11058.0,2023-24,33,0.15841737,0,1.2897199
11058.0,2023-24,34,0.14941701,0,0.92203355
11058.0,2023-24,35,2.0507267,1,0.65232456
11058.0,2023-24,36,2.0934594,1,1.0672059
11058.0,2023-24,37,2.1763875,1,1.6217804
11058.0,2023-24,37,2.1763875,1,1.7334256
11058.0,2023-24,37,3.0693393,2,1.6217804
11058.0,2023-24,37,3.0693393,2,1.7334256
11058.0,2023-24,38,3.2345448,1,1.57503
11094.0,2023-24,6,3.1208549,0,1.557627
11094.0,2023-24,7,3.112707,0,0.9737238
11094.0,2023-24,8,1.8158947,1,0.5264097
11094.0,2023-24,9,2.550404,2,1.3301237
11094.0,2023-24,10,2.058258,0,1.5991218
11094.0,2023-24,11,2.3540459,3,1.3350769
11094.0,2023-24,12,2.0708172,1,1.2841368
11094.0,2023-24,13,1.8395435,0,1.488889
11094.0,2023-24,14,1.4744797,0,1.2242332
11094.0,2023-24,15,1.9134678,2,1.0419686
11094.0,2023-24,16,2.451295,2,1.7288163
11094.0,2023-24,17,1.9809581,3,1.421669
11094.0,2023-24,18,2.844258,2,1.8620181
11094.0,2023-24,19,3.0410378,1,1.904559
11094.0,2023-24,20,2.967588,1,1.3322818
11094.0,2023-24,21,2.3154972,1,1.15677
11094.0,2023-24,22,2.3102784,1,1.5402834
11094.0,2023-24,23,2.3367977,1,0.88680667
11094.0,2023-24,24,1.7442033,0,0.90911365
11094.0,2023-24,25,2.1353998,0,1.2421246
11094.0,2023-24,26,1.9325469,1,1.6262634
11094.0,2023-24,27,1.2071581,1,1.4243037
11094.0,2023-24,28,1.4112256,1,1.5759331
11094.0,2023-24,29,0.00375191,0,1.1485853
11094.0,2023-24,30,1.2531027,1,0.7690364
11094.0,2023-24,31,1.3480103,5,1.0054072
11094.0,2023-24,32,1.9760242,0,2.5203884
11094.0,2023-24,33,2.4720163,0,1.7354454
11094.0,2023-24,34,2.685632,1,1.113323
11094.0,2023-24,35,2.3113232,6,1.4817584
11094.0,2023-24,36,3.731825,1,2.467936
11094.0,2023-24,37,3.7194188,1,1.5429608
11094.0,2023-24,37,3.7194188,1,1.0348759
11094.0,2023-24,37,4.0439906,0,1.5429608
11094.0,2023-24,37,4.0439906,0,1.0348759
11094.0,2023-24,38,2.8675108,0,0.799056
11174.0,2023-24,18,1.5507224,2,1.3966204
11174.0,2023-24,19,2.2101824,2,1.6655642
11174.0,2023-24,20,2.1293497,1,1.5008992
11174.0,2023-24,21,2.0196264,2,1.3370196
11174.0,2023-24,22,1.6716636,10,1.4961402
11174.0,2023-24,23,1.8578756,3,1.4191227
11174.0,2023-24,24,2.622599,1,1.511185
11174.0,2023-24,25,2.612622,1,1.9990302
11174.0,2023-24,26,2.6827161,2,1.8981621
11174.0,2023-24,27,2.0748925,2,1.6808722
11174.0,2023-24,28,2.4454145,3,1.5269473
11174.0,2023-24,29,-0.10291934,0,1.5067099
11174.0,2023-24,30,2.4591875,3,1.2298492
11174.0,2023-24,31,1.6882803,2,1.5585116
11174.0,2023-24,32,2.0211697,10,2.1657512
11174.0,2023-24,33,2.6705358,2,1.7252433
11174.0,2023-24,34,2.8093212,5,1.9942415
11174.0,2023-24,35,2.8199413,3,2.2388356
11174.0,2023-24,36,2.424341,2,1.8903201
11174.0,2023-24,37,2.1395247,2,1.5178145
11174.0,2023-24,37,2.1395247,2,1.6153152
11174.0,2023-24,37,2.5713716,9,1.5178145
11174.0,2023-24,37,2.5713716,9,1.6153152
11174.0,2023-24,38,1.8409663,3,1.2163293
11268.0,2023-24,14,-0.013550402,0,0.45157355
11268.0,2023-24,15,-0.0035363657,0,0.41834947
11268.0,2023-24,16,0.642528,1,0.40384704
11268.0,2023-24,17,1.0371189,1,0.7951069
11268.0,2023-24,18,1.5310252,0,1.0855229
11268.0,2023-24,19,0.03572669,0,0.99761564
11268.0,2023-24,20,-0.0042835213,0,0.7024189
11268.0,2023-24,21,0.98434687,1,0.5445228
11268.0,2023-24,22,1.4913024,1,0.8171333
11268.0,2023-24,23,0.0100643495,0,0.9158726
11268.0,2023-24,24,0.0067934347,0,0.7551365
11268.0,2023-24,25,0.96994555,1,0.6293607
11268.0,2023-24,26,1.2525362,1,0.864669
11268.0,2023-24,27,0.019832687,0,0.9991975
11268.0,2023-24,28,0.019832687,0,0.74549806
11268.0,2023-24,29,0.019832687,0,0.5777612
11268.0,2023-24,30,0.00817386,0,0.48793024
11268.0,2023-24,31,0.95156574,1,0.4511292
11269.0,2023-24,12,-0.032543276,0,0.6155761
11269.0,2023-24,13,1.0332048,1,0.5784303
11269.0,2023-24,14,1.2561073,0,1.0763423
11269.0,2023-24,15,1.5311346,10,1.2451096
11269.0,2023-24,16,2.1576831,1,1.0438819
11269.0,2023-24,17,1.6044052,2,0.79643166
11269.0,2023-24,18,2.3505304,2,0.6558117
11269.0,2023-24,19,3.0965903,9,0.52597976
11269.0,2023-24,20,2.4287882,3,0.4777884
11269.0,2023-24,21,4.4543834,3,1.4372542
11269.0,2023-24,22,3.5993433,2,1.5721538
11269.0,2023-24,23,3.2931254,7,2.0950644
11305.0,2023-24,6,1.7546724,3,1.3226303
11305.0,2023-24,7,2.4274676,6,1.4132054
11305.0,2023-24,8,2.6461883,1,1.5095866
11305.0,2023-24,9,1.9182216,14,0.7436011
11305.0,2023-24,10,0.042099457,0,0.62567866
11305.0,2023-24,11,2.3879757,0,0.91753423
11305.0,2023-24,12,1.5588498,1,0.83457977
11305.0,2023-24,13,1.4797801,1,0.8847661
11305.0,2023-24,14,2.0857885,5,0.45003438
11305.0,2023-24,15,2.3365233,5,1.7463434
11305.0,2023-24,16,2.3787336,1,1.9662969
11305.0,2023-24,17,4.116174,3,1.961691
11305.0,2023-24,18,2.97898,1,1.337136
11305.0,2023-24,19,2.2160223,8,1.2464032
11305.0,2023-24,20,0.21282487,0,2.0153644
11305.0,2023-24,21,0.371523,0,1.5497311
11305.0,2023-24,22,2.2553208,1,1.3831671
11305.0,2023-24,23,2.7475393,4,2.2075326
11305.0,2023-24,24,-0.024560332,0,2.0642216
11305.0,2023-24,25,0.2801655,0,2.0623648
11305.0,2023-24,26,0.42274636,0,1.5909083
11305.0,2023-24,27,1.6965424,1,1.195306
11305.0,2023-24,28,1.2981381,7,0.8543594
11305.0,2023-24,29,0.18664232,0,2.204005
11305.0,2023-24,30,2.5857382,5,1.0477793
11305.0,2023-24,31,2.5639374,2,1.4393731
11305.0,2023-24,32,2.853305,1,1.8156043
11305.0,2023-24,33,3.1444297,2,1.4417331
11305.0,2023-24,34,2.8589022,2,1.4965051
11305.0,2023-24,35,3.4537003,1,0.94290876
11305.0,2023-24,35,3.4537003,1,1.26796
11305.0,2023-24,35,4.006004,3,0.94290876
11305.0,2023-24,35,4.006004,3,1.26796
11305.0,2023-24,36,3.8515952,3,1.7214893
11305.0,2023-24,37,3.6299047,7,2.378576
11305.0,2023-24,37,3.6299047,7,2.2172365
11305.0,2023-24,37,2.9703767,1,2.378576
11305.0,2023-24,37,2.9703767,1,2.2172365
11317.0,2023-24,6,1.6460514,0,1.0230582
11317.0,2023-24,7,1.4476364,0,0.92342424
11317.0,2023-24,8,1.136778,0,0.9838729
11317.0,2023-24,9,1.2100034,0,0.7028621
11317.0,2023-24,10,0.8233471,0,0.58136415
11317.0,2023-24,11,1.0521699,0,0.5633899
11317.0,2023-24,12,1.0922176,1,0.5121778
11317.0,2023-24,13,1.3662194,2,0.8242438
11317.0,2023-24,14,1.6272709,0,1.0884051
11317.0,2023-24,15,1.5933388,1,0.9864321
11317.0,2023-24,16,1.5845797,1,0.96989524
11317.0,2023-24,17,1.556381,1,0.93093926
11317.0,2023-24,18,1.615944,1,0.9479789
11317.0,2023-24,19,1.1886739,2,1.2416558
11317.0,2023-24,20,1.9383556,2,1.393083
11317.0,2023-24,21,2.1072094,8,1.3257501
11317.0,2023-24,22,2.288059,2,1.198922
11317.0,2023-24,23,2.5624747,1,1.5102894
11317.0,2023-24,24,2.4719207,1,1.8080372
11317.0,2023-24,25,2.0761297,3,1.5182331
11317.0,2023-24,26,2.7569993,2,1.7048768
11317.0,2023-24,27,2.6494894,0,1.5840852
11317.0,2023-24,28,3.5594099,2,1.4459331
11317.0,2023-24,29,2.2066214,0,1.3752389
11317.0,2023-24,30,2.0667174,0,1.1878209
11317.0,2023-24,31,1.8334824,5,0.972456
11317.0,2023-24,32,1.5683073,1,2.313217
11317.0,2023-24,33,2.344615,9,1.742113
11317.0,2023-24,34,2.908192,2,1.8292139
11317.0,2023-24,35,1.8319192,2,1.962672
11317.0,2023-24,36,2.8489935,5,1.8945284
11317.0,2023-24,37,3.7758548,2,2.3439462
11317.0,2023-24,38,4.2047863,2,2.0864136
11356.0,2023-24,6,3.3159387,3,2.2632642
11356.0,2023-24,7,5.275212,3,1.7172283
11356.0,2023-24,8,2.180582,1,2.5784078
11356.0,2023-24,9,3.3567991,2,2.788204
11356.0,2023-24,10,0.094869725,0,3.012922
11356.0,2023-24,11,3.4276528,4,2.7608871
11356.0,2023-24,12,2.224151,2,2.3099577
11356.0,2023-24,13,1.9109168,2,1.9762247
11356.0,2023-24,14,2.4654565,14,2.1834142
11356.0,2023-24,15,3.1846251,2,1.5487831
11356.0,2023-24,16,3.233995,2,0.9935784
11356.0,2023-24,17,5.4030533,1,0.96498895
11356.0,2023-24,18,-0.18953775,0,1.5362787
11356.0,2023-24,19,0.031923503,0,1.6531549
11356.0,2023-24,20,2.757745,1,1.2351651
11356.0,2023-24,21,2.9591224,2,1.7037945
11356.0,2023-24,22,2.775075,1,1.880013
11356.0,2023-24,23,3.0350444,2,1.4782493
11356.0,2023-24,24,3.0769227,8,1.4577856
11356.0,2023-24,25,3.0260546,2,1.3419619
11356.0,2023-24,26,-0.3033832,0,1.9167714
11356.0,2023-24,27,2.9756355,2,2.1091013
11356.0,2023-24,28,4.112908,5,2.8450732
11356.0,2023-24,29,0.83284473,0,2.7604463
11356.0,2023-24,30,3.4158442,2,2.2430503
11356.0,2023-24,31,3.2632294,4,3.1756542
11356.0,2023-24,32,4.1231403,2,2.4490628
11356.0,2023-24,33,-0.25684407,0,2.6316922
11356.0,2023-24,34,2.6254714,2,2.2897146
11357.0,2023-24,7,2.0401566,1,0.71955305
11357.0,2023-24,8,0.33579737,0,0.947989
11357.0,2023-24,9,1.4499445,1,0.72123027
11357.0,2023-24,10,1.1523296,2,1.0566019
11357.0,2023-24,11,0.004002232,0,1.4552794
11357.0,2023-24,12,0.004002232,0,1.0716264
11357.0,2023-24,13,1.4270723,1,0.86888486
11357.0,2023-24,14,0.048266903,0,0.6751026
11357.0,2023-24,15,0.08087639,0,0.60863626
11357.0,2023-24,16,0.021145549,0,0.57252675
11357.0,2023-24,17,-0.00935164,0,0.5076502
11357.0,2023-24,18,1.0244468,1,0.46008417
11357.0,2023-24,19,0.96618366,6,0.89099693
11357.0,2023-24,20,2.22647,7,1.29944
11357.0,2023-24,21,2.527904,1,0.89805955
11357.0,2023-24,22,1.9198253,1,1.4075017
11357.0,2023-24,23,-0.029815294,0,0.90713614
11357.0,2023-24,24,2.523446,1,0.4082628
11357.0,2023-24,25,-0.15039013,0,1.1503904
11357.0,2023-24,26,0.10749334,0,0.814816
11357.0,2023-24,27,0.028665993,0,0.6521972
11357.0,2023-24,28,0.070381835,0,0.64056253
11357.0,2023-24,29,-0.008072132,0,0.5684855
11357.0,2023-24,30,1.1345813,1,0.6143433
11357.0,2023-24,31,2.349453,4,1.5013684
11357.0,2023-24,32,2.1598108,8,1.5795474
11357.0,2023-24,33,2.5984635,3,2.2175338
11357.0,2023-24,34,2.3376608,2,1.4480519
11357.0,2023-24,35,3.067616,12,1.8325266
11357.0,2023-24,35,3.067616,12,1.5718153
11357.0,2023-24,35,3.731043,3,1.8325266
11357.0,2023-24,35,3.731043,3,1.5718153
11357.0,2023-24,36,3.4748409,13,1.8566223
11357.0,2023-24,37,3.814701,1,1.6216891
11357.0,2023-24,37,3.814701,1,2.1658373
11357.0,2023-24,37,3.293196,3,1.6216891
11357.0,2023-24,37,3.293196,3,2.1658373
11357.0,2023-24,38,4.3559957,2,2.4500706
11362.0,2023-24,11,1.4762987,1,0.9364989
11362.0,2023-24,12,2.0959704,3,1.3926421
11362.0,2023-24,13,2.227507,0,1.1117465
11362.0,2023-24,14,2.4864,7,0.8628433
11362.0,2023-24,15,1.693412,1,0.60596573
11362.0,2023-24,16,2.3421004,1,0.83449996
11362.0,2023-24,17,1.6102836,1,0.8599622
11362.0,2023-24,18,2.038228,1,1.4833066
11362.0,2023-24,19,2.0917428,0,1.5251737
11362.0,2023-24,20,2.6089172,3,1.2884406
11362.0,2023-24,21,2.9533024,3,1.4318371
11362.0,2023-24,22,2.932205,1,1.5168521
11362.0,2023-24,23,2.8607519,7,1.3815277
11362.0,2023-24,24,2.4880385,1,1.4455676
11362.0,2023-24,25,2.6682425,7,1.983394
11362.0,2023-24,26,3.4320028,3,1.7771611
11362.0,2023-24,27,3.2020109,1,1.6190094
11362.0,2023-24,28,-0.32385242,0,2.0680032
11362.0,2023-24,29,0.0892533,0,1.5870411
11362.0,2023-24,30,1.9075931,1,0.87295884
11362.0,2023-24,31,1.8641527,2,1.2707794
11362.0,2023-24,32,2.0853631,1,2.4855032
11362.0,2023-24,33,2.4676158,1,1.6488914
11362.0,2023-24,34,0.11388618,0,1.633246
11362.0,2023-24,35,1.7149009,2,1.4019122
11362.0,2023-24,36,2.8102806,3,2.69647
11362.0,2023-24,37,2.3283288,2,1.6067827
11362.0,2023-24,37,2.3283288,2,1.3446282
11362.0,2023-24,37,2.5723822,2,1.6067827
11362.0,2023-24,37,2.5723822,2,1.3446282
11386.0,2023-24,17,3.61672,6,2.0691597
11386.0,2023-24,18,3.380668,1,1.9745107
11386.0,2023-24,19,3.3073971,2,2.062583
11386.0,2023-24,20,2.963382,0,2.628475
11386.0,2023-24,21,2.43427,2,2.0213478
11386.0,2023-24,22,2.6883392,2,1.3775594
11386.0,2023-24,23,4.0688195,5,2.0275962
11386.0,2023-24,24,3.6084392,2,2.4492075
11386.0,2023-24,25,3.651662,2,2.6153247
11386.0,2023-24,26,1.7636073,2,2.1155603
11386.0,2023-24,27,2.3896356,1,2.2100935
11386.0,2023-24,28,1.6931282,4,1.6452181
11487.0,2023-24,6,1.3080288,1,0.70309734
11487.0,2023-24,7,1.6603836,1,1.0899347
11487.0,2023-24,8,0.051021077,0,0.6461345
11487.0,2023-24,9,1.5093676,1,0.7213031
11487.0,2023-24,10,0.05902763,0,1.0036626
11487.0,2023-24,11,-0.0001183392,0,0.7180296
11487.0,2023-24,12,-0.0001183392,0,0.58270705
11487.0,2023-24,13,0.04259969,0,0.49141252
11487.0,2023-24,14,0.04259969,0,0.4327362
11487.0,2023-24,15,-0.013812804,0,0.4001498
11487.0,2023-24,16,0.9293171,1,0.39948663
11487.0,2023-24,17,1.3004847,1,0.694067
11487.0,2023-24,18,0.014741815,0,0.9414255
11487.0,2023-24,19,1.3198558,1,0.776457
11487.0,2023-24,20,1.334878,1,0.997961
11702.0,2023-24,6,1.4320635,1,0.61630267
11702.0,2023-24,7,0.07657522,0,0.99628985
11702.0,2023-24,8,0.07657522,0,0.8498652
11702.0,2023-24,9,0.037664477,0,0.64299524
11702.0,2023-24,10,0.021620559,0,0.53022516
11702.0,2023-24,11,0.021620559,0,0.4618203
11702.0,2023-24,12,-0.021458091,0,0.41925722
11702.0,2023-24,13,-0.021458091,0,0.41331637
11702.0,2023-24,14,-0.021458091,0,0.40871692
11702.0,2023-24,15,-0.017932415,0,0.40376592
11702.0,2023-24,16,-0.017932415,0,0.40092358
11702.0,2023-24,17,0.48650113,1,0.3949629
11702.0,2023-24,18,0.06654831,0,0.7360636
11702.0,2023-24,19,0.06654831,0,0.68055785
11702.0,2023-24,20,0.06654831,0,0.57851505
11702.0,2023-24,21,0.03750054,0,0.50719094
11702.0,2023-24,22,0.03750054,0,0.44040152
11702.0,2023-24,23,0.010285146,0,0.3916179
11702.0,2023-24,24,0.010285146,0,0.3916179
11702.0,2023-24,25,0.010285146,0,0.3916179
11702.0,2023-24,26,0.5192848,1,0.3916179
11702.0,2023-24,27,1.008924,1,0.6529523
11702.0,2023-24,28,-0.023797426,0,0.75853837
11702.0,2023-24,29,-0.023797426,0,0.65481997
11702.0,2023-24,30,-0.049393464,0,0.503734
11702.0,2023-24,31,0.92445445,1,0.41634426
11702.0,2023-24,32,-0.045146935,0,0.8791236
11702.0,2023-24,33,-0.007018638,0,0.6805148
11702.0,2023-24,34,-0.007018638,0,0.5723468
11702.0,2023-24,35,-0.0046148803,0,0.48662454
11702.0,2023-24,36,0.011284704,0,0.40880266
11702.0,2023-24,37,0.62000436,1,0.39961684
11703.0,2023-24,6,0.145247,0,0.6241532
11703.0,2023-24,7,0.9626206,1,0.5756036
11703.0,2023-24,8,-0.07099333,0,0.59602785
11703.0,2023-24,9,-0.044375777,0,0.6354847
11703.0,2023-24,10,1.3108296,2,0.47804338
11703.0,2023-24,11,0.06397632,0,0.6719705
11703.0,2023-24,12,0.06397632,0,0.48121002
11703.0,2023-24,13,1.7207637,1,0.5286443
11703.0,2023-24,14,0.06626693,0,0.7753396
11703.0,2023-24,15,0.06626693,0,0.7163398
11703.0,2023-24,16,0.031577248,0,0.56416583
11703.0,2023-24,17,0.009080133,0,0.49661547
11703.0,2023-24,18,0.009080133,0,0.4391932
11703.0,2023-24,19,0.018187886,0,0.41115022
11703.0,2023-24,20,0.018187886,0,0.40966827
11703.0,2023-24,21,0.018187886,0,0.4074454
11703.0,2023-24,22,0.35601208,1,0.4051113
11710.0,2023-24,6,2.7823024,2,0.4247368
11710.0,2023-24,7,1.9394308,1,0.25028884
11710.0,2023-24,8,2.3836055,7,0.69532603
11710.0,2023-24,9,2.387926,2,1.3575661
11710.0,2023-24,10,3.3344405,2,1.9563844
11710.0,2023-24,11,2.3782241,2,1.8821507
11710.0,2023-24,12,4.4577904,9,1.9862093
11710.0,2023-24,13,2.4465292,1,1.8812779
11710.0,2023-24,14,2.8039021,2,1.8948815
11710.0,2023-24,15,3.689236,2,2.2826147
11710.0,2023-24,16,4.600785,10,2.199308
11710.0,2023-24,17,2.4263465,2,2.0571954
11710.0,2023-24,18,3.381979,1,2.699353
11710.0,2023-24,19,-0.27184004,0,2.158738
11710.0,2023-24,20,-0.3264742,0,1.1555698
11710.0,2023-24,21,-0.30960837,0,0.568849
11710.0,2023-24,22,0.37122312,0,0.8108066
11710.0,2023-24,23,-0.060619377,0,0.78950167
11710.0,2023-24,24,0.095026195,0,0.9394047
11710.0,2023-24,25,1.0380547,15,0.8888896
11710.0,2023-24,26,3.2881167,2,1.6720269
11710.0,2023-24,27,3.1029239,1,2.0799167
11710.0,2023-24,28,4.211608,3,1.934531
11710.0,2023-24,29,0.05554717,0,1.9907187
11710.0,2023-24,30,2.5879314,2,1.7654784
11710.0,2023-24,31,3.5958734,3,1.8675165
11710.0,2023-24,32,2.6934533,2,3.0054865
11710.0,2023-24,33,3.2084959,2,2.0804293
11710.0,2023-24,34,3.2808025,1,1.8504524
11710.0,2023-24,35,3.2881427,2,1.979738
11710.0,2023-24,36,3.4933093,2,1.789866
11710.0,2023-24,37,3.1977975,2,2.4052398
11710.0,2023-24,37,3.1977975,2,3.0772917
11710.0,2023-24,37,4.8124714,2,2.4052398
11710.0,2023-24,37,4.8124714,2,3.0772917
11710.0,2023-24,38,5.032592,2,2.4537823
11716.0,2023-24,6,1.7600174,1,1.5865989
11716.0,2023-24,7,1.9768606,2,1.7639465
11716.0,2023-24,7,1.9768606,2,2.0173814
11716.0,2023-24,7,1.9937408,2,1.7639465
11716.0,2023-24,7,1.9937408,2,2.0173814
11716.0,2023-24,8,1.9838551,2,1.3485936
11716.0,2023-24,9,2.8873463,2,1.599194
11716.0,2023-24,10,2.0031178,1,1.4230134
11716.0,2023-24,11,0.029875793,0,1.5752091
11716.0,2023-24,12,1.6330228,1,1.0597081
11716.0,2023-24,13,1.5789624,3,0.9635098
11716.0,2023-24,14,1.651997,1,1.279824
11716.0,2023-24,15,2.0008116,2,1.5515103
11716.0,2023-24,16,-0.007614135,0,1.5295956
11716.0,2023-24,17,-0.022678168,0,1.3492329
11716.0,2023-24,18,1.671217,1,1.0490503
11716.0,2023-24,19,1.4044487,1,1.154893
11716.0,2023-24,20,0.027917221,0,1.126229
11716.0,2023-24,21,0.04883899,0,0.8355492
11716.0,2023-24,22,1.2206944,1,0.6623558
11716.0,2023-24,23,1.0933257,1,0.9821472
11716.0,2023-24,24,0.02896328,0,1.436341
11716.0,2023-24,25,1.3074251,1,0.9343209
11716.0,2023-24,26,0.06593471,0,1.2439946
11716.0,2023-24,27,1.5873492,1,1.0078727
11716.0,2023-24,28,1.5269088,1,0.9619782
11716.0,2023-24,29,1.3853908,1,0.9890359
11716.0,2023-24,30,1.7789365,1,1.2883589
11716.0,2023-24,31,1.57068,1,1.3177034
11716.0,2023-24,32,-0.010566611,0,1.1024141
11716.0,2023-24,33,1.4597034,1,0.9429545
11716.0,2023-24,34,1.7101531,1,0.9323803
11716.0,2023-24,35,0.12862623,0,1.0222592
11716.0,2023-24,36,0.044967175,0,0.88136995
11716.0,2023-24,37,-0.036455873,0,0.6918752
11716.0,2023-24,38,0.92269814,1,0.6051374
11722.0,2023-24,6,-0.013550402,0,0.30153537
11722.0,2023-24,7,-0.0035363657,0,0.413741
11722.0,2023-24,8,0.6169115,1,0.40118712
11722.0,2023-24,9,0.022188889,0,0.81625205
11722.0,2023-24,10,0.038725883,0,0.68177265
11722.0,2023-24,11,0.038725883,0,0.5748312
11722.0,2023-24,12,0.02451804,0,0.4974947
11722.0,2023-24,13,0.02451804,0,0.41865432
11722.0,2023-24,14,0.031261146,0,0.39336783
11722.0,2023-24,15,0.031261146,0,0.39130527
11722.0,2023-24,16,0.031261146,0,0.39130527
11722.0,2023-24,17,-0.017932415,0,0.39130527
11722.0,2023-24,18,-0.017932415,0,0.39136815
11722.0,2023-24,19,-0.017932415,0,0.39103162
11722.0,2023-24,20,-0.017932415,0,0.38951892
11722.0,2023-24,21,0.5957773,1,0.38706186
11722.0,2023-24,22,1.0020903,1,0.5720819
11722.0,2023-24,23,0.019832687,0,0.8086624
11722.0,2023-24,24,1.1053402,1,0.6513251
11722.0,2023-24,25,1.7631173,1,0.9486326
11722.0,2023-24,26,0.2292453,0,1.1219134
11722.0,2023-24,27,0.2292453,0,0.8999156
11722.0,2023-24,28,1.3494027,0,0.56670046
11722.0,2023-24,28,1.3494027,0,0.51416457
11722.0,2023-24,28,1.2781354,1,0.56670046
11722.0,2023-24,28,1.2781354,1,0.51416457
11722.0,2023-24,29,1.1662083,6,0.94684255
11722.0,2023-24,30,1.6203958,2,2.7244484
11722.0,2023-24,31,1.4538804,1,1.4142854
11722.0,2023-24,32,2.0189388,4,1.4659882
11722.0,2023-24,33,1.4151537,2,1.3512549
11722.0,2023-24,34,1.9997295,6,1.291743
11722.0,2023-24,35,3.028984,1,1.2536385
11722.0,2023-24,36,2.8185916,1,1.0368875
11722.0,2023-24,37,3.1049612,1,0.8276157
11730.0,2023-24,6,1.001417,0,0.450247
11730.0,2023-24,7,1.1909654,1,0.5631231
11730.0,2023-24,8,2.1832695,0,1.020015
11730.0,2023-24,9,1.6854932,0,1.2093582
11730.0,2023-24,10,1.5217791,1,1.0355103
11730.0,2023-24,11,1.5037447,0,1.1309761
11730.0,2023-24,12,1.3359926,1,0.85112715
11730.0,2023-24,13,1.7004454,0,0.6517892
11730.0,2023-24,14,1.530182,0,0.5986304
11730.0,2023-24,15,1.128735,0,0.560773
11730.0,2023-24,16,1.0855894,1,0.5225731
11730.0,2023-24,17,1.9321874,1,1.4597064
11730.0,2023-24,18,2.0085518,3,1.2344183
11730.0,2023-24,19,3.0514119,-1,0.95194113
11730.0,2023-24,20,1.6411681,2,0.69879025
11730.0,2023-24,21,2.1958594,0,0.61949825
11730.0,2023-24,22,2.058751,1,0.77537906
11730.0,2023-24,23,2.1822374,0,0.901858
11730.0,2023-24,24,1.9746525,0,0.62458825
11730.0,2023-24,25,1.6429446,0,0.6299593
11730.0,2023-24,26,1.0395114,0,0.45764592
11730.0,2023-24,27,0.9500292,0,0.48216498
11730.0,2023-24,28,1.0324792,0,0.40722865
11730.0,2023-24,29,0.006846967,0,0.42596865
11730.0,2023-24,30,0.9923726,0,0.46553123
11730.0,2023-24,31,0.30725867,1,0.5329404
11730.0,2023-24,32,1.1098504,0,0.49611446
11730.0,2023-24,33,1.0070701,1,0.6328019
11730.0,2023-24,34,1.1364758,0,0.39774904
11730.0,2023-24,34,1.1364758,0,0.448615
11730.0,2023-24,34,1.0831457,0,0.39774904
11730.0,2023-24,34,1.0831457,0,0.448615
11730.0,2023-24,35,0.9761178,1,0.41958237
11730.0,2023-24,36,1.2660612,0,0.53521264
11730.0,2023-24,37,1.2300549,1,0.55801046
11730.0,2023-24,38,1.9406202,0,0.96515006
11731.0,2023-24,6,-0.021133754,0,0.49482366
11731.0,2023-24,7,-0.023035936,0,0.45650607
11731.0,2023-24,8,-0.01302193,0,0.4247881
11731.0,2023-24,9,0.008702346,0,0.41229257
11731.0,2023-24,10,0.021261198,0,0.40569395
11731.0,2023-24,11,-0.017932415,0,0.4021339
11731.0,2023-24,12,-0.017932415,0,0.39912462
11731.0,2023-24,13,-0.017932415,0,0.39554784
11731.0,2023-24,14,-0.017932415,0,0.39126638
11731.0,2023-24,15,0.32539576,2,0.38677397
11731.0,2023-24,16,1.4723029,3,1.0841205
11731.0,2023-24,17,1.624223,1,1.4398825
11731.0,2023-24,18,1.5801165,1,1.3850759
11731.0,2023-24,19,2.0265422,1,1.1784726
11731.0,2023-24,20,1.581956,2,1.0976062
11731.0,2023-24,21,1.8714399,1,1.2375565
11731.0,2023-24,22,2.252645,1,1.5014845
11731.0,2023-24,23,2.256595,1,1.4336598
11731.0,2023-24,24,0.10510866,0,1.2972205
11731.0,2023-24,25,2.060561,1,1.1239451
11731.0,2023-24,26,0.124368586,0,1.1576058
11731.0,2023-24,27,1.4202487,1,1.0552713
11731.0,2023-24,28,0.09540628,0,1.3153905
11731.0,2023-24,29,0.082434826,0,1.1764257
11731.0,2023-24,30,-0.025806818,0,0.99267066
11731.0,2023-24,31,0.8078708,1,0.73973197
11731.0,2023-24,32,0.035659403,0,0.90466225
11731.0,2023-24,33,0.028881064,0,0.7104212
11731.0,2023-24,34,1.2888542,1,0.5667105
11731.0,2023-24,34,1.2888542,1,0.75682724
11731.0,2023-24,34,1.3037195,1,0.5667105
11731.0,2023-24,34,1.3037195,1,0.75682724
11731.0,2023-24,35,1.4033109,2,1.0383677
11731.0,2023-24,36,1.7858682,2,1.313232
11731.0,2023-24,37,1.7281556,1,1.2841494
11731.0,2023-24,38,2.1434128,1,1.2619464
11739.0,2023-24,36,-0.013438123,0,0.44960192
11739.0,2023-24,37,-0.015734069,0,0.40295577
11739.0,2023-24,38,0.8206974,1,0.39172897
11772.0,2023-24,6,0.34320846,0,0.40185976
11772.0,2023-24,7,0.49853992,0,0.43708465
11772.0,2023-24,8,0.3420809,0,0.35654834
11772.0,2023-24,9,0.47642845,1,0.31194893
11772.0,2023-24,10,1.31172,1,0.6022571
11772.0,2023-24,11,2.0484142,1,1.2319871
11807.0,2023-24,6,0.19005565,0,1.4505136
11807.0,2023-24,7,2.0693624,1,1.1178796
11807.0,2023-24,8,2.2747996,1,1.2817616
11807.0,2023-24,9,0.052025016,0,0.9106375
11807.0,2023-24,10,1.6318909,1,0.6895065
11807.0,2023-24,11,0.065167055,0,1.0562584
11807.0,2023-24,12,0.1109147,0,0.99586934
11807.0,2023-24,13,0.07819792,0,0.7249813
11807.0,2023-24,14,1.2099465,1,0.56259847
11807.0,2023-24,15,0.025792431,0,0.84682643
11807.0,2023-24,16,1.1310151,1,0.7175269
11807.0,2023-24,17,1.4962804,1,0.8808141
11807.0,2023-24,18,1.2350458,1,1.0061003
11807.0,2023-24,19,1.1804826,1,1.0759711
11807.0,2023-24,20,0.16445571,0,1.3070341
11807.0,2023-24,21,2.4028277,0,0.74409384
11807.0,2023-24,22,0.19267619,0,0.5955329
11807.0,2023-24,23,0.12491094,0,0.5533821
11807.0,2023-24,24,0.117667206,0,0.4635181
11807.0,2023-24,25,0.8725017,0,0.3995033
11807.0,2023-24,26,0.05521265,0,0.46311396
11807.0,2023-24,27,0.84192175,0,0.44158995
11807.0,2023-24,28,-0.017932415,0,0.45834333
11807.0,2023-24,29,-0.017932415,0,0.425618
11807.0,2023-24,30,0.5737794,0,0.40822256
11807.0,2023-24,31,-0.017932415,0,0.5048947
11807.0,2023-24,32,-0.017932415,0,0.47954553
11807.0,2023-24,33,-0.017932415,0,0.44919133
11807.0,2023-24,34,-0.017932415,0,0.4198386
11807.0,2023-24,35,-0.017932415,0,0.38115835
11807.0,2023-24,36,-0.017932415,0,0.38369066
11807.0,2023-24,37,0.43786004,0,0.38369066
11808.0,2023-24,15,-0.008439561,0,0.4384541
11808.0,2023-24,16,-0.0101504335,0,0.38796234
11808.0,2023-24,17,-0.0101504335,0,0.38200802
11808.0,2023-24,18,0.011573839,0,0.3809733
11808.0,2023-24,19,-0.017932415,0,0.3808136
11808.0,2023-24,20,-0.017932415,0,0.38220298
11808.0,2023-24,21,-0.017932415,0,0.38431472
11808.0,2023-24,22,-0.017932415,0,0.3853498
11808.0,2023-24,23,-0.017932415,0,0.38507378
11808.0,2023-24,24,-0.017932415,0,0.38369066
11808.0,2023-24,25,-0.017932415,0,0.38369066
11808.0,2023-24,26,-0.017932415,0,0.38369066
11808.0,2023-24,27,-0.017932415,0,0.38369066
11808.0,2023-24,28,-0.017932415,0,0.38369066
11808.0,2023-24,29,-0.017932415,0,0.38369066
11808.0,2023-24,30,-0.017932415,0,0.38369066
11808.0,2023-24,31,-0.017932415,0,0.38369066
11808.0,2023-24,32,0.64781934,0,0.38369066
11808.0,2023-24,33,-0.017932415,0,0.4811157
11808.0,2023-24,34,-0.017932415,0,0.44040298
11808.0,2023-24,35,-0.017932415,0,0.41237706
11808.0,2023-24,36,-0.017932415,0,0.39886227
11808.0,2023-24,37,-0.017932415,0,0.389679
11808.0,2023-24,38,0.46523297,0,0.38369066
11811.0,2023-24,17,-0.013550402,0,0.44414693
11811.0,2023-24,18,-0.0035363657,0,0.41544423
11811.0,2023-24,19,-0.0035363657,0,0.40226024
11811.0,2023-24,20,0.018187886,0,0.3970781
11811.0,2023-24,21,-0.017932415,0,0.39421892
11811.0,2023-24,22,-0.017932415,0,0.39234674
11811.0,2023-24,23,-0.017932415,0,0.39033914
11811.0,2023-24,24,0.53600454,1,0.3880364
11811.0,2023-24,25,1.0664791,1,0.7150495
11815.0,2023-24,26,1.9404603,0,1.2306936
11815.0,2023-24,27,1.4273733,0,1.15413
11815.0,2023-24,28,1.9569772,1,1.1504651
11815.0,2023-24,29,0.2747386,0,1.2378486
11815.0,2023-24,30,2.1330247,18,1.0139842
11815.0,2023-24,31,2.2427223,2,1.2261305
11815.0,2023-24,32,2.848122,1,1.3903413
11815.0,2023-24,33,5.318101,1,1.7346358
11815.0,2023-24,34,4.6847982,2,1.8199594
11815.0,2023-24,34,4.6847982,2,2.4277575
11815.0,2023-24,34,4.6321964,7,1.8199594
11815.0,2023-24,34,4.6321964,7,2.4277575
11815.0,2023-24,35,3.3761735,2,2.76697
11815.0,2023-24,36,4.3875837,8,3.444729
11815.0,2023-24,37,4.3107557,2,3.6313188
11815.0,2023-24,38,5.126264,2,2.9043314
11839.0,2023-24,7,3.7629542,2,1.89247
11839.0,2023-24,8,4.9470363,2,2.5759254
11839.0,2023-24,9,3.3728054,2,2.4379528
11839.0,2023-24,10,2.5032244,2,1.7673119
11839.0,2023-24,11,3.5708306,1,1.8051045
11839.0,2023-24,12,3.279519,2,2.0988595
11839.0,2023-24,13,4.395812,2,3.6234248
11839.0,2023-24,14,3.5528789,1,2.3332636
11839.0,2023-24,15,2.6602488,2,2.385116
11839.0,2023-24,16,2.0794003,6,1.9395887
11839.0,2023-24,17,2.0727012,1,2.5764434
11839.0,2023-24,18,2.398509,5,2.5804372
11839.0,2023-24,19,5.158128,1,2.5331466
11839.0,2023-24,20,0.051032297,0,1.9185443
11839.0,2023-24,21,2.8687773,1,1.4804742
11839.0,2023-24,22,3.8495388,5,2.7513072
11839.0,2023-24,23,3.6649346,1,1.8192773
11839.0,2023-24,24,2.6549976,0,2.0903747
11839.0,2023-24,25,3.6914082,2,1.9034054
11839.0,2023-24,26,3.4786012,2,1.5113606
11839.0,2023-24,27,2.5191891,2,1.9000845
11839.0,2023-24,28,2.7755692,7,1.8196623
11839.0,2023-24,29,0.37240872,0,2.8928092
11839.0,2023-24,30,3.5552862,4,2.779429
11839.0,2023-24,31,2.494961,5,3.1479983
11839.0,2023-24,32,3.5030425,5,2.4617841
11839.0,2023-24,33,3.7391274,2,2.7710726
11839.0,2023-24,34,3.5296583,8,2.2693331
11839.0,2023-24,34,3.5296583,8,2.587392
11839.0,2023-24,34,3.850633,2,2.2693331
11839.0,2023-24,34,3.850633,2,2.587392
11839.0,2023-24,35,3.0610576,5,2.6713693
11839.0,2023-24,36,3.4551313,2,2.648887
11839.0,2023-24,37,3.751774,2,2.8294585
11839.0,2023-24,38,5.372402,2,2.7177353
11903.0,2023-24,9,-0.035536494,0,0.8822117
11903.0,2023-24,10,-0.019456176,0,0.5171808
11903.0,2023-24,11,1.4366829,4,0.4859202
11903.0,2023-24,12,0.116579264,0,0.5212931
11903.0,2023-24,13,0.017459854,0,0.6798115
11903.0,2023-24,14,0.017459854,0,0.45389298
11903.0,2023-24,15,1.062544,1,0.24864331
11903.0,2023-24,16,-0.07046855,0,0.2893216
11903.0,2023-24,17,0.19048485,0,0.7814348
11903.0,2023-24,18,0.19048485,0,0.6018759
11903.0,2023-24,19,0.16143705,0,0.4982992
11903.0,2023-24,20,1.4360887,1,0.431097
11903.0,2023-24,21,1.5722998,8,1.3527997
11903.0,2023-24,22,0.19990481,0,1.3319513
11903.0,2023-24,23,0.19990481,0,0.92650855
11903.0,2023-24,24,-0.17608833,0,0.8247311
11903.0,2023-24,25,0.9963634,3,0.7358134
11903.0,2023-24,26,-0.1743028,0,1.5240458
11903.0,2023-24,27,2.6827414,1,1.7660241
11903.0,2023-24,28,0.065693624,0,1.2383087
11903.0,2023-24,29,0.05394764,0,0.91694033
11903.0,2023-24,30,0.015681809,0,0.6857062
11903.0,2023-24,31,0.95742637,1,0.6964772
11903.0,2023-24,32,1.5217901,2,1.5128883
11903.0,2023-24,33,2.2753386,1,1.8183119
11903.0,2023-24,34,0.12372446,0,1.1465093
11903.0,2023-24,35,2.2341845,1,0.8185262
11903.0,2023-24,36,-0.015031569,0,0.41912082
11903.0,2023-24,37,1.5777129,1,0.93354833
11926.0,2023-24,7,2.494366,2,1.4900627
11926.0,2023-24,8,1.7301618,2,1.4653456
11926.0,2023-24,9,1.8360173,5,1.4938279
11926.0,2023-24,10,1.8325078,1,1.8343422
11926.0,2023-24,11,-0.09831865,0,1.6904538
11926.0,2023-24,12,2.400236,2,1.5572932
11926.0,2023-24,13,2.5391731,1,1.7157173
11926.0,2023-24,14,2.1720173,2,1.6973715
11926.0,2023-24,15,2.2369936,1,1.523325
11926.0,2023-24,16,-0.18306926,0,1.5384827
11926.0,2023-24,17,2.0090075,3,1.3651165
11926.0,2023-24,18,1.7950122,3,1.4884746
11926.0,2023-24,19,1.4763602,3,1.5659208
11926.0,2023-24,20,1.7843809,3,1.6520878
11926.0,2023-24,21,-0.19328228,0,1.5871953
11926.0,2023-24,22,2.0254989,3,1.4912128
11926.0,2023-24,23,1.8865527,2,1.6681981
11926.0,2023-24,24,2.3512175,0,1.7958868
11926.0,2023-24,25,2.5242145,2,1.4224182
11926.0,2023-24,26,2.4016743,1,1.3006731
11926.0,2023-24,27,2.0843015,9,1.305951
11926.0,2023-24,28,1.5322609,1,1.3475838
11926.0,2023-24,29,2.457166,1,1.4411762
11926.0,2023-24,30,-0.40131077,0,1.2834321
11926.0,2023-24,31,-0.37209514,0,1.5490103
11926.0,2023-24,32,2.7193117,2,1.509262
11926.0,2023-24,33,2.1852126,2,1.8949267
11926.0,2023-24,34,2.0285995,2,1.8056769
11926.0,2023-24,35,2.5833611,2,1.7918646
11926.0,2023-24,36,1.9501451,1,1.7303364
11926.0,2023-24,37,-0.17215975,0,1.8893526
11926.0,2023-24,38,1.6238747,0,1.3936192
12027.0,2023-24,9,1.391734,1,1.003078
12027.0,2023-24,10,1.7477496,1,1.2140906
12027.0,2023-24,11,1.9405154,11,1.125384
12027.0,2023-24,12,3.4341903,1,0.93047726
12027.0,2023-24,13,4.7516174,10,1.0832798
12027.0,2023-24,14,3.866772,9,1.6853858
12027.0,2023-24,15,2.8403077,2,1.9905394
12027.0,2023-24,16,3.1639159,2,2.7744012
12027.0,2023-24,17,2.9463263,16,2.6796474
12027.0,2023-24,18,3.233766,9,2.3032324
12027.0,2023-24,19,2.294009,3,1.6408575
12027.0,2023-24,20,-0.17729305,0,2.1162755
12027.0,2023-24,21,-0.6335841,0,1.3605584
12027.0,2023-24,22,2.4685209,5,0.9271214
12027.0,2023-24,23,2.4872632,2,2.279435
12027.0,2023-24,24,2.7049513,1,3.929096
12027.0,2023-24,25,3.1614976,1,1.9271022
12027.0,2023-24,26,2.7849305,5,1.7012453
12027.0,2023-24,27,3.414688,5,1.9021175
12027.0,2023-24,28,3.415619,2,1.9762576
12027.0,2023-24,29,3.721975,1,2.1040514
12027.0,2023-24,30,2.9953403,12,2.2715197
12027.0,2023-24,31,4.5937276,2,2.1302764
12027.0,2023-24,32,5.1304326,2,2.6414545
12027.0,2023-24,33,3.07154,2,2.6359212
12027.0,2023-24,34,4.1247616,2,3.5425727
12027.0,2023-24,35,3.7199297,5,2.6732655
12027.0,2023-24,36,3.2696438,2,3.023001
12027.0,2023-24,37,3.3837724,5,2.904589
12027.0,2023-24,38,2.7462208,7,3.3412914
12094.0,2023-24,10,2.9574158,1,1.6716638
12094.0,2023-24,11,2.5605464,1,1.4091132
12094.0,2023-24,12,0.1546063,0,1.0719941
12094.0,2023-24,13,0.13422789,0,1.0301611
12094.0,2023-24,14,1.7646515,1,0.79278374
12094.0,2023-24,15,1.603156,1,1.0938206
12094.0,2023-24,16,1.7924001,1,1.9904726
12094.0,2023-24,17,2.3368156,1,2.0143783
12094.0,2023-24,18,1.3443081,1,1.7178462
12094.0,2023-24,19,1.4777131,2,1.5135086
12094.0,2023-24,20,1.8655719,1,1.4149848
12094.0,2023-24,21,2.601339,1,1.129023
12094.0,2023-24,22,0.08702589,0,0.99804914
12094.0,2023-24,23,0.091394186,0,0.8406768
12094.0,2023-24,24,0.061989993,0,0.6145188
12094.0,2023-24,25,0.012349221,0,0.5383353
12094.0,2023-24,26,0.012349221,0,0.48448727
12094.0,2023-24,27,0.024346458,0,0.4744581
12094.0,2023-24,28,0.018187886,0,0.46422464
12094.0,2023-24,29,0.018187886,0,0.45509392
12094.0,2023-24,30,-0.017932415,0,0.44227767
12094.0,2023-24,31,-0.017932415,0,0.4256067
12094.0,2023-24,32,-0.017932415,0,0.40559936
12094.0,2023-24,33,0.41769338,1,0.3913843
12094.0,2023-24,34,0.03720249,0,0.7116699
12094.0,2023-24,35,0.03720249,0,0.6394465
12094.0,2023-24,36,0.03720249,0,0.54808503
12094.0,2023-24,37,0.76695055,1,0.48336697
12149.0,2023-24,14,-0.06645144,0,0.7247778
12149.0,2023-24,15,-0.052005515,0,0.6590536
12149.0,2023-24,16,-0.050098516,0,0.56562877
12149.0,2023-24,17,0.031626176,0,0.4840168
12149.0,2023-24,18,1.1576239,0,0.45457673
12149.0,2023-24,19,1.2511379,9,1.0855141
12149.0,2023-24,20,1.9087722,6,1.4845443
12149.0,2023-24,21,2.0666091,1,1.2988176
12149.0,2023-24,22,2.397014,2,1.2596473
12149.0,2023-24,23,2.902282,1,1.4839969
12149.0,2023-24,24,2.5079508,2,1.2535748
12149.0,2023-24,25,2.405762,1,1.5161643
12149.0,2023-24,26,2.486209,1,1.4299169
12149.0,2023-24,27,3.1097062,1,1.3409324
12149.0,2023-24,28,2.301552,1,1.3740332
12149.0,2023-24,28,2.301552,1,1.9287978
12149.0,2023-24,28,2.451463,1,1.3740332
12149.0,2023-24,28,2.451463,1,1.9287978
12149.0,2023-24,29,0.03330241,0,1.5690726
12149.0,2023-24,30,0.0015982876,0,1.30567
12149.0,2023-24,31,1.8429676,1,0.98167086
12149.0,2023-24,32,1.6086363,1,0.89323324
12149.0,2023-24,33,-0.004498941,0,0.6908188
12149.0,2023-24,34,1.613828,1,0.75961494
12149.0,2023-24,34,1.613828,1,0.9850464
12149.0,2023-24,34,1.6931174,3,0.75961494
12149.0,2023-24,34,1.6931174,3,0.9850464
12149.0,2023-24,35,2.2708209,3,2.056198
12149.0,2023-24,36,2.0595696,1,1.7146862
12149.0,2023-24,37,2.3609676,1,1.5398972
12149.0,2023-24,38,2.42583,1,1.2903385
12152.0,2023-24,14,-0.0020526259,0,0.5214904
12152.0,2023-24,15,-0.03639852,0,0.43017203
12152.0,2023-24,16,-0.018819703,0,0.46495745
12152.0,2023-24,17,1.007827,1,0.43268868
12152.0,2023-24,18,0.019884454,0,0.79561967
12152.0,2023-24,19,1.4581767,1,0.6591958
12152.0,2023-24,20,1.4452065,1,0.9016386
12152.0,2023-24,21,1.1978484,1,0.9010434
12152.0,2023-24,22,0.047792263,0,0.80751246
12152.0,2023-24,23,1.2275023,0,0.4992484
12152.0,2023-24,24,1.7286384,2,0.7351959
12152.0,2023-24,25,0.13914837,0,1.4816151
12152.0,2023-24,26,2.3293629,7,1.0438474
12152.0,2023-24,27,2.2766528,1,0.92901343
12187.0,2023-24,17,0.016640324,0,1.2503428
12187.0,2023-24,18,0.05776525,0,0.9511061
12187.0,2023-24,19,0.064876005,0,0.69905293
12187.0,2023-24,20,0.012349221,0,0.55170166
12187.0,2023-24,21,1.2905594,2,0.47085375
12187.0,2023-24,22,1.8682569,2,1.2830521
12187.0,2023-24,23,2.068278,2,1.8464711
12187.0,2023-24,24,2.5587769,1,1.347444
12187.0,2023-24,25,2.5953362,1,1.1901145
12187.0,2023-24,25,2.5953362,1,1.1404479
12187.0,2023-24,25,1.814954,1,1.1901145
12187.0,2023-24,25,1.814954,1,1.1404479
12187.0,2023-24,26,-0.023530252,0,1.1258363
12187.0,2023-24,27,1.7486634,2,1.1323456
12187.0,2023-24,28,1.9362142,2,1.7127788
12187.0,2023-24,28,1.9362142,2,1.8985239
12187.0,2023-24,28,2.1958044,4,1.7127788
12187.0,2023-24,28,2.1958044,4,1.8985239
12187.0,2023-24,29,2.4302685,2,1.8677509
12187.0,2023-24,30,2.3166714,1,1.4344465
12187.0,2023-24,31,1.9886774,2,1.4422206
12187.0,2023-24,32,2.6650448,10,1.5716985
12187.0,2023-24,33,2.000247,2,1.514214
12187.0,2023-24,34,2.8907,2,1.9560221
12187.0,2023-24,35,3.0209117,2,1.6143925
12187.0,2023-24,36,-0.019811947,0,1.8786598
12187.0,2023-24,37,3.7364879,1,1.5389466
12187.0,2023-24,38,2.896322,1,1.8731861
12188.0,2023-24,33,0.60179776,1,0.47847378
12204.0,2023-24,19,-0.039351407,0,0.5416159
12204.0,2023-24,20,-0.058234587,0,0.44171232
12204.0,2023-24,21,0.8465057,1,0.42069888
12204.0,2023-24,22,-0.006013087,0,0.76764494
12204.0,2023-24,23,0.019832687,0,0.67663646
12204.0,2023-24,24,0.89934427,1,0.57005936
12204.0,2023-24,25,0.019832687,0,0.54937947
12204.0,2023-24,26,0.019832687,0,0.6018216
12204.0,2023-24,27,0.019832687,0,0.415745
12204.0,2023-24,28,0.00817386,0,0.3358397
12204.0,2023-24,29,0.00817386,0,0.3340156
12204.0,2023-24,30,0.018187886,0,0.39645812
12204.0,2023-24,31,0.018187886,0,0.39643002
12204.0,2023-24,32,0.018187886,0,0.39565474
12204.0,2023-24,33,-0.017932415,0,0.3941025
12204.0,2023-24,34,-0.017932415,0,0.39218158
12204.0,2023-24,35,-0.017932415,0,0.38934892
12204.0,2023-24,36,-0.017932415,0,0.3877348
12204.0,2023-24,37,0.32758346,0,0.38578302
12234.0,2023-24,26,-0.013550402,0,0.44702026
12234.0,2023-24,27,0.689614,1,0.42658895
12234.0,2023-24,28,0.086427085,0,0.98212767
12234.0,2023-24,29,0.09855912,0,0.8596191
12234.0,2023-24,30,1.543231,0,0.63312083
12234.0,2023-24,31,0.03608554,0,0.6685951
12234.0,2023-24,32,0.8104404,1,0.53630334
12234.0,2023-24,33,1.2332059,1,0.79170406
12234.0,2023-24,34,0.9816651,2,0.9625168
12234.0,2023-24,34,0.9816651,2,1.369695
12234.0,2023-24,34,1.7522271,1,0.9625168
12234.0,2023-24,34,1.7522271,1,1.369695
12234.0,2023-24,35,0.048207343,0,1.0324714
12234.0,2023-24,36,1.6138036,1,0.70644766
12340.0,2023-24,27,1.3671297,1,0.8621689
12340.0,2023-24,28,0.035209764,0,1.3763707
12340.0,2023-24,29,0.0012514153,0,0.8235469
12340.0,2023-24,30,0.01812208,0,0.62761545
12340.0,2023-24,31,0.01848181,0,0.49878818
12340.0,2023-24,32,0.0053887432,0,0.49938887
12340.0,2023-24,33,0.03336034,0,0.4473294
12340.0,2023-24,34,0.03336034,0,0.42893788
12340.0,2023-24,35,0.018187886,0,0.41340128
12340.0,2023-24,36,-0.017932415,0,0.40223342
12340.0,2023-24,37,0.30086774,1,0.40308893
12409.0,2023-24,28,2.7955835,3,1.5379548
12409.0,2023-24,29,-0.07903009,0,1.4568907
12409.0,2023-24,30,2.3370914,2,1.3006208
12409.0,2023-24,31,2.4796877,2,2.1249237
12409.0,2023-24,32,2.366822,5,2.1193728
12409.0,2023-24,33,3.0620074,3,2.2179668
12409.0,2023-24,34,2.7925255,2,1.8444672
12409.0,2023-24,34,2.7925255,2,1.700316
12409.0,2023-24,34,2.5020642,2,1.8444672
12409.0,2023-24,34,2.5020642,2,1.700316
12409.0,2023-24,35,2.3953922,8,1.7351024
12409.0,2023-24,36,2.8221617,3,2.0653152
12409.0,2023-24,37,3.4621804,5,1.7126223
12409.0,2023-24,38,2.9799008,3,1.5669689
12412.0,2023-24,28,0.070611365,0,0.68676674
12412.0,2023-24,29,2.0201433,2,0.7000906
12412.0,2023-24,30,2.411089,3,1.0843282
12412.0,2023-24,31,1.6023432,5,1.4889178
12412.0,2023-24,32,2.1476865,7,1.6825646
12412.0,2023-24,33,2.2276907,2,1.4039638
12412.0,2023-24,34,2.6319408,7,1.5979192
12412.0,2023-24,35,3.7590244,6,1.9883679
12412.0,2023-24,36,2.969524,1,1.7336447
12449.0,2023-24,32,1.9679036,1,1.4237087
12449.0,2023-24,33,2.5283546,0,1.6997596
12449.0,2023-24,34,2.0551162,2,1.6663194
12449.0,2023-24,34,2.0551162,2,1.5430224
12449.0,2023-24,34,2.3759387,2,1.6663194
12449.0,2023-24,34,2.3759387,2,1.5430224
12449.0,2023-24,35,1.4891315,2,1.5322404
12449.0,2023-24,36,1.8701228,2,1.5535669
12449.0,2023-24,37,2.8681898,1,1.8372419
12449.0,2023-24,38,2.9116127,2,1.5926144
12474.0,2023-24,38,1.666418,1,1.3268107
12549.0,2023-24,35,2.6842356,1,1.5040044
12549.0,2023-24,36,2.549183,2,1.3967067
12549.0,2023-24,37,2.194765,2,1.2837362
12766.0,2023-24,6,2.0533347,4,1.8505042
12766.0,2023-24,7,1.7962894,2,2.2548835
12766.0,2023-24,8,2.0637913,2,1.8940408
12766.0,2023-24,9,2.3189137,1,1.8553185
12766.0,2023-24,10,2.222346,1,1.7553385
12766.0,2023-24,11,1.918778,0,1.5228591
12766.0,2023-24,12,1.3734046,1,1.190985
12766.0,2023-24,13,1.9685698,1,1.5943853
12766.0,2023-24,14,1.8876824,0,1.6314757
12766.0,2023-24,15,2.0673165,3,1.1902434
12766.0,2023-24,16,2.2889836,2,1.3884728
12766.0,2023-24,17,1.8163093,2,1.682651
12766.0,2023-24,18,1.8662323,2,1.9979181
12766.0,2023-24,19,2.8130379,2,1.8043466
12766.0,2023-24,20,2.9576867,3,1.7732191
12766.0,2023-24,21,2.234103,0,1.5942883
12766.0,2023-24,22,2.3310597,1,1.5521423
12766.0,2023-24,23,1.9830339,5,1.3852757
12766.0,2023-24,24,2.5736215,2,1.870511
12766.0,2023-24,25,1.8846478,14,1.7640913
12766.0,2023-24,26,4.5510473,3,1.3528126
12766.0,2023-24,27,3.452188,0,1.4300158
12766.0,2023-24,28,2.9830558,2,1.5512738
12766.0,2023-24,29,0.17400424,0,1.5517495
12766.0,2023-24,30,3.01527,2,1.335521
12766.0,2023-24,31,3.183781,1,1.786777
12766.0,2023-24,32,3.0886319,1,2.0474017
12766.0,2023-24,33,3.0975058,0,1.8534093
12766.0,2023-24,34,2.0349119,2,1.5557253
12766.0,2023-24,34,2.0349119,2,1.8840814
12766.0,2023-24,34,2.3484542,2,1.5557253
12766.0,2023-24,34,2.3484542,2,1.8840814
12766.0,2023-24,35,2.5611448,1,2.0158386
12766.0,2023-24,36,1.9905303,1,1.9469824
12766.0,2023-24,37,2.227142,2,2.0274653
12766.0,2023-24,38,2.301385,2,1.8256853
65.0,2024-25,6,1.4511286,3,0.74514544
65.0,2024-25,7,1.7137817,5,1.6095864
65.0,2024-25,8,2.637728,1,1.6735469
65.0,2024-25,9,2.5223174,1,1.3966908
65.0,2024-25,10,-0.06938905,0,1.7196558
65.0,2024-25,11,1.9235003,1,1.1324745
65.0,2024-25,12,1.9063023,4,1.2652792
65.0,2024-25,13,2.536356,7,1.6172144
65.0,2024-25,14,2.6507678,1,2.6924
65.0,2024-25,15,3.7266827,1,2.5687532
65.0,2024-25,16,4.931315,1,1.9363447
65.0,2024-25,17,3.498544,1,2.319978
65.0,2024-25,18,2.4813204,1,2.1000314
65.0,2024-25,19,2.1152,1,1.7341429
65.0,2024-25,20,1.6978893,2,0.90652704
65.0,2024-25,21,-0.052563038,0,0.9231391
65.0,2024-25,22,-0.059316408,0,1.3128335
65.0,2024-25,23,0.112355,0,0.84989643
65.0,2024-25,24,0.12398971,0,0.61843604
65.0,2024-25,25,0.021844683,0,0.6122079
65.0,2024-25,26,-0.023519129,0,0.5553618
65.0,2024-25,27,1.0013542,1,0.51839453
87.0,2024-25,6,2.3464913,1,2.7835813
87.0,2024-25,7,2.372556,3,2.5336876
87.0,2024-25,8,2.9451675,2,2.2405396
87.0,2024-25,9,1.9297887,2,1.9868933
87.0,2024-25,10,3.627225,3,2.2998993
87.0,2024-25,11,3.200531,10,1.5985821
87.0,2024-25,12,4.2187676,2,1.7658576
87.0,2024-25,13,3.9754233,2,1.5595852
87.0,2024-25,14,3.7243783,2,2.3340268
87.0,2024-25,15,2.830571,1,2.6884866
87.0,2024-25,16,4.1360893,2,2.3649554
87.0,2024-25,17,3.968845,0,2.6250918
87.0,2024-25,18,3.6233647,13,2.0514054
87.0,2024-25,19,3.1393046,10,1.7351109
87.0,2024-25,20,3.4739356,1,1.8751078
87.0,2024-25,21,4.427573,3,1.7818269
87.0,2024-25,22,3.8788817,1,2.0019896
87.0,2024-25,23,3.621275,2,2.2084777
87.0,2024-25,24,3.3560145,1,2.668386
87.0,2024-25,25,2.6352887,0,1.9574842
87.0,2024-25,26,4.4446125,0,1.7896584
87.0,2024-25,27,1.9259901,0,1.0442408
87.0,2024-25,28,1.4827049,3,1.0701547
87.0,2024-25,29,0.038836893,0,2.0642033
87.0,2024-25,30,1.9210294,2,1.8187418
87.0,2024-25,31,2.106725,6,2.2894087
87.0,2024-25,32,3.0189302,5,1.4886931
87.0,2024-25,32,3.0189302,5,1.5419923
87.0,2024-25,32,3.2105825,6,1.4886931
87.0,2024-25,32,3.2105825,6,1.5419923
87.0,2024-25,33,3.023169,1,1.4996369
87.0,2024-25,34,3.9571564,0,2.2337253
87.0,2024-25,35,2.9808023,0,1.5575482
87.0,2024-25,36,3.6644576,0,1.6442897
87.0,2024-25,37,1.2706702,0,1.0411468
87.0,2024-25,38,1.3338135,0,0.96763366
314.0,2024-25,7,4.4204226,2,1.7808344
314.0,2024-25,8,3.2378297,2,1.8626424
314.0,2024-25,9,4.041432,1,2.1998098
314.0,2024-25,10,2.272217,5,1.843001
314.0,2024-25,11,3.7488012,3,1.797538
314.0,2024-25,12,2.8899484,2,1.8656949
314.0,2024-25,13,2.588845,1,2.845383
314.0,2024-25,14,3.2212708,2,2.090618
314.0,2024-25,15,2.4268115,2,2.0863585
314.0,2024-25,16,3.55855,2,2.4095306
314.0,2024-25,17,2.4129694,2,1.757625
314.0,2024-25,18,2.7294977,1,2.1525521
314.0,2024-25,19,-0.074973464,0,1.740506
314.0,2024-25,20,2.526933,1,1.0562648
314.0,2024-25,21,2.2076786,1,1.260491
314.0,2024-25,22,2.10259,3,1.3401484
314.0,2024-25,23,2.634886,2,1.5638672
314.0,2024-25,24,0.35533276,0,1.298793
314.0,2024-25,25,2.091203,6,1.1276383
314.0,2024-25,26,1.9589813,1,1.1524143
314.0,2024-25,27,2.80348,1,1.315923
314.0,2024-25,28,0.0022075376,0,1.536054
314.0,2024-25,29,1.5466979,7,1.5048622
314.0,2024-25,30,3.2586834,3,1.6998991
314.0,2024-25,31,2.833572,3,1.9830803
314.0,2024-25,32,3.2870314,5,1.698432
314.0,2024-25,33,2.8662145,6,1.8367797
314.0,2024-25,33,2.8662145,6,2.5091603
314.0,2024-25,33,4.06344,2,1.8367797
314.0,2024-25,33,4.06344,2,2.5091603
314.0,2024-25,34,-0.11082533,0,2.0270867
314.0,2024-25,35,4.379149,3,2.1353734
314.0,2024-25,36,0.6482081,0,2.7077737
314.0,2024-25,37,2.9209301,6,1.8656251
314.0,2024-25,38,3.4974525,14,2.4338107
447.0,2024-25,6,0.13619137,0,3.9128923
447.0,2024-25,7,0.7558342,0,3.752832
447.0,2024-25,8,1.5595739,0,4.3823614
447.0,2024-25,9,0.2240111,0,2.7655106
447.0,2024-25,10,0.1363605,0,0.22927858
447.0,2024-25,11,1.6405857,1,0.21168925
447.0,2024-25,12,1.4183048,0,0.51870847
447.0,2024-25,13,1.6606671,1,0.8817351
447.0,2024-25,14,1.6394476,14,1.1938348
447.0,2024-25,15,2.806196,2,0.9545809
447.0,2024-25,16,6.110585,6,2.1188512
447.0,2024-25,17,0.25300267,0,2.0599363
447.0,2024-25,18,4.228244,1,2.2023172
447.0,2024-25,19,4.200573,3,1.5507003
447.0,2024-25,20,4.7418914,5,2.5568907
447.0,2024-25,21,3.7347317,7,2.2172782
447.0,2024-25,22,4.9547405,12,2.7021613
447.0,2024-25,23,4.4447155,1,2.5662644
447.0,2024-25,24,2.695988,1,2.1218941
447.0,2024-25,25,1.7331122,0,2.001704
447.0,2024-25,26,2.8745177,2,1.4965497
447.0,2024-25,27,0.111335434,0,1.9188888
447.0,2024-25,28,1.872603,1,1.2083507
447.0,2024-25,29,3.442442,1,1.9239964
447.0,2024-25,30,-0.09254725,0,1.715529
447.0,2024-25,31,1.9225504,3,1.2144815
447.0,2024-25,32,2.5685675,12,2.0046742
447.0,2024-25,33,2.2629843,3,1.6893944
447.0,2024-25,33,2.2629843,3,2.2860336
447.0,2024-25,33,3.4138865,2,1.6893944
447.0,2024-25,33,3.4138865,2,2.2860336
447.0,2024-25,34,0.5381912,0,2.2137969
447.0,2024-25,35,4.0921297,11,1.5608383
447.0,2024-25,36,5.1503067,3,1.6254077
447.0,2024-25,37,4.7843823,3,2.1391537
447.0,2024-25,38,6.2612624,1,2.9738805
453.0,2024-25,6,0.61252856,0,2.6458023
453.0,2024-25,7,-0.5994951,0,3.820728
453.0,2024-25,8,3.7581239,8,2.9130049
453.0,2024-25,9,0.98855436,0,2.3244758
453.0,2024-25,10,3.1880407,4,1.2353989
453.0,2024-25,11,4.9960237,2,1.7329663
453.0,2024-25,12,3.0739934,6,2.4769416
453.0,2024-25,13,5.7522335,2,2.606571
453.0,2024-25,14,2.1051316,1,2.35001
453.0,2024-25,15,3.5266266,7,2.1051042
453.0,2024-25,16,5.542075,14,2.2881198
453.0,2024-25,17,4.474302,2,2.3584511
453.0,2024-25,18,5.379268,2,2.1579742
453.0,2024-25,19,5.5002513,0,2.959452
453.0,2024-25,20,4.311275,1,2.3172576
453.0,2024-25,21,2.7389357,8,1.765019
453.0,2024-25,22,3.9683414,2,2.4252377
453.0,2024-25,23,6.6121726,2,3.7765183
453.0,2024-25,24,4.8515654,10,2.16315
453.0,2024-25,25,4.193907,3,2.7748625
453.0,2024-25,26,4.655121,8,3.0214343
453.0,2024-25,27,3.4449077,1,3.296222
453.0,2024-25,28,3.775622,6,2.4569938
453.0,2024-25,29,3.1949182,1,2.718276
453.0,2024-25,30,3.0935862,2,2.8497114
453.0,2024-25,31,6.100258,1,3.211452
453.0,2024-25,32,0.8305936,0,1.9315042
453.0,2024-25,33,-0.1130215,0,2.4655352
453.0,2024-25,34,-0.25352508,0,1.9075505
453.0,2024-25,35,0.155963,0,1.2698053
453.0,2024-25,36,1.7478906,1,1.3444761
453.0,2024-25,37,2.128777,2,1.7950855
486.0,2024-25,8,0.33912975,0,1.3634952
486.0,2024-25,9,1.5124397,0,1.1259315
486.0,2024-25,10,2.1585329,1,1.3904971
486.0,2024-25,11,2.509982,1,1.3405966
486.0,2024-25,12,2.2657127,0,1.5823861
486.0,2024-25,13,0.08034779,0,1.3579851
486.0,2024-25,14,-0.01870983,0,0.788541
486.0,2024-25,15,0.01626201,0,0.48576102
486.0,2024-25,16,0.011918107,0,0.37550873
486.0,2024-25,17,0.009606754,0,0.383449
486.0,2024-25,18,1.0639483,1,0.51491684
486.0,2024-25,19,1.1262463,1,0.495645
486.0,2024-25,20,1.5568662,1,0.8455119
486.0,2024-25,21,-0.04883705,0,0.93624413
486.0,2024-25,22,-0.009962839,0,0.75251555
486.0,2024-25,23,1.1984022,1,0.39929008
486.0,2024-25,24,1.2994024,1,1.0178907
486.0,2024-25,25,0.020490052,0,1.1682103
486.0,2024-25,26,0.020490052,0,0.87435555
486.0,2024-25,27,0.004095591,0,0.73981553
486.0,2024-25,28,0.88705003,1,0.52427435
489.0,2024-25,6,-0.09229134,0,0.5847282
489.0,2024-25,7,-0.00910622,0,0.5671365
489.0,2024-25,8,0.035767797,0,0.6310399
489.0,2024-25,9,-0.00029812212,0,0.7369699
489.0,2024-25,10,-0.013753556,0,0.6599431
489.0,2024-25,11,-0.006061219,0,0.6028539
489.0,2024-25,12,-0.020743089,0,0.534757
489.0,2024-25,13,-0.020743089,0,0.46143115
489.0,2024-25,14,-0.020743089,0,0.39821774
489.0,2024-25,15,-0.020743089,0,0.35156232
489.0,2024-25,16,-0.020743089,0,0.3361074
489.0,2024-25,17,-0.020743089,0,0.33400384
489.0,2024-25,18,-0.020743089,0,0.33400384
489.0,2024-25,19,-0.020743089,0,0.33400384
489.0,2024-25,20,-0.020743089,0,0.33400384
489.0,2024-25,21,-0.020743089,0,0.33400384
489.0,2024-25,22,-0.020743089,0,0.33400384
489.0,2024-25,23,-0.020743089,0,0.33400384
489.0,2024-25,24,-0.020743089,0,0.33400384
489.0,2024-25,25,-0.020743089,0,0.33400384
489.0,2024-25,26,-0.020743089,0,0.33400384
489.0,2024-25,27,-0.020743089,0,0.33400384
489.0,2024-25,28,-0.020743089,0,0.33400384
489.0,2024-25,29,-0.020743089,0,0.33400384
489.0,2024-25,30,-0.020743089,0,0.33400384
489.0,2024-25,31,-0.020743089,0,0.33400384
489.0,2024-25,32,-0.020743089,0,0.33400384
489.0,2024-25,33,-0.020743089,0,0.33400384
489.0,2024-25,34,-0.020743089,0,0.33400384
489.0,2024-25,35,-0.020743089,0,0.33400384
489.0,2024-25,36,-0.020743089,0,0.33400384
489.0,2024-25,37,-0.020743089,0,0.33400384
489.0,2024-25,38,0.4704082,1,0.33400384
500.0,2024-25,6,4.352977,3,2.4423442
500.0,2024-25,7,2.73558,2,2.2612877
500.0,2024-25,8,6.320048,2,2.869388
500.0,2024-25,9,5.864042,11,2.4245095
500.0,2024-25,10,5.5202518,2,2.0344956
500.0,2024-25,11,4.5360994,5,2.1238236
500.0,2024-25,12,6.998585,7,2.8236957
500.0,2024-25,13,4.335748,5,2.0716965
500.0,2024-25,14,4.3146205,15,2.9540606
500.0,2024-25,15,3.3561232,2,2.2635858
500.0,2024-25,16,3.6291778,2,1.9235495
500.0,2024-25,17,5.6370497,3,3.5332835
500.0,2024-25,18,4.2694473,2,2.5717373
500.0,2024-25,19,5.485903,2,3.1476023
500.0,2024-25,20,6.2023797,2,2.28358
500.0,2024-25,21,4.6576467,15,2.3584335
500.0,2024-25,22,4.498397,1,2.6480432
500.0,2024-25,23,3.4798396,2,2.1224177
500.0,2024-25,24,4.0447774,2,2.2121074
500.0,2024-25,25,4.28926,2,3.1089807
500.0,2024-25,26,4.7676005,2,3.8852153
500.0,2024-25,27,4.836997,1,2.889305
500.0,2024-25,28,3.9575944,5,2.5970023
500.0,2024-25,29,3.842277,3,1.8961717
500.0,2024-25,30,2.3562217,1,1.3422916
500.0,2024-25,31,2.528988,13,2.8454335
500.0,2024-25,32,2.3035603,2,2.2170174
500.0,2024-25,33,4.9693666,8,3.2760592
500.0,2024-25,34,4.9939547,5,2.5145757
500.0,2024-25,35,3.2911255,2,3.4736428
500.0,2024-25,36,3.5473213,2,3.2578063
500.0,2024-25,37,4.0988593,2,3.233417
500.0,2024-25,38,3.9933667,1,2.2516532
556.0,2024-25,6,3.874325,2,2.2638688
556.0,2024-25,7,2.6912737,2,1.9436921
556.0,2024-25,8,3.620341,6,1.8698672
556.0,2024-25,9,2.937198,1,1.7243184
556.0,2024-25,10,3.5888693,2,1.8495473
556.0,2024-25,11,3.5088682,1,1.748828
556.0,2024-25,12,3.1921706,8,1.7446948
556.0,2024-25,13,3.511309,14,1.6986645
556.0,2024-25,14,2.6645854,1,1.8330737
556.0,2024-25,15,3.8478234,1,2.1193964
556.0,2024-25,16,-0.029842721,0,1.9382471
556.0,2024-25,17,-0.11461896,0,1.342115
556.0,2024-25,18,-0.082655974,0,1.1638507
556.0,2024-25,19,0.019135868,0,0.72818804
556.0,2024-25,20,0.009780464,0,0.80809826
556.0,2024-25,21,-0.014651354,0,1.0502826
556.0,2024-25,22,-0.015211472,0,1.000658
556.0,2024-25,23,-0.003172947,0,0.8804755
556.0,2024-25,24,-0.020743089,0,0.72762364
556.0,2024-25,25,0.638446,7,0.57957757
556.0,2024-25,25,0.638446,7,2.2768998
556.0,2024-25,25,2.8747878,2,0.57957757
556.0,2024-25,25,2.8747878,2,2.2768998
556.0,2024-25,26,3.6672473,9,1.8171548
556.0,2024-25,27,4.6437173,1,1.9649869
556.0,2024-25,28,2.9043162,1,1.7232416
556.0,2024-25,29,-0.4287055,0,1.6848987
556.0,2024-25,30,2.6098795,8,1.1669395
556.0,2024-25,31,2.5188124,1,0.8235066
556.0,2024-25,32,2.8776908,3,1.1494085
556.0,2024-25,33,2.6573439,1,1.6205579
556.0,2024-25,33,2.6573439,1,1.5360118
556.0,2024-25,33,1.9954839,8,1.6205579
556.0,2024-25,33,1.9954839,8,1.5360118
592.0,2024-25,7,2.1993148,2,1.4394857
592.0,2024-25,8,2.0924296,1,1.5500855
592.0,2024-25,9,3.08152,5,1.4813514
592.0,2024-25,10,-0.021509748,0,1.7477931
592.0,2024-25,11,-0.085910834,0,1.3329886
592.0,2024-25,12,2.531341,9,0.98867893
592.0,2024-25,13,2.0657976,1,1.471119
592.0,2024-25,14,2.818873,1,1.4727274
592.0,2024-25,15,2.739255,1,1.4358646
592.0,2024-25,16,3.387651,1,1.0564069
592.0,2024-25,17,0.47534773,0,1.612699
592.0,2024-25,18,2.201016,1,1.3651439
592.0,2024-25,19,1.8271205,1,0.819554
592.0,2024-25,20,1.8203671,10,0.5700419
592.0,2024-25,21,0.4504718,0,1.4204556
592.0,2024-25,22,0.37625435,0,1.3930908
592.0,2024-25,23,0.33529365,0,1.1140764
592.0,2024-25,24,0.016807264,0,0.99962735
592.0,2024-25,25,-0.021498093,0,1.0102472
592.0,2024-25,26,-0.032377373,0,0.65562487
592.0,2024-25,27,-0.04511317,0,0.61125374
592.0,2024-25,28,-0.049555473,0,0.57770485
592.0,2024-25,29,-0.020743089,0,0.55267864
592.0,2024-25,30,-0.020743089,0,0.5349254
592.0,2024-25,31,-0.020743089,0,0.47594842
592.0,2024-25,32,-0.020743089,0,0.41265672
592.0,2024-25,33,0.37604266,1,0.36358464
592.0,2024-25,34,-0.047082264,0,0.91044146
592.0,2024-25,35,1.404384,1,0.9201479
592.0,2024-25,36,-0.053490862,0,1.0160338
592.0,2024-25,37,1.2105675,1,0.90991795
592.0,2024-25,38,1.2007016,1,0.83891356
618.0,2024-25,9,0.041812126,0,1.3438367
618.0,2024-25,10,0.21791664,0,0.9458621
618.0,2024-25,11,0.0688321,0,0.5211189
618.0,2024-25,12,1.3116992,4,0.330746
618.0,2024-25,13,1.7757052,1,0.83230454
618.0,2024-25,14,-0.021188907,0,1.3159399
618.0,2024-25,15,-0.021633074,0,1.0784527
618.0,2024-25,16,-0.041301504,0,0.920473
618.0,2024-25,17,-0.080563195,0,0.7161483
618.0,2024-25,18,0.008981415,0,0.3049597
618.0,2024-25,19,-0.04500956,0,0.49271357
618.0,2024-25,20,-0.04500956,0,0.45773888
618.0,2024-25,21,1.2503366,2,0.43529314
618.0,2024-25,22,1.9218112,0,1.6299516
618.0,2024-25,23,-0.1210727,0,1.2386228
618.0,2024-25,24,1.6342516,1,0.9748548
618.0,2024-25,25,1.8864824,3,0.8688797
618.0,2024-25,26,2.2420516,1,1.2997712
618.0,2024-25,27,1.8482219,1,1.0414166
618.0,2024-25,28,0.0754655,0,1.5344089
618.0,2024-25,29,-0.0884344,0,0.7016638
618.0,2024-25,30,0.20866023,0,0.26467255
618.0,2024-25,31,1.0550058,4,0.14465104
618.0,2024-25,32,-0.065650046,0,1.031787
618.0,2024-25,33,1.8284721,1,1.0935901
618.0,2024-25,33,1.8284721,1,1.0140687
618.0,2024-25,33,1.9837881,1,1.0935901
618.0,2024-25,33,1.9837881,1,1.0140687
618.0,2024-25,34,0.53610164,0,1.0539532
618.0,2024-25,35,2.4522831,1,0.8239985
618.0,2024-25,36,0.071642175,0,1.0665073
618.0,2024-25,37,0.13317302,0,0.7123685
618.0,2024-25,38,1.6560812,2,0.6262282
646.0,2024-25,8,2.7493303,2,1.7599331
646.0,2024-25,9,2.4218144,2,2.1103985
646.0,2024-25,10,-0.2762072,0,1.9922334
646.0,2024-25,11,2.2568014,1,1.5992452
646.0,2024-25,12,2.3424156,2,1.2512342
646.0,2024-25,13,-0.19485252,0,1.1711327
646.0,2024-25,14,-0.00998913,0,1.0233194
646.0,2024-25,15,0.15807736,0,0.9688384
646.0,2024-25,16,0.034446176,0,0.6107674
646.0,2024-25,17,0.030389987,0,0.6356052
646.0,2024-25,18,1.571103,1,0.707969
646.0,2024-25,19,1.6100744,2,1.2339045
646.0,2024-25,20,0.44596112,0,1.9093547
646.0,2024-25,21,1.8494941,4,1.2922788
646.0,2024-25,22,0.030645296,0,1.3138784
646.0,2024-25,23,0.393127,0,0.9313762
646.0,2024-25,24,1.7148324,1,0.7025183
646.0,2024-25,25,0.064243995,0,0.9259144
646.0,2024-25,26,0.064243995,0,0.7513298
646.0,2024-25,27,1.8544227,1,0.6707599
646.0,2024-25,28,3.623935,2,0.884828
646.0,2024-25,29,1.9064711,3,1.6580071
646.0,2024-25,30,1.9825609,0,2.1717212
646.0,2024-25,31,0.26538187,0,1.6035582
646.0,2024-25,32,2.1593566,2,0.73092425
646.0,2024-25,33,2.023898,1,1.0783354
646.0,2024-25,34,2.0685842,1,1.3718172
646.0,2024-25,35,1.9687027,4,1.1081371
646.0,2024-25,36,2.266066,1,1.2707561
646.0,2024-25,37,0.5366635,0,1.445987
646.0,2024-25,38,2.5264404,6,0.94763553
668.0,2024-25,6,2.2436583,1,1.2013507
668.0,2024-25,7,1.8033396,1,1.3243407
668.0,2024-25,8,1.9263,3,1.4760405
668.0,2024-25,9,1.9891275,2,1.7079419
668.0,2024-25,10,2.1392512,2,1.3995984
668.0,2024-25,11,2.287258,2,1.3869189
668.0,2024-25,12,3.0358052,3,1.7164035
668.0,2024-25,13,2.894568,1,2.0668254
668.0,2024-25,14,3.3112564,3,1.5769479
668.0,2024-25,15,-0.1536601,0,1.53702
668.0,2024-25,16,1.5753,3,1.0696115
668.0,2024-25,17,2.307105,3,1.7209634
668.0,2024-25,18,2.7510781,2,2.1345181
668.0,2024-25,19,3.2491727,1,1.9947242
668.0,2024-25,20,1.98775,2,1.7543885
668.0,2024-25,21,2.3182783,1,1.7973922
668.0,2024-25,22,2.4184275,11,1.8150815
668.0,2024-25,23,2.1646671,3,1.8957127
668.0,2024-25,24,2.164288,3,1.9199198
668.0,2024-25,24,2.164288,3,2.0310197
668.0,2024-25,24,2.0444164,1,1.9199198
668.0,2024-25,24,2.0444164,1,2.0310197
668.0,2024-25,25,2.4896903,2,2.1336405
668.0,2024-25,26,2.68952,1,1.8797473
668.0,2024-25,27,2.3655972,2,1.718304
668.0,2024-25,28,2.461348,3,1.7205242
668.0,2024-25,29,2.6657202,6,1.7483201
668.0,2024-25,30,2.0215402,2,2.0849793
668.0,2024-25,31,2.1206076,2,2.2085376
668.0,2024-25,32,2.5231075,2,2.2262106
668.0,2024-25,33,2.6382816,2,1.8721889
668.0,2024-25,34,2.2160792,2,1.6457721
668.0,2024-25,35,2.2489693,2,1.636854
668.0,2024-25,36,2.04022,2,1.7203853
668.0,2024-25,37,2.1180646,3,1.764259
668.0,2024-25,38,2.4659572,2,1.5964705
672.0,2024-25,6,1.961865,1,0.79659075
672.0,2024-25,7,2.1553721,2,1.7870985
672.0,2024-25,8,2.6303456,6,2.1550827
672.0,2024-25,9,2.568734,0,2.6017463
672.0,2024-25,10,1.9839779,7,2.170552
672.0,2024-25,11,2.2920206,2,1.035027
672.0,2024-25,12,3.2742832,7,1.7462376
672.0,2024-25,13,2.5416422,2,1.2248694
672.0,2024-25,14,2.9895089,1,1.8853484
672.0,2024-25,15,2.6603796,2,1.3916596
672.0,2024-25,16,-0.10659837,0,1.5752879
672.0,2024-25,17,1.8302423,2,1.8500302
672.0,2024-25,18,2.1891484,7,1.9727808
672.0,2024-25,19,0.15940693,0,2.5532987
672.0,2024-25,20,2.424874,2,1.6965464
672.0,2024-25,21,2.4722707,1,2.0134819
672.0,2024-25,22,2.2911255,2,1.4748012
672.0,2024-25,23,2.1606507,2,1.7232419
672.0,2024-25,24,2.4720886,2,2.056517
672.0,2024-25,25,2.5825884,2,1.908622
672.0,2024-25,26,2.6287673,1,1.6164877
672.0,2024-25,27,-0.006028581,0,1.6431621
672.0,2024-25,28,-0.025676679,0,1.0764796
672.0,2024-25,29,2.4566987,1,0.77194786
672.0,2024-25,30,1.4209354,1,1.1340626
672.0,2024-25,31,-0.04963187,0,1.8974956
672.0,2024-25,32,-0.10789946,0,1.4760371
672.0,2024-25,33,-0.06932318,0,1.130888
672.0,2024-25,34,0.90790844,1,0.69281864
672.0,2024-25,35,2.0452232,8,1.5174975
672.0,2024-25,36,2.4320128,2,1.6878246
672.0,2024-25,37,2.6218119,3,1.5840354
672.0,2024-25,38,2.7791944,2,1.5453875
675.0,2024-25,7,5.4829087,2,2.01583
675.0,2024-25,8,4.5401087,1,1.6497852
675.0,2024-25,9,0.7058681,0,1.6334333
675.0,2024-25,10,0.17134237,0,0.7616458
675.0,2024-25,11,0.05399094,0,0.4920924
675.0,2024-25,12,2.2412226,1,0.64294493
675.0,2024-25,13,1.6894151,1,1.2083015
675.0,2024-25,14,2.0897799,3,1.9070095
675.0,2024-25,15,2.0941112,1,2.4999251
675.0,2024-25,16,2.7227285,1,2.0514388
675.0,2024-25,17,1.7583532,1,1.6094936
675.0,2024-25,18,0.13799438,0,1.9629247
675.0,2024-25,19,0.14026992,0,1.4251484
675.0,2024-25,20,2.552584,1,1.0903255
675.0,2024-25,21,-0.06018033,0,1.1754185
675.0,2024-25,22,1.7571476,1,0.97399426
675.0,2024-25,23,0.06008015,0,1.6720426
675.0,2024-25,24,0.041486107,0,1.1941012
675.0,2024-25,25,0.04210695,0,0.6735724
675.0,2024-25,26,0.08329169,0,0.6773035
675.0,2024-25,27,1.3958269,1,0.45818686
675.0,2024-25,28,0.042423338,0,0.77235126
675.0,2024-25,29,0.013000888,0,0.67140526
675.0,2024-25,30,1.5884864,9,0.562758
675.0,2024-25,31,2.0490096,1,1.1760601
675.0,2024-25,32,1.8079418,1,1.2844038
675.0,2024-25,33,-0.124485075,0,1.1284875
675.0,2024-25,34,-0.07436702,0,1.0311449
675.0,2024-25,35,-0.12322234,0,0.8037796
675.0,2024-25,36,-0.001580528,0,0.73758894
675.0,2024-25,37,1.529714,1,0.6730076
700.0,2024-25,30,1.5390561,1,1.1754159
700.0,2024-25,31,1.6276176,0,1.6489958
700.0,2024-25,32,1.8522891,1,1.1637981
700.0,2024-25,33,1.9531435,0,0.99272007
700.0,2024-25,34,1.278223,2,0.6790621
700.0,2024-25,35,2.1589236,1,0.89941216
700.0,2024-25,36,1.8971854,1,1.5506195
700.0,2024-25,37,2.2427344,0,1.100375
700.0,2024-25,38,1.7066354,0,1.0420221
757.0,2024-25,7,-0.113250166,0,1.0006299
757.0,2024-25,8,1.4089878,1,0.67722404
757.0,2024-25,9,-0.05043918,0,0.8830066
757.0,2024-25,10,1.6523534,1,0.6598031
757.0,2024-25,11,1.4982406,1,1.0032023
757.0,2024-25,12,1.3043429,1,1.1502882
757.0,2024-25,13,1.9605858,1,1.403476
757.0,2024-25,14,0.066503525,0,1.4038844
757.0,2024-25,15,0.04582728,0,0.73582023
757.0,2024-25,16,0.021609271,0,0.5295882
757.0,2024-25,17,0.94516146,1,0.34568697
757.0,2024-25,18,0.009924889,0,0.92712235
757.0,2024-25,19,-0.010077708,0,0.94533837
757.0,2024-25,20,0.0010440671,0,0.780092
757.0,2024-25,21,-0.05171891,0,0.6097735
757.0,2024-25,22,1.3571222,1,0.3440559
843.0,2024-25,6,1.8690153,2,1.3038205
843.0,2024-25,7,1.7175637,-1,1.3469969
843.0,2024-25,8,0.06319394,0,1.3276407
843.0,2024-25,9,0.060559455,0,0.90623987
843.0,2024-25,10,0.054753017,0,0.7211716
843.0,2024-25,11,1.4145162,1,0.62040555
843.0,2024-25,12,1.1483526,2,0.98214746
843.0,2024-25,13,0.104786955,0,1.8458539
843.0,2024-25,14,0.104786955,0,1.2627968
843.0,2024-25,15,0.1129846,0,0.9082334
843.0,2024-25,16,0.03864818,0,0.5824149
843.0,2024-25,17,-0.007097821,0,0.4862088
843.0,2024-25,18,0.9767235,1,0.5107593
843.0,2024-25,19,1.3167858,1,0.8476677
843.0,2024-25,20,1.3011432,4,1.2728785
843.0,2024-25,21,0.7854428,0,1.6623868
843.0,2024-25,22,0.7854428,0,1.2266095
843.0,2024-25,23,0.44835523,0,0.7644169
843.0,2024-25,24,0.032291964,0,0.53116584
843.0,2024-25,25,2.6378365,1,0.45266584
843.0,2024-25,26,2.0069995,2,1.7141795
843.0,2024-25,27,1.9841613,3,1.9667147
843.0,2024-25,28,2.1449137,2,1.7399198
843.0,2024-25,29,1.8959016,2,1.6774166
843.0,2024-25,30,2.8905902,2,1.6840831
843.0,2024-25,31,2.5300944,4,1.7556459
843.0,2024-25,32,2.1003873,2,2.0911293
843.0,2024-25,33,3.1761217,3,2.2390423
843.0,2024-25,34,2.4882133,1,1.9379562
843.0,2024-25,35,3.0524945,1,1.9206916
843.0,2024-25,36,2.9614234,3,1.6724011
843.0,2024-25,37,3.8339884,1,1.7408868
843.0,2024-25,38,3.7038772,9,1.6812044
900.0,2024-25,6,3.6042392,3,2.7993164
900.0,2024-25,7,1.7679256,2,1.847962
900.0,2024-25,8,5.2900367,2,2.8239894
900.0,2024-25,9,5.300278,3,1.5869669
900.0,2024-25,10,5.4417653,4,2.334949
900.0,2024-25,11,3.628315,1,2.8181772
900.0,2024-25,12,4.1330037,1,2.8363328
900.0,2024-25,13,-0.21319133,0,1.7309897
900.0,2024-25,14,2.3595104,1,2.8364663
900.0,2024-25,15,1.8645557,1,2.094965
900.0,2024-25,16,1.8939649,1,1.561777
900.0,2024-25,17,3.2283475,1,2.1887534
900.0,2024-25,18,2.7629077,2,1.6543144
900.0,2024-25,19,3.1128838,1,1.8710629
900.0,2024-25,20,3.0159078,1,2.0072453
900.0,2024-25,21,2.1541467,1,1.102477
900.0,2024-25,22,2.518655,6,1.180431
900.0,2024-25,23,3.0777864,1,1.4494196
900.0,2024-25,24,2.7767906,2,1.5141927
900.0,2024-25,25,3.7235653,6,1.2692819
900.0,2024-25,26,3.9415102,2,1.8575834
900.0,2024-25,27,4.03106,7,1.5501176
900.0,2024-25,28,0.053071536,0,2.5897164
900.0,2024-25,29,3.9752162,1,2.069794
900.0,2024-25,30,2.6129415,2,1.5760199
900.0,2024-25,31,2.3603303,1,1.5538651
900.0,2024-25,32,2.3816874,1,1.4518063
900.0,2024-25,33,3.0540729,1,1.8664969
900.0,2024-25,34,2.1436892,5,0.9449517
900.0,2024-25,35,2.4372606,0,1.9139615
900.0,2024-25,36,2.161367,1,1.894931
900.0,2024-25,37,2.3383064,9,1.2075347
900.0,2024-25,38,3.1946845,2,1.3503748
910.0,2024-25,6,1.4616197,0,1.3641537
910.0,2024-25,7,-0.0599402,0,1.1003442
910.0,2024-25,8,-0.010150791,0,0.56934446
910.0,2024-25,9,1.2099509,1,0.31777534
910.0,2024-25,10,0.035956677,0,0.69574577
910.0,2024-25,11,1.179358,1,0.4864602
910.0,2024-25,12,-0.00025670248,0,0.8779484
910.0,2024-25,13,-0.0034144707,0,0.8071166
910.0,2024-25,14,0.004557432,0,0.6531259
910.0,2024-25,15,0.013127883,0,0.6193904
910.0,2024-25,16,0.013127883,0,0.39723903
910.0,2024-25,17,-0.0021494552,0,0.3667673
910.0,2024-25,18,-0.006061219,0,0.35624313
910.0,2024-25,19,-0.006061219,0,0.35288733
910.0,2024-25,20,-0.020743089,0,0.34970003
910.0,2024-25,21,-0.020743089,0,0.34689835
910.0,2024-25,22,-0.020743089,0,0.34246325
910.0,2024-25,23,-0.020743089,0,0.33778417
910.0,2024-25,24,-0.020743089,0,0.33567685
910.0,2024-25,25,0.44987443,1,0.33400384
910.0,2024-25,26,-0.008118548,0,1.1421117
910.0,2024-25,27,-0.008118548,0,1.0297377
910.0,2024-25,28,1.6004059,1,0.88493544
910.0,2024-25,29,-0.036500916,0,0.9848442
910.0,2024-25,30,-0.036500916,0,0.5679988
910.0,2024-25,31,1.0638924,1,0.40601295
910.0,2024-25,32,0.03625897,0,0.9887668
910.0,2024-25,33,0.03625897,0,0.93959737
910.0,2024-25,34,0.037089773,0,0.8524003
910.0,2024-25,35,1.0886453,1,0.690226
922.0,2024-25,6,4.4947677,6,1.8423222
922.0,2024-25,7,1.9900522,8,1.9451493
922.0,2024-25,8,4.8785753,0,3.115336
922.0,2024-25,9,5.6768994,3,2.5026615
922.0,2024-25,10,5.2455583,2,3.3035345
922.0,2024-25,11,3.1670423,3,2.1620674
922.0,2024-25,12,4.8977704,0,2.5812407
922.0,2024-25,13,0.39130813,0,1.884506
922.0,2024-25,14,4.3407354,3,2.026825
922.0,2024-25,15,3.4271986,1,1.1962883
922.0,2024-25,16,1.628823,6,1.1925534
922.0,2024-25,17,-0.026635366,0,2.3062959
922.0,2024-25,18,2.6524003,2,2.5949926
922.0,2024-25,19,2.3251512,5,2.7434173
922.0,2024-25,20,2.8687925,0,1.6812986
922.0,2024-25,21,2.9227982,2,1.4239396
922.0,2024-25,22,0.2147259,0,1.9684875
922.0,2024-25,23,2.9507568,1,1.5917815
922.0,2024-25,24,2.3358266,3,1.2124345
922.0,2024-25,25,2.0481296,1,1.3266279
922.0,2024-25,26,1.7814626,1,1.007137
922.0,2024-25,27,2.5118115,6,1.5466338
922.0,2024-25,28,2.929067,2,1.7821313
922.0,2024-25,29,3.5663593,6,2.6888623
922.0,2024-25,30,2.5989277,0,2.4227674
922.0,2024-25,31,2.3050408,2,2.5992384
922.0,2024-25,32,2.4718857,2,1.7793801
922.0,2024-25,33,3.8244793,2,1.8451409
922.0,2024-25,34,5.071634,1,1.5674293
922.0,2024-25,35,0.70997524,0,1.503267
922.0,2024-25,36,2.8227274,2,1.0571365
922.0,2024-25,37,-0.016825214,0,1.4108099
922.0,2024-25,38,2.101953,2,1.3547822
971.0,2024-25,6,2.1356297,2,1.4609231
971.0,2024-25,7,0.08224252,0,1.563857
971.0,2024-25,8,2.0855927,3,1.2378994
971.0,2024-25,9,2.1739306,4,1.5220579
971.0,2024-25,10,4.9365425,2,2.0477684
971.0,2024-25,11,3.409035,2,1.9289297
971.0,2024-25,12,3.789704,1,2.2989583
971.0,2024-25,13,0.21953283,0,1.4493705
971.0,2024-25,14,0.08605829,0,0.9327502
971.0,2024-25,15,-0.02414165,0,0.74340695
971.0,2024-25,16,0.073497765,0,0.608258
971.0,2024-25,17,1.769505,1,0.45938385
971.0,2024-25,18,1.5373194,2,1.9416062
971.0,2024-25,19,1.7763754,2,1.8419414
971.0,2024-25,20,1.8237069,2,1.5707718
971.0,2024-25,21,2.1802597,2,1.5964874
971.0,2024-25,22,2.0852425,2,1.6209747
971.0,2024-25,23,2.2767847,1,1.5988246
971.0,2024-25,24,1.9117235,2,1.5279765
971.0,2024-25,25,0.16489984,0,1.5745705
971.0,2024-25,26,0.06694329,0,1.0914316
971.0,2024-25,27,1.7061911,1,0.86716187
971.0,2024-25,28,1.4857907,1,1.2346528
971.0,2024-25,29,1.6130136,1,1.5334634
1228.0,2024-25,6,4.3034906,-2,2.4021487
1228.0,2024-25,7,2.7772183,3,1.5184805
1228.0,2024-25,8,3.6433268,5,1.5724057
1228.0,2024-25,9,2.4771068,2,2.072842
1228.0,2024-25,10,4.173979,10,2.183413
1228.0,2024-25,11,3.3119137,17,2.4424188
1228.0,2024-25,12,3.3321903,2,2.7678318
1228.0,2024-25,13,3.3278265,9,3.9897368
1228.0,2024-25,14,1.2226163,2,2.3867111
1228.0,2024-25,15,3.256465,9,2.3402991
1228.0,2024-25,16,2.9987447,9,2.5383363
1228.0,2024-25,17,3.9512675,2,3.5333867
1228.0,2024-25,18,7.178638,-2,3.3390322
1228.0,2024-25,19,-0.17192085,0,2.6489685
1228.0,2024-25,20,2.4612572,7,2.3320093
1228.0,2024-25,21,4.2860765,4,1.5651067
1228.0,2024-25,22,5.679522,8,2.150556
1228.0,2024-25,23,5.5245976,3,3.3915925
1228.0,2024-25,24,4.3855343,1,2.600689
1228.0,2024-25,25,5.5367613,2,2.7560422
1228.0,2024-25,26,3.077643,10,3.6325383
1228.0,2024-25,27,3.8225462,10,2.965292
1228.0,2024-25,28,3.2538834,9,2.9491777
1228.0,2024-25,29,5.247904,17,2.6883948
1228.0,2024-25,30,1.7871761,2,2.361116
1228.0,2024-25,31,1.8189931,3,2.8403041
1228.0,2024-25,32,2.102278,2,2.6908147
1228.0,2024-25,33,3.476117,1,2.4246197
1228.0,2024-25,34,3.1139617,4,2.256153
1228.0,2024-25,35,-0.426023,0,2.0549185
1228.0,2024-25,36,4.3548775,2,2.9595332
1228.0,2024-25,37,3.5906758,1,2.8973155
1228.0,2024-25,38,2.7137198,7,3.172917
1250.0,2024-25,6,3.7090204,10,2.5054543
1250.0,2024-25,7,5.418452,3,3.6216574
1250.0,2024-25,8,6.7792206,12,2.9007404
1250.0,2024-25,9,3.8501728,10,3.9507875
1250.0,2024-25,10,5.6715884,9,3.445129
1250.0,2024-25,11,4.922588,14,4.546819
1250.0,2024-25,12,5.9713597,13,4.583493
1250.0,2024-25,13,7.7305694,13,4.6223416
1250.0,2024-25,14,3.539511,18,4.3365235
1250.0,2024-25,15,-0.47842443,0,4.0623727
1250.0,2024-25,16,4.667682,5,2.5113382
1250.0,2024-25,17,3.4595313,21,2.707314
1250.0,2024-25,18,5.8576818,9,2.522021
1250.0,2024-25,19,7.444379,16,3.5794983
1250.0,2024-25,20,10.844734,7,4.4330087
1250.0,2024-25,21,6.5062976,2,3.5769339
1250.0,2024-25,22,6.6421566,3,3.9153485
1250.0,2024-25,23,5.9132023,8,6.124253
1250.0,2024-25,24,5.73768,16,5.6798534
1250.0,2024-25,24,5.73768,16,5.980329
1250.0,2024-25,24,4.7053814,13,5.6798534
1250.0,2024-25,24,4.7053814,13,5.980329
1250.0,2024-25,25,5.3997874,8,4.969072
1250.0,2024-25,25,5.3997874,8,4.535931
1250.0,2024-25,25,4.3678994,12,4.969072
1250.0,2024-25,25,4.3678994,12,4.535931
1250.0,2024-25,26,4.0636,14,4.3296576
1250.0,2024-25,27,4.86745,6,3.8734937
1250.0,2024-25,28,4.729769,15,4.551193
1250.0,2024-25,29,-0.06912978,0,3.9274251
1250.0,2024-25,30,6.079084,3,2.6437755
1250.0,2024-25,31,6.1374454,2,2.2603722
1250.0,2024-25,32,4.8245897,6,5.3772492
1250.0,2024-25,33,5.930829,3,4.740891
1250.0,2024-25,34,5.5714717,8,7.0141487
1250.0,2024-25,35,3.9865663,2,4.589601
1250.0,2024-25,36,3.552398,2,3.6009016
1250.0,2024-25,37,5.4322,2,3.0975676
1250.0,2024-25,38,3.9192052,10,3.948244
1299.0,2024-25,6,3.095171,2,2.1921418
1299.0,2024-25,7,2.7609625,2,2.1846116
1299.0,2024-25,8,3.2862916,2,2.8757896
1299.0,2024-25,9,2.4051976,1,1.9550732
1299.0,2024-25,10,2.893924,1,1.8435487
1299.0,2024-25,11,2.7039557,6,1.6679097
1299.0,2024-25,12,2.709948,6,2.1047916
1299.0,2024-25,13,2.7235222,1,2.4366708
1299.0,2024-25,14,2.368214,2,2.260996
1299.0,2024-25,15,2.082894,1,2.3553438
1299.0,2024-25,16,2.2717075,2,2.6205525
1299.0,2024-25,17,0.05166054,0,1.7872204
1299.0,2024-25,18,-0.080316156,0,1.4378465
1299.0,2024-25,19,-0.0063945116,0,1.0983943
1299.0,2024-25,20,1.2304286,1,0.8667879
1389.0,2024-25,6,2.2215214,0,1.0782373
1389.0,2024-25,7,2.0810094,2,0.71047425
1389.0,2024-25,8,1.303728,0,1.0303586
1389.0,2024-25,9,1.7154039,0,0.8614917
1389.0,2024-25,10,1.508802,0,0.7625687
1389.0,2024-25,11,1.1332825,0,0.69209194
1389.0,2024-25,12,1.1934948,0,0.5007851
1389.0,2024-25,13,1.6314257,2,0.83917946
1389.0,2024-25,14,1.8438172,1,1.6953305
1389.0,2024-25,15,1.5168201,2,1.0871135
1389.0,2024-25,16,1.929227,1,1.0341505
1389.0,2024-25,17,1.6168044,0,0.8706585
1389.0,2024-25,18,1.5978159,0,0.6995079
1389.0,2024-25,19,1.5359732,1,0.7454041
1389.0,2024-25,20,1.3948721,2,0.74451023
1389.0,2024-25,21,1.6168509,0,1.4547406
1389.0,2024-25,22,1.5666821,0,1.0340575
1389.0,2024-25,23,1.5976268,0,0.74173826
1389.0,2024-25,24,1.2092991,0,0.37215924
1389.0,2024-25,25,1.2945243,0,0.4126097
1389.0,2024-25,26,1.352179,0,0.94029754
1389.0,2024-25,27,0.9778134,3,0.6668522
1389.0,2024-25,28,2.6304371,0,1.1132966
1389.0,2024-25,29,2.0318282,0,0.9100347
1389.0,2024-25,30,1.5955795,0,0.6312523
1389.0,2024-25,31,1.0752833,1,0.597811
1389.0,2024-25,32,1.7949039,2,1.0163321
1389.0,2024-25,33,1.855863,0,1.5936956
1389.0,2024-25,33,1.855863,0,1.1635382
1389.0,2024-25,33,2.078318,0,1.5936956
1389.0,2024-25,33,2.078318,0,1.1635382
1389.0,2024-25,34,0.017248085,0,0.7708486
1389.0,2024-25,35,1.1551626,0,0.4766712
1389.0,2024-25,36,1.063823,0,0.50552374
1389.0,2024-25,37,1.008683,1,0.527784
1389.0,2024-25,38,1.4633329,0,0.987375
1433.0,2024-25,10,-0.057586282,0,0.53489816
1433.0,2024-25,11,-0.065581255,0,0.46943617
1433.0,2024-25,12,-0.016178384,0,0.4250039
1433.0,2024-25,13,-0.01615779,0,0.40167576
1433.0,2024-25,14,-0.020743089,0,0.38792777
1433.0,2024-25,15,-0.020743089,0,0.3760573
1433.0,2024-25,16,-0.020743089,0,0.36173087
1433.0,2024-25,17,-0.020743089,0,0.34882766
1433.0,2024-25,18,-0.020743089,0,0.33937877
1433.0,2024-25,19,-0.020743089,0,0.33400384
1433.0,2024-25,20,-0.020743089,0,0.33400384
1433.0,2024-25,21,-0.020743089,0,0.33400384
1433.0,2024-25,22,0.44064358,1,0.33400384
1433.0,2024-25,23,1.9161547,1,1.0947239
1433.0,2024-25,24,-0.033762906,0,1.076659
1433.0,2024-25,25,-0.033762906,0,0.77225006
1433.0,2024-25,26,-0.025698699,0,0.52768457
1433.0,2024-25,27,-0.0294822,0,0.28755516
1433.0,2024-25,28,0.0343599,0,0.31333512
1433.0,2024-25,29,0.0016986523,0,0.3471753
1433.0,2024-25,30,0.0016986523,0,0.3471753
1433.0,2024-25,31,1.08094,1,0.3471753
1433.0,2024-25,32,-0.04864076,0,1.0462109
1433.0,2024-25,33,-0.04864076,0,0.922303
1433.0,2024-25,34,-0.04864076,0,0.7676809
1433.0,2024-25,35,1.3646885,1,0.5903203
1433.0,2024-25,36,-0.036500916,0,0.60507166
1433.0,2024-25,37,1.309615,2,0.541922
1537.0,2024-25,6,1.8441912,2,1.227879
1537.0,2024-25,7,1.2422886,2,1.3132564
1537.0,2024-25,8,-0.16112699,0,1.3680457
1537.0,2024-25,9,0.18693344,0,1.2794949
1537.0,2024-25,10,-0.08634946,0,1.1167367
1537.0,2024-25,11,-0.028732864,0,1.0338482
1537.0,2024-25,12,1.5494567,2,0.9523447
1537.0,2024-25,13,1.7429609,1,1.7034713
1537.0,2024-25,14,0.0453066,0,1.5620108
1537.0,2024-25,15,1.8830215,1,1.0998307
1537.0,2024-25,16,1.6402965,2,1.4194202
1537.0,2024-25,17,1.9823208,1,1.5136002
1537.0,2024-25,18,1.6003553,5,1.3569665
1537.0,2024-25,19,2.1158454,2,1.6122495
1537.0,2024-25,20,1.9369836,2,2.1511965
1537.0,2024-25,21,2.3604162,1,1.6922072
1537.0,2024-25,22,2.33248,5,1.8569472
1537.0,2024-25,23,3.1336808,2,1.7384087
1537.0,2024-25,24,2.4704585,2,1.6597265
1537.0,2024-25,25,3.0927665,2,1.8774422
1537.0,2024-25,26,3.134942,2,2.123711
1537.0,2024-25,27,3.2919614,1,1.6563301
1537.0,2024-25,28,0.25834477,0,1.452468
1537.0,2024-25,29,-0.12766553,0,1.0884665
1537.0,2024-25,30,1.9438426,1,0.7323497
1537.0,2024-25,31,2.4495003,1,1.8180517
1537.0,2024-25,32,2.3171024,2,2.2660127
1537.0,2024-25,33,2.6087697,3,2.1857667
1537.0,2024-25,34,1.9654113,1,1.8690854
1537.0,2024-25,35,1.8615901,2,1.6348165
1537.0,2024-25,36,-0.08352718,0,1.9422927
1537.0,2024-25,37,1.8188536,2,1.331936
1537.0,2024-25,38,2.1189291,2,1.4797982
1683.0,2024-25,9,0.123350985,0,0.9897187
1683.0,2024-25,10,0.057290558,0,0.7276366
1683.0,2024-25,11,0.08570471,0,0.51715654
1683.0,2024-25,12,1.25991,2,0.41132838
1683.0,2024-25,13,1.9711329,1,1.2608199
1683.0,2024-25,14,2.0610247,2,1.3761858
1683.0,2024-25,15,0.18479055,0,1.4807359
1683.0,2024-25,16,0.031014323,0,1.096812
1683.0,2024-25,17,0.033437535,0,0.7405248
1683.0,2024-25,18,0.05323629,0,0.6259267
1683.0,2024-25,19,0.040830567,0,0.5443133
1683.0,2024-25,20,-0.016564088,0,0.4278798
1683.0,2024-25,21,-0.019438913,0,0.42640686
1683.0,2024-25,22,-0.019438913,0,0.4235062
1683.0,2024-25,23,0.4374566,1,0.41297978
1726.0,2024-25,6,1.9832494,2,1.776503
1726.0,2024-25,7,2.0949016,3,1.8087758
1726.0,2024-25,8,1.7005347,3,1.6749572
1726.0,2024-25,9,2.124741,2,1.3464022
1726.0,2024-25,10,-0.03444436,0,1.6756583
1726.0,2024-25,11,2.1458292,3,1.2357732
1726.0,2024-25,12,2.375621,3,1.4767364
1726.0,2024-25,13,2.4266672,2,1.6534773
1726.0,2024-25,14,2.5074944,3,1.4215637
1726.0,2024-25,15,0.20197877,0,1.4815944
1726.0,2024-25,16,1.5157986,3,1.0232009
1726.0,2024-25,17,2.1533558,3,1.7774942
1726.0,2024-25,18,2.2638838,2,1.9796246
1726.0,2024-25,19,2.332446,2,1.9228759
1726.0,2024-25,20,1.9633641,1,1.789683
1726.0,2024-25,21,2.5476818,2,1.6950588
1726.0,2024-25,22,2.3569703,1,1.7072359
1726.0,2024-25,23,2.4355123,3,1.6448281
1726.0,2024-25,24,2.3798914,8,1.6888384
1726.0,2024-25,24,2.3798914,8,1.7790941
1726.0,2024-25,24,2.5328407,-1,1.6888384
1726.0,2024-25,24,2.5328407,-1,1.7790941
1726.0,2024-25,25,0.34119034,0,1.683774
1726.0,2024-25,26,4.3132834,12,1.262877
1726.0,2024-25,27,-0.086534664,0,1.6236883
1726.0,2024-25,28,2.6998205,2,1.1580648
1726.0,2024-25,29,2.7195456,2,2.0214915
1726.0,2024-25,30,1.2195779,2,1.5453502
1726.0,2024-25,31,2.550891,2,2.662664
1726.0,2024-25,32,2.8677359,10,2.3266993
1726.0,2024-25,33,4.2752,2,2.6503177
1726.0,2024-25,34,3.4851902,2,2.0421104
1726.0,2024-25,35,0.7988205,0,2.7587938
1726.0,2024-25,36,2.509262,5,2.664559
1726.0,2024-25,37,3.3331845,3,1.9528068
1726.0,2024-25,38,2.5233123,1,1.8228103
1776.0,2024-25,6,3.4221768,2,1.971819
1776.0,2024-25,7,5.150691,12,2.364108
1776.0,2024-25,8,4.6935563,2,2.4129655
1776.0,2024-25,9,5.344642,7,2.444387
1776.0,2024-25,10,5.5755143,2,2.364266
1776.0,2024-25,11,6.19968,3,2.5494373
1776.0,2024-25,12,4.0800567,7,2.850144
1776.0,2024-25,13,5.505262,2,3.9430432
1776.0,2024-25,14,5.9646444,2,2.3432148
1776.0,2024-25,15,7.9663215,12,3.0257978
1776.0,2024-25,16,3.2360785,2,2.1333308
1776.0,2024-25,17,5.591522,6,2.4101715
1776.0,2024-25,18,4.631032,8,2.9263587
1776.0,2024-25,19,3.2421293,1,2.8457456
1776.0,2024-25,20,0.10511032,0,2.1219344
1776.0,2024-25,21,-0.34322196,0,1.8245455
1776.0,2024-25,22,-0.54237664,0,0.9180151
1776.0,2024-25,23,-0.08931091,0,0.8840871
1776.0,2024-25,24,1.7558355,10,0.7936915
1776.0,2024-25,25,2.6801248,2,1.474107
1776.0,2024-25,26,2.6772559,10,1.5191344
1776.0,2024-25,27,4.7091727,6,1.9814751
1776.0,2024-25,28,3.382236,2,2.5856905
1776.0,2024-25,29,3.324264,5,2.1164672
1776.0,2024-25,30,3.0910857,2,3.1558304
1776.0,2024-25,31,4.423335,7,2.7076917
1776.0,2024-25,32,2.968561,2,2.8697
1776.0,2024-25,33,4.59881,9,2.9854195
1776.0,2024-25,34,2.6635344,10,2.4718366
1776.0,2024-25,35,4.865137,9,3.0995092
1776.0,2024-25,36,4.0744233,8,2.7266457
1776.0,2024-25,37,6.4005446,8,3.4897776
1776.0,2024-25,38,7.2877326,13,3.000588
1789.0,2024-25,6,2.8832202,10,2.1035595
1789.0,2024-25,7,4.1929736,2,2.0205183
1789.0,2024-25,8,3.4402132,3,2.1979842
1789.0,2024-25,9,3.0959132,2,1.929257
1789.0,2024-25,10,2.4971056,2,1.7458328
1789.0,2024-25,11,3.227145,5,1.7074329
1789.0,2024-25,12,3.0450573,1,2.1523447
1789.0,2024-25,13,3.0934591,0,2.1763787
1789.0,2024-25,14,2.855551,1,1.5666603
1789.0,2024-25,15,2.0557616,2,1.2576896
1789.0,2024-25,16,2.1472921,2,1.6526319
1789.0,2024-25,17,2.9195514,1,1.5995692
1789.0,2024-25,18,2.1670895,3,1.3639542
1789.0,2024-25,19,1.9933016,2,1.6323107
1789.0,2024-25,20,2.299297,3,1.5090617
1789.0,2024-25,21,1.8858075,2,1.4380889
1789.0,2024-25,22,2.4268894,2,1.557501
1789.0,2024-25,23,2.9034786,2,1.7960662
1789.0,2024-25,24,2.769191,2,1.8129467
1789.0,2024-25,25,3.2323275,1,1.7972006
1789.0,2024-25,26,3.0624273,2,1.5291957
1789.0,2024-25,27,2.8155375,2,1.5152974
1789.0,2024-25,28,2.375019,2,1.5759925
1789.0,2024-25,29,2.3164234,2,1.6663352
1789.0,2024-25,30,2.717305,6,1.6036183
1789.0,2024-25,31,2.6693482,1,1.7404207
1789.0,2024-25,32,2.4829073,2,1.7567122
1789.0,2024-25,33,2.849673,1,1.9245296
1789.0,2024-25,34,2.764397,1,1.6991187
1789.0,2024-25,35,2.0343926,2,1.2916793
1789.0,2024-25,36,2.0028389,2,1.51347
1789.0,2024-25,37,2.1544929,-1,1.8070804
1789.0,2024-25,38,2.3118365,0,1.7053024
2117.0,2024-25,29,-0.4190964,0,1.7925595
2117.0,2024-25,30,1.6654238,12,1.4508923
2117.0,2024-25,31,2.3272913,1,1.3419763
2117.0,2024-25,32,3.5149667,2,1.0511969
2117.0,2024-25,33,2.5966485,2,1.8539711
2117.0,2024-25,33,2.5966485,2,2.8658857
2117.0,2024-25,33,5.444491,1,1.8539711
2117.0,2024-25,33,5.444491,1,2.8658857
2117.0,2024-25,34,0.89363045,0,2.0249772
2117.0,2024-25,35,2.874261,1,1.6375648
2117.0,2024-25,36,2.2981284,2,0.8588245
2117.0,2024-25,37,3.2500398,3,1.0332053
2117.0,2024-25,38,2.698832,1,2.584371
2182.0,2024-25,6,1.6214788,2,0.7272394
2182.0,2024-25,7,2.2819881,1,1.5530179
2182.0,2024-25,8,2.0196025,1,1.7683085
2182.0,2024-25,9,2.2772522,1,1.559847
2182.0,2024-25,10,0.017717889,0,1.315686
2182.0,2024-25,11,-0.035796136,0,0.84464836
2182.0,2024-25,12,1.1671536,1,0.6323753
2182.0,2024-25,13,1.4604286,1,0.9700291
2182.0,2024-25,14,1.6273667,1,1.8477521
2182.0,2024-25,15,1.7755147,2,1.3632404
2182.0,2024-25,16,2.281803,2,1.4193257
2182.0,2024-25,17,1.6709434,2,1.4686116
2182.0,2024-25,18,2.5263085,3,1.645636
2182.0,2024-25,19,2.5263128,2,2.0247765
2182.0,2024-25,20,3.2772968,2,2.2309017
2182.0,2024-25,21,2.986277,1,2.076406
2182.0,2024-25,22,0.17652075,0,1.621878
2182.0,2024-25,23,2.9239082,2,0.9715942
2182.0,2024-25,24,2.842694,3,1.8198153
2182.0,2024-25,25,2.7688153,1,1.7668074
2182.0,2024-25,26,2.527362,3,1.4260131
2182.0,2024-25,27,2.4107664,0,1.6666118
2182.0,2024-25,28,2.2217927,3,1.3948046
2182.0,2024-25,29,0.11677036,0,1.5417292
2182.0,2024-25,30,1.6888275,7,1.512502
2182.0,2024-25,31,1.9569447,2,1.6798922
2182.0,2024-25,32,2.09403,1,2.0076997
2182.0,2024-25,32,2.09403,1,1.8606058
2182.0,2024-25,32,1.7474102,1,2.0076997
2182.0,2024-25,32,1.7474102,1,1.8606058
2182.0,2024-25,33,2.1771896,0,1.6415383
2182.0,2024-25,33,2.1771896,0,1.6742811
2182.0,2024-25,33,1.7956555,2,1.6415383
2182.0,2024-25,33,1.7956555,2,1.6742811
2182.0,2024-25,34,-0.04792234,0,1.6725335
2182.0,2024-25,35,1.7853456,1,1.3092841
2182.0,2024-25,36,1.6705966,2,1.1982565
2182.0,2024-25,37,1.9021319,2,1.4367077
2182.0,2024-25,38,1.9941472,2,1.4327595
2199.0,2024-25,6,-0.068529755,0,0.511525
2199.0,2024-25,7,-0.03183272,0,0.56542283
2199.0,2024-25,8,-0.013144484,0,0.55390906
2199.0,2024-25,9,0.9085119,1,0.48960698
2199.0,2024-25,10,2.6802514,2,1.7517288
2199.0,2024-25,11,1.9960985,6,1.8820213
2199.0,2024-25,12,0.04875701,0,1.3674632
2199.0,2024-25,13,0.06027504,0,1.2279706
2199.0,2024-25,14,0.15816739,0,0.8301388
2199.0,2024-25,15,0.15192784,0,0.7222322
2199.0,2024-25,16,0.137984,0,0.7992082
2199.0,2024-25,17,0.041484356,0,0.67890024
2199.0,2024-25,18,0.06663934,0,0.67890024
2199.0,2024-25,19,-0.058601446,0,0.66158056
2199.0,2024-25,20,0.5265463,1,0.6067766
2199.0,2024-25,21,1.1773708,1,1.1610866
2199.0,2024-25,22,1.3717028,2,0.8042239
2199.0,2024-25,23,1.8972367,2,1.3030666
2199.0,2024-25,24,2.2731102,5,1.4459258
2199.0,2024-25,25,1.6438036,1,1.720204
2199.0,2024-25,26,2.263499,1,1.7440093
2199.0,2024-25,27,2.2295835,1,2.2536895
2199.0,2024-25,28,1.9882785,1,1.7495228
2199.0,2024-25,29,1.7389162,1,1.9515771
2199.0,2024-25,30,1.9738641,1,1.4599353
2199.0,2024-25,31,1.6801469,12,1.1571854
2199.0,2024-25,32,3.8057315,1,1.964001
2199.0,2024-25,33,4.117253,5,1.9853569
2199.0,2024-25,34,7.0426154,1,2.0857959
2199.0,2024-25,35,2.6941283,1,1.4612962
2199.0,2024-25,36,3.016064,1,1.1462518
2199.0,2024-25,37,1.9524438,2,1.1687063
2203.0,2024-25,9,-0.10493371,0,0.778002
2203.0,2024-25,10,-0.1082603,0,0.6854207
2203.0,2024-25,11,-0.07442961,0,0.4967183
2203.0,2024-25,12,1.2622794,0,0.5205371
2203.0,2024-25,13,1.4256651,1,0.48741615
2203.0,2024-25,14,1.5718132,1,1.0049015
2203.0,2024-25,15,-0.009255381,0,1.0274832
2203.0,2024-25,16,-0.008753225,0,0.77731884
2203.0,2024-25,17,1.1418196,1,0.44411767
2203.0,2024-25,18,1.1000105,1,0.70561236
2203.0,2024-25,19,0.0077984766,0,0.9726249
2203.0,2024-25,20,1.5609192,1,0.92737234
2203.0,2024-25,21,2.2589157,1,1.0369626
2203.0,2024-25,22,-0.09922341,0,1.2967844
2203.0,2024-25,23,1.7030169,1,0.86625326
2203.0,2024-25,24,-0.057219088,0,0.7941651
2203.0,2024-25,25,-0.07511035,0,0.4139858
2203.0,2024-25,26,1.8711227,0,0.463669
2203.0,2024-25,27,-0.04288992,0,0.55014014
2203.0,2024-25,28,1.4572685,0,0.37019882
2203.0,2024-25,29,-0.018243777,0,0.5500094
2203.0,2024-25,30,0.0037839988,0,0.39479446
2203.0,2024-25,31,1.2809697,0,0.22828831
2248.0,2024-25,6,2.2306023,1,1.0526873
2248.0,2024-25,7,1.989869,1,1.2811018
2248.0,2024-25,8,2.2200794,2,1.6028255
2248.0,2024-25,9,2.333577,10,1.6717474
2248.0,2024-25,10,3.9114237,1,1.6446964
2248.0,2024-25,11,3.6207957,3,1.9871181
2248.0,2024-25,12,3.3266568,1,2.0087628
2248.0,2024-25,13,2.7830846,3,1.8865241
2248.0,2024-25,14,2.1163578,0,1.6695629
2248.0,2024-25,15,3.0588148,0,1.83918
2248.0,2024-25,16,2.1894097,0,1.1535232
2248.0,2024-25,17,1.3911644,0,1.2519125
2248.0,2024-25,18,1.606949,1,1.0579104
2248.0,2024-25,19,1.8496681,2,2.259271
2248.0,2024-25,20,1.8545216,0,2.3733497
2248.0,2024-25,21,2.1537302,0,1.7963605
2248.0,2024-25,22,2.2588382,0,1.0539716
2248.0,2024-25,23,1.3147392,0,0.6414706
2248.0,2024-25,24,1.3576065,0,0.5953723
2248.0,2024-25,25,1.2309338,1,0.39491248
2248.0,2024-25,26,2.3361113,2,2.4745078
2248.0,2024-25,27,2.3415594,1,1.7890877
2248.0,2024-25,28,2.2580597,2,1.4036516
2248.0,2024-25,29,2.1009984,1,1.6414536
2248.0,2024-25,30,1.6560757,0,1.4914497
2248.0,2024-25,31,2.2776806,3,1.5682783
2248.0,2024-25,32,2.3145955,0,1.9034365
2248.0,2024-25,33,2.7254694,0,1.6496363
2248.0,2024-25,34,2.0258386,2,1.126015
2248.0,2024-25,35,2.6958199,0,1.8900751
2248.0,2024-25,36,2.0521593,0,1.5890278
2248.0,2024-25,37,1.8147961,2,1.2240716
2248.0,2024-25,38,1.699103,2,1.5974313
2254.0,2024-25,6,3.0273552,1,1.9380709
2254.0,2024-25,7,4.1277127,15,2.2933288
2254.0,2024-25,8,5.100777,2,1.899896
2254.0,2024-25,9,3.2436564,2,2.0403225
2254.0,2024-25,10,3.2545278,2,2.155226
2254.0,2024-25,11,3.663805,3,2.9667015
2254.0,2024-25,12,1.1512419,0,2.5674715
2254.0,2024-25,13,0.7122084,0,1.9582072
2254.0,2024-25,14,0.13857368,0,1.1987739
2254.0,2024-25,15,0.033390027,0,0.9620058
2254.0,2024-25,16,1.4367827,1,0.9167933
2254.0,2024-25,17,1.6271582,2,1.6477208
2254.0,2024-25,18,1.8377393,2,2.3585424
2254.0,2024-25,19,1.9157887,3,1.9544393
2254.0,2024-25,20,2.496886,2,1.8607155
2254.0,2024-25,21,2.275151,3,1.7592787
2254.0,2024-25,22,2.2568967,13,1.5690488
2254.0,2024-25,23,3.4099128,1,1.9774412
2254.0,2024-25,24,2.020859,2,3.078797
2254.0,2024-25,25,3.2887046,1,2.2590928
2254.0,2024-25,26,2.6395702,1,1.5240711
2254.0,2024-25,27,2.2473586,3,1.3051393
2254.0,2024-25,28,1.9852952,1,1.8704869
2254.0,2024-25,29,-0.050390486,0,1.7535149
2254.0,2024-25,30,-0.09704557,0,1.3605949
2254.0,2024-25,31,1.5599058,3,0.9228115
2254.0,2024-25,32,1.8153052,10,1.711362
2254.0,2024-25,33,1.7977782,6,2.1859827
2254.0,2024-25,33,1.7977782,6,1.8235934
2254.0,2024-25,33,2.6364627,2,2.1859827
2254.0,2024-25,33,2.6364627,2,1.8235934
2254.0,2024-25,34,-0.12951763,0,2.4053645
2254.0,2024-25,35,3.2589118,3,1.6880139
2254.0,2024-25,36,3.5849876,3,2.7927003
2254.0,2024-25,37,2.797705,2,1.6821527
2328.0,2024-25,6,2.6826649,2,2.3661723
2328.0,2024-25,7,3.0673995,2,2.230609
2328.0,2024-25,8,2.725357,2,2.0130386
2328.0,2024-25,9,2.531105,2,1.897984
2328.0,2024-25,10,2.903416,2,1.9732713
2328.0,2024-25,11,2.3965583,2,1.6640629
2328.0,2024-25,12,2.1635082,8,1.9701902
2328.0,2024-25,13,0.05255732,0,1.5883006
2328.0,2024-25,14,2.057641,6,1.2037321
2328.0,2024-25,15,2.4903533,2,1.9053413
2328.0,2024-25,16,2.739107,1,1.684169
2328.0,2024-25,17,2.208647,5,1.502213
2328.0,2024-25,18,3.707827,1,2.2820716
2328.0,2024-25,19,2.3584437,5,1.9242513
2328.0,2024-25,20,3.115366,2,2.6294305
2328.0,2024-25,21,3.055061,2,2.8317924
2328.0,2024-25,22,3.1165998,2,2.9070995
2328.0,2024-25,23,2.6900847,3,2.534871
2328.0,2024-25,24,2.2601764,8,2.0191946
2328.0,2024-25,25,2.9921625,3,1.9223222
2328.0,2024-25,26,3.306331,1,1.754947
2328.0,2024-25,27,3.523766,1,1.9723376
2328.0,2024-25,28,2.2766788,2,1.8920629
2328.0,2024-25,29,2.7986264,2,1.7029829
2328.0,2024-25,30,2.143068,2,1.6343311
2328.0,2024-25,31,0.00039517414,0,1.6187774
2328.0,2024-25,32,2.2162492,10,1.5968053
2328.0,2024-25,33,2.45942,2,1.5091608
2328.0,2024-25,34,-0.09384811,0,1.668186
2328.0,2024-25,35,2.337401,2,1.4866854
2328.0,2024-25,36,1.8003614,2,1.5341264
2328.0,2024-25,37,2.1633062,3,1.5474626
2328.0,2024-25,38,2.5533147,2,1.8159288
2478.0,2024-25,9,2.1408014,1,1.5000057
2478.0,2024-25,10,1.8437346,1,1.3127111
2478.0,2024-25,11,2.2536116,1,1.1800075
2478.0,2024-25,12,1.8322679,3,1.1678809
2478.0,2024-25,13,2.2566788,5,1.9198462
2478.0,2024-25,14,2.4028826,2,2.288236
2478.0,2024-25,15,3.3019438,2,2.2256289
2478.0,2024-25,16,1.8280907,0,1.7237009
2478.0,2024-25,17,0.2461051,0,2.1113424
2478.0,2024-25,18,3.0791347,1,1.2177298
2478.0,2024-25,19,1.8938333,2,0.99802196
2478.0,2024-25,20,0.14147691,0,1.602491
2478.0,2024-25,21,1.9933021,9,1.2892725
2478.0,2024-25,22,2.3191867,1,1.421311
2478.0,2024-25,23,2.2557986,2,1.5784768
2478.0,2024-25,24,2.3849127,2,2.2444146
2478.0,2024-25,25,2.3935676,1,2.0234735
2478.0,2024-25,26,1.9856746,1,1.4587837
2478.0,2024-25,27,1.9053078,1,1.6471215
2478.0,2024-25,28,1.653873,1,1.3495504
2478.0,2024-25,29,1.480595,1,1.3305081
2478.0,2024-25,30,1.7424052,1,1.6177037
2478.0,2024-25,31,1.9461578,1,1.5128137
2478.0,2024-25,32,1.7696389,2,1.7261065
2478.0,2024-25,33,2.407053,2,1.888572
2478.0,2024-25,34,-0.10979439,0,1.708959
2478.0,2024-25,35,2.508218,1,1.1869992
2478.0,2024-25,36,1.9792428,1,0.9723991
2478.0,2024-25,37,1.3836007,0,1.042768
2496.0,2024-25,6,1.4288518,0,1.1102473
2496.0,2024-25,7,1.699444,0,1.0041414
2496.0,2024-25,8,1.2900985,0,0.71285594
2496.0,2024-25,9,1.0660135,0,0.4691955
2496.0,2024-25,10,0.9197146,0,0.33983818
2496.0,2024-25,11,1.0510453,0,0.30156454
2496.0,2024-25,12,0.93052524,0,0.3285615
2496.0,2024-25,13,0.94994396,0,0.310469
2496.0,2024-25,14,0.3906663,0,0.31181264
2496.0,2024-25,15,0.3334128,0,0.28498858
2496.0,2024-25,16,0.4577796,0,0.36432737
2496.0,2024-25,17,0.42693007,0,0.27872854
2496.0,2024-25,18,0.6460421,0,0.23052165
2496.0,2024-25,19,0.72793615,0,0.22457229
2496.0,2024-25,20,0.5134575,0,0.19458687
2496.0,2024-25,21,0.47697285,0,0.19554885
2496.0,2024-25,22,0.7429653,0,0.16988465
2496.0,2024-25,23,0.5030763,0,0.1694365
2496.0,2024-25,24,0.3669351,0,0.2037725
2496.0,2024-25,25,0.47757006,0,0.26499158
2496.0,2024-25,26,0.8562659,0,0.29885584
2496.0,2024-25,27,0.4993178,0,0.42840648
2496.0,2024-25,28,0.32135335,0,0.39989194
2496.0,2024-25,29,0.49692926,0,0.2935273
2496.0,2024-25,30,0.8341866,0,0.2845314
2496.0,2024-25,31,0.50459844,0,0.21825355
2496.0,2024-25,32,0.4949425,0,0.2047339
2496.0,2024-25,33,0.32928804,0,0.19789897
2496.0,2024-25,33,0.32928804,0,0.31120455
2496.0,2024-25,33,0.5063955,0,0.19789897
2496.0,2024-25,33,0.5063955,0,0.31120455
2496.0,2024-25,34,-0.020743089,0,0.29544333
2496.0,2024-25,35,0.5909269,0,0.19241025
2496.0,2024-25,36,0.71019524,0,0.14296193
2496.0,2024-25,37,0.4967351,1,0.18242086
2496.0,2024-25,38,1.2522814,0,0.56809604
2517.0,2024-25,6,-0.17714483,0,0.9077846
2517.0,2024-25,7,-0.10893819,0,1.0132905
2517.0,2024-25,8,-0.030493692,0,0.63935906
2517.0,2024-25,9,-0.010810971,0,0.73978716
2517.0,2024-25,10,-0.016683498,0,0.7561348
2517.0,2024-25,11,1.0110013,7,0.7438498
2517.0,2024-25,12,2.4798567,6,2.8206694
2517.0,2024-25,13,4.1000023,8,2.1558502
2517.0,2024-25,14,6.7260203,3,3.3442025
2517.0,2024-25,15,5.501405,2,2.4246712
2517.0,2024-25,16,4.2117786,3,2.7378469
2517.0,2024-25,17,2.320807,2,2.4003446
2517.0,2024-25,18,5.5547647,3,2.7313695
2517.0,2024-25,19,3.7801898,2,2.8662214
2517.0,2024-25,20,4.3780303,1,2.702138
2517.0,2024-25,21,4.224853,8,2.2751033
2517.0,2024-25,22,4.718408,2,2.0027044
2517.0,2024-25,23,0.34862185,0,2.3202758
2517.0,2024-25,24,3.2257159,6,3.4728527
2517.0,2024-25,25,3.404699,3,2.430448
2517.0,2024-25,26,4.2976375,2,2.0041707
2517.0,2024-25,27,3.3332543,3,1.8301126
2517.0,2024-25,28,4.118008,3,1.9650885
2517.0,2024-25,29,4.9406667,5,3.390512
2517.0,2024-25,30,3.5396864,2,2.4861689
2517.0,2024-25,31,4.017382,1,2.4552426
2517.0,2024-25,32,3.7747505,0,2.7482162
2517.0,2024-25,33,4.818141,6,1.4863226
2517.0,2024-25,33,4.818141,6,2.085869
2517.0,2024-25,33,3.647343,5,1.4863226
2517.0,2024-25,33,3.647343,5,2.085869
2517.0,2024-25,34,0.2897754,0,1.9871525
2517.0,2024-25,35,4.670014,8,3.3135743
2517.0,2024-25,36,3.2450514,5,2.278902
2517.0,2024-25,37,3.855193,6,2.966735
2517.0,2024-25,38,2.578819,7,2.4470375
3278.0,2024-25,9,0.44068122,0,0.686119
3278.0,2024-25,10,-0.011090459,0,0.5958893
3278.0,2024-25,11,-0.0027301917,0,0.3391407
3278.0,2024-25,12,-0.01883437,0,0.40748376
3278.0,2024-25,13,-0.024248216,0,0.39185882
3278.0,2024-25,14,-0.024248216,0,0.38168365
3278.0,2024-25,15,-0.020743089,0,0.37386662
3278.0,2024-25,16,-0.020743089,0,0.36545333
3278.0,2024-25,17,-0.020743089,0,0.35462174
3278.0,2024-25,18,-0.020743089,0,0.34422165
3278.0,2024-25,19,-0.020743089,0,0.33839685
3278.0,2024-25,20,-0.020743089,0,0.33400384
3278.0,2024-25,21,-0.020743089,0,0.33400384
3278.0,2024-25,22,-0.020743089,0,0.33400384
3278.0,2024-25,23,-0.020743089,0,0.33400384
3278.0,2024-25,24,-0.020743089,0,0.33400384
3278.0,2024-25,25,-0.020743089,0,0.33400384
3278.0,2024-25,26,0.4993041,0,0.33400384
3300.0,2024-25,6,1.871944,1,1.4290696
3300.0,2024-25,7,1.5325224,1,0.7610648
3300.0,2024-25,8,2.2232285,1,0.51007503
3300.0,2024-25,9,1.7713172,0,0.73344445
3300.0,2024-25,10,-0.096885435,0,0.46640968
3300.0,2024-25,11,2.4014587,1,0.78258157
3300.0,2024-25,12,2.6746116,1,0.7443433
3300.0,2024-25,13,2.2813535,1,1.8774444
3300.0,2024-25,14,2.0330093,13,1.7105738
3300.0,2024-25,15,1.9313282,1,2.5789142
3300.0,2024-25,16,2.6197212,1,2.410935
3300.0,2024-25,17,3.833011,1,1.6363384
3300.0,2024-25,18,1.8298708,1,1.8466039
3300.0,2024-25,19,2.386142,2,1.6867188
3300.0,2024-25,20,-0.3073505,0,3.0029492
3300.0,2024-25,21,-0.31370416,0,2.0654287
3300.0,2024-25,22,-0.11619504,0,0.9803865
3300.0,2024-25,23,1.4215966,1,0.45290542
3300.0,2024-25,24,1.634351,1,0.5879335
3300.0,2024-25,25,2.0184102,2,1.6931015
3300.0,2024-25,26,2.1150017,1,2.289068
3300.0,2024-25,27,2.434522,12,1.9073497
3300.0,2024-25,28,5.584872,3,2.3085928
3300.0,2024-25,29,2.17441,2,2.2545123
3300.0,2024-25,30,0.048862297,0,3.0668344
3300.0,2024-25,31,2.980091,1,1.8405714
3300.0,2024-25,32,3.5776196,1,1.3647612
3635.0,2024-25,6,4.032754,2,1.4931933
3635.0,2024-25,7,6.444969,6,2.2648063
3635.0,2024-25,8,5.2826905,2,1.8787222
3635.0,2024-25,9,5.478703,3,2.5970032
3635.0,2024-25,10,4.465395,2,1.8785193
3635.0,2024-25,11,5.653781,1,2.4261432
3635.0,2024-25,12,3.8227644,1,1.7927006
3635.0,2024-25,13,3.832319,2,1.9121598
3635.0,2024-25,14,5.0864706,8,1.7574703
3635.0,2024-25,15,3.4680536,5,2.0685637
3635.0,2024-25,16,5.334849,2,2.5483348
3635.0,2024-25,17,1.7356766,2,1.9627103
3635.0,2024-25,18,4.0976644,9,2.7061176
3635.0,2024-25,19,3.8807518,3,2.333027
3635.0,2024-25,20,4.406244,2,2.520154
3635.0,2024-25,21,4.1972637,2,3.1509438
3635.0,2024-25,22,0.25065196,0,3.2197247
3635.0,2024-25,23,3.2524495,1,2.511613
3635.0,2024-25,24,2.1874077,2,1.9051763
3635.0,2024-25,25,0.06470498,0,1.7778801
3635.0,2024-25,26,0.0061515593,0,1.4558696
3635.0,2024-25,27,2.3652596,1,1.2340101
3635.0,2024-25,28,1.1052684,2,1.4951252
3635.0,2024-25,29,1.979453,1,1.9531113
3635.0,2024-25,30,0.17405264,0,1.6120049
3635.0,2024-25,31,2.311945,2,1.066871
3635.0,2024-25,32,-0.009864934,0,1.0318836
3635.0,2024-25,33,1.7199935,3,0.9092022
3635.0,2024-25,33,1.7199935,3,1.398541
3635.0,2024-25,33,2.02435,9,0.9092022
3635.0,2024-25,33,2.02435,9,1.398541
3635.0,2024-25,34,0.12353038,0,1.323486
3635.0,2024-25,35,3.1281488,3,1.2644488
3635.0,2024-25,36,3.3589616,3,1.7566437
3635.0,2024-25,37,3.0840247,11,1.8088397
3635.0,2024-25,38,2.8361835,3,1.6843216
5221.0,2024-25,6,2.2501054,5,1.3735169
5221.0,2024-25,7,2.8771212,3,2.683033
5221.0,2024-25,8,2.7847836,1,1.7152795
5221.0,2024-25,9,3.1566513,4,2.1007278
5221.0,2024-25,10,2.9625773,1,2.3796413
5221.0,2024-25,11,2.88144,2,2.6829925
5221.0,2024-25,12,3.3737247,2,2.4790847
5221.0,2024-25,13,2.5618668,1,2.0503762
5221.0,2024-25,14,2.9134307,2,1.8627006
5221.0,2024-25,15,2.8246017,1,1.8834513
5221.0,2024-25,16,0.28211242,0,1.8490931
5221.0,2024-25,17,0.63391346,0,1.546928
5221.0,2024-25,18,1.7764134,1,0.80537724
5221.0,2024-25,19,2.2553227,2,1.0453259
5221.0,2024-25,20,3.4499724,9,1.9198271
5221.0,2024-25,21,-0.03135046,0,1.9085246
5221.0,2024-25,22,1.8302654,1,1.5294669
5221.0,2024-25,23,2.4121537,3,1.4269253
5221.0,2024-25,24,1.8976346,1,1.5499707
5221.0,2024-25,25,-0.02103355,0,1.8159891
5221.0,2024-25,26,2.8765082,1,1.4721704
5221.0,2024-25,27,2.5298016,0,0.8560075
5221.0,2024-25,28,2.0606415,1,1.4143219
5221.0,2024-25,29,0.025386428,0,1.6680382
5221.0,2024-25,30,0.080630526,0,1.3366195
5221.0,2024-25,31,0.036016136,0,0.5266164
5221.0,2024-25,32,0.018984552,0,0.5451888
5221.0,2024-25,33,0.06377052,0,0.49453282
5221.0,2024-25,34,0.18040703,0,0.5969937
5221.0,2024-25,35,-0.0072721364,0,0.54058266
5221.0,2024-25,36,-0.019283557,0,0.48242348
5221.0,2024-25,37,0.3777495,1,0.4286496
5304.0,2024-25,12,2.7560384,3,2.725401
5304.0,2024-25,13,-0.09751444,0,1.5797864
5304.0,2024-25,14,2.4271996,1,1.7243812
5304.0,2024-25,15,2.2438478,1,1.6705366
5304.0,2024-25,16,2.125688,3,1.3283395
5304.0,2024-25,17,2.3382986,1,1.6910106
5304.0,2024-25,18,2.007968,1,1.9909576
5304.0,2024-25,19,2.1215518,8,1.6360108
5304.0,2024-25,20,2.718078,4,1.6178709
5304.0,2024-25,21,3.8384547,1,1.8659955
5304.0,2024-25,22,3.5207658,2,1.5567027
5304.0,2024-25,23,0.028425867,0,1.5444933
5304.0,2024-25,24,2.937342,1,1.5550414
5304.0,2024-25,25,2.8701437,13,1.6767077
5304.0,2024-25,26,2.13992,2,1.2781993
5304.0,2024-25,27,2.1163652,3,1.4889416
5304.0,2024-25,28,3.6670437,2,2.4240928
5304.0,2024-25,29,4.9321556,9,3.1061535
5304.0,2024-25,30,3.3032527,10,2.757815
5304.0,2024-25,31,4.127924,2,2.594606
5304.0,2024-25,32,3.6718066,1,2.2038767
5304.0,2024-25,33,2.9285657,4,1.7765456
5304.0,2024-25,34,0.2536656,0,2.3871748
5304.0,2024-25,35,3.3346004,1,2.2360072
5304.0,2024-25,36,2.258105,4,1.7526628
5304.0,2024-25,37,-0.24602453,0,2.014312
5304.0,2024-25,38,2.7732081,2,1.3538804
5545.0,2024-25,6,2.9540179,2,1.8488976
5545.0,2024-25,7,4.9030466,2,2.289455
5545.0,2024-25,8,4.0535793,2,1.977014
5545.0,2024-25,9,3.0846987,2,2.0667684
5545.0,2024-25,10,2.6469042,2,1.9231449
5545.0,2024-25,11,2.6278155,2,1.8963174
5545.0,2024-25,12,4.227819,1,1.8150517
5545.0,2024-25,13,1.7661066,2,1.6223438
5545.0,2024-25,14,2.4280045,2,1.6865633
5545.0,2024-25,15,2.7072814,1,2.1383114
5545.0,2024-25,16,0.07271384,0,1.584153
5545.0,2024-25,17,0.030432235,0,1.3695296
5545.0,2024-25,18,0.05627374,0,1.0244204
5545.0,2024-25,19,0.026035292,0,0.7854749
5545.0,2024-25,20,0.06398606,0,0.884496
5545.0,2024-25,21,-0.003773597,0,0.8562237
5545.0,2024-25,22,-0.02289016,0,0.7271952
5545.0,2024-25,23,-0.016564088,0,0.63762474
5545.0,2024-25,24,-0.020743089,0,0.5510328
5545.0,2024-25,25,0.36993802,2,0.47675407
5545.0,2024-25,26,1.9834065,2,1.6478275
5545.0,2024-25,27,2.15112,2,1.7696656
5545.0,2024-25,28,2.712136,2,1.759097
5545.0,2024-25,29,2.9324393,1,1.6953495
5545.0,2024-25,30,2.711893,2,1.5254666
5545.0,2024-25,31,2.3620546,1,1.4929217
5545.0,2024-25,32,2.4090188,2,1.6328216
5545.0,2024-25,33,1.9201554,1,1.4093465
5545.0,2024-25,34,2.600605,1,1.7108403
5545.0,2024-25,35,2.5901248,3,1.5179657
5545.0,2024-25,36,2.6016262,2,1.7953676
5545.0,2024-25,37,2.4217827,6,1.5833493
5553.0,2024-25,6,2.3465168,2,1.3712176
5553.0,2024-25,7,2.3889132,2,1.6828312
5553.0,2024-25,8,2.706711,2,1.6399908
5553.0,2024-25,9,2.91501,5,1.3464428
5553.0,2024-25,10,2.2922986,2,2.0122228
5553.0,2024-25,11,2.4210334,2,2.0808036
5553.0,2024-25,12,0.107305795,0,1.9529723
5553.0,2024-25,13,2.9227872,2,1.2724601
5553.0,2024-25,14,2.8653967,7,2.2226517
5553.0,2024-25,15,3.1818373,2,1.8926854
5553.0,2024-25,16,3.736398,3,2.7719316
5553.0,2024-25,17,3.044917,11,2.050952
5553.0,2024-25,18,4.7003064,3,1.8812865
5553.0,2024-25,19,2.4864523,1,2.0593941
5553.0,2024-25,20,3.1812654,4,2.2693243
5553.0,2024-25,21,4.083723,2,2.5016026
5553.0,2024-25,22,4.7990894,2,2.393524
5553.0,2024-25,23,3.0626054,3,2.394705
5553.0,2024-25,24,3.4429774,10,2.3590794
5553.0,2024-25,25,3.4541676,3,1.9001744
5553.0,2024-25,26,3.7856488,1,2.4676573
5553.0,2024-25,27,2.2312973,3,2.1130152
5553.0,2024-25,28,4.1626506,10,2.4966247
5553.0,2024-25,29,4.5359254,3,2.09261
5553.0,2024-25,30,5.076725,1,2.5471277
5553.0,2024-25,31,4.2684298,2,2.831513
5553.0,2024-25,32,4.218331,5,2.4103236
5553.0,2024-25,33,3.7846975,7,1.9076453
5553.0,2024-25,33,3.7846975,7,2.338331
5553.0,2024-25,33,3.8140008,1,1.9076453
5553.0,2024-25,33,3.8140008,1,2.338331
5553.0,2024-25,34,0.47630545,0,2.0038722
5553.0,2024-25,35,3.7417357,9,2.4452
5553.0,2024-25,36,0.19616033,0,2.8314433
5553.0,2024-25,37,2.745115,11,1.6971658
5553.0,2024-25,38,3.2950296,2,2.0333722
5560.0,2024-25,6,1.0406529,0,0.5310966
5560.0,2024-25,7,-0.015122974,0,0.49631727
5560.0,2024-25,8,-0.045193292,0,0.45732653
5560.0,2024-25,9,-0.045172695,0,0.26811627
5560.0,2024-25,10,0.9290178,0,0.14277494
5560.0,2024-25,11,0.47807348,0,0.3306164
5560.0,2024-25,12,0.82916313,0,0.56285757
5560.0,2024-25,13,0.6122526,0,0.5595393
5560.0,2024-25,14,-0.020743089,0,0.39440626
5560.0,2024-25,15,-0.020743089,0,0.13963512
5560.0,2024-25,16,-0.020743089,0,0.11861174
5560.0,2024-25,17,-0.020743089,0,0.14775752
5560.0,2024-25,18,-0.020743089,0,0.20819265
5560.0,2024-25,19,-0.020743089,0,0.33400384
5560.0,2024-25,20,-0.020743089,0,0.33400384
5560.0,2024-25,21,-0.020743089,0,0.33400384
5560.0,2024-25,22,-0.020743089,0,0.33400384
5560.0,2024-25,23,-0.020743089,0,0.33400384
5560.0,2024-25,24,0.529463,0,0.33400384
5560.0,2024-25,25,-0.020743089,0,0.4368261
5560.0,2024-25,26,-0.020743089,0,0.40556204
5560.0,2024-25,27,-0.020743089,0,0.33545238
5560.0,2024-25,28,0.37043393,0,0.27028325
5560.0,2024-25,29,0.71278965,0,0.3284027
5560.0,2024-25,30,-0.020743089,0,0.5707276
5560.0,2024-25,31,-0.020743089,0,0.4143805
5560.0,2024-25,32,-0.020743089,0,0.24917166
5560.0,2024-25,33,-0.020743089,0,0.12189418
5560.0,2024-25,34,0.4578113,0,0.22152297
5560.0,2024-25,35,-0.020743089,0,0.45571905
5560.0,2024-25,36,0.50418454,0,0.39703107
5596.0,2024-25,6,0.004991295,0,0.51734805
5596.0,2024-25,7,0.033050507,0,0.355457
5596.0,2024-25,8,0.9910081,1,0.31209886
5596.0,2024-25,9,1.4189348,1,0.7076621
5596.0,2024-25,10,1.3904474,13,1.04161
5596.0,2024-25,11,3.5616164,6,1.7931937
5596.0,2024-25,12,5.116335,1,1.3223842
5596.0,2024-25,13,3.8072472,1,1.512057
5596.0,2024-25,14,1.8176866,2,2.0249937
5596.0,2024-25,15,2.1652155,1,1.8009121
5596.0,2024-25,16,1.8434842,2,1.8337075
5596.0,2024-25,17,2.9537494,3,3.1023972
5596.0,2024-25,18,2.9072945,6,1.9116777
5596.0,2024-25,19,3.5356417,8,2.2788434
5596.0,2024-25,20,4.853364,6,2.5716124
5596.0,2024-25,21,4.431559,2,2.7590294
5596.0,2024-25,22,3.9617603,7,3.0428298
5596.0,2024-25,23,4.5145464,1,3.3972626
5596.0,2024-25,24,0.5062207,0,1.4356823
5596.0,2024-25,25,0.34307146,0,1.328283
5596.0,2024-25,26,0.64134914,0,0.74079394
5596.0,2024-25,27,0.43743473,0,0.4978481
5596.0,2024-25,28,0.14600465,0,0.67132205
5596.0,2024-25,29,0.025101194,0,1.115563
5596.0,2024-25,30,0.0058986023,0,1.00044
5596.0,2024-25,31,-0.016564088,0,0.8681592
5596.0,2024-25,32,-0.020743089,0,0.76227325
5596.0,2024-25,33,0.54656804,1,0.6344716
5596.0,2024-25,34,1.385171,2,0.90117663
5596.0,2024-25,35,1.7370158,2,1.9060911
5596.0,2024-25,36,1.9128315,2,1.8129679
5596.0,2024-25,37,2.6951442,6,1.8728234
5596.0,2024-25,38,2.7313814,2,2.0987303
5609.0,2024-25,7,1.5205466,1,1.3879176
5609.0,2024-25,8,1.9261526,10,1.737603
5609.0,2024-25,9,2.180045,2,1.5348467
5609.0,2024-25,10,2.611952,1,1.9277209
5609.0,2024-25,11,2.9880202,1,1.6969517
5609.0,2024-25,12,2.019553,2,1.4560589
5609.0,2024-25,13,2.2366784,2,1.7861236
5609.0,2024-25,14,1.8984257,1,1.7068657
5609.0,2024-25,15,1.8625832,1,1.6197388
5609.0,2024-25,16,0.049617853,0,1.5841204
5609.0,2024-25,17,1.9755739,2,1.1816063
5609.0,2024-25,18,1.9423735,1,1.8078922
5609.0,2024-25,19,1.755516,2,1.5653387
5609.0,2024-25,20,2.0462055,1,1.5160083
5609.0,2024-25,21,1.511236,1,1.3160821
5609.0,2024-25,22,0.037894152,0,1.3368388
5609.0,2024-25,23,0.090777956,0,0.87201655
5609.0,2024-25,24,1.5827125,3,0.71167386
5609.0,2024-25,25,2.0206828,1,1.4272143
5609.0,2024-25,26,2.0300605,1,1.3025743
5609.0,2024-25,27,-0.037538696,0,1.2639269
5609.0,2024-25,28,1.3743365,0,0.98356533
5609.0,2024-25,29,1.6570349,1,1.083954
5609.0,2024-25,30,0.048338808,0,1.2100645
5609.0,2024-25,31,2.2252705,1,0.8929927
5609.0,2024-25,32,1.9090283,0,0.97748923
5609.0,2024-25,33,0.043286238,0,1.214019
5609.0,2024-25,34,0.07790787,0,0.99515164
5609.0,2024-25,35,1.848451,2,0.86133367
5609.0,2024-25,36,1.7768238,1,1.22642
5609.0,2024-25,37,1.7508439,1,1.3844134
5609.0,2024-25,38,1.9917461,1,1.5923221
5675.0,2024-25,6,4.209599,1,1.5461782
5675.0,2024-25,7,3.3220444,1,1.5993645
5675.0,2024-25,8,3.56546,1,1.2688907
5675.0,2024-25,9,2.7299242,3,2.1198611
5675.0,2024-25,10,3.4748712,2,1.3732251
5675.0,2024-25,11,3.0680313,2,2.8993087
5675.0,2024-25,12,2.2542732,13,1.608307
5675.0,2024-25,13,3.5767741,2,2.2409759
5675.0,2024-25,14,4.6428256,2,2.1765382
5675.0,2024-25,15,4.080146,2,2.6561894
5675.0,2024-25,16,3.707124,17,2.248248
5675.0,2024-25,17,4.196474,7,2.1855814
5675.0,2024-25,18,3.6985757,3,2.0733998
5675.0,2024-25,19,7.42449,2,2.7457285
5675.0,2024-25,20,5.936244,2,2.6552267
5675.0,2024-25,21,4.1563826,6,2.2093446
5675.0,2024-25,22,3.3246977,3,2.7072382
5675.0,2024-25,23,4.545023,2,2.101354
5675.0,2024-25,24,4.26152,3,1.7177347
5675.0,2024-25,25,4.5684767,2,3.0216107
5675.0,2024-25,26,2.9353065,3,1.9537708
5675.0,2024-25,27,5.1313424,15,3.0306277
5675.0,2024-25,28,3.8799486,11,1.9304062
5675.0,2024-25,29,0.18909393,0,2.417432
5675.0,2024-25,30,8.643296,2,2.0623162
5675.0,2024-25,31,3.625905,2,3.2871404
5675.0,2024-25,32,2.4148045,5,2.5423899
5675.0,2024-25,32,2.4148045,5,2.908092
5675.0,2024-25,32,3.9193203,2,2.5423899
5675.0,2024-25,32,3.9193203,2,2.908092
5675.0,2024-25,33,5.5625916,2,2.5482125
5675.0,2024-25,33,5.5625916,2,2.1438463
5675.0,2024-25,33,3.6358967,1,2.5482125
5675.0,2024-25,33,3.6358967,1,2.1438463
5675.0,2024-25,34,0.15135644,0,3.128044
5675.0,2024-25,35,2.8497176,2,2.6885605
5675.0,2024-25,36,2.8298397,6,2.08502
5675.0,2024-25,37,4.09499,5,2.7086802
5675.0,2024-25,38,3.7688906,9,2.456727
5682.0,2024-25,8,1.5332273,1,1.2442223
5682.0,2024-25,9,1.2683419,1,1.2848709
5682.0,2024-25,10,1.6132644,3,1.1205845
5682.0,2024-25,11,1.8413564,1,1.4088742
5682.0,2024-25,12,1.6241149,6,1.6173146
5682.0,2024-25,13,1.5685713,4,1.3827672
5682.0,2024-25,14,3.095274,1,1.5960969
5682.0,2024-25,15,2.155942,1,1.6351628
5682.0,2024-25,16,2.806293,4,1.5694537
5682.0,2024-25,17,2.620185,13,1.4541118
5682.0,2024-25,18,2.8644233,3,1.8461677
5682.0,2024-25,19,3.488128,1,2.1766312
5682.0,2024-25,20,3.6746492,2,2.6735764
5682.0,2024-25,21,2.3519413,2,2.1754806
5682.0,2024-25,22,2.6178954,1,2.3460276
5682.0,2024-25,23,2.7734158,1,2.2308774
5682.0,2024-25,24,2.8140764,3,1.5746547
5682.0,2024-25,25,1.7138758,1,1.7328593
5682.0,2024-25,26,0.0031896867,0,1.5449764
5682.0,2024-25,27,0.16129027,0,1.4028604
5682.0,2024-25,28,2.1362424,1,0.7869837
5682.0,2024-25,29,1.6411505,1,0.67508304
5682.0,2024-25,30,0.05264406,0,1.6591319
5682.0,2024-25,31,0.006250485,0,1.3545514
5682.0,2024-25,32,0.008305486,0,0.8561528
5682.0,2024-25,33,0.0017527724,0,0.3947989
5682.0,2024-25,34,1.7973896,1,0.4005968
5682.0,2024-25,35,1.1127667,1,0.5780304
5682.0,2024-25,36,1.4183295,1,0.98024416
5682.0,2024-25,37,1.788764,2,1.0549215
5682.0,2024-25,38,2.8415935,2,1.3848845
5722.0,2024-25,6,-0.0012178969,0,0.77648926
5722.0,2024-25,7,-0.015178416,0,0.79575473
5722.0,2024-25,8,-0.00840845,0,0.6319325
5722.0,2024-25,9,-0.016564088,0,0.6344748
5722.0,2024-25,10,-0.016564088,0,0.57211524
5722.0,2024-25,11,-0.015943246,0,0.5286533
5722.0,2024-25,12,-0.020743089,0,0.48903567
5722.0,2024-25,13,-0.020743089,0,0.44569835
5722.0,2024-25,14,-0.020743089,0,0.40234512
5722.0,2024-25,15,-0.020743089,0,0.36467746
5722.0,2024-25,16,-0.020743089,0,0.34308365
5722.0,2024-25,17,-0.020743089,0,0.33400384
5722.0,2024-25,18,-0.020743089,0,0.33400384
5722.0,2024-25,19,-0.020743089,0,0.33400384
5722.0,2024-25,20,-0.020743089,0,0.33400384
5722.0,2024-25,21,-0.020743089,0,0.33400384
5722.0,2024-25,22,-0.020743089,0,0.33400384
5722.0,2024-25,23,-0.020743089,0,0.33400384
5722.0,2024-25,24,0.5265463,4,0.33400384
5722.0,2024-25,25,3.0283637,1,0.85680574
5722.0,2024-25,26,1.5931865,1,1.2575552
5722.0,2024-25,27,-0.00329088,0,1.2285947
5722.0,2024-25,28,2.042915,1,1.0241277
5722.0,2024-25,29,-0.005203068,0,1.0451518
5722.0,2024-25,30,1.8164016,1,0.6813821
5722.0,2024-25,31,-0.09227427,0,1.1100175
5722.0,2024-25,32,0.013008641,0,0.8610047
5722.0,2024-25,33,-0.021918027,0,0.59466577
5722.0,2024-25,34,0.9908307,1,0.4575174
5722.0,2024-25,35,1.3264166,1,0.6821983
5722.0,2024-25,36,1.5350212,2,1.651378
5722.0,2024-25,37,1.7132757,3,1.6537935
5722.0,2024-25,38,2.2105489,1,1.5433235
5789.0,2024-25,14,1.9642708,2,1.1475013
5789.0,2024-25,15,1.9897081,3,1.2887635
5789.0,2024-25,16,2.2887352,2,1.4429041
5789.0,2024-25,17,2.0895903,2,1.4141564
5789.0,2024-25,18,2.180009,2,1.6331722
5789.0,2024-25,19,2.1669579,2,1.560447
5789.0,2024-25,20,2.0428922,2,1.4308683
5789.0,2024-25,21,1.7982025,3,1.4596386
5789.0,2024-25,22,1.9639488,1,1.4861714
5789.0,2024-25,23,2.2477646,3,1.6759759
5789.0,2024-25,24,1.8075902,2,1.5679822
5789.0,2024-25,25,2.7781906,1,1.6047596
5789.0,2024-25,26,-0.090659775,0,1.4796833
5789.0,2024-25,27,-0.07798502,0,1.1750594
5789.0,2024-25,28,1.3045156,1,0.9595166
5789.0,2024-25,29,0.09851216,0,1.4051125
5789.0,2024-25,30,1.4722813,3,1.0338365
5789.0,2024-25,31,2.1805036,1,1.916385
5789.0,2024-25,32,1.8489667,1,1.5379902
5789.0,2024-25,33,1.6873474,2,1.3990306
5789.0,2024-25,33,1.6873474,2,1.2331625
5789.0,2024-25,33,1.8358469,2,1.3990306
5789.0,2024-25,33,1.8358469,2,1.2331625
5789.0,2024-25,34,-0.049879428,0,1.6495134
5789.0,2024-25,35,1.8320141,3,1.3690646
5789.0,2024-25,36,2.0859935,3,1.3668293
5789.0,2024-25,37,2.2584581,10,1.4463255
5789.0,2024-25,38,2.8546953,2,1.3980857
5956.0,2024-25,6,2.5234125,2,2.3939006
5956.0,2024-25,7,4.8276043,3,2.4443917
5956.0,2024-25,8,2.3932076,8,2.072616
5956.0,2024-25,9,4.3966846,1,1.9632598
5956.0,2024-25,10,2.982501,2,3.0649614
5956.0,2024-25,11,4.446118,1,2.0116334
5956.0,2024-25,12,4.136382,3,1.8502728
5956.0,2024-25,13,4.09311,2,1.7144998
5956.0,2024-25,14,3.877941,2,2.4244454
5956.0,2024-25,15,3.485093,1,2.3971937
5956.0,2024-25,16,4.042096,3,1.8254689
5956.0,2024-25,17,2.699698,2,1.6394037
5956.0,2024-25,18,2.608393,1,2.0590138
5956.0,2024-25,19,3.7238812,2,1.7036656
5956.0,2024-25,20,3.05845,2,1.9929521
5956.0,2024-25,21,2.0575,3,1.932834
5956.0,2024-25,22,1.9511138,8,1.7857567
5956.0,2024-25,23,3.4389024,1,2.0069501
5956.0,2024-25,24,2.7025442,2,1.7493824
5956.0,2024-25,25,3.6301734,2,2.1605084
5956.0,2024-25,25,3.6301734,2,1.9917194
5956.0,2024-25,25,2.9902644,10,2.1605084
5956.0,2024-25,25,2.9902644,10,1.9917194
5956.0,2024-25,26,2.7833004,2,1.8188856
5956.0,2024-25,27,3.6203296,2,1.9196328
5956.0,2024-25,28,3.545594,3,2.064014
5956.0,2024-25,29,0.046468176,0,2.343882
5956.0,2024-25,30,2.7398624,3,1.9388645
5956.0,2024-25,31,3.5929534,6,1.7108968
5956.0,2024-25,32,2.606198,6,2.1392756
5956.0,2024-25,33,3.5186493,7,2.435738
5956.0,2024-25,33,3.5186493,7,2.2004457
5956.0,2024-25,33,3.1549895,2,2.435738
5956.0,2024-25,33,3.1549895,2,2.2004457
5956.0,2024-25,34,-0.22483549,0,2.2502577
5956.0,2024-25,35,3.0160394,11,1.6961937
5956.0,2024-25,36,0.6106161,0,2.0842128
5956.0,2024-25,37,0.20341335,0,1.3744215
5956.0,2024-25,38,2.566918,1,1.3882123
6034.0,2024-25,6,-0.15470798,0,0.67654496
6034.0,2024-25,7,-0.032365084,0,0.67589146
6034.0,2024-25,8,-0.011564077,0,0.52706337
6034.0,2024-25,9,-0.007589453,0,0.3253259
6034.0,2024-25,10,-0.014637177,0,0.39262366
6034.0,2024-25,11,-0.014637177,0,0.3821697
6034.0,2024-25,12,-0.014637177,0,0.37350065
6034.0,2024-25,13,0.5297323,1,0.3670392
6034.0,2024-25,14,1.1194355,1,0.6518762
6034.0,2024-25,15,1.6426839,1,0.8000369
6034.0,2024-25,16,2.3567855,1,1.331048
6034.0,2024-25,17,3.0880113,1,1.3360887
6034.0,2024-25,18,3.0353155,1,1.3657407
6034.0,2024-25,19,1.932757,1,0.93642926
6034.0,2024-25,20,3.1626906,1,0.68041193
6034.0,2024-25,21,-0.03197763,0,0.73758656
6034.0,2024-25,22,0.20469497,0,0.86759615
6034.0,2024-25,23,0.032066807,0,0.48082757
6034.0,2024-25,24,-0.058703024,0,0.21843857
6034.0,2024-25,25,0.008369918,0,0.3871727
6034.0,2024-25,26,-0.02697036,0,0.63477415
6034.0,2024-25,27,-0.02697036,0,0.5821284
6034.0,2024-25,28,1.1760631,0,0.5223409
6034.0,2024-25,29,-0.020743089,0,0.6162705
6034.0,2024-25,30,-0.020743089,0,0.49040192
6034.0,2024-25,31,-0.020743089,0,0.3796703
6034.0,2024-25,32,0.46930426,0,0.29372698
6034.0,2024-25,33,-0.020743089,0,0.34046724
6034.0,2024-25,34,0.7874983,0,0.4305467
6034.0,2024-25,35,0.39807704,0,0.41480023
6049.0,2024-25,23,0.08496369,0,0.7737412
6049.0,2024-25,24,0.04266393,0,0.60198075
6049.0,2024-25,25,0.05131815,0,0.46507555
6049.0,2024-25,26,0.021896958,0,0.36223412
6049.0,2024-25,27,1.0159103,1,0.27050835
6049.0,2024-25,28,1.0549597,1,0.8325213
6049.0,2024-25,29,0.013000888,0,1.2817992
6049.0,2024-25,30,0.013000888,0,1.0353512
6049.0,2024-25,31,1.0728084,0,0.78044677
6049.0,2024-25,32,2.0220494,1,0.899325
6049.0,2024-25,33,2.247706,1,1.3849393
6049.0,2024-25,34,1.8523376,2,1.251336
6055.0,2024-25,6,1.9780797,1,1.1644396
6055.0,2024-25,7,2.3882124,2,1.6167271
6055.0,2024-25,8,4.0449133,4,1.7219781
6055.0,2024-25,9,4.336491,3,2.1772385
6055.0,2024-25,10,3.687574,2,2.0217445
6055.0,2024-25,11,4.5861425,2,2.687687
6055.0,2024-25,12,4.0173025,2,2.367827
6055.0,2024-25,13,2.643919,1,2.6310823
6055.0,2024-25,14,0.47609884,0,2.1397183
6055.0,2024-25,15,0.28032616,0,1.8608192
6055.0,2024-25,16,3.3301442,2,1.249499
6055.0,2024-25,17,2.723904,9,0.78888595
6055.0,2024-25,18,2.741071,2,2.143963
6055.0,2024-25,19,4.1186795,6,2.250435
6055.0,2024-25,20,6.2147694,8,2.8259506
6055.0,2024-25,21,4.812457,15,2.7110553
6055.0,2024-25,22,7.7117844,19,2.7806852
6055.0,2024-25,23,7.922838,7,2.8107371
6055.0,2024-25,24,2.8556898,2,2.7656527
6055.0,2024-25,25,3.8820763,3,3.2450247
6055.0,2024-25,26,3.428507,2,4.901385
6055.0,2024-25,27,4.4425645,1,4.1548567
6055.0,2024-25,28,4.945635,3,3.1602883
6055.0,2024-25,29,5.686774,1,2.5664217
6055.0,2024-25,30,0.39744756,0,1.4823799
6055.0,2024-25,31,2.2904744,1,1.5963286
6055.0,2024-25,32,0.16340803,0,1.4741842
6055.0,2024-25,33,0.13526788,0,0.7105555
6055.0,2024-25,34,0.13655077,0,0.67416954
6055.0,2024-25,35,1.3790114,1,0.7855241
6055.0,2024-25,36,1.5296575,3,0.7884877
6055.0,2024-25,37,-0.02818326,0,2.60552
6055.0,2024-25,38,1.7606281,1,1.4515733
6063.0,2024-25,6,4.0303845,2,2.4506679
6063.0,2024-25,7,2.7721581,3,2.5953493
6063.0,2024-25,8,3.020462,2,2.5377078
6063.0,2024-25,9,1.7904123,1,1.8904151
6063.0,2024-25,10,0.06260229,0,2.1071353
6063.0,2024-25,11,0.006188048,0,1.188677
6063.0,2024-25,12,2.0427032,1,0.7585806
6063.0,2024-25,13,0.0789096,0,0.9576889
6063.0,2024-25,14,1.4069862,2,0.7982552
6063.0,2024-25,15,1.8168297,7,2.1571612
6063.0,2024-25,16,3.1583002,13,2.120584
6063.0,2024-25,17,4.5934167,13,1.979659
6063.0,2024-25,18,4.3989873,6,2.6480227
6063.0,2024-25,19,2.5917969,3,3.7386014
6063.0,2024-25,20,2.6003711,5,2.6736853
6063.0,2024-25,21,5.857474,3,3.3805695
6063.0,2024-25,22,5.5245767,2,2.7611947
6063.0,2024-25,23,5.991157,6,2.2152126
6063.0,2024-25,24,3.8192747,8,2.592317
6063.0,2024-25,25,3.4897878,2,2.149873
6063.0,2024-25,26,5.1657724,7,2.026909
6063.0,2024-25,27,2.230913,1,2.826997
6063.0,2024-25,28,3.4660401,3,1.7742182
6063.0,2024-25,29,0.43518692,0,3.536748
6063.0,2024-25,30,2.9706676,5,2.0593276
6063.0,2024-25,31,2.327909,16,2.0520253
6063.0,2024-25,32,3.3667362,5,2.683058
6063.0,2024-25,32,3.3667362,5,2.3362198
6063.0,2024-25,32,3.8284235,14,2.683058
6063.0,2024-25,32,3.8284235,14,2.3362198
6063.0,2024-25,33,3.424021,2,2.1579585
6063.0,2024-25,34,4.450086,6,2.1482515
6063.0,2024-25,35,2.7808394,1,2.5456386
6063.0,2024-25,36,4.872022,5,2.398547
6063.0,2024-25,37,4.6886554,2,2.3331392
6063.0,2024-25,38,4.883885,2,2.2020962
6088.0,2024-25,9,1.8626199,1,1.1247562
6088.0,2024-25,10,1.7361209,2,1.0656346
6088.0,2024-25,11,2.0127974,3,1.5495703
6088.0,2024-25,12,2.3425095,1,1.7417709
6088.0,2024-25,13,2.2395978,1,1.2849543
6088.0,2024-25,14,1.8853365,7,1.092263
6088.0,2024-25,15,0.047629226,0,1.3679398
6088.0,2024-25,16,1.8759513,3,1.3433436
6088.0,2024-25,17,2.317411,3,2.106307
6088.0,2024-25,18,2.3572245,1,2.0089054
6088.0,2024-25,19,2.7615097,2,1.809634
6088.0,2024-25,20,2.044995,1,1.8076499
6088.0,2024-25,21,2.4960408,2,1.5972921
6088.0,2024-25,22,2.4680333,2,1.8028044
6088.0,2024-25,23,2.5612638,3,1.8680043
6104.0,2024-25,6,2.0546753,1,1.3591837
6104.0,2024-25,7,1.9477584,0,1.4540063
6104.0,2024-25,8,1.7945198,2,1.5581791
6104.0,2024-25,9,1.6747777,2,1.7059702
6104.0,2024-25,10,2.0794427,1,1.7368892
6104.0,2024-25,11,0.11484811,0,1.3876106
6104.0,2024-25,12,1.9800051,2,0.97142315
6104.0,2024-25,13,1.8090348,2,1.0287201
6104.0,2024-25,14,2.1230829,2,1.4412484
6104.0,2024-25,15,2.2925997,11,1.4627312
6104.0,2024-25,16,3.7708213,3,1.9949504
6104.0,2024-25,17,2.8584802,2,2.6794016
6104.0,2024-25,18,2.6033678,1,2.156986
6104.0,2024-25,19,3.9164162,4,1.929274
6104.0,2024-25,20,0.42124096,0,2.0882983
6104.0,2024-25,21,2.3473475,3,1.7115508
6104.0,2024-25,22,2.5219274,3,1.8806738
6104.0,2024-25,23,2.481971,2,2.2182298
6104.0,2024-25,24,2.4389157,2,2.1177533
6104.0,2024-25,25,2.3845787,2,1.8925914
6104.0,2024-25,26,1.9791005,5,1.7117676
6104.0,2024-25,27,3.1394367,0,2.0964236
6104.0,2024-25,28,0.059312996,0,1.5738931
6104.0,2024-25,29,0.013836013,0,1.4496195
6104.0,2024-25,30,0.0072066663,0,1.10653
6104.0,2024-25,31,1.1487982,1,1.0146822
6104.0,2024-25,32,1.2737759,1,1.3734139
6104.0,2024-25,32,1.2737759,1,1.9116563
6104.0,2024-25,32,1.6511142,0,1.3734139
6104.0,2024-25,32,1.6511142,0,1.9116563
6104.0,2024-25,33,1.9386793,3,1.7410558
6104.0,2024-25,33,1.9386793,3,1.8044263
6104.0,2024-25,33,1.6927496,1,1.7410558
6104.0,2024-25,33,1.6927496,1,1.8044263
6104.0,2024-25,34,0.081542015,0,1.7524036
6104.0,2024-25,35,1.51501,1,1.1358593
6104.0,2024-25,36,1.408341,3,1.0078759
6104.0,2024-25,37,1.7961696,1,1.5878823
6104.0,2024-25,38,2.264159,3,1.2185636
6108.0,2024-25,6,1.8017969,3,1.2235017
6108.0,2024-25,7,1.7634586,2,1.5140911
6108.0,2024-25,8,2.6724238,1,1.4447991
6108.0,2024-25,9,1.9729332,1,1.0505915
6108.0,2024-25,10,2.0203404,1,0.9636996
6108.0,2024-25,11,1.8382766,7,1.0580678
6108.0,2024-25,12,-0.23276208,0,1.4706632
6108.0,2024-25,13,0.009111276,0,1.1988022
6108.0,2024-25,14,0.018705549,0,0.93506265
6108.0,2024-25,15,0.029326126,0,1.063073
6108.0,2024-25,16,0.06557129,0,1.0028797
6108.0,2024-25,17,-0.015264835,0,0.7325366
6108.0,2024-25,18,1.190903,2,0.6728569
6108.0,2024-25,19,2.2063835,6,1.6664606
6108.0,2024-25,20,-0.018369587,0,1.786569
6108.0,2024-25,21,-0.018369587,0,1.2530082
6108.0,2024-25,22,-0.025405176,0,1.0917896
6108.0,2024-25,23,1.5694962,2,0.88020974
6108.0,2024-25,24,1.8316511,3,1.5705864
6108.0,2024-25,25,1.9544007,3,1.9285945
6108.0,2024-25,26,2.8105712,2,1.6001312
6108.0,2024-25,27,2.8423462,1,1.6370496
6108.0,2024-25,28,2.4760497,1,2.004845
6108.0,2024-25,29,2.155727,2,1.6016763
6108.0,2024-25,30,2.2238305,2,1.9497603
6108.0,2024-25,31,2.66002,1,1.9820665
6108.0,2024-25,32,2.8513412,1,1.5627196
6108.0,2024-25,33,2.7723377,2,1.5571425
6108.0,2024-25,34,-0.04971236,0,1.7424291
6108.0,2024-25,35,0.0435081,0,1.4526904
6108.0,2024-25,36,1.8848459,0,1.2504755
6108.0,2024-25,37,1.4662,1,1.6171066
6108.0,2024-25,38,1.4818469,1,1.5434426
6145.0,2024-25,6,2.3836625,2,1.5311501
6145.0,2024-25,7,2.3500233,1,1.5087179
6145.0,2024-25,8,2.32762,1,1.5952688
6145.0,2024-25,9,2.0354567,1,1.880772
6145.0,2024-25,10,1.9561394,2,1.5876982
6145.0,2024-25,11,2.4545019,-1,1.8994682
6145.0,2024-25,12,0.084623545,0,1.6541799
6145.0,2024-25,13,0.05971591,0,1.1383479
6145.0,2024-25,14,-0.04107171,0,0.80584395
6145.0,2024-25,15,0.15313402,0,0.62510145
6145.0,2024-25,16,1.4701052,1,0.77413744
6145.0,2024-25,17,1.224225,2,2.094697
6145.0,2024-25,18,1.5981846,1,1.787379
6145.0,2024-25,19,1.7386676,1,1.5330924
6145.0,2024-25,20,1.9168556,1,1.0067854
6145.0,2024-25,21,1.8231328,1,0.9820826
6145.0,2024-25,22,1.8230869,3,1.3577725
6145.0,2024-25,23,2.0610435,1,1.482556
6145.0,2024-25,24,1.8103528,3,1.4135897
6145.0,2024-25,25,2.1723373,1,1.5491744
6145.0,2024-25,26,1.5576628,1,0.9407827
6145.0,2024-25,27,1.9004674,1,0.83585006
6145.0,2024-25,28,1.4330267,1,1.1344502
6145.0,2024-25,29,-0.02567733,0,1.0912551
6145.0,2024-25,30,1.9031557,1,0.7633773
6145.0,2024-25,31,2.267391,2,1.109868
6145.0,2024-25,32,1.7073054,1,1.5452588
6145.0,2024-25,32,1.7073054,1,1.78916
6145.0,2024-25,32,1.5959458,1,1.5452588
6145.0,2024-25,32,1.5959458,1,1.78916
6145.0,2024-25,33,2.172259,1,1.5614729
6145.0,2024-25,33,2.172259,1,1.2503997
6145.0,2024-25,33,1.8673912,2,1.5614729
6145.0,2024-25,33,1.8673912,2,1.2503997
6145.0,2024-25,34,0.018245911,0,1.3961756
6145.0,2024-25,35,2.0261567,1,0.9348845
6145.0,2024-25,36,1.9479206,1,1.3400136
6145.0,2024-25,37,2.1091585,1,1.4021355
6145.0,2024-25,38,2.011088,2,1.318244
6310.0,2024-25,6,-0.0026524651,0,0.28950325
6310.0,2024-25,7,0.91467977,0,0.36809015
6310.0,2024-25,8,0.04833661,0,0.5938135
6310.0,2024-25,9,1.1475004,0,0.493347
6310.0,2024-25,10,1.5071948,1,0.7008551
6310.0,2024-25,11,1.834574,2,1.3465148
6310.0,2024-25,12,1.5778145,1,1.6698118
6310.0,2024-25,13,1.8108828,2,1.5900327
6310.0,2024-25,14,1.8998673,1,1.5033442
6310.0,2024-25,15,1.963495,1,1.432597
6310.0,2024-25,16,0.27769196,0,1.5319045
6310.0,2024-25,17,1.9326253,1,1.1728997
6310.0,2024-25,18,1.6295965,2,1.376784
6310.0,2024-25,19,2.0871725,1,1.5598053
6310.0,2024-25,20,1.9297832,1,1.540475
6310.0,2024-25,21,2.0902205,2,1.5612699
6310.0,2024-25,22,2.1634564,2,1.6528411
6310.0,2024-25,23,2.7492146,2,1.7495644
6310.0,2024-25,24,2.1647108,2,1.6209756
6310.0,2024-25,25,2.2574148,2,1.5671118
6310.0,2024-25,26,2.3302913,2,1.7471052
6310.0,2024-25,27,2.3815897,2,1.6913227
6310.0,2024-25,28,2.0551684,2,1.5151523
6310.0,2024-25,29,2.0116448,2,1.5488495
6310.0,2024-25,30,1.9052049,2,1.494776
6310.0,2024-25,31,2.079427,2,1.6026303
6310.0,2024-25,32,2.127679,2,1.8635732
6310.0,2024-25,33,2.1519446,2,1.6953968
6310.0,2024-25,34,1.8823653,1,1.912764
6310.0,2024-25,35,1.592739,1,1.5836177
6310.0,2024-25,36,1.7966423,1,1.2931467
6310.0,2024-25,37,2.0210526,3,1.3474576
6310.0,2024-25,38,2.2200236,2,1.8450278
6345.0,2024-25,9,-0.35878035,0,2.1836047
6345.0,2024-25,10,0.08055813,0,1.4647268
6345.0,2024-25,11,0.0031836287,0,0.6737834
6345.0,2024-25,12,1.5122207,1,0.3546729
6345.0,2024-25,13,1.8133059,3,0.41878456
6345.0,2024-25,14,2.539841,6,1.3051139
6345.0,2024-25,15,2.2017705,8,1.2743863
6345.0,2024-25,16,3.2377195,2,1.8616096
6345.0,2024-25,17,5.4152055,3,2.1462214
6345.0,2024-25,18,4.0830665,2,2.2303472
6345.0,2024-25,19,3.9885314,1,2.293108
6345.0,2024-25,20,3.251302,6,2.3958166
6345.0,2024-25,21,3.5660636,2,2.8762386
6345.0,2024-25,22,4.472339,1,2.423747
6345.0,2024-25,23,4.0606155,2,1.8418707
6345.0,2024-25,24,3.6676962,1,2.6134555
6345.0,2024-25,25,3.1449363,2,1.5649668
6345.0,2024-25,26,2.7901156,1,1.8099138
6345.0,2024-25,27,2.283204,3,1.5589656
6345.0,2024-25,28,3.4353313,3,1.876006
6345.0,2024-25,29,2.6087677,2,2.0229564
6345.0,2024-25,30,3.5030994,3,1.67005
6345.0,2024-25,31,3.0540206,3,2.2032974
6345.0,2024-25,32,3.897768,6,2.1828003
6345.0,2024-25,33,3.5340824,1,1.7040876
6345.0,2024-25,34,4.0529475,1,2.4011848
6345.0,2024-25,35,2.9968379,0,1.4059087
6345.0,2024-25,36,2.4509423,1,1.5946205
6345.0,2024-25,37,0.08008704,0,1.5944728
6345.0,2024-25,38,2.4143271,3,1.2076017
6382.0,2024-25,6,1.9259801,1,1.6130124
6382.0,2024-25,7,2.0185223,0,1.4089006
6382.0,2024-25,8,1.854106,1,1.4969971
6382.0,2024-25,9,2.3112164,5,1.1836178
6382.0,2024-25,10,2.4035754,2,1.4564986
6382.0,2024-25,11,3.1327395,9,1.9439541
6382.0,2024-25,12,0.20626587,0,1.3390142
6382.0,2024-25,13,4.140628,3,1.550537
6382.0,2024-25,14,0.2021014,0,1.9034028
6382.0,2024-25,15,2.9325926,1,1.6823303
6382.0,2024-25,16,0.14546348,0,2.2150116
6382.0,2024-25,17,3.2519252,3,1.8768713
6382.0,2024-25,18,2.8663695,1,1.7601283
6382.0,2024-25,19,2.3314166,1,1.7537783
6382.0,2024-25,20,2.2279325,2,1.6631294
6382.0,2024-25,21,2.3898535,1,1.8988124
6382.0,2024-25,22,2.5933993,2,1.5150656
6382.0,2024-25,23,2.585745,1,1.3983473
6382.0,2024-25,24,2.3400111,7,1.4185696
6382.0,2024-25,25,2.7352679,2,1.7610639
6382.0,2024-25,26,2.4845707,5,2.0409658
6382.0,2024-25,27,4.4032135,11,2.4464064
6382.0,2024-25,28,5.4499874,3,1.9253687
6382.0,2024-25,29,2.7096293,1,2.4184136
6382.0,2024-25,30,4.2182693,2,2.447637
6382.0,2024-25,31,4.377747,1,2.1382618
6382.0,2024-25,32,5.4198003,3,2.9750526
6382.0,2024-25,33,4.5507336,10,2.258298
6382.0,2024-25,34,6.0093017,3,2.9467
6382.0,2024-25,35,3.6306763,5,1.9631606
6382.0,2024-25,36,3.0189805,2,2.9904375
6382.0,2024-25,37,3.362176,3,2.3679569
6382.0,2024-25,38,4.3762083,6,2.8427517
6418.0,2024-25,9,1.1242053e-05,0,0.3234974
6418.0,2024-25,10,-0.019591255,0,0.37847543
6418.0,2024-25,11,-0.010035845,0,0.3599676
6418.0,2024-25,12,-0.006061219,0,0.35271716
6418.0,2024-25,13,-0.020743089,0,0.34872055
6418.0,2024-25,14,-0.020743089,0,0.34634334
6418.0,2024-25,15,-0.020743089,0,0.34300965
6418.0,2024-25,16,0.51813173,1,0.33959255
6418.0,2024-25,17,1.9285195,1,1.0834125
6418.0,2024-25,18,-0.10773272,0,1.2873548
6418.0,2024-25,19,1.5006517,1,1.0085161
6456.0,2024-25,6,4.929957,1,3.2819579
6456.0,2024-25,7,2.2959883,2,1.8122648
6456.0,2024-25,8,4.1293483,3,2.5415416
6456.0,2024-25,9,3.3530302,2,2.6772351
6456.0,2024-25,10,3.5761008,10,2.378734
6456.0,2024-25,11,3.420052,1,1.993749
6456.0,2024-25,12,2.6832774,2,1.5172011
6456.0,2024-25,13,4.0117645,3,2.2963934
6456.0,2024-25,14,-0.069191396,0,2.4550748
6456.0,2024-25,15,2.9609458,5,1.6686405
6456.0,2024-25,16,3.9325633,2,2.0240667
6456.0,2024-25,17,2.9550376,3,2.3950887
6456.0,2024-25,18,3.1871881,3,2.3279285
6456.0,2024-25,19,0.0027266247,0,1.954204
6456.0,2024-25,20,2.9028578,6,1.4551121
6456.0,2024-25,21,3.0992513,2,2.7287855
6456.0,2024-25,22,3.3977199,6,1.8486427
6456.0,2024-25,23,0.49028185,0,1.7248102
6456.0,2024-25,24,-0.055778094,0,1.3694545
6456.0,2024-25,25,2.080378,1,1.024368
6456.0,2024-25,26,1.8115788,8,2.0960596
6456.0,2024-25,27,2.3347328,3,1.8832588
6456.0,2024-25,28,2.9324443,10,2.0264711
6456.0,2024-25,29,3.1448429,3,1.8511523
6456.0,2024-25,30,0.52984,0,2.7321396
6456.0,2024-25,31,3.004381,2,1.3656296
6456.0,2024-25,32,3.4079351,2,2.7914279
6456.0,2024-25,33,3.2055163,1,1.8725243
6456.0,2024-25,34,3.1576273,1,1.750383
6456.0,2024-25,35,0.014918394,0,1.3687915
6456.0,2024-25,36,0.0023322015,0,0.8325943
6456.0,2024-25,37,2.302271,1,0.6793734
6456.0,2024-25,38,2.0515587,1,1.3916396
6492.0,2024-25,7,0.8669537,4,1.5240006
6492.0,2024-25,8,2.2460554,1,1.9295728
6492.0,2024-25,9,4.1789756,1,2.5118966
6492.0,2024-25,10,3.2503073,2,3.114772
6492.0,2024-25,11,2.646679,3,2.8259792
6492.0,2024-25,12,6.00798,2,2.641364
6492.0,2024-25,13,3.0408769,3,1.8103113
6492.0,2024-25,14,4.518269,2,2.33096
6552.0,2024-25,6,5.6700244,9,4.9023595
6552.0,2024-25,7,7.4959617,8,3.098319
6552.0,2024-25,8,4.7381444,2,4.9684844
6552.0,2024-25,9,5.787347,15,3.7253494
6552.0,2024-25,10,4.8983507,3,3.6769056
6552.0,2024-25,11,4.6746736,5,2.294869
6552.0,2024-25,12,4.9016094,3,3.8019526
6552.0,2024-25,13,6.0998816,2,5.182296
6552.0,2024-25,14,5.77981,2,5.526544
6552.0,2024-25,15,3.7414076,13,3.202032
6552.0,2024-25,16,3.1761172,9,2.1498358
6552.0,2024-25,17,5.095337,2,2.897316
6552.0,2024-25,18,3.6165123,3,2.1657293
6552.0,2024-25,19,2.9209428,7,3.2469716
6552.0,2024-25,20,5.3981576,19,2.5385947
6552.0,2024-25,21,3.515475,2,2.6831656
6552.0,2024-25,22,1.9737709,2,2.6448395
6552.0,2024-25,23,3.5677054,7,4.146653
6552.0,2024-25,24,6.9875174,2,3.1126122
6552.0,2024-25,25,6.604748,3,2.005875
6552.0,2024-25,26,5.2704935,14,3.0230153
6552.0,2024-25,27,7.9251227,5,3.6102974
6552.0,2024-25,28,7.248732,2,2.9663281
6552.0,2024-25,29,4.854817,6,1.9946688
6552.0,2024-25,30,4.7545867,8,2.473729
6552.0,2024-25,31,4.54175,3,3.42354
6552.0,2024-25,32,4.7896514,2,2.8399878
6552.0,2024-25,33,5.534318,18,3.4294376
6552.0,2024-25,34,5.3392177,2,2.250813
6552.0,2024-25,35,4.909997,5,3.8397284
6552.0,2024-25,36,6.454798,6,3.1223588
6552.0,2024-25,37,3.7886658,5,3.1942449
6552.0,2024-25,38,4.601212,8,2.248713
6630.0,2024-25,7,2.6499894,1,1.2280204
6630.0,2024-25,8,2.6169436,1,1.3154598
6630.0,2024-25,9,1.5568556,1,1.2541519
6630.0,2024-25,10,1.9166733,2,2.1293612
6630.0,2024-25,11,2.3126268,2,2.1872146
6630.0,2024-25,12,2.5997367,1,1.8381919
6630.0,2024-25,13,2.657295,2,1.4195513
6630.0,2024-25,14,2.3273294,1,1.3663751
6630.0,2024-25,15,0.057579275,0,1.523516
6630.0,2024-25,16,2.2076502,1,0.90973103
6630.0,2024-25,17,2.06892,3,1.0273226
6630.0,2024-25,18,2.100634,1,1.786812
6630.0,2024-25,19,1.6681995,1,1.2474934
6630.0,2024-25,20,1.8556993,1,1.2270948
6630.0,2024-25,21,1.4660716,1,0.9441663
6630.0,2024-25,22,1.4853112,1,0.8155438
6630.0,2024-25,23,2.2287996,1,1.3380946
6630.0,2024-25,24,1.8049059,1,1.1516992
6630.0,2024-25,25,2.012866,1,1.206969
6630.0,2024-25,26,2.4992933,5,1.5899707
6630.0,2024-25,27,2.105959,2,1.8787634
6630.0,2024-25,28,2.5895433,1,1.8802756
6630.0,2024-25,29,0.13591364,0,1.7643342
6630.0,2024-25,30,2.0245829,1,1.0930219
6630.0,2024-25,31,-0.01605752,0,1.3376583
6630.0,2024-25,32,2.1551478,1,1.1135014
6630.0,2024-25,33,1.8697788,1,1.599882
6630.0,2024-25,34,2.447592,3,1.2995607
6630.0,2024-25,35,1.8955253,1,1.0493569
6630.0,2024-25,36,0.3294603,0,1.1328946
6630.0,2024-25,37,1.9941654,0,0.91814625
6630.0,2024-25,38,2.5175908,1,0.50653285
6665.0,2024-25,9,1.8263083,2,1.5040823
6665.0,2024-25,10,3.7185013,4,2.3810353
6665.0,2024-25,11,3.9351726,3,2.3038366
6665.0,2024-25,12,3.0554035,2,2.1125875
6665.0,2024-25,13,3.1087677,1,3.1563797
6665.0,2024-25,14,2.366805,7,2.2001536
6665.0,2024-25,15,0.031838264,0,2.901465
6665.0,2024-25,16,2.6993196,1,1.9208547
6665.0,2024-25,17,2.919109,1,1.893832
6665.0,2024-25,18,2.3978622,8,1.7574825
6665.0,2024-25,19,3.390565,6,1.6373309
6665.0,2024-25,20,4.01365,2,2.23001
6665.0,2024-25,21,3.8322198,1,1.79582
6665.0,2024-25,22,2.55124,1,2.1423073
6665.0,2024-25,23,-0.2370114,0,1.8254975
6665.0,2024-25,24,1.735323,4,1.5849761
6665.0,2024-25,24,1.735323,4,1.492766
6665.0,2024-25,24,2.5429277,1,1.5849761
6665.0,2024-25,24,2.5429277,1,1.492766
6665.0,2024-25,25,2.7655942,2,1.4539472
6665.0,2024-25,26,2.8817706,3,1.7023823
6665.0,2024-25,27,2.7948601,1,2.2664814
6665.0,2024-25,28,3.1742146,1,1.5353706
6665.0,2024-25,29,0.19516566,0,2.331086
6665.0,2024-25,30,2.3589811,3,1.4587132
6665.0,2024-25,31,2.6289115,2,1.0415626
6665.0,2024-25,32,2.654055,3,0.9864075
6665.0,2024-25,33,2.9292834,1,1.4289418
6665.0,2024-25,34,2.7322857,1,1.9784666
6665.0,2024-25,35,2.2226524,2,1.9899203
6665.0,2024-25,36,2.3886714,2,2.0549748
6665.0,2024-25,37,2.4680598,1,2.134562
6665.0,2024-25,38,2.3380706,2,1.8831893
6681.0,2024-25,6,3.655021,2,3.0079226
6681.0,2024-25,7,2.5318842,3,2.0365593
6681.0,2024-25,8,3.6945407,1,2.7463088
6681.0,2024-25,9,2.8078077,2,2.8569317
6681.0,2024-25,10,3.2669306,1,3.755531
6681.0,2024-25,11,3.296207,7,2.1967523
6681.0,2024-25,12,3.7701924,1,2.2178519
6681.0,2024-25,13,2.8296568,2,1.359677
6681.0,2024-25,14,2.4918501,1,2.9784303
6681.0,2024-25,15,2.1145504,7,2.5004578
6681.0,2024-25,16,3.855453,1,2.4074733
6681.0,2024-25,17,4.1605654,1,2.073578
6681.0,2024-25,18,4.10011,1,2.7317452
6681.0,2024-25,19,2.865384,1,1.8670907
6681.0,2024-25,20,2.594066,1,1.4414947
6681.0,2024-25,21,0.12147991,0,1.2506231
6681.0,2024-25,22,-0.009498327,0,1.305359
6681.0,2024-25,23,-0.19954103,0,0.6018938
6681.0,2024-25,24,0.0432558,0,0.38549614
6681.0,2024-25,25,0.042979777,0,0.31462938
6681.0,2024-25,26,1.4831008,1,0.6287803
6681.0,2024-25,27,1.4551009,1,1.2143664
6681.0,2024-25,28,1.7043468,6,1.7756264
6681.0,2024-25,29,0.17373344,0,2.0405548
6681.0,2024-25,30,2.8059661,5,1.6172541
6681.0,2024-25,31,3.0153897,8,1.477027
6681.0,2024-25,32,4.1596465,15,1.6553985
6681.0,2024-25,32,4.1596465,15,2.1823497
6681.0,2024-25,32,6.0423417,12,1.6553985
6681.0,2024-25,32,6.0423417,12,2.1823497
6681.0,2024-25,33,3.73204,5,3.2924538
6681.0,2024-25,34,5.0086236,3,2.6898832
6681.0,2024-25,35,3.4022636,2,1.8495041
6681.0,2024-25,36,5.8245173,3,4.448897
6681.0,2024-25,37,7.009441,2,3.5116136
6681.0,2024-25,38,5.684947,2,2.5305798
6691.0,2024-25,6,4.424461,11,2.3926516
6691.0,2024-25,7,3.9148283,1,1.8845686
6691.0,2024-25,8,4.702358,9,1.9848131
6691.0,2024-25,9,3.6526947,1,2.0345855
6691.0,2024-25,10,4.7297654,5,2.1867197
6691.0,2024-25,11,4.5421634,2,2.3143284
6691.0,2024-25,12,4.5258656,6,3.2877522
6691.0,2024-25,13,4.6445155,1,4.5488224
6691.0,2024-25,14,3.3289669,2,1.9726098
6691.0,2024-25,15,4.659248,7,2.102731
6691.0,2024-25,16,5.355483,8,1.9949024
6691.0,2024-25,17,5.600964,7,2.4636216
6691.0,2024-25,18,4.8386984,2,2.427496
6691.0,2024-25,19,4.843507,5,2.4017782
6691.0,2024-25,20,4.682016,2,2.0765073
6691.0,2024-25,21,3.4672241,2,2.2827759
6691.0,2024-25,22,3.975436,9,2.3705735
6691.0,2024-25,23,6.037346,2,1.9103445
6691.0,2024-25,24,4.1630087,3,2.2320256
6691.0,2024-25,25,5.6511073,3,2.6967583
6691.0,2024-25,26,4.9811606,9,3.1966567
6691.0,2024-25,27,4.714229,1,2.290493
6691.0,2024-25,28,0.24754463,0,1.6627406
6691.0,2024-25,29,0.2676387,0,1.34422
6691.0,2024-25,30,-0.15610963,0,0.86134756
6691.0,2024-25,31,-0.06576117,0,1.1350007
6691.0,2024-25,32,1.7693323,1,0.8326336
6691.0,2024-25,33,3.2070975,2,1.7719997
6691.0,2024-25,34,2.2701454,1,2.3620007
6691.0,2024-25,35,2.3875668,2,2.266275
6691.0,2024-25,36,2.4658818,1,2.059728
6756.0,2024-25,6,4.089507,15,3.258576
6756.0,2024-25,7,3.860898,2,2.5115285
6756.0,2024-25,8,4.123992,6,2.247616
6756.0,2024-25,9,3.88777,2,2.743927
6756.0,2024-25,10,4.384904,2,3.3969538
6756.0,2024-25,11,0.116285875,0,3.246974
6756.0,2024-25,12,4.994025,3,2.368211
6756.0,2024-25,13,3.5233974,2,1.8362728
6756.0,2024-25,14,3.6767902,9,2.5887947
6756.0,2024-25,15,0.41318184,0,2.1409228
6756.0,2024-25,16,0.9879628,0,2.651949
6756.0,2024-25,17,0.057540733,0,1.850633
6756.0,2024-25,18,0.2655245,0,1.847134
6756.0,2024-25,19,0.25189286,0,1.3695678
6756.0,2024-25,20,-0.020310864,0,0.8011866
6756.0,2024-25,21,0.008754919,0,0.762153
6756.0,2024-25,22,0.0055760043,0,0.7303568
6756.0,2024-25,23,-0.020743089,0,0.6734324
6756.0,2024-25,24,-0.020743089,0,0.6053999
6756.0,2024-25,25,-0.020743089,0,0.5102552
6756.0,2024-25,26,-0.020743089,0,0.41119766
6756.0,2024-25,27,-0.020743089,0,0.35751626
6756.0,2024-25,28,-0.020743089,0,0.33400384
6756.0,2024-25,29,-0.020743089,0,0.33400384
6756.0,2024-25,30,-0.020743089,0,0.33400384
6756.0,2024-25,31,0.38199753,1,0.33400384
6756.0,2024-25,32,1.057288,4,0.6527716
6756.0,2024-25,33,3.2611718,1,0.6013002
6756.0,2024-25,34,2.1949975,1,1.0974022
6756.0,2024-25,35,2.1655283,10,1.3309473
6756.0,2024-25,36,2.3712869,4,1.4478873
6756.0,2024-25,37,3.12207,6,2.1100721
6756.0,2024-25,38,2.6977115,1,2.6476526
6818.0,2024-25,6,4.4088483,3,3.4047468
6818.0,2024-25,7,4.659725,10,4.144986
6818.0,2024-25,8,5.3733892,4,4.664986
6818.0,2024-25,9,3.438724,2,2.2884974
6818.0,2024-25,10,5.590961,6,2.9520147
6818.0,2024-25,11,6.251982,1,2.2383869
6818.0,2024-25,12,3.12758,16,1.0342385
6818.0,2024-25,13,4.8713884,2,1.4276251
6818.0,2024-25,14,2.717069,2,1.6779263
6818.0,2024-25,15,3.753269,4,3.333788
6818.0,2024-25,16,4.0386863,15,4.2092133
6818.0,2024-25,17,3.3664465,6,3.489587
6818.0,2024-25,18,5.301019,0,2.192
6818.0,2024-25,19,4.016217,1,2.3483512
6818.0,2024-25,20,2.9126234,1,1.5688626
6818.0,2024-25,21,1.7243403,1,2.037197
6818.0,2024-25,22,2.402406,2,2.3838458
6818.0,2024-25,23,0.19296888,0,2.203872
6818.0,2024-25,24,0.071019895,0,2.1637132
6818.0,2024-25,25,2.2412133,10,1.1803466
6818.0,2024-25,26,2.3092387,4,1.405759
6818.0,2024-25,27,2.4593556,1,1.5409067
6818.0,2024-25,28,3.5926163,0,1.7531638
6818.0,2024-25,29,2.5565372,1,1.492023
6818.0,2024-25,30,3.6059597,2,2.306786
6818.0,2024-25,31,3.6064487,7,1.9863681
6818.0,2024-25,32,3.3698199,2,2.0459168
6818.0,2024-25,33,0.63539,0,2.9158916
6818.0,2024-25,34,2.578249,4,1.9188329
6820.0,2024-25,12,1.4000024,7,1.487532
6820.0,2024-25,13,4.262037,2,1.6878911
6820.0,2024-25,14,1.8762279,1,2.4540327
6820.0,2024-25,15,2.2871974,3,2.0532298
6820.0,2024-25,16,2.250009,1,1.7327913
6820.0,2024-25,17,1.8203933,1,1.5920819
6820.0,2024-25,18,2.1268861,1,1.3989235
6820.0,2024-25,19,1.6163795,2,1.3558549
6820.0,2024-25,20,1.9373065,5,1.6818292
6820.0,2024-25,21,1.9120077,1,1.598359
6820.0,2024-25,22,2.3132608,3,2.6541982
6820.0,2024-25,23,4.182205,3,3.0217056
6820.0,2024-25,24,2.3141298,2,2.1039655
6820.0,2024-25,25,3.0721498,3,1.8299835
6820.0,2024-25,26,3.3440819,1,2.202588
6820.0,2024-25,27,3.029646,1,1.5865756
6820.0,2024-25,28,2.5521698,1,1.6465341
6820.0,2024-25,29,2.2265346,1,1.7034146
6820.0,2024-25,30,3.122982,1,1.7291306
6820.0,2024-25,31,1.8715427,1,1.4725269
6820.0,2024-25,32,0.04946401,0,1.1978618
6820.0,2024-25,33,1.3628588,1,0.6580977
6820.0,2024-25,34,-0.12648296,0,0.5594573
6820.0,2024-25,35,1.32192,1,0.82899785
6820.0,2024-25,36,1.5012527,1,0.98419774
6820.0,2024-25,37,1.4858121,1,1.5221424
6820.0,2024-25,38,1.9775465,3,1.8954159
6827.0,2024-25,6,1.2575569,1,0.7619034
6827.0,2024-25,7,1.3772823,1,0.65177655
6827.0,2024-25,8,1.5704277,1,0.8921473
6827.0,2024-25,9,-0.012775787,0,0.7980451
6827.0,2024-25,10,-0.036663983,0,0.6665225
6827.0,2024-25,11,-0.04015944,0,0.56171286
6827.0,2024-25,12,0.991752,4,0.30732492
6827.0,2024-25,13,1.5289291,1,0.7389744
6827.0,2024-25,14,2.0145,1,1.09372
6827.0,2024-25,15,1.7788823,11,1.0849607
6827.0,2024-25,16,2.1881094,1,1.0965304
6827.0,2024-25,17,2.195122,1,1.4463001
6827.0,2024-25,18,1.3599201,1,1.3968757
6827.0,2024-25,19,-0.20254342,0,1.5642922
6827.0,2024-25,20,1.892165,1,1.0358691
6827.0,2024-25,21,-0.042013504,0,1.3464102
6827.0,2024-25,22,-0.042013504,0,1.1538322
6827.0,2024-25,23,1.5170432,7,0.80319035
6827.0,2024-25,24,2.3848429,2,1.4785668
6827.0,2024-25,25,2.9208527,2,1.6284785
6827.0,2024-25,26,3.0592704,0,1.5995415
6827.0,2024-25,27,2.852321,2,1.34738
6827.0,2024-25,28,2.2529533,1,1.4138303
6827.0,2024-25,29,0.10002383,0,1.3173972
6827.0,2024-25,30,0.1394362,0,0.9216224
6827.0,2024-25,31,0.12438935,0,0.73209023
6827.0,2024-25,32,1.1310086,1,0.6129607
6827.0,2024-25,33,1.1486341,3,0.9044009
6827.0,2024-25,34,1.3828343,1,1.8092351
6835.0,2024-25,6,-0.09481144,0,0.9441174
6835.0,2024-25,7,0.89945835,1,0.6670242
6835.0,2024-25,8,1.4163116,1,0.9816855
6835.0,2024-25,9,-0.09839905,0,1.0386403
6835.0,2024-25,10,1.65801,1,0.9419809
6835.0,2024-25,11,1.5630659,1,0.9626144
6835.0,2024-25,12,1.4731705,1,0.9054967
6835.0,2024-25,13,1.6239904,3,0.99523085
6835.0,2024-25,14,0.29095984,0,1.1843112
6835.0,2024-25,15,0.3024965,0,0.74418813
6835.0,2024-25,16,0.14808719,0,0.5689271
6835.0,2024-25,17,1.9180156,3,0.46889263
6835.0,2024-25,18,1.5729944,1,1.9063779
6835.0,2024-25,19,2.0637002,1,1.5587579
6835.0,2024-25,20,2.1325037,2,1.4461546
6835.0,2024-25,21,2.1127765,1,1.4620386
6835.0,2024-25,22,1.8953971,1,1.4434437
6835.0,2024-25,23,2.5965717,1,1.3347472
6835.0,2024-25,24,-0.1249688,0,1.1420964
6835.0,2024-25,25,-0.113633215,0,0.8407792
6835.0,2024-25,26,1.3891151,1,0.61894566
6835.0,2024-25,27,0.011133002,0,0.9579917
6835.0,2024-25,28,0.08708344,0,0.8438655
6835.0,2024-25,29,1.9257686,1,0.7920729
6835.0,2024-25,30,0.031306114,0,1.1086364
6835.0,2024-25,31,0.028319526,0,0.7908919
6835.0,2024-25,32,1.2213145,0,0.68271863
6835.0,2024-25,33,2.0472374,1,1.2678832
6835.0,2024-25,34,1.9953562,1,1.174241
6835.0,2024-25,35,0.0385451,0,1.276254
6835.0,2024-25,36,1.8000534,1,0.8967603
6835.0,2024-25,37,1.7741266,6,0.8083423
6835.0,2024-25,38,1.5451934,2,1.1265748
6854.0,2024-25,6,4.1050153,8,1.0397502
6854.0,2024-25,7,2.542864,8,1.8889636
6854.0,2024-25,8,4.523086,1,2.8670855
6854.0,2024-25,9,2.0909317,0,1.5425247
6854.0,2024-25,10,3.0482695,0,2.094011
6854.0,2024-25,11,2.2303922,0,1.4349304
6854.0,2024-25,12,1.7240045,0,0.800531
6854.0,2024-25,13,2.1016717,0,1.1028852
6854.0,2024-25,14,1.0590866,0,0.9530395
6854.0,2024-25,15,-0.049120825,0,1.355025
6854.0,2024-25,16,0.9326063,8,0.9218
6854.0,2024-25,17,1.777129,1,1.2161769
6854.0,2024-25,18,3.6631525,1,2.0893793
6854.0,2024-25,19,2.7277107,6,1.5771042
6854.0,2024-25,20,2.8888006,1,1.1452907
6854.0,2024-25,21,2.8022766,7,1.2525102
6854.0,2024-25,22,2.098074,0,1.711088
6854.0,2024-25,23,3.75831,0,1.9796973
6854.0,2024-25,24,0.76042145,0,1.0702223
6854.0,2024-25,24,0.76042145,0,1.2164141
6854.0,2024-25,24,2.1769438,1,1.0702223
6854.0,2024-25,24,2.1769438,1,1.2164141
6854.0,2024-25,25,2.2876923,3,0.5859653
6854.0,2024-25,25,2.2876923,3,2.1664608
6854.0,2024-25,25,2.5117085,5,0.5859653
6854.0,2024-25,25,2.5117085,5,2.1664608
6854.0,2024-25,26,2.3374465,0,2.418322
6854.0,2024-25,27,3.0549848,3,1.4636364
6854.0,2024-25,28,3.001584,1,0.7380273
6854.0,2024-25,29,-0.14826177,0,1.9188349
6854.0,2024-25,30,2.0694196,7,1.3701699
6854.0,2024-25,31,2.3632576,2,1.5972224
6854.0,2024-25,32,2.6124876,1,1.6234407
6854.0,2024-25,33,3.1892664,1,1.2473181
6854.0,2024-25,34,2.2369404,1,1.8201998
6854.0,2024-25,35,1.9958724,1,1.386304
6854.0,2024-25,36,1.8962221,1,1.4152235
6854.0,2024-25,37,2.6578808,0,1.2897162
6854.0,2024-25,38,2.0914636,1,0.5896527
6857.0,2024-25,6,1.1533625,0,2.5535984
6857.0,2024-25,7,3.5730684,2,2.9668806
6857.0,2024-25,8,0.86671656,0,2.8196716
6857.0,2024-25,9,-0.01118574,0,2.070015
6857.0,2024-25,10,3.3693783,3,1.9578936
6857.0,2024-25,11,2.4088464,1,2.0782564
6857.0,2024-25,12,0.13413456,0,1.709512
6857.0,2024-25,13,2.3712654,2,1.5087007
6857.0,2024-25,14,1.8737172,1,1.905708
6857.0,2024-25,15,2.815156,13,1.6528852
6857.0,2024-25,16,4.004399,8,2.048273
6857.0,2024-25,17,3.3336275,2,3.2182083
6857.0,2024-25,18,3.9578285,6,2.8946445
6857.0,2024-25,19,3.9024656,10,2.4281137
6857.0,2024-25,20,3.9025698,8,2.696532
6857.0,2024-25,21,2.7852361,1,2.875463
6857.0,2024-25,22,5.2110953,5,2.223511
6857.0,2024-25,23,3.6331792,2,2.6161935
6857.0,2024-25,24,4.8773026,16,2.4817872
6857.0,2024-25,25,3.997208,5,2.1510365
6857.0,2024-25,26,3.555817,5,2.3094494
6857.0,2024-25,27,3.0053546,3,2.6095295
6857.0,2024-25,28,3.5131795,5,2.1847355
6857.0,2024-25,29,4.503474,5,3.007657
6857.0,2024-25,30,5.057584,3,3.0734954
6857.0,2024-25,31,4.0128546,2,2.3677602
6857.0,2024-25,32,3.243401,2,3.1963472
6857.0,2024-25,33,3.3531988,1,2.0201325
6857.0,2024-25,34,3.4767513,1,2.2463987
6857.0,2024-25,35,3.29297,1,1.643524
6857.0,2024-25,36,4.1503844,13,1.9962527
6857.0,2024-25,37,3.3471026,11,2.0943997
6857.0,2024-25,38,3.6041908,2,2.59426
6937.0,2024-25,7,2.5687366,11,2.5119143
6937.0,2024-25,8,2.0618896,6,2.9931402
6937.0,2024-25,9,4.241982,5,3.183258
6937.0,2024-25,10,2.9107606,2,2.9244385
6937.0,2024-25,11,3.9305904,2,2.5895057
6937.0,2024-25,12,2.9991271,5,2.1486132
6937.0,2024-25,13,3.9559088,2,2.9936247
6937.0,2024-25,14,4.0839486,1,2.3187776
6937.0,2024-25,15,3.1511962,2,2.2964115
6937.0,2024-25,16,3.0441773,2,2.9419804
6937.0,2024-25,17,2.128507,2,1.983876
6937.0,2024-25,18,2.61456,1,1.8658972
6937.0,2024-25,19,2.173476,1,1.7096221
6937.0,2024-25,20,1.7548494,1,2.2043138
6937.0,2024-25,21,2.1443958,6,2.132241
6937.0,2024-25,22,2.2932808,6,1.8307395
6937.0,2024-25,23,3.2836745,1,1.9780132
6937.0,2024-25,24,3.0996006,2,2.0471058
6937.0,2024-25,25,3.6585062,3,2.34584
6937.0,2024-25,26,3.4395518,8,1.5372556
6937.0,2024-25,27,3.7155826,5,1.9362684
6937.0,2024-25,28,2.3096142,2,2.2605844
6937.0,2024-25,29,2.093062,5,1.8608527
6963.0,2024-25,6,4.060312,1,2.0456648
6963.0,2024-25,7,3.7836888,1,1.6265265
6963.0,2024-25,8,3.0962222,11,1.8465439
6963.0,2024-25,9,2.0694277,2,1.558854
6963.0,2024-25,10,2.463329,3,2.0926108
6963.0,2024-25,11,2.49131,7,2.908204
6963.0,2024-25,12,3.6609998,2,3.2225385
6963.0,2024-25,13,3.5017343,20,2.992227
6963.0,2024-25,14,5.784034,3,3.1923146
6963.0,2024-25,15,8.611771,2,1.8149282
6963.0,2024-25,16,6.520322,3,2.2762604
6963.0,2024-25,17,4.690331,8,2.4169831
6963.0,2024-25,18,4.3826737,2,3.679362
6963.0,2024-25,19,0.30745247,0,2.058344
6963.0,2024-25,20,4.824932,3,1.3152261
6963.0,2024-25,21,3.5512161,8,1.6363046
6963.0,2024-25,22,2.150291,22,1.736112
6963.0,2024-25,23,3.7979805,13,2.38557
6963.0,2024-25,24,4.7597775,2,3.306581
6963.0,2024-25,25,5.3482285,5,2.2959483
6963.0,2024-25,26,4.535826,2,2.14332
6963.0,2024-25,27,2.4791405,10,2.2005436
6963.0,2024-25,28,3.0422695,5,2.6440525
6963.0,2024-25,29,4.1749587,2,2.6522336
6963.0,2024-25,30,0.024406843,0,2.3947167
6963.0,2024-25,31,0.14002144,0,2.8142385
6963.0,2024-25,32,0.33238146,0,3.0519505
6963.0,2024-25,33,2.018876,2,3.5256405
6963.0,2024-25,34,2.9618218,2,3.0375793
6963.0,2024-25,35,3.0811238,2,2.135448
6963.0,2024-25,36,2.718086,1,2.6535482
6963.0,2024-25,37,2.1244354,1,2.3535824
6963.0,2024-25,38,2.7132301,3,2.2234712
6986.0,2024-25,6,0.75675106,0,0.32931146
6986.0,2024-25,7,0.7079141,0,0.28341162
6986.0,2024-25,8,0.35145164,0,0.21703827
6986.0,2024-25,9,0.48029754,0,0.23430803
6986.0,2024-25,10,0.50212896,0,0.26251668
6986.0,2024-25,11,0.3850185,0,0.30119273
6986.0,2024-25,12,0.4486112,0,0.28918684
6986.0,2024-25,13,0.5297323,0,0.19647655
6986.0,2024-25,14,0.4223831,0,0.18143947
6986.0,2024-25,15,0.80366683,0,0.21886568
6986.0,2024-25,16,0.4486112,0,0.24022105
6986.0,2024-25,17,0.49750796,0,0.23616496
6986.0,2024-25,18,0.46541268,0,0.24763748
6986.0,2024-25,19,0.5861567,0,0.22756152
6986.0,2024-25,20,0.76693517,0,0.259256
6986.0,2024-25,21,0.3571672,0,0.23832159
6986.0,2024-25,22,0.46313605,0,0.22511885
6986.0,2024-25,23,0.55973595,0,0.255047
6986.0,2024-25,24,0.77323407,0,0.18160304
6986.0,2024-25,25,0.9814923,0,0.3024061
6986.0,2024-25,26,0.62567633,0,0.3043015
6986.0,2024-25,27,0.56350195,0,0.25134912
6986.0,2024-25,28,0.510209,0,0.24333876
6986.0,2024-25,29,0.4755144,0,0.21263523
6986.0,2024-25,30,0.6271372,0,0.2684366
6986.0,2024-25,31,0.6920218,0,0.21798417
6986.0,2024-25,32,0.46930426,0,0.24751101
6986.0,2024-25,33,0.47347447,0,0.29522562
6986.0,2024-25,34,0.7874983,0,0.3054826
6986.0,2024-25,35,0.39807704,0,0.23661494
6986.0,2024-25,36,0.40517974,0,0.225844
6986.0,2024-25,37,0.4640875,0,0.25334373
6986.0,2024-25,38,1.1955765,0,0.28679657
7078.0,2024-25,6,1.8608686,1,0.9128483
7078.0,2024-25,7,2.14261,1,1.48872
7078.0,2024-25,8,1.6267363,1,1.3877609
7078.0,2024-25,9,1.244673,0,1.3050588
7078.0,2024-25,10,1.3190504,3,1.1933857
7078.0,2024-25,11,2.0265906,5,1.2655458
7078.0,2024-25,12,2.168464,1,1.6481537
7078.0,2024-25,13,2.4029176,1,1.6733562
7078.0,2024-25,14,2.5707586,1,1.7975956
7078.0,2024-25,15,2.1262255,2,1.6586087
7078.0,2024-25,16,2.77984,1,2.580815
7078.0,2024-25,17,2.3719552,1,1.6762402
7078.0,2024-25,18,0.3424114,0,1.4586629
7078.0,2024-25,19,0.14981036,0,0.8947538
7078.0,2024-25,20,1.7246606,1,0.6597909
7078.0,2024-25,21,0.03201473,0,1.163408
7078.0,2024-25,22,0.012375134,0,0.91995126
7078.0,2024-25,23,1.5986538,1,0.7845143
7078.0,2024-25,24,0.010015131,0,0.8979327
7078.0,2024-25,25,1.082559,1,0.7185374
7078.0,2024-25,26,0.0146111725,0,1.0937506
7078.0,2024-25,27,1.1040744,1,0.836629
7078.0,2024-25,28,1.152513,1,0.72931916
7078.0,2024-25,29,0.0146111725,0,0.9017106
7078.0,2024-25,30,0.0146111725,0,0.7480305
7078.0,2024-25,31,1.2688365,1,0.64465046
7078.0,2024-25,32,1.4302924,1,0.78113246
7078.0,2024-25,32,1.4302924,1,0.8431115
7078.0,2024-25,32,1.4579781,1,0.78113246
7078.0,2024-25,32,1.4579781,1,0.8431115
7078.0,2024-25,33,0.015758945,0,1.1519077
7078.0,2024-25,34,0.007885721,0,0.85434633
7078.0,2024-25,35,0.01941976,0,0.5299464
7078.0,2024-25,36,1.0986198,1,0.40041953
7083.0,2024-25,6,-0.0808038,0,1.2449852
7083.0,2024-25,7,1.8405373,7,0.9423449
7083.0,2024-25,8,1.8654919,1,1.3879796
7083.0,2024-25,9,3.0119414,2,1.5354252
7083.0,2024-25,10,2.660734,5,1.4544957
7083.0,2024-25,11,2.6551712,2,1.4890001
7083.0,2024-25,12,2.7212102,-2,1.811102
7083.0,2024-25,13,2.6756003,2,1.6158438
7083.0,2024-25,14,-0.18466239,0,1.8165534
7083.0,2024-25,15,2.9724514,5,1.6620044
7083.0,2024-25,16,2.4248023,2,1.6735278
7083.0,2024-25,17,3.1743703,2,1.623113
7083.0,2024-25,18,2.3947332,3,1.6824201
7083.0,2024-25,19,1.8050838,1,2.0019646
7083.0,2024-25,20,2.2421408,3,2.1493433
7083.0,2024-25,21,2.5674448,8,2.3300483
7083.0,2024-25,22,2.8516088,1,1.8173294
7083.0,2024-25,23,2.7967112,1,1.7981259
7083.0,2024-25,24,2.409742,2,1.6601347
7083.0,2024-25,25,2.7451801,3,1.9039817
7083.0,2024-25,26,2.5546398,6,2.000008
7083.0,2024-25,27,0.3029657,0,1.9849628
7083.0,2024-25,28,3.381825,2,1.3121046
7083.0,2024-25,29,2.7650182,10,2.0483336
7083.0,2024-25,30,2.7248785,2,1.7046808
7083.0,2024-25,31,2.9427266,3,2.5375504
7083.0,2024-25,32,2.5625865,1,2.2148602
7083.0,2024-25,33,2.9242008,7,2.146109
7083.0,2024-25,34,2.6780443,2,2.2051897
7083.0,2024-25,35,3.550001,5,2.0600004
7083.0,2024-25,36,3.3830094,2,2.4597545
7083.0,2024-25,37,3.2500284,4,2.2030087
7083.0,2024-25,38,2.9422016,8,2.575914
7166.0,2024-25,6,0.62490195,0,1.1295025
7166.0,2024-25,7,-0.037655547,0,0.88029593
7166.0,2024-25,8,-0.11273117,0,0.95828825
7166.0,2024-25,9,1.9208939,1,0.71289104
7166.0,2024-25,10,1.5429474,1,1.1895754
7166.0,2024-25,11,1.5526717,2,1.5457113
7166.0,2024-25,12,1.8730541,3,1.3915336
7166.0,2024-25,13,2.2919898,1,1.4467679
7166.0,2024-25,14,0.050929986,0,1.297172
7166.0,2024-25,15,0.00424618,0,1.0379292
7166.0,2024-25,16,-0.07334196,0,0.77933764
7166.0,2024-25,17,0.016616978,0,0.7147198
7166.0,2024-25,18,-0.030949736,0,0.6694671
7166.0,2024-25,19,0.8581497,1,0.5294082
7166.0,2024-25,20,1.47257,3,1.1729239
7166.0,2024-25,21,1.5867237,2,2.3094916
7166.0,2024-25,22,2.2226179,1,1.8883742
7166.0,2024-25,23,2.1342835,1,1.5253658
7166.0,2024-25,24,1.7960424,1,1.7243415
7166.0,2024-25,25,1.7070645,1,1.4486402
7166.0,2024-25,26,0.03608522,0,1.3642021
7166.0,2024-25,27,-0.05806365,0,0.9295557
7166.0,2024-25,28,1.909976,1,0.67094946
7166.0,2024-25,29,-0.0035134666,0,0.9638486
7166.0,2024-25,30,-0.04855957,0,0.80344605
7166.0,2024-25,31,1.4594629,1,0.7969414
7166.0,2024-25,32,1.0258443,1,1.1208178
7166.0,2024-25,33,1.3511055,3,1.3583387
7166.0,2024-25,34,1.616992,1,1.6664495
7166.0,2024-25,35,1.5326878,1,1.8223914
7166.0,2024-25,36,1.8574395,1,1.7012045
7166.0,2024-25,37,1.4556866,1,1.543244
7166.0,2024-25,38,1.6152219,1,1.1648277
7198.0,2024-25,7,1.9992366,3,1.3274826
7198.0,2024-25,8,1.7266061,1,1.6180125
7198.0,2024-25,9,0.05039046,0,1.4902585
7198.0,2024-25,10,-0.016481508,0,1.1981976
7198.0,2024-25,11,-0.00124778,0,0.84588677
7198.0,2024-25,12,1.2351738,1,0.7584157
7198.0,2024-25,13,1.8535204,1,1.7028327
7198.0,2024-25,14,0.023663988,0,1.5894618
7198.0,2024-25,15,1.914791,1,1.2099516
7198.0,2024-25,16,1.5855796,1,1.4946389
7198.0,2024-25,17,2.077033,1,1.7500101
7198.0,2024-25,18,1.900002,1,1.2899073
7198.0,2024-25,19,0.09214474,0,1.2828678
7198.0,2024-25,20,0.034637507,0,0.7118619
7198.0,2024-25,21,1.3870834,1,0.46909833
7198.0,2024-25,22,1.5763472,1,0.90578663
7198.0,2024-25,23,1.8087066,1,1.3966211
7198.0,2024-25,24,0.1460995,0,1.4072148
7198.0,2024-25,25,0.03925295,0,1.0182468
7198.0,2024-25,26,1.3428648,1,0.6509124
7198.0,2024-25,27,0.040403746,0,0.9212445
7198.0,2024-25,28,0.023515472,0,0.7134114
7198.0,2024-25,29,0.03159052,0,0.67591494
7198.0,2024-25,30,1.1498864,0,0.5166108
7198.0,2024-25,31,0.051116094,0,0.7718215
7198.0,2024-25,32,1.3467325,0,0.7031686
7198.0,2024-25,33,1.7812651,1,1.037275
7198.0,2024-25,34,1.7047358,0,1.0208802
7198.0,2024-25,35,1.876069,2,1.1135923
7198.0,2024-25,36,1.9822837,1,1.3988737
7198.0,2024-25,37,1.9928306,1,1.3093399
7198.0,2024-25,38,1.8633188,3,1.1303401
7230.0,2024-25,6,2.964254,3,2.4111986
7230.0,2024-25,7,2.525597,1,3.017323
7230.0,2024-25,8,3.926292,1,2.9262285
7230.0,2024-25,9,3.1242342,6,1.3589267
7230.0,2024-25,10,3.8192568,2,1.7139533
7230.0,2024-25,11,3.0587957,11,1.3826262
7230.0,2024-25,12,4.331953,1,2.2944255
7230.0,2024-25,13,3.3816152,2,1.872835
7230.0,2024-25,14,3.8617525,2,2.4999576
7230.0,2024-25,15,2.9005802,1,1.8102634
7230.0,2024-25,16,2.3708203,1,1.8178669
7230.0,2024-25,17,0.26785165,0,1.9566919
7230.0,2024-25,18,0.07375407,0,1.218162
7230.0,2024-25,19,1.7553054,1,0.9536252
7230.0,2024-25,20,1.8698919,1,1.39096
7230.0,2024-25,21,1.7089562,2,2.1556888
7230.0,2024-25,22,2.159823,11,2.1061301
7230.0,2024-25,23,2.7194662,2,1.7765242
7230.0,2024-25,24,2.842721,2,1.7635692
7230.0,2024-25,25,3.3946335,9,2.1515985
7230.0,2024-25,26,3.0222898,1,2.10359
7230.0,2024-25,27,0.00079604745,0,1.3474139
7230.0,2024-25,28,2.6886022,2,1.4225496
7230.0,2024-25,29,3.3040216,3,1.7597445
7230.0,2024-25,30,2.2941403,2,1.8403457
7230.0,2024-25,31,2.2569187,0,2.2842505
7230.0,2024-25,32,2.1790607,1,1.9404205
7230.0,2024-25,33,0.060463943,0,2.151811
7230.0,2024-25,34,1.4660999,8,1.401703
7230.0,2024-25,35,2.363074,1,1.5776094
7230.0,2024-25,36,2.042318,5,1.64846
7230.0,2024-25,37,2.1679924,1,1.3006406
7230.0,2024-25,38,2.7273371,1,1.5638003
7322.0,2024-25,6,4.6287436,3,2.6142607
7322.0,2024-25,7,6.2894373,16,3.3088675
7322.0,2024-25,8,0.56719136,0,2.5157921
7322.0,2024-25,9,5.18856,9,2.3277729
7322.0,2024-25,10,3.0029485,2,1.2232192
7322.0,2024-25,11,2.9664679,2,1.5960795
7322.0,2024-25,12,4.899851,13,2.889114
7322.0,2024-25,13,4.354741,18,1.5587808
7322.0,2024-25,14,3.6723742,3,2.84815
7322.0,2024-25,15,3.7799287,2,2.456367
7322.0,2024-25,16,6.312002,3,4.353862
7322.0,2024-25,17,5.665628,1,2.920584
7322.0,2024-25,18,0.36814857,0,1.8281442
7322.0,2024-25,19,0.65466535,0,3.8388395
7322.0,2024-25,20,0.9015472,0,2.6536438
7322.0,2024-25,21,0.40089294,0,1.4230531
7322.0,2024-25,22,0.054126177,0,-0.21530811
7322.0,2024-25,23,-0.02435429,0,0.2196934
7322.0,2024-25,24,-0.019558324,0,0.19238104
7322.0,2024-25,25,-0.007256355,0,0.28819454
7322.0,2024-25,26,-0.020743089,0,0.53324777
7322.0,2024-25,27,-0.020743089,0,0.5908366
7322.0,2024-25,28,-0.020743089,0,0.47188663
7322.0,2024-25,29,-0.020743089,0,0.38103807
7322.0,2024-25,30,0.40762419,8,0.33648607
7322.0,2024-25,31,1.605774,1,1.1475229
7322.0,2024-25,32,1.8060814,1,1.5493461
7322.0,2024-25,33,3.605859,1,1.5109895
7322.0,2024-25,33,3.605859,1,1.3002254
7322.0,2024-25,33,4.279995,1,1.5109895
7322.0,2024-25,33,4.279995,1,1.3002254
7322.0,2024-25,34,0.23499621,0,1.266241
7322.0,2024-25,35,3.9599116,2,1.41478
7322.0,2024-25,36,3.03696,2,1.3470677
7322.0,2024-25,37,3.6784546,3,1.1577632
7322.0,2024-25,38,3.754271,1,1.7182535
7352.0,2024-25,14,2.003362,2,1.6442444
7352.0,2024-25,15,-0.371861,0,1.5887362
7352.0,2024-25,16,2.3606014,1,1.3930498
7352.0,2024-25,17,2.1216788,3,1.2906432
7352.0,2024-25,18,1.9166633,1,1.5077928
7352.0,2024-25,19,0.022908125,0,1.4205698
7352.0,2024-25,20,2.0446813,0,1.4916748
7352.0,2024-25,21,1.5177196,2,1.3656499
7352.0,2024-25,22,1.694692,5,1.8024834
7352.0,2024-25,23,2.553322,9,2.0586436
7352.0,2024-25,24,3.0024464,2,2.0648022
7352.0,2024-25,25,3.7057974,2,2.0858867
7352.0,2024-25,26,3.454237,1,2.3683681
7352.0,2024-25,27,3.2139745,2,1.6362656
7352.0,2024-25,28,2.894559,2,1.881768
7352.0,2024-25,29,2.6514392,2,1.7484008
7352.0,2024-25,30,2.5674782,1,1.7073255
7352.0,2024-25,31,2.1948192,2,1.5765275
7352.0,2024-25,32,1.9838381,2,1.6838081
7352.0,2024-25,33,2.1025794,2,1.8870786
7352.0,2024-25,34,2.1034367,1,1.6724921
7352.0,2024-25,35,2.360898,2,1.579216
7352.0,2024-25,36,1.9274685,2,1.7724876
7352.0,2024-25,37,2.0919085,2,1.620957
7352.0,2024-25,38,2.053108,3,1.6942731
7365.0,2024-25,6,2.3748028,2,1.996389
7365.0,2024-25,7,3.0079455,8,2.618082
7365.0,2024-25,8,2.2781076,1,3.151765
7365.0,2024-25,9,3.3738918,0,1.8901545
7365.0,2024-25,10,3.2708726,1,1.6982805
7365.0,2024-25,11,3.6786616,3,2.2143066
7365.0,2024-25,12,2.8943686,3,2.1699183
7365.0,2024-25,13,2.9635596,5,2.4939737
7365.0,2024-25,14,3.7784328,1,2.4384227
7365.0,2024-25,15,3.6645956,1,2.4065382
7365.0,2024-25,16,1.8672538,10,1.7754067
7365.0,2024-25,17,3.0849168,1,2.036819
7365.0,2024-25,18,3.9471507,0,1.8403057
7365.0,2024-25,19,2.483587,2,1.6799977
7365.0,2024-25,20,2.1669493,2,2.0985556
7365.0,2024-25,21,3.4867535,7,2.7487597
7365.0,2024-25,22,4.34049,1,2.08808
7365.0,2024-25,23,2.719565,2,1.594821
7365.0,2024-25,24,2.869518,0,2.6408885
7365.0,2024-25,25,2.9127648,2,2.282773
7365.0,2024-25,26,2.522965,0,1.7701672
7365.0,2024-25,27,3.0925882,0,1.6440045
7365.0,2024-25,28,2.6752007,1,0.81566375
7365.0,2024-25,29,1.4953249,2,1.0586746
7365.0,2024-25,30,1.9247832,2,2.027444
7365.0,2024-25,31,2.5309384,2,2.4539955
7365.0,2024-25,32,1.6964996,1,1.9401518
7365.0,2024-25,33,2.9825196,2,2.1130927
7365.0,2024-25,34,2.6009324,2,1.9272288
7365.0,2024-25,35,2.3485687,1,1.792307
7365.0,2024-25,36,2.7393503,0,1.753235
7365.0,2024-25,37,3.1950672,0,1.489751
7365.0,2024-25,38,2.2498066,1,1.2295821
7420.0,2024-25,7,1.0540903,1,0.37705594
7420.0,2024-25,8,1.9047779,1,1.0725981
7420.0,2024-25,9,1.3023053,2,1.193435
7420.0,2024-25,10,0.14202471,0,1.4974905
7420.0,2024-25,11,0.11675391,0,1.0842733
7420.0,2024-25,12,0.113933064,0,0.626083
7420.0,2024-25,13,0.021383602,0,0.649385
7420.0,2024-25,14,0.008248015,0,0.49340713
7420.0,2024-25,15,1.070215,1,0.46616974
7420.0,2024-25,16,0.027911577,0,1.2328342
7420.0,2024-25,17,2.0007837,1,0.94328797
7420.0,2024-25,18,0.054422397,0,1.0352552
7420.0,2024-25,19,0.0067601204,0,0.7528696
7420.0,2024-25,20,0.0067601204,0,0.38967836
7420.0,2024-25,21,1.582719,1,0.41016895
7420.0,2024-25,22,0.05319355,0,0.74737597
7420.0,2024-25,23,1.6726784,1,0.693667
7438.0,2024-25,9,0.027704142,0,1.3717679
7438.0,2024-25,10,0.010988908,0,1.2541034
7438.0,2024-25,11,0.034494884,0,1.0351835
7438.0,2024-25,12,0.0497575,0,0.897443
7438.0,2024-25,13,-0.0125083,0,0.62274307
7438.0,2024-25,14,-0.015383126,0,0.5742923
7438.0,2024-25,15,-0.015383126,0,0.5249963
7438.0,2024-25,16,-0.020743089,0,0.47516537
7438.0,2024-25,17,-0.020743089,0,0.43125826
7438.0,2024-25,18,-0.020743089,0,0.38725513
7438.0,2024-25,19,-0.020743089,0,0.3594185
7438.0,2024-25,20,-0.020743089,0,0.3457433
7438.0,2024-25,21,-0.020743089,0,0.33400384
7438.0,2024-25,22,-0.020743089,0,0.33400384
7438.0,2024-25,23,0.5102932,1,0.33400384
7438.0,2024-25,24,1.6050308,6,0.5882557
7438.0,2024-25,24,1.6050308,6,1.7012998
7438.0,2024-25,24,2.047352,2,0.5882557
7438.0,2024-25,24,2.047352,2,1.7012998
7438.0,2024-25,25,3.1007807,1,1.6865755
7438.0,2024-25,26,4.1790094,1,1.7884928
7438.0,2024-25,27,2.5297832,2,1.5582411
7438.0,2024-25,28,2.8187962,2,1.880305
7438.0,2024-25,29,2.3287506,2,1.7009755
7438.0,2024-25,30,1.6835786,2,1.7160326
7438.0,2024-25,31,2.286262,1,1.7718433
7438.0,2024-25,32,2.016333,3,1.4079914
7438.0,2024-25,33,2.5907276,2,1.7746902
7438.0,2024-25,34,2.2539833,2,1.7463666
7438.0,2024-25,35,2.2514167,2,1.764347
7438.0,2024-25,36,1.8118737,2,1.6303182
7438.0,2024-25,37,1.8319739,2,1.6554812
7438.0,2024-25,38,2.6651978,2,1.6755577
7484.0,2024-25,6,3.5030055,2,2.191604
7484.0,2024-25,7,4.4509187,3,3.0566447
7484.0,2024-25,8,4.7351875,2,2.1380556
7484.0,2024-25,9,4.021897,1,3.0427241
7484.0,2024-25,10,4.0503054,1,1.8578159
7484.0,2024-25,11,0.27616864,0,1.9560007
7484.0,2024-25,12,4.6163588,1,1.3658446
7484.0,2024-25,13,2.321918,1,1.4290057
7484.0,2024-25,14,2.1283684,1,1.8573886
7484.0,2024-25,15,2.463302,1,1.6288415
7484.0,2024-25,16,2.6620123,1,1.353752
7484.0,2024-25,17,2.8020167,2,1.0826743
7484.0,2024-25,18,2.093219,5,1.3845555
7484.0,2024-25,19,2.3793309,2,2.040245
7484.0,2024-25,20,2.610537,7,2.2209451
7484.0,2024-25,21,3.6466708,2,2.5326157
7484.0,2024-25,22,3.5193875,2,2.3774943
7484.0,2024-25,23,0.37310648,0,1.959267
7484.0,2024-25,24,3.138834,1,1.2124363
7484.0,2024-25,25,2.7092328,1,0.93815243
7484.0,2024-25,26,2.2456303,1,1.3036566
7484.0,2024-25,27,2.7016747,1,1.85314
7484.0,2024-25,28,2.2722082,1,2.0078864
7484.0,2024-25,29,2.5290809,1,1.6425833
7484.0,2024-25,30,-0.014687702,0,1.1906184
7484.0,2024-25,31,1.2719142,1,0.8148017
7484.0,2024-25,32,1.6255797,9,1.4766953
7484.0,2024-25,33,2.2184324,2,1.9305731
7546.0,2024-25,7,-0.024615133,0,0.2610123
7546.0,2024-25,8,-0.028167207,0,0.38748848
7546.0,2024-25,9,-0.018611804,0,0.36597037
7546.0,2024-25,10,-0.014637177,0,0.35722083
7546.0,2024-25,11,-0.020743089,0,0.35233444
7546.0,2024-25,12,-0.020743089,0,0.3492679
7546.0,2024-25,13,0.37780583,1,0.34500226
7546.0,2024-25,14,0.0146111725,0,0.81293046
7546.0,2024-25,15,0.0146111725,0,0.8422394
7546.0,2024-25,16,1.1433855,1,0.7546142
7546.0,2024-25,17,1.2621092,1,0.9334763
7546.0,2024-25,18,1.544844,1,1.0944432
7546.0,2024-25,19,1.3542656,1,0.82421243
7546.0,2024-25,20,1.5127252,1,0.8186255
7546.0,2024-25,21,-0.098984614,0,0.8578645
7546.0,2024-25,22,1.2698677,4,0.85574913
7546.0,2024-25,23,1.93733,1,1.1952944
7546.0,2024-25,24,-0.042249553,0,1.3807516
7546.0,2024-25,25,-0.040360957,0,1.1197406
7546.0,2024-25,26,1.5964509,1,0.92455137
7546.0,2024-25,27,-0.07458592,0,0.88457537
7546.0,2024-25,28,2.0565917,1,0.98605573
7546.0,2024-25,29,-0.045625433,0,1.5002624
7546.0,2024-25,30,-0.029706515,0,1.253244
7546.0,2024-25,31,1.8393329,1,0.9552039
7546.0,2024-25,32,-0.08406876,0,1.4675057
7546.0,2024-25,33,1.916882,1,1.1478184
7546.0,2024-25,34,2.103995,0,1.2641908
7546.0,2024-25,35,1.7110662,2,1.0003334
7546.0,2024-25,36,2.010775,1,1.269623
7546.0,2024-25,37,2.1606505,13,1.2612268
7546.0,2024-25,38,2.7996178,1,1.1672782
7698.0,2024-25,6,2.5262446,12,1.9097533
7698.0,2024-25,7,4.3425703,1,1.8084193
7698.0,2024-25,8,2.844576,3,2.0590775
7698.0,2024-25,9,3.6380942,2,2.4633296
7698.0,2024-25,10,2.4582918,2,2.570314
7698.0,2024-25,11,2.56931,1,2.317888
7698.0,2024-25,12,3.4052455,3,2.360589
7698.0,2024-25,13,3.4641595,12,2.997833
7698.0,2024-25,14,3.8617587,1,2.529724
7698.0,2024-25,15,2.9058697,1,2.0273137
7698.0,2024-25,16,3.6459622,1,2.2439306
7698.0,2024-25,17,2.3237567,3,2.019345
7698.0,2024-25,18,3.4979787,6,2.8036134
7698.0,2024-25,19,3.924054,1,2.2657878
7698.0,2024-25,20,3.867073,2,2.2528691
7698.0,2024-25,21,4.29215,9,2.0265539
7698.0,2024-25,22,4.098621,10,1.9123949
7698.0,2024-25,23,3.579697,3,2.18945
7698.0,2024-25,24,3.7695465,2,3.0065675
7698.0,2024-25,25,3.0943654,6,3.0772133
7698.0,2024-25,26,3.6247158,2,2.8940399
7698.0,2024-25,27,3.1515353,3,2.3393025
7698.0,2024-25,28,5.0456276,1,2.5831344
7698.0,2024-25,29,5.4738355,3,3.3062239
7698.0,2024-25,30,3.8697066,1,1.895864
7698.0,2024-25,31,2.877899,9,1.2806891
7698.0,2024-25,32,3.6131003,2,1.7123877
7698.0,2024-25,33,4.2012334,16,1.5713547
7698.0,2024-25,33,4.2012334,16,2.6382556
7698.0,2024-25,33,5.2221327,8,1.5713547
7698.0,2024-25,33,5.2221327,8,2.6382556
7698.0,2024-25,34,0.6242668,0,2.540721
7698.0,2024-25,35,4.1522813,2,1.5791956
7698.0,2024-25,36,3.185356,7,3.272136
7698.0,2024-25,37,3.792174,3,2.6328702
7698.0,2024-25,38,3.5877247,4,2.2126257
7723.0,2024-25,6,0.020228323,0,1.3941256
7723.0,2024-25,7,-0.0774667,0,1.1759658
7723.0,2024-25,8,1.5633538,1,0.7253534
7723.0,2024-25,9,1.9122789,2,0.94143677
7723.0,2024-25,10,1.6614965,2,1.4985341
7723.0,2024-25,11,1.9896758,1,1.5938572
7723.0,2024-25,12,2.3284314,5,1.6204857
7723.0,2024-25,13,2.1569242,2,1.8206902
7723.0,2024-25,14,2.7642686,2,2.4424925
7723.0,2024-25,15,3.0993845,3,2.0814114
7723.0,2024-25,16,4.5238347,6,2.4067864
7723.0,2024-25,17,3.7614949,4,2.4842076
7723.0,2024-25,18,3.414661,2,2.8830612
7723.0,2024-25,19,3.9570103,2,2.0519805
7723.0,2024-25,20,3.5375316,1,1.9718288
7723.0,2024-25,21,0.536187,0,1.4395026
7723.0,2024-25,22,0.10645286,0,1.2258794
7723.0,2024-25,23,2.625615,1,0.8419711
7723.0,2024-25,24,1.9142872,1,1.0468012
7723.0,2024-25,25,2.111533,2,2.1766474
7723.0,2024-25,25,2.111533,2,2.4140456
7723.0,2024-25,25,2.0058012,2,2.1766474
7723.0,2024-25,25,2.0058012,2,2.4140456
7723.0,2024-25,26,2.249915,1,1.6569625
7723.0,2024-25,27,2.2402146,2,1.6652988
7723.0,2024-25,28,2.1103141,2,1.6308159
7723.0,2024-25,29,0.11567649,0,1.464006
7723.0,2024-25,30,1.9713943,3,0.9969213
7723.0,2024-25,31,2.1128817,1,1.615102
7723.0,2024-25,32,1.8180393,5,1.2547308
7723.0,2024-25,33,1.6170175,2,1.0592215
7723.0,2024-25,33,1.6170175,2,1.4004636
7723.0,2024-25,33,1.7701876,1,1.0592215
7723.0,2024-25,33,1.7701876,1,1.4004636
7723.0,2024-25,34,-0.05097775,0,1.6380364
7723.0,2024-25,35,2.0772567,6,1.1685845
7723.0,2024-25,36,2.1218798,1,1.3865522
7723.0,2024-25,37,2.2349474,3,1.6532255
7723.0,2024-25,38,2.8835404,3,2.4084103
7752.0,2024-25,6,2.8264325,13,1.902976
7752.0,2024-25,7,5.8777857,6,1.9050149
7752.0,2024-25,8,3.7680023,1,1.7570521
7752.0,2024-25,9,3.4146013,2,2.7576451
7752.0,2024-25,10,1.8586363,2,2.1322773
7752.0,2024-25,11,2.5665848,8,2.8443909
7752.0,2024-25,12,4.467857,0,4.436475
7752.0,2024-25,13,2.4990993,0,2.024399
7752.0,2024-25,14,2.9410167,3,1.7862446
7752.0,2024-25,15,2.2672565,0,1.875402
7752.0,2024-25,16,2.725342,3,2.1061666
7752.0,2024-25,17,2.8287969,7,2.1215172
7752.0,2024-25,18,4.753658,3,2.948496
7752.0,2024-25,19,3.4600058,9,2.302949
7752.0,2024-25,20,3.4786115,1,3.1197276
7752.0,2024-25,21,3.5828483,1,2.415768
7752.0,2024-25,22,5.154318,7,1.8804568
7752.0,2024-25,23,3.4593277,3,2.0365396
7752.0,2024-25,24,3.4699306,5,1.5195354
7752.0,2024-25,25,3.5368764,0,2.7657034
7752.0,2024-25,26,3.8890254,0,1.9467095
7752.0,2024-25,27,2.1085253,0,1.3741874
7752.0,2024-25,28,2.0704963,1,1.671149
7752.0,2024-25,29,3.7355325,3,2.6488786
7752.0,2024-25,30,2.5346022,5,2.1479623
7752.0,2024-25,31,2.4552603,1,1.9112464
7752.0,2024-25,32,2.6729138,2,2.024567
7752.0,2024-25,33,4.0759063,8,1.7515503
7752.0,2024-25,33,4.0759063,8,2.3953102
7752.0,2024-25,33,3.4181585,2,1.7515503
7752.0,2024-25,33,3.4181585,2,2.3953102
7752.0,2024-25,34,-0.036633432,0,2.1619024
7752.0,2024-25,35,3.7329543,2,2.179305
7752.0,2024-25,36,4.016342,7,2.3394313
7752.0,2024-25,37,4.38792,3,2.4267368
7752.0,2024-25,38,3.8129191,2,2.2464337
7762.0,2024-25,6,2.2369506,1,1.8115886
7762.0,2024-25,7,2.3817022,4,1.5305685
7762.0,2024-25,8,2.4747717,1,1.5781089
7762.0,2024-25,9,-0.07523188,0,1.5836004
7762.0,2024-25,10,2.1620085,1,1.463519
7762.0,2024-25,11,2.2587266,0,1.579197
7762.0,2024-25,12,2.107042,2,1.5466828
7762.0,2024-25,13,2.5360832,5,1.8194352
7762.0,2024-25,14,0.10177891,0,2.0195246
7762.0,2024-25,15,2.0706375,1,1.6849083
7762.0,2024-25,16,2.1860898,2,1.6863431
7762.0,2024-25,17,2.3932655,1,1.3763876
7762.0,2024-25,18,2.2658029,1,1.2668098
7762.0,2024-25,19,2.0067523,0,1.2256906
7762.0,2024-25,20,1.9494735,1,1.520888
7762.0,2024-25,21,1.7081718,1,1.6739291
7762.0,2024-25,22,2.0961626,1,1.9361404
7762.0,2024-25,23,1.8066897,1,2.0365963
7762.0,2024-25,24,2.0496945,11,1.5018924
7762.0,2024-25,25,1.9671911,4,1.3618792
7762.0,2024-25,26,2.493599,3,2.0468128
7762.0,2024-25,27,2.9744792,2,3.679399
7762.0,2024-25,28,4.4613404,5,2.2634504
7762.0,2024-25,29,4.2493305,11,2.1921225
7762.0,2024-25,30,4.2443414,3,2.4172955
7762.0,2024-25,31,2.7816353,2,2.4220295
7762.0,2024-25,32,3.9768872,1,2.5071516
7762.0,2024-25,33,0.092821755,0,1.3347167
7762.0,2024-25,34,3.519407,1,0.854581
7762.0,2024-25,35,1.9820219,2,0.55304104
7762.0,2024-25,36,2.34298,1,1.6713654
7762.0,2024-25,37,2.237656,5,1.8392366
7762.0,2024-25,38,2.6910813,1,2.2122636
7768.0,2024-25,6,1.1315325,0,0.32960775
7768.0,2024-25,7,0.009940822,0,1.2442528
7768.0,2024-25,8,0.067233175,0,1.0585006
7768.0,2024-25,9,0.08814958,0,0.78398156
7768.0,2024-25,10,0.067332014,0,0.6170292
7768.0,2024-25,11,0.021136856,0,0.4665404
7768.0,2024-25,12,1.269933,1,0.4970671
7768.0,2024-25,13,1.3524119,1,0.7631982
7768.0,2024-25,14,0.9368625,1,0.8927126
7768.0,2024-25,15,1.9125278,1,1.1791607
7768.0,2024-25,16,1.6557996,1,0.9775289
7768.0,2024-25,17,0.0101168305,0,0.7606914
7768.0,2024-25,18,0.05371534,0,0.48201528
7768.0,2024-25,19,0.0909945,0,0.22344884
7768.0,2024-25,20,0.00104592,0,0.17778921
7768.0,2024-25,21,0.003217716,0,0.23356254
7768.0,2024-25,22,-0.019438913,0,0.38898998
7768.0,2024-25,23,-0.014637177,0,0.38734
7768.0,2024-25,24,-0.006061219,0,0.38303494
7768.0,2024-25,25,-0.020743089,0,0.37517947
7768.0,2024-25,26,-0.020743089,0,0.36415547
7768.0,2024-25,27,-0.020743089,0,0.35210228
7768.0,2024-25,28,-0.020743089,0,0.34120822
7768.0,2024-25,29,-0.020743089,0,0.33594596
7768.0,2024-25,30,0.3334128,1,0.33400384
7768.0,2024-25,31,1.6516572,0,1.0533415
7768.0,2024-25,32,1.7393891,1,1.0052885
7768.0,2024-25,33,1.8459523,1,1.1792485
7768.0,2024-25,34,1.6012791,1,1.0115623
7768.0,2024-25,35,1.8908074,6,1.0033509
7768.0,2024-25,36,3.094711,1,1.0322881
7768.0,2024-25,37,2.2335916,3,1.1303226
7768.0,2024-25,38,2.3137472,3,1.537738
7892.0,2024-25,7,1.7012262,1,1.5031196
7892.0,2024-25,8,0.14173478,0,1.3429877
7892.0,2024-25,9,-0.022639833,0,1.01213
7892.0,2024-25,10,-0.0018195789,0,0.68450195
7892.0,2024-25,11,-0.10886244,0,0.78268415
7892.0,2024-25,12,1.200054,3,0.4652093
7892.0,2024-25,13,2.1482465,0,2.1458578
7892.0,2024-25,14,2.6797576,5,1.0403783
7892.0,2024-25,15,2.7429645,1,0.98239887
7892.0,2024-25,16,-0.002567552,0,1.0357141
7892.0,2024-25,17,-0.21484235,0,1.2350475
7892.0,2024-25,18,0.31485122,0,1.0117863
7892.0,2024-25,19,1.4995638,1,0.891516
7892.0,2024-25,20,0.046863057,0,1.4030738
7892.0,2024-25,21,1.8580202,4,1.4887878
7892.0,2024-25,22,2.455719,1,1.4970653
7892.0,2024-25,23,0.25546792,0,1.2771708
7892.0,2024-25,24,0.25546792,0,1.1803817
7892.0,2024-25,25,-0.073000036,0,1.0181575
7892.0,2024-25,26,1.1539997,0,0.63394326
7892.0,2024-25,27,-0.043725587,0,0.5485148
7892.0,2024-25,28,-0.03308408,0,0.6107293
7892.0,2024-25,29,-0.03308408,0,0.48648903
7892.0,2024-25,30,-0.026946941,0,0.36272338
7892.0,2024-25,31,-0.020743089,0,0.26504427
7892.0,2024-25,32,-0.020743089,0,0.39376092
7892.0,2024-25,33,0.6268215,0,0.3642524
7908.0,2024-25,30,2.1728885,3,1.5193604
7908.0,2024-25,31,3.496404,2,1.9819998
7908.0,2024-25,32,3.1160357,5,2.3369703
7908.0,2024-25,33,2.6398318,3,2.3216052
7908.0,2024-25,34,3.4213343,3,2.208662
7908.0,2024-25,35,2.6477668,2,2.807153
7908.0,2024-25,36,4.231377,2,1.9606961
7908.0,2024-25,37,3.118123,1,2.437073
7908.0,2024-25,38,3.730196,9,2.7992795
7958.0,2024-25,8,2.2219822,2,1.892546
7958.0,2024-25,9,1.6510116,1,1.6945015
7958.0,2024-25,10,2.2649176,0,1.7667198
7958.0,2024-25,11,2.1510582,4,1.4616177
7958.0,2024-25,12,2.406736,1,1.5748094
7958.0,2024-25,13,1.9787428,2,1.727439
7958.0,2024-25,14,2.2355669,1,2.3241334
7958.0,2024-25,15,2.0692124,1,2.1955
7958.0,2024-25,16,2.2382808,3,1.9306332
7958.0,2024-25,17,1.7785531,3,1.8907325
7958.0,2024-25,18,2.1477046,3,1.6078025
7958.0,2024-25,19,2.1800885,3,1.4161505
7958.0,2024-25,20,1.9101526,2,1.5133868
7958.0,2024-25,21,3.3338008,3,1.5388929
7958.0,2024-25,22,2.7446878,2,1.33576
7958.0,2024-25,23,4.1203017,9,1.4347024
7958.0,2024-25,24,3.1340315,1,2.2004366
7958.0,2024-25,25,3.1407015,2,1.73186
7958.0,2024-25,26,3.7761664,1,2.126354
7958.0,2024-25,27,2.8346786,2,1.8193611
7958.0,2024-25,28,2.867552,3,2.1256363
7958.0,2024-25,29,0.14322023,0,2.2281668
7958.0,2024-25,30,2.8367577,10,1.703135
7958.0,2024-25,31,2.413465,3,1.5525287
7958.0,2024-25,32,2.3527827,9,1.930238
7958.0,2024-25,32,2.3527827,9,1.8185493
7958.0,2024-25,32,3.3294134,6,1.930238
7958.0,2024-25,32,3.3294134,6,1.8185493
7958.0,2024-25,33,2.490345,2,2.0563598
7958.0,2024-25,34,2.2890878,3,1.9783621
7958.0,2024-25,35,2.8061075,2,2.296909
7958.0,2024-25,36,3.6626892,11,2.3824787
7958.0,2024-25,37,2.7559438,2,2.2130857
7958.0,2024-25,38,3.1540027,2,3.2435055
7988.0,2024-25,6,-0.0022350978,0,0.92447555
7988.0,2024-25,7,-0.033476308,0,0.8809104
7988.0,2024-25,8,-0.019782968,0,0.5192421
7988.0,2024-25,9,1.3766867,0,0.46310014
7988.0,2024-25,10,-0.019762373,0,0.4842254
7988.0,2024-25,11,-0.020743089,0,0.43412894
7988.0,2024-25,12,-0.020743089,0,0.3709881
7988.0,2024-25,13,-0.020743089,0,0.31053305
7988.0,2024-25,14,-0.020743089,0,0.25570443
7988.0,2024-25,15,0.6531735,0,0.34497938
7988.0,2024-25,16,-0.020743089,0,0.40468973
7988.0,2024-25,17,-0.020743089,0,0.36457008
7988.0,2024-25,18,-0.020743089,0,0.31336692
7988.0,2024-25,19,-0.020743089,0,0.26951477
7988.0,2024-25,20,0.37604266,0,0.23364179
7988.0,2024-25,21,-0.020743089,0,0.5403613
7988.0,2024-25,22,-0.020743089,0,0.49230033
7988.0,2024-25,23,0.674314,0,0.39264667
7988.0,2024-25,24,-0.020743089,0,0.35402155
7988.0,2024-25,25,-0.020743089,0,0.22635135
7988.0,2024-25,26,-0.020743089,0,0.3179699
7988.0,2024-25,27,-0.020743089,0,0.26157805
7988.0,2024-25,28,-0.020743089,0,0.21153264
7988.0,2024-25,29,-0.020743089,0,0.33400384
7988.0,2024-25,30,-0.020743089,0,0.33400384
7988.0,2024-25,31,-0.020743089,0,0.33400384
7988.0,2024-25,32,-0.020743089,0,0.33400384
7988.0,2024-25,33,0.4771759,0,0.33400384
8127.0,2024-25,6,5.3890862,1,2.3873215
8127.0,2024-25,7,3.4537237,0,1.3967687
8127.0,2024-25,8,3.348333,0,1.130569
8127.0,2024-25,9,2.1791458,1,0.7042406
8127.0,2024-25,10,2.8677921,0,0.93817496
8127.0,2024-25,11,2.4988625,6,0.88057077
8127.0,2024-25,12,2.9703684,8,2.057571
8127.0,2024-25,13,4.423748,11,2.4598396
8127.0,2024-25,14,2.6536548,1,2.3183594
8127.0,2024-25,15,3.299686,5,2.498077
8127.0,2024-25,16,2.4176807,13,2.7522807
8127.0,2024-25,17,3.0636158,2,2.5583496
8127.0,2024-25,18,4.131202,2,3.4191668
8127.0,2024-25,19,4.5367484,2,2.353896
8127.0,2024-25,20,2.9521658,9,1.7641073
8127.0,2024-25,21,5.2787557,20,2.0604475
8127.0,2024-25,22,6.2496076,2,2.6113749
8127.0,2024-25,23,4.7222133,3,3.1938214
8127.0,2024-25,24,4.105906,2,3.764264
8127.0,2024-25,25,4.8027754,0,3.3925328
8127.0,2024-25,26,3.0233428,0,3.2629652
8127.0,2024-25,27,4.5452995,0,2.46386
8127.0,2024-25,28,3.6494842,0,2.1177435
8127.0,2024-25,29,1.9718285,0,1.2084062
8127.0,2024-25,30,1.1788523,0,0.5540362
8127.0,2024-25,31,1.1493981,0,0.7120998
8127.0,2024-25,32,1.1285572,0,0.8794889
8127.0,2024-25,33,0.5252772,0,0.77027935
8127.0,2024-25,34,0.4578113,0,0.60465574
8127.0,2024-25,35,0.38378736,6,0.49589825
8127.0,2024-25,36,1.8861631,2,1.8606228
8127.0,2024-25,37,2.6335132,1,2.072046
8127.0,2024-25,38,3.1878035,13,1.692855
8150.0,2024-25,6,3.3989127,9,3.1787899
8150.0,2024-25,7,4.664694,1,2.1440613
8150.0,2024-25,8,3.9964418,2,4.121517
8150.0,2024-25,9,0.50949633,0,3.846261
8150.0,2024-25,10,4.300962,6,3.2751696
8150.0,2024-25,11,4.3868876,2,1.6312484
8150.0,2024-25,12,4.1941915,2,2.6497355
8150.0,2024-25,13,5.6606784,5,2.090829
8150.0,2024-25,14,4.777074,8,2.4004917
8150.0,2024-25,15,4.086399,1,2.5691805
8150.0,2024-25,16,6.5815706,6,2.9289422
8150.0,2024-25,17,5.976239,6,2.8206053
8150.0,2024-25,18,7.2958975,10,3.489427
8150.0,2024-25,19,3.9944267,6,2.904965
8150.0,2024-25,20,5.09473,7,3.4042053
8150.0,2024-25,21,7.605338,9,3.8421984
8150.0,2024-25,22,4.7899313,2,2.9094157
8150.0,2024-25,23,5.585459,5,2.3789282
8150.0,2024-25,24,4.5354633,1,2.753832
8150.0,2024-25,25,4.7401776,2,2.737465
8150.0,2024-25,26,6.677296,2,2.6268456
8150.0,2024-25,27,4.95126,2,2.375513
8150.0,2024-25,28,0.16848803,0,2.2565014
8150.0,2024-25,29,0.019056879,0,2.09846
8150.0,2024-25,30,0.100490205,0,1.7990857
8150.0,2024-25,31,-0.03080799,0,0.73533523
8150.0,2024-25,32,1.6550936,1,0.73489296
8150.0,2024-25,32,1.6550936,1,1.3011509
8150.0,2024-25,32,1.6377311,1,0.73489296
8150.0,2024-25,32,1.6377311,1,1.3011509
8150.0,2024-25,33,1.8301556,1,1.7803806
8150.0,2024-25,34,1.8236035,1,1.9157038
8150.0,2024-25,35,1.9290824,1,1.40508
8150.0,2024-25,36,2.3021274,3,1.5422075
8150.0,2024-25,37,2.1002617,2,1.2794751
8150.0,2024-25,38,2.4307117,1,1.38331
8224.0,2024-25,6,2.0683658,0,0.68519765
8224.0,2024-25,7,0.7471356,0,0.84375584
8224.0,2024-25,8,1.3689125,1,1.1634287
8224.0,2024-25,9,1.510957,0,1.5474764
8224.0,2024-25,10,1.5595601,0,1.4240917
8224.0,2024-25,11,2.3825293,0,0.92950827
8224.0,2024-25,12,0.9629693,0,0.7656677
8224.0,2024-25,13,0.9989931,0,0.69284797
8224.0,2024-25,14,1.0497563,0,0.4472381
8224.0,2024-25,15,0.83580923,0,0.35222423
8224.0,2024-25,16,1.0672088,0,0.35906893
8224.0,2024-25,17,0.6200209,0,0.25152385
8224.0,2024-25,18,0.5068918,0,0.26366818
8224.0,2024-25,19,0.51405245,0,0.24006447
8224.0,2024-25,20,0.5833226,0,0.23024388
8224.0,2024-25,21,0.47079796,1,0.22000314
8224.0,2024-25,22,1.386958,1,0.49703813
8224.0,2024-25,23,1.4751631,1,0.676443
8224.0,2024-25,24,1.2055721,1,0.85872155
8224.0,2024-25,25,1.4662621,0,1.0448906
8224.0,2024-25,26,1.9005423,1,1.2639749
8224.0,2024-25,27,1.7546868,2,1.1557429
8224.0,2024-25,28,1.744458,7,1.977041
8224.0,2024-25,29,3.1635475,0,1.6929203
8224.0,2024-25,30,2.586942,0,1.4589182
8224.0,2024-25,31,2.3448792,1,0.9757782
8224.0,2024-25,32,2.1046245,1,0.9308319
8224.0,2024-25,33,1.7648578,0,1.2457644
8224.0,2024-25,34,2.025493,0,1.2110103
8224.0,2024-25,35,2.0028706,1,1.0817944
8224.0,2024-25,36,1.759046,1,1.3806465
8224.0,2024-25,37,1.2381058,1,1.6061858
8224.0,2024-25,38,1.8228614,1,2.2141066
8252.0,2024-25,6,1.5893663,1,0.87008333
8252.0,2024-25,7,1.7128145,1,1.1488564
8252.0,2024-25,8,2.1592824,2,1.4591388
8252.0,2024-25,9,2.1151955,1,1.9041077
8252.0,2024-25,10,2.7107728,3,1.9215499
8252.0,2024-25,11,2.5758169,2,2.0591722
8252.0,2024-25,12,2.1006823,2,1.6678408
8252.0,2024-25,13,2.653826,1,1.6988624
8252.0,2024-25,14,1.9494704,1,1.1884323
8252.0,2024-25,15,2.2528126,1,1.7527634
8252.0,2024-25,16,2.4019632,2,1.5990199
8252.0,2024-25,17,2.28441,0,2.1368318
8252.0,2024-25,18,0.15637848,0,2.0255678
8252.0,2024-25,19,2.5446916,3,1.327443
8252.0,2024-25,20,1.7978168,0,1.6437696
8252.0,2024-25,21,1.8215445,1,1.4634284
8252.0,2024-25,22,2.1658785,2,1.7105209
8252.0,2024-25,23,1.8882271,1,1.4959205
8252.0,2024-25,24,2.3103626,1,1.9046129
8252.0,2024-25,25,0.06175472,0,1.7185656
8252.0,2024-25,26,1.8373247,1,1.1643615
8252.0,2024-25,27,1.7583498,3,1.2375792
8252.0,2024-25,28,1.9402937,3,1.6677318
8252.0,2024-25,29,2.361442,2,1.7588456
8252.0,2024-25,30,3.087819,1,1.5336802
8252.0,2024-25,31,2.4072816,2,1.4100803
8252.0,2024-25,32,2.3618913,3,1.7019905
8252.0,2024-25,33,2.5052946,4,1.7622524
8252.0,2024-25,34,2.6503632,1,1.8214248
8252.0,2024-25,35,2.2822134,1,1.812019
8252.0,2024-25,36,2.4965339,2,1.7498122
8252.0,2024-25,37,2.670513,2,2.0314338
8252.0,2024-25,38,2.9103715,2,2.1568058
8267.0,2024-25,6,1.9299523,2,1.3312384
8267.0,2024-25,7,1.9874092,2,1.4904088
8267.0,2024-25,8,1.7622387,2,1.5472845
8267.0,2024-25,9,2.0464656,2,1.5949792
8267.0,2024-25,10,2.1907628,0,1.5888962
8267.0,2024-25,11,2.2932973,3,1.4544107
8267.0,2024-25,12,1.9622318,1,1.5422496
8267.0,2024-25,13,1.870537,1,1.5034059
8267.0,2024-25,14,0.1346866,0,1.4028254
8267.0,2024-25,15,1.8108926,0,1.1328412
8267.0,2024-25,16,0.01616668,0,1.0806243
8267.0,2024-25,17,1.3549678,1,0.71765506
8267.0,2024-25,18,1.3156097,2,0.8727025
8267.0,2024-25,19,0.06459969,0,1.2592071
8267.0,2024-25,20,0.043070074,0,1.1261187
8267.0,2024-25,21,1.7370116,2,0.94552714
8267.0,2024-25,22,1.8238484,1,1.5083429
8267.0,2024-25,23,1.615643,1,1.1694206
8267.0,2024-25,24,0.009238778,0,1.2943052
8267.0,2024-25,25,0.05199266,0,0.9949931
8267.0,2024-25,26,0.04091695,0,0.6718661
8267.0,2024-25,27,0.0468488,0,0.54746044
8267.0,2024-25,28,0.007325237,0,0.47240806
8267.0,2024-25,29,0.77882737,1,0.4407177
8267.0,2024-25,30,0.0146111725,0,0.8169099
8267.0,2024-25,31,0.0146111725,0,0.7761663
8267.0,2024-25,32,0.0146111725,0,0.68838304
8267.0,2024-25,33,0.00921613,0,0.61582
8267.0,2024-25,34,0.00921613,0,0.44631958
8267.0,2024-25,35,-0.006061219,0,0.34814823
8267.0,2024-25,36,0.88630766,3,0.3406038
8267.0,2024-25,37,1.7976733,0,1.1763295
8267.0,2024-25,38,1.3894863,4,1.181967
8272.0,2024-25,6,2.0952203,1,1.8725554
8272.0,2024-25,7,2.2803693,1,1.8097948
8272.0,2024-25,8,3.1752687,1,1.6497108
8272.0,2024-25,9,3.1002338,1,1.7099019
8272.0,2024-25,10,2.870109,1,1.9166037
8272.0,2024-25,11,2.3085158,1,1.355692
8272.0,2024-25,12,1.6741778,1,1.7908398
8272.0,2024-25,13,2.4237454,6,2.6224184
8272.0,2024-25,14,2.0326846,2,2.2145972
8272.0,2024-25,15,3.0510411,1,2.5394177
8272.0,2024-25,16,3.1029305,1,3.1192312
8272.0,2024-25,17,2.9714496,0,1.5522972
8272.0,2024-25,18,3.950193,1,1.498337
8272.0,2024-25,19,2.8197992,1,0.8992167
8272.0,2024-25,20,1.9303848,1,1.0749185
8272.0,2024-25,21,1.7259103,1,1.2902473
8272.0,2024-25,22,1.727894,1,1.577427
8272.0,2024-25,23,1.8516159,1,2.3149881
8272.0,2024-25,24,2.4152973,6,1.989072
8272.0,2024-25,25,2.3474205,1,1.2867734
8272.0,2024-25,26,2.379181,0,2.248078
8272.0,2024-25,27,1.549853,0,1.8470083
8272.0,2024-25,28,1.6547269,0,1.0797257
8272.0,2024-25,29,1.3979393,6,0.723383
8272.0,2024-25,30,3.3654792,0,1.3544374
8272.0,2024-25,31,1.9157937,5,1.3153683
8272.0,2024-25,32,2.2585526,1,1.5139533
8272.0,2024-25,33,2.7907681,0,1.6574535
8272.0,2024-25,34,2.9137092,1,1.3585007
8272.0,2024-25,35,1.7085071,0,1.1292334
8272.0,2024-25,36,2.2193737,1,0.7706422
8272.0,2024-25,37,1.5345947,1,1.2017586
8272.0,2024-25,38,1.617822,1,1.2126243
8285.0,2024-25,8,2.0531502,2,1.6001858
8285.0,2024-25,9,1.8601395,2,1.7293653
8285.0,2024-25,10,2.2173212,2,1.6271827
8285.0,2024-25,11,2.032947,3,1.5018854
8285.0,2024-25,12,0.055163406,0,1.4585503
8285.0,2024-25,13,2.2016087,2,1.1138765
8285.0,2024-25,14,2.278454,1,1.2949469
8285.0,2024-25,15,1.9737753,4,1.6876057
8285.0,2024-25,16,1.7767763,1,1.5411321
8285.0,2024-25,17,2.2494695,3,1.727913
8285.0,2024-25,18,0.3281348,0,1.6684645
8285.0,2024-25,19,0.025078442,0,1.3944713
8285.0,2024-25,20,-0.019409992,0,1.1144526
8285.0,2024-25,21,-0.021880621,0,0.97853804
8285.0,2024-25,22,1.1362835,3,0.8633762
8285.0,2024-25,23,2.0816572,2,1.7520834
8285.0,2024-25,24,1.8540576,2,1.5521537
8285.0,2024-25,25,2.1689188,2,1.4311934
8285.0,2024-25,26,2.3580194,0,1.4914833
8285.0,2024-25,27,2.3141232,1,1.2930518
8285.0,2024-25,28,1.9988505,2,1.261951
8285.0,2024-25,29,2.1836247,3,1.4396224
8285.0,2024-25,30,1.9516449,2,1.6005846
8285.0,2024-25,31,2.026355,2,1.6507169
8285.0,2024-25,32,2.0607526,1,1.7545369
8285.0,2024-25,33,2.0181594,2,1.5978495
8285.0,2024-25,34,1.8135643,1,1.6262782
8285.0,2024-25,35,1.8015311,1,1.3559551
8285.0,2024-25,36,1.7099421,1,1.558815
8285.0,2024-25,37,2.06833,1,1.6086568
8285.0,2024-25,38,2.0082288,1,1.5124532
8288.0,2024-25,6,1.7720577,10,1.5610032
8288.0,2024-25,7,4.0387,2,2.0354269
8288.0,2024-25,8,2.4647741,1,2.4775553
8288.0,2024-25,9,3.3992133,1,2.0084622
8288.0,2024-25,10,0.4310222,0,2.0155618
8288.0,2024-25,11,2.997723,3,1.8254155
8288.0,2024-25,12,2.2540302,10,1.6291054
8288.0,2024-25,13,3.0353563,1,2.178819
8288.0,2024-25,14,2.8692868,2,1.9711179
8288.0,2024-25,15,3.0559747,9,2.045683
8288.0,2024-25,16,2.1269305,2,2.3910027
8288.0,2024-25,17,3.4078279,2,2.6455612
8288.0,2024-25,18,3.6268535,2,2.3373146
8288.0,2024-25,19,0.16469862,0,2.6979933
8288.0,2024-25,20,2.5130558,5,1.7525656
8288.0,2024-25,21,2.8464596,6,2.4534512
8288.0,2024-25,22,2.9751973,2,1.925352
8288.0,2024-25,23,2.2729235,1,1.9590253
8288.0,2024-25,24,2.662173,2,2.6204855
8288.0,2024-25,25,2.8131459,0,2.4764943
8288.0,2024-25,26,2.2095556,3,1.6693107
8288.0,2024-25,27,2.7048028,10,2.1524925
8288.0,2024-25,28,3.1616063,2,2.0511181
8288.0,2024-25,29,2.3039353,10,1.562194
8288.0,2024-25,30,3.3823469,1,2.6353204
8288.0,2024-25,31,3.621823,1,2.4380257
8288.0,2024-25,32,-0.098903835,0,1.291893
8288.0,2024-25,33,2.2264025,1,1.1109349
8288.0,2024-25,34,1.7674879,7,0.9170772
8288.0,2024-25,35,3.2768495,2,1.3082646
8288.0,2024-25,36,2.733363,10,1.4386674
8288.0,2024-25,37,5.166711,1,1.8584709
8288.0,2024-25,38,4.168401,2,1.3673512
8327.0,2024-25,6,2.320364,1,2.0589457
8327.0,2024-25,7,2.3267102,3,2.0038352
8327.0,2024-25,8,2.6383152,2,2.2467334
8327.0,2024-25,9,2.100267,2,2.0499003
8327.0,2024-25,10,3.1522622,3,2.0977724
8327.0,2024-25,11,3.226991,2,2.0476213
8327.0,2024-25,12,2.8207538,2,1.9630963
8327.0,2024-25,13,3.4134426,2,1.6213835
8327.0,2024-25,14,2.8113453,8,1.6522315
8327.0,2024-25,15,2.8889146,2,2.1001182
8327.0,2024-25,16,4.4816184,7,2.4533362
8327.0,2024-25,17,4.697679,7,2.3384085
8327.0,2024-25,18,5.1523843,3,2.9751956
8327.0,2024-25,19,4.5428987,3,3.7505915
8327.0,2024-25,20,3.2630122,6,2.6243815
8327.0,2024-25,21,5.1670523,6,2.418841
8327.0,2024-25,22,4.314441,9,2.2336736
8327.0,2024-25,23,4.413749,2,2.2602954
8327.0,2024-25,24,4.519594,2,3.303306
8327.0,2024-25,25,4.73903,1,2.9381843
8327.0,2024-25,26,5.2639136,2,2.1137712
8327.0,2024-25,27,3.8904295,2,1.9495031
8327.0,2024-25,28,3.3670022,11,2.163142
8327.0,2024-25,29,0.8164429,0,2.0327625
8327.0,2024-25,30,3.6723852,2,1.4628423
8327.0,2024-25,31,3.468588,3,2.131535
8327.0,2024-25,32,3.3682153,8,1.8038758
8327.0,2024-25,32,3.3682153,8,1.4858243
8327.0,2024-25,32,3.884383,2,1.8038758
8327.0,2024-25,32,3.884383,2,1.4858243
8327.0,2024-25,33,2.2568142,1,1.4255373
8327.0,2024-25,34,4.0853477,3,1.3551924
8327.0,2024-25,35,2.4583554,2,1.899408
8327.0,2024-25,36,4.754314,7,1.8961676
8327.0,2024-25,37,2.523416,2,2.454185
8327.0,2024-25,38,5.19531,2,2.6091242
8379.0,2024-25,6,3.0380661,2,1.566984
8379.0,2024-25,7,1.3520496,0,1.4138862
8379.0,2024-25,8,1.9448402,0,1.14018
8379.0,2024-25,9,2.1150324,1,0.81371695
8379.0,2024-25,10,2.3686986,1,1.181418
8379.0,2024-25,11,2.6959705,3,1.3745787
8379.0,2024-25,12,3.22378,1,1.6584495
8379.0,2024-25,13,2.229417,3,1.6694506
8379.0,2024-25,14,2.3840048,1,1.7967434
8379.0,2024-25,15,0.032149747,0,1.7830654
8379.0,2024-25,16,0.0791496,0,1.411594
8379.0,2024-25,17,2.366083,7,0.97427106
8379.0,2024-25,18,2.5998712,8,1.3297437
8379.0,2024-25,19,4.2367005,3,1.5624398
8379.0,2024-25,20,5.069456,10,1.8084657
8379.0,2024-25,21,2.267042,2,2.2000902
8379.0,2024-25,22,2.5897815,3,3.0588417
8379.0,2024-25,23,5.1558905,3,4.1859746
8379.0,2024-25,24,3.5204575,2,2.8213048
8379.0,2024-25,24,3.5204575,2,2.9712718
8379.0,2024-25,24,3.0767074,8,2.8213048
8379.0,2024-25,24,3.0767074,8,2.9712718
8379.0,2024-25,25,3.684033,2,2.2395895
8379.0,2024-25,25,3.684033,2,1.3049121
8379.0,2024-25,25,2.8212476,2,2.2395895
8379.0,2024-25,25,2.8212476,2,1.3049121
8379.0,2024-25,26,3.0036194,3,1.5735177
8379.0,2024-25,27,3.275904,8,2.2515073
8379.0,2024-25,28,3.7925355,1,2.403658
8379.0,2024-25,29,0.02886265,0,2.0226629
8379.0,2024-25,30,2.7426264,3,1.8096162
8379.0,2024-25,31,2.1079147,9,2.839391
8379.0,2024-25,32,2.9373724,5,1.7436296
8379.0,2024-25,33,3.7057652,3,2.6402225
8379.0,2024-25,34,3.2951107,10,3.0971115
8379.0,2024-25,35,1.9035499,4,2.9308572
8379.0,2024-25,36,2.827848,1,2.6463528
8496.0,2024-25,7,-0.004581406,0,0.8674114
8496.0,2024-25,8,1.3008003,1,0.87817824
8496.0,2024-25,9,1.350776,5,1.322764
8496.0,2024-25,10,2.2288065,2,2.0469432
8496.0,2024-25,11,0.24867502,0,1.7773566
8496.0,2024-25,12,1.9786221,1,1.3947593
8496.0,2024-25,13,0.033630665,0,1.3539652
8496.0,2024-25,14,1.688896,1,1.0270779
8496.0,2024-25,15,2.0520306,1,1.1792003
8496.0,2024-25,16,1.6853139,1,0.9715143
8496.0,2024-25,17,2.0698817,1,0.9844259
8496.0,2024-25,18,2.034725,1,1.3659688
8496.0,2024-25,19,1.5845617,1,1.112606
8496.0,2024-25,20,1.7682055,0,1.1630619
8496.0,2024-25,21,1.5345646,1,1.3433663
8496.0,2024-25,22,-0.037334844,0,1.0701102
8496.0,2024-25,23,1.6203895,1,1.0157514
8496.0,2024-25,24,1.4858255,1,0.9427084
8496.0,2024-25,25,1.1786795,1,1.0929099
8496.0,2024-25,26,1.1814438,1,1.2297558
8496.0,2024-25,27,1.2513412,1,1.7676386
8496.0,2024-25,28,1.5425606,1,1.7216874
8496.0,2024-25,29,1.361299,1,1.2507919
8497.0,2024-25,6,3.332377,25,2.4681902
8497.0,2024-25,7,5.482978,6,2.5066962
8497.0,2024-25,8,6.6264386,2,3.060688
8497.0,2024-25,9,7.2466826,10,4.7375426
8497.0,2024-25,10,5.624663,3,3.321251
8497.0,2024-25,11,4.225307,2,3.1944113
8497.0,2024-25,12,6.6836348,2,1.713163
8497.0,2024-25,13,7.7149525,14,4.860455
8497.0,2024-25,14,5.6899824,7,2.5781279
8497.0,2024-25,15,5.293705,18,6.0503426
8497.0,2024-25,16,12.823804,3,4.55994
8497.0,2024-25,17,9.815598,3,4.5835757
8497.0,2024-25,18,5.681952,10,4.3762574
8497.0,2024-25,19,9.911958,2,4.2599807
8497.0,2024-25,20,4.756711,10,4.2401032
8497.0,2024-25,21,5.8937354,10,4.160662
8497.0,2024-25,22,5.713047,2,5.3278813
8497.0,2024-25,23,5.896535,2,5.0691113
8497.0,2024-25,24,5.141488,6,4.3509274
8497.0,2024-25,25,5.322066,2,2.5739017
8497.0,2024-25,26,5.080273,2,3.2325377
8497.0,2024-25,27,6.67396,3,3.5192945
8497.0,2024-25,28,7.748623,1,3.3178916
8497.0,2024-25,29,0.20964845,0,2.1012793
8497.0,2024-25,30,5.7474833,6,4.005958
8497.0,2024-25,31,5.68656,1,2.1983864
8497.0,2024-25,32,5.2588735,4,2.3530755
8497.0,2024-25,33,4.7667723,2,2.25967
8497.0,2024-25,34,5.617939,3,2.154332
8497.0,2024-25,35,3.6474922,10,1.8407909
8497.0,2024-25,36,3.494581,2,2.6543503
8497.0,2024-25,37,5.136485,2,2.6020546
8497.0,2024-25,38,3.620107,3,2.5320983
8666.0,2024-25,6,1.8735425,0,0.88463044
8666.0,2024-25,7,1.8699152,0,0.90825963
8666.0,2024-25,8,1.5044813,0,0.78577524
8666.0,2024-25,9,1.2390139,0,0.55811805
8666.0,2024-25,10,1.4561211,1,0.47072393
8666.0,2024-25,11,1.4322859,1,0.614631
8666.0,2024-25,12,1.2525628,2,0.88274527
8666.0,2024-25,13,1.8765702,0,1.5627211
8666.0,2024-25,14,1.7200596,0,1.1496524
8666.0,2024-25,15,2.0754561,0,1.1003659
8666.0,2024-25,16,1.7612,1,0.78924626
8666.0,2024-25,17,1.4362249,1,0.60552436
8666.0,2024-25,18,1.371141,1,0.8096904
8666.0,2024-25,19,1.7982775,1,0.86888885
8666.0,2024-25,20,1.9842018,2,1.067671
8666.0,2024-25,21,1.9894514,3,0.93542933
8666.0,2024-25,22,2.0362427,0,1.699322
8666.0,2024-25,23,2.1287599,0,1.3785859
8666.0,2024-25,24,1.7761239,0,1.014105
8666.0,2024-25,25,1.5137693,0,0.8489724
8666.0,2024-25,26,1.1225288,0,0.54650915
8666.0,2024-25,27,1.1881686,0,0.48212403
8666.0,2024-25,28,1.223778,0,0.3648623
8666.0,2024-25,29,-0.034675706,0,0.3327804
8666.0,2024-25,30,0.6899858,0,0.18228579
8666.0,2024-25,31,0.44862124,0,0.1746392
8666.0,2024-25,32,0.42898571,0,0.26953354
8666.0,2024-25,32,0.42898571,0,0.40118384
8666.0,2024-25,32,0.4038392,0,0.26953354
8666.0,2024-25,32,0.4038392,0,0.40118384
8666.0,2024-25,33,0.41601637,0,0.48663628
8666.0,2024-25,33,0.41601637,0,0.27480733
8666.0,2024-25,33,0.3415936,0,0.48663628
8666.0,2024-25,33,0.3415936,0,0.27480733
8666.0,2024-25,34,-0.020743089,0,0.27721247
8666.0,2024-25,35,0.56334865,0,0.17477737
8666.0,2024-25,36,0.4467041,0,0.16474342
8666.0,2024-25,37,0.66425157,0,0.18413337
8666.0,2024-25,38,0.45286754,0,0.25310436
8706.0,2024-25,6,5.582205,2,2.7500143
8706.0,2024-25,7,4.0221796,2,2.5517504
8706.0,2024-25,8,5.4632487,2,2.3925636
8706.0,2024-25,9,4.031307,6,2.4882243
8706.0,2024-25,10,0.4374352,0,2.268908
8706.0,2024-25,11,0.53279674,0,2.269097
8706.0,2024-25,12,0.8267662,0,1.3870233
8706.0,2024-25,13,2.485301,2,1.3950039
8706.0,2024-25,14,2.5072176,6,1.6869516
8706.0,2024-25,15,3.3999329,2,2.0404263
8706.0,2024-25,16,3.103765,1,1.6993525
8706.0,2024-25,17,0.2963455,0,1.7823244
8706.0,2024-25,18,2.4587982,2,0.92735803
8706.0,2024-25,19,2.9132898,10,1.835378
8706.0,2024-25,20,3.2754636,5,1.8613544
8706.0,2024-25,21,4.2719693,6,2.424486
8706.0,2024-25,22,3.6115603,6,2.8698258
8706.0,2024-25,23,3.7861853,2,2.9716372
8706.0,2024-25,24,3.4747655,1,3.9455647
8706.0,2024-25,25,4.5392556,1,2.5043063
8706.0,2024-25,26,3.8678224,3,2.0849447
8706.0,2024-25,27,4.597978,5,1.9784163
8706.0,2024-25,28,4.7869306,3,2.6834493
8706.0,2024-25,29,0.42334327,0,2.3342156
8706.0,2024-25,30,4.460742,2,2.1091561
8706.0,2024-25,31,3.2361548,9,3.0043266
8706.0,2024-25,32,2.5804453,7,1.7233189
8706.0,2024-25,32,2.5804453,7,2.1451075
8706.0,2024-25,32,3.6908894,-1,1.7233189
8706.0,2024-25,32,3.6908894,-1,2.1451075
8706.0,2024-25,33,4.005008,1,1.8214068
8706.0,2024-25,33,4.005008,1,1.5703111
8706.0,2024-25,33,2.959639,9,1.8214068
8706.0,2024-25,33,2.959639,9,1.5703111
8706.0,2024-25,34,-0.4311662,0,2.190009
8706.0,2024-25,35,1.809908,10,1.4302644
8706.0,2024-25,36,3.5018742,16,1.8524443
8706.0,2024-25,37,4.553208,6,2.6537602
8706.0,2024-25,38,3.4507265,3,1.7864372
8719.0,2024-25,8,1.8918968,2,1.4257814
8719.0,2024-25,9,1.7509323,2,1.3941747
8719.0,2024-25,10,1.8612169,-1,1.4116606
8719.0,2024-25,11,-0.1985643,0,1.500945
8719.0,2024-25,12,0.15171263,0,1.0769382
8719.0,2024-25,13,0.19730082,0,0.7790339
8719.0,2024-25,14,0.055908035,0,0.81820166
8719.0,2024-25,15,0.035478562,0,0.6435216
8719.0,2024-25,16,0.0054636803,0,0.65975726
8719.0,2024-25,17,1.1242794,1,0.6162623
8719.0,2024-25,18,1.1923532,2,1.1831311
8719.0,2024-25,19,2.090218,1,1.9906265
8719.0,2024-25,20,1.6763049,1,1.5227118
8719.0,2024-25,21,1.9939548,2,1.4125468
8719.0,2024-25,22,0.03368702,0,1.3620874
8719.0,2024-25,23,1.6792974,2,0.9332697
8719.0,2024-25,24,0.15070675,0,1.5735403
8719.0,2024-25,25,1.5490763,1,1.1948203
8719.0,2024-25,26,2.0148792,2,1.424578
8719.0,2024-25,27,-0.01971959,0,1.4164435
8719.0,2024-25,28,1.8087329,1,1.1996597
8719.0,2024-25,29,1.9033413,1,1.46159
8719.0,2024-25,30,1.8659941,1,1.4286073
8719.0,2024-25,31,0.04065405,0,1.354858
8719.0,2024-25,32,0.001488063,0,1.0500938
8719.0,2024-25,33,0.02091955,0,0.6994885
8719.0,2024-25,34,0.02094413,0,0.66301715
8719.0,2024-25,35,1.1676852,1,0.53779805
8720.0,2024-25,6,3.5006025,4,1.5759149
8720.0,2024-25,7,2.65658,3,1.6658152
8720.0,2024-25,8,2.5053487,3,1.6333253
8720.0,2024-25,9,2.9244735,2,2.701202
8720.0,2024-25,10,3.039655,1,2.140401
8720.0,2024-25,11,2.7905486,1,2.7027187
8720.0,2024-25,12,0.09238698,0,1.9912373
8720.0,2024-25,13,1.726851,1,1.0138853
8720.0,2024-25,14,1.7350023,1,0.81092924
8720.0,2024-25,15,0.16650024,0,0.7824882
8720.0,2024-25,16,1.4357778,3,1.2424918
8720.0,2024-25,17,1.4641155,3,1.4693968
8720.0,2024-25,18,1.7842594,2,1.3572873
8720.0,2024-25,19,2.5569282,1,1.4208373
8720.0,2024-25,20,-0.06604108,0,1.1961625
8720.0,2024-25,21,2.7472265,1,0.76387334
8720.0,2024-25,22,-0.07791379,0,1.0338978
8720.0,2024-25,23,-0.046851132,0,1.0162874
8720.0,2024-25,24,2.4030979,1,0.88056713
8720.0,2024-25,24,2.4030979,1,1.1290187
8720.0,2024-25,24,1.296496,2,0.88056713
8720.0,2024-25,24,1.296496,2,1.1290187
8720.0,2024-25,25,2.1008294,2,1.9735405
8720.0,2024-25,26,2.6396236,5,2.6645129
8720.0,2024-25,27,2.4367163,2,2.3249893
8720.0,2024-25,28,3.721143,10,2.9448829
8720.0,2024-25,29,3.5240452,2,2.7572436
8720.0,2024-25,30,3.0314853,2,3.3830569
8720.0,2024-25,31,3.449572,6,2.496811
8720.0,2024-25,32,3.6451306,3,2.2929184
8720.0,2024-25,33,5.240096,3,2.7334294
8720.0,2024-25,34,3.4852622,2,1.9187907
8720.0,2024-25,35,3.4597561,1,2.2731998
8720.0,2024-25,36,2.1877425,2,1.4831988
8720.0,2024-25,37,3.3237011,1,1.7282163
8720.0,2024-25,38,2.2214046,3,1.396149
8808.0,2024-25,7,0.85540175,1,0.43535775
8808.0,2024-25,8,-0.09711028,0,0.5576019
8808.0,2024-25,9,1.3322575,1,0.41590315
8808.0,2024-25,10,1.5473865,1,0.66770214
8808.0,2024-25,11,1.031075,1,0.80042803
8808.0,2024-25,12,1.1854471,1,0.7781414
8808.0,2024-25,13,-0.0022262083,0,1.1743162
8808.0,2024-25,14,0.0071774153,0,0.7694799
8808.0,2024-25,15,0.0071774153,0,0.68512577
8808.0,2024-25,16,0.00921613,0,0.4823466
8808.0,2024-25,17,0.00921613,0,0.3843377
8808.0,2024-25,18,1.3117473,1,0.38767445
8808.0,2024-25,19,1.1910169,1,0.6278483
8808.0,2024-25,20,-0.019569997,0,1.3665794
8808.0,2024-25,21,-0.0208125,0,1.0080088
8808.0,2024-25,22,-0.033351522,0,0.7898506
8808.0,2024-25,23,1.3346112,1,0.4745748
8808.0,2024-25,24,1.3727598,1,0.7840557
8808.0,2024-25,25,1.6496469,1,1.079043
8808.0,2024-25,26,1.401273,1,1.035264
8808.0,2024-25,27,1.3773924,1,1.1361263
8808.0,2024-25,28,1.563029,1,0.9633081
8808.0,2024-25,29,0.052344136,0,0.8042951
8808.0,2024-25,30,1.6548374,1,0.7506017
8808.0,2024-25,31,-0.037313994,0,0.77214026
8808.0,2024-25,32,1.2094755,1,0.7398623
8808.0,2024-25,33,-0.004195791,0,0.95091903
8808.0,2024-25,34,1.3015546,1,0.88001114
8808.0,2024-25,35,1.1677227,2,0.80480206
8808.0,2024-25,36,-0.010875968,0,1.5972817
8808.0,2024-25,37,1.6457349,1,1.1080128
8808.0,2024-25,38,1.9597569,1,1.2144368
8845.0,2024-25,6,1.5097353,1,1.1669188
8845.0,2024-25,7,1.5559919,1,1.3629869
8845.0,2024-25,8,1.6543757,0,1.5475802
8845.0,2024-25,9,1.4744102,0,1.2606536
8845.0,2024-25,10,1.7768404,0,1.0536838
8845.0,2024-25,11,1.3625134,0,0.72149986
8845.0,2024-25,12,1.0155464,1,0.4735542
8845.0,2024-25,13,1.2570838,1,0.81410027
8845.0,2024-25,14,1.408154,1,1.0412185
8845.0,2024-25,15,1.6183295,0,1.3236645
8845.0,2024-25,16,1.7236528,1,0.9070152
8845.0,2024-25,17,1.4837322,1,0.6488424
8845.0,2024-25,18,1.434921,6,0.8921934
8845.0,2024-25,19,1.3450791,7,1.1328323
8845.0,2024-25,20,2.2922413,2,1.7903391
8845.0,2024-25,21,2.7447517,1,1.727664
8845.0,2024-25,22,2.3147862,0,1.7620081
8845.0,2024-25,23,2.5443585,1,1.4130067
8845.0,2024-25,24,2.962822,4,1.3367347
8845.0,2024-25,25,1.9010172,0,2.206016
8845.0,2024-25,26,2.2382243,0,2.2585049
8845.0,2024-25,27,1.8895867,0,1.9284531
8845.0,2024-25,28,1.7411443,1,1.4656591
8845.0,2024-25,29,1.5006582,0,1.2757993
8845.0,2024-25,30,1.6128452,0,0.98444104
8845.0,2024-25,31,1.8230002,0,0.71690774
8845.0,2024-25,32,3.1253505,1,0.4833089
8845.0,2024-25,33,1.0877951,0,0.8269472
8845.0,2024-25,34,1.1070886,0,0.7655866
8845.0,2024-25,35,1.1224582,1,0.54370147
8845.0,2024-25,36,1.2014439,0,0.7910463
8845.0,2024-25,37,1.0824205,1,0.74788123
8845.0,2024-25,38,1.177008,0,0.7556801
8859.0,2024-25,6,3.1549413,3,2.1866608
8859.0,2024-25,7,3.240662,10,1.9506086
8859.0,2024-25,8,2.7166717,5,2.744951
8859.0,2024-25,9,4.2578278,2,2.557882
8859.0,2024-25,10,5.0490975,3,2.377006
8859.0,2024-25,11,3.6912818,8,1.7682856
8859.0,2024-25,12,3.6282887,3,1.6629678
8859.0,2024-25,13,4.129257,5,2.0364966
8859.0,2024-25,14,2.649826,9,2.6945097
8859.0,2024-25,15,3.4657915,1,2.6626174
8859.0,2024-25,16,2.4121451,2,2.1792736
8859.0,2024-25,17,4.2248898,1,1.971531
8859.0,2024-25,18,2.679075,3,1.6774963
8859.0,2024-25,19,2.7632697,5,2.0236628
8859.0,2024-25,20,5.085958,6,2.0350146
8859.0,2024-25,21,3.7451158,2,3.2104552
8859.0,2024-25,22,2.9609282,3,3.1490228
8859.0,2024-25,23,2.627788,7,2.1126034
8859.0,2024-25,24,4.039663,3,2.122361
8859.0,2024-25,25,3.0372787,2,2.3857546
8859.0,2024-25,26,4.240237,10,2.738233
8859.0,2024-25,27,4.871165,2,2.4000611
8859.0,2024-25,28,6.496573,2,2.0876122
8859.0,2024-25,29,4.1162696,2,1.854916
8859.0,2024-25,30,3.841074,1,2.2659454
8859.0,2024-25,31,3.4206088,3,1.9056538
8859.0,2024-25,32,2.5113847,2,2.0699828
8859.0,2024-25,33,3.0297842,2,2.18628
8859.0,2024-25,34,3.4386716,3,2.9295115
8859.0,2024-25,35,3.4220963,5,2.4136126
8859.0,2024-25,36,3.7279742,3,2.249207
8859.0,2024-25,37,2.6210814,2,2.731656
8859.0,2024-25,38,2.861705,2,2.4121552
8941.0,2024-25,6,2.7874339,2,1.4843911
8941.0,2024-25,7,0.084950104,0,1.4822482
8941.0,2024-25,8,2.5017622,5,1.0707885
8941.0,2024-25,9,3.2271194,1,1.3952943
8941.0,2024-25,10,2.2994912,2,1.9514619
8941.0,2024-25,11,2.3847756,1,1.8679096
8941.0,2024-25,12,0.10872084,0,2.0247087
8941.0,2024-25,13,0.13159691,0,1.2532833
8941.0,2024-25,14,0.0055199084,0,0.649418
8941.0,2024-25,15,0.064126484,0,0.65575343
8941.0,2024-25,16,0.027042527,0,0.54897964
8941.0,2024-25,17,-0.020644303,0,0.74968535
8941.0,2024-25,18,0.0018570842,0,0.71124095
8941.0,2024-25,19,0.96647155,1,0.6491761
8941.0,2024-25,20,1.5578523,2,1.0030164
8941.0,2024-25,21,1.5224929,3,2.008125
8941.0,2024-25,22,1.7216669,2,1.6442901
8941.0,2024-25,23,2.078925,10,1.7321008
8941.0,2024-25,24,2.3054836,1,1.6267372
8941.0,2024-25,25,2.9427013,1,1.5734276
8941.0,2024-25,25,2.9427013,1,1.1795285
8941.0,2024-25,25,2.3545115,1,1.5734276
8941.0,2024-25,25,2.3545115,1,1.1795285
8941.0,2024-25,26,2.6729393,1,1.5018166
8941.0,2024-25,27,2.3816166,2,1.4305755
8941.0,2024-25,28,2.4329107,6,1.8871008
8941.0,2024-25,29,0.17405467,0,2.7818422
8941.0,2024-25,30,2.3311975,3,1.8056493
8941.0,2024-25,31,2.9465168,1,1.9838854
8941.0,2024-25,32,2.581838,3,1.4647161
8941.0,2024-25,33,2.1035533,0,1.4202708
8941.0,2024-25,33,2.1035533,0,1.4307231
8941.0,2024-25,33,2.0214465,5,1.4202708
8941.0,2024-25,33,2.0214465,5,1.4307231
8941.0,2024-25,34,0.106713265,0,1.6698129
8941.0,2024-25,35,2.4252496,1,1.4129015
8941.0,2024-25,36,2.0768037,0,1.8295366
8941.0,2024-25,37,0.27909955,0,1.7757742
8941.0,2024-25,38,2.7040384,1,1.252736
8981.0,2024-25,6,2.3746018,1,2.0423923
8981.0,2024-25,7,2.5639162,6,2.0945718
8981.0,2024-25,8,2.1842804,5,1.4859564
8981.0,2024-25,9,0.26090458,0,2.1558416
8981.0,2024-25,10,2.2611396,1,1.8953015
8981.0,2024-25,11,0.03173146,0,1.2604169
8981.0,2024-25,12,-0.008347749,0,1.0476699
8981.0,2024-25,13,1.620874,1,0.8736942
8981.0,2024-25,14,2.1603608,13,1.5064439
8981.0,2024-25,15,2.3975565,1,1.4216673
8981.0,2024-25,16,3.0759225,3,1.5832769
8981.0,2024-25,17,2.5967224,1,2.1290772
8981.0,2024-25,18,2.3218365,5,2.5302923
8981.0,2024-25,19,0.33657718,0,2.0090454
8981.0,2024-25,20,-0.031927273,0,1.7943823
8981.0,2024-25,21,0.057763506,0,1.2278095
8981.0,2024-25,22,1.6666468,12,1.1098104
8981.0,2024-25,23,0.42461655,0,1.8003558
8981.0,2024-25,24,0.943455,0,1.097372
8981.0,2024-25,25,2.8727312,1,1.0008184
8981.0,2024-25,26,1.5972103,2,1.1383392
8981.0,2024-25,27,2.6936777,3,1.6721833
8981.0,2024-25,28,2.952938,2,2.3017135
8981.0,2024-25,29,3.6176467,1,1.9901453
8981.0,2024-25,30,3.8022532,3,2.1875474
8981.0,2024-25,31,2.9399648,1,2.247904
8981.0,2024-25,32,2.7091656,1,1.6899635
8981.0,2024-25,33,2.283554,1,1.431227
8981.0,2024-25,33,2.283554,1,1.7066978
8981.0,2024-25,33,3.1531777,4,1.431227
8981.0,2024-25,33,3.1531777,4,1.7066978
8981.0,2024-25,34,0.23967664,0,1.7903725
8981.0,2024-25,35,2.5728874,6,1.9980973
8981.0,2024-25,36,3.2422523,1,1.5447794
8981.0,2024-25,37,3.661347,1,1.746019
8981.0,2024-25,38,2.951166,3,1.268909
9021.0,2024-25,6,1.9726627,4,1.3565494
9021.0,2024-25,7,2.0808902,1,1.24214
9021.0,2024-25,8,2.0625858,4,1.4713434
9021.0,2024-25,9,2.207658,1,1.4241091
9021.0,2024-25,10,2.2375445,2,1.6632512
9021.0,2024-25,11,3.3076193,2,1.5836663
9021.0,2024-25,12,2.4898276,2,1.7264096
9021.0,2024-25,13,2.6592655,2,2.319533
9021.0,2024-25,14,1.7930361,1,1.8831471
9021.0,2024-25,15,1.7274126,1,1.6654781
9021.0,2024-25,16,2.8542147,9,2.0583808
9021.0,2024-25,17,2.2827597,1,1.876881
9021.0,2024-25,18,2.8418615,2,1.4889394
9021.0,2024-25,19,2.3521307,1,1.835435
9021.0,2024-25,20,2.680693,2,1.4693996
9021.0,2024-25,21,1.4955912,0,1.6302086
9021.0,2024-25,22,3.2625272,2,1.9420274
9021.0,2024-25,23,2.3920722,1,1.8429819
9021.0,2024-25,24,2.1088977,6,1.6014627
9021.0,2024-25,25,2.5010889,1,1.9266057
9021.0,2024-25,26,-0.020780966,0,1.9239218
9021.0,2024-25,27,1.9818175,0,1.2673151
9021.0,2024-25,28,1.6071383,10,1.4154128
9021.0,2024-25,29,-0.33223686,0,1.1764756
9021.0,2024-25,30,2.3190935,0,1.301656
9021.0,2024-25,31,2.091898,1,1.571217
9021.0,2024-25,32,1.8063831,1,1.2988648
9021.0,2024-25,33,2.9668312,2,1.8619676
9021.0,2024-25,34,2.2166562,1,2.2925303
9021.0,2024-25,35,2.3168375,2,2.2235143
9021.0,2024-25,36,2.4198577,2,2.2973537
9021.0,2024-25,37,1.905142,1,2.2207518
9021.0,2024-25,38,2.0720868,1,1.8641375
9154.0,2024-25,6,3.0083,1,1.9482293
9154.0,2024-25,7,1.921657,2,1.4640894
9154.0,2024-25,8,2.3861945,2,2.01407
9154.0,2024-25,9,3.045042,5,1.9335283
9154.0,2024-25,10,3.5019383,3,1.7995464
9154.0,2024-25,11,4.2194533,1,2.0770488
9154.0,2024-25,12,0.32182497,0,1.5579181
9154.0,2024-25,13,4.878963,3,1.0632161
9154.0,2024-25,14,2.6374812,1,1.8933021
9154.0,2024-25,15,2.7945387,5,1.7671694
9154.0,2024-25,16,4.031637,7,2.079717
9154.0,2024-25,17,3.2256322,3,2.3292665
9154.0,2024-25,18,3.9619944,2,2.8796458
9154.0,2024-25,19,2.7068295,3,1.9631195
9154.0,2024-25,20,2.6668053,2,2.1852424
9154.0,2024-25,21,2.751203,2,1.9445795
9154.0,2024-25,22,2.9638567,8,1.9685562
9154.0,2024-25,23,2.6216104,2,1.8103589
9154.0,2024-25,24,3.3177075,3,1.9845885
9154.0,2024-25,25,2.478196,2,1.9677731
9154.0,2024-25,26,2.4792428,1,2.1370056
9154.0,2024-25,27,3.2677722,3,2.3074098
9154.0,2024-25,28,3.2235367,3,1.7917436
9154.0,2024-25,29,2.1978633,5,1.6268483
9154.0,2024-25,30,2.648466,3,1.8893706
9154.0,2024-25,31,2.3275707,2,1.7846304
9154.0,2024-25,32,2.4306521,2,2.37391
9154.0,2024-25,33,2.2155192,10,1.9355681
9154.0,2024-25,34,2.6275442,1,1.9345442
9154.0,2024-25,35,2.4966433,2,1.8841466
9154.0,2024-25,36,3.0010455,1,2.2006173
9154.0,2024-25,37,2.839829,2,1.7861599
9154.0,2024-25,38,3.2581031,1,1.6856221
9156.0,2024-25,6,2.7113607,1,2.3925881
9156.0,2024-25,7,2.1499028,2,2.0269563
9156.0,2024-25,8,3.1410499,2,2.1984367
9156.0,2024-25,9,2.8390384,1,2.1572266
9156.0,2024-25,10,2.062135,1,1.6371795
9156.0,2024-25,11,2.3750155,0,1.7836075
9156.0,2024-25,12,1.9333572,1,1.432162
9156.0,2024-25,13,2.0740392,23,1.7665908
9156.0,2024-25,14,3.933698,5,1.4319621
9156.0,2024-25,15,3.3285806,6,1.6161935
9156.0,2024-25,16,2.0370922,3,1.2398535
9156.0,2024-25,17,3.1107519,2,2.720607
9156.0,2024-25,18,1.843824,3,1.7621149
9156.0,2024-25,19,2.138287,1,3.0216923
9156.0,2024-25,20,3.048847,8,1.9297689
9156.0,2024-25,21,3.6122494,1,3.0384557
9156.0,2024-25,22,2.1250422,1,2.3903565
9156.0,2024-25,23,2.538018,11,2.2510357
9156.0,2024-25,24,3.0235186,2,2.587956
9156.0,2024-25,25,3.2623699,9,2.1772869
9156.0,2024-25,26,3.223325,3,2.9229126
9156.0,2024-25,27,3.9424503,3,2.6368845
9156.0,2024-25,28,4.788976,2,2.0555296
9156.0,2024-25,29,3.3313096,2,2.0160446
9156.0,2024-25,30,2.9476638,2,3.166558
9156.0,2024-25,31,5.072478,3,3.615382
9156.0,2024-25,32,3.2476635,1,2.063147
9156.0,2024-25,33,3.7437787,2,2.5287719
9156.0,2024-25,34,3.9832141,8,3.1862233
9156.0,2024-25,35,4.4188113,14,2.4113593
9156.0,2024-25,36,7.2894163,11,2.8806577
9156.0,2024-25,37,5.6025834,2,3.206602
9156.0,2024-25,38,4.784008,2,2.203343
9284.0,2024-25,15,-0.0675786,0,0.60627496
9284.0,2024-25,16,-0.03846724,0,0.7104484
9284.0,2024-25,17,-0.020697761,0,0.40726787
9284.0,2024-25,18,-0.020677166,0,0.38711298
9284.0,2024-25,19,1.1612649,1,0.37587392
9284.0,2024-25,20,-0.0068538096,0,0.7453513
9284.0,2024-25,21,1.6909322,1,0.69021904
9406.0,2024-25,18,1.1641157,1,0.85912406
9406.0,2024-25,19,2.1275063,3,1.459094
9406.0,2024-25,20,1.6940671,1,1.5740753
9406.0,2024-25,21,2.5673509,2,1.8409771
9406.0,2024-25,22,-0.08955903,0,1.572997
9406.0,2024-25,23,2.1544664,1,1.1889201
9406.0,2024-25,24,2.836186,2,1.351478
9406.0,2024-25,25,0.117514394,0,1.3464736
9406.0,2024-25,26,2.61304,1,1.6211064
9406.0,2024-25,27,2.8460238,1,1.2704386
9406.0,2024-25,28,1.8523278,1,1.0531493
9406.0,2024-25,29,2.760316,1,0.9053719
9406.0,2024-25,30,1.7766043,7,1.5506085
9406.0,2024-25,31,2.2952483,3,1.3816935
9406.0,2024-25,32,1.9612114,1,1.7207366
9406.0,2024-25,33,0.042394795,0,1.777449
9406.0,2024-25,34,-0.026991196,0,1.1674247
9406.0,2024-25,35,-0.024251867,0,0.6371653
9406.0,2024-25,36,0.032631435,0,0.5765363
9406.0,2024-25,37,1.579567,1,0.5165475
9406.0,2024-25,38,1.6269323,8,1.3427982
9415.0,2024-25,6,1.3286462,1,0.68101084
9415.0,2024-25,7,1.488988,3,1.172789
9415.0,2024-25,8,1.9951293,-2,1.6639096
9415.0,2024-25,9,2.4360409,0,1.2986581
9415.0,2024-25,10,2.0050442,1,0.8237666
9415.0,2024-25,11,1.4726864,1,0.8573199
9415.0,2024-25,12,2.2580316,1,1.2121527
9415.0,2024-25,13,2.522798,1,1.0030518
9415.0,2024-25,14,2.249938,1,1.375661
9415.0,2024-25,15,2.4082062,1,1.0496615
9415.0,2024-25,16,2.234112,0,1.2366285
9415.0,2024-25,17,1.8244835,0,1.2607902
9415.0,2024-25,18,1.6807055,0,0.8753022
9415.0,2024-25,19,1.5456787,0,0.6930763
9415.0,2024-25,20,1.6045014,0,0.36100507
9415.0,2024-25,21,1.472156,0,0.360043
9415.0,2024-25,22,1.1518059,1,0.34498787
9415.0,2024-25,23,1.5702474,2,0.6126573
9415.0,2024-25,24,1.7916653,1,1.7539796
9415.0,2024-25,25,1.8268632,0,1.3595513
9415.0,2024-25,26,2.1198227,2,1.0775759
9415.0,2024-25,27,2.3890252,15,1.7923869
9415.0,2024-25,28,2.5024767,3,1.8026544
9415.0,2024-25,29,4.7245507,2,2.4689224
9415.0,2024-25,30,2.1834183,0,1.6163052
9415.0,2024-25,31,2.740541,1,1.4367236
9415.0,2024-25,32,1.2909688,1,1.2778604
9415.0,2024-25,33,1.8143865,0,2.2803583
9415.0,2024-25,34,1.9838659,0,2.226661
9415.0,2024-25,35,1.4895709,0,2.3102045
9415.0,2024-25,36,1.2841357,0,1.4114484
9415.0,2024-25,37,1.2887086,0,1.0346987
9415.0,2024-25,38,0.9428804,0,1.271805
9451.0,2024-25,6,1.8327887,1,1.1376338
9451.0,2024-25,7,1.2899077,0,1.2538532
9451.0,2024-25,8,1.8376253,0,1.0662414
9451.0,2024-25,9,1.700781,0,0.6733153
9451.0,2024-25,10,1.2522854,1,0.61719227
9451.0,2024-25,11,1.4721398,0,0.638986
9451.0,2024-25,12,1.6292701,1,1.0626242
9451.0,2024-25,13,1.5408818,0,1.601451
9451.0,2024-25,14,1.7950336,0,1.2855221
9451.0,2024-25,15,1.3264427,0,0.9053932
9451.0,2024-25,16,1.0901833,0,0.8195958
9451.0,2024-25,17,1.0794437,0,0.6233005
9451.0,2024-25,18,1.7593167,2,0.6019685
9451.0,2024-25,19,1.9510972,1,1.8581111
9451.0,2024-25,20,2.3221734,2,1.58467
9451.0,2024-25,21,2.1764476,2,1.6312064
9451.0,2024-25,22,1.762712,3,1.5837351
9451.0,2024-25,23,1.9085557,2,1.761001
9451.0,2024-25,24,1.4847634,2,1.8596104
9451.0,2024-25,25,2.2562802,1,1.7086575
9451.0,2024-25,26,2.1119542,1,1.667798
9451.0,2024-25,27,1.8543953,0,1.5338012
9451.0,2024-25,28,1.9604396,2,1.2643172
9451.0,2024-25,29,2.0847244,2,1.5109926
9451.0,2024-25,30,1.9366642,3,1.6910814
9451.0,2024-25,31,2.2185588,1,1.6602225
9451.0,2024-25,32,2.2948036,2,1.4820791
9451.0,2024-25,33,2.0106623,10,1.5695263
9451.0,2024-25,34,2.9343977,2,1.5917648
9451.0,2024-25,35,2.646511,1,1.896736
9451.0,2024-25,36,2.7335088,0,1.8166329
9451.0,2024-25,37,2.2608974,0,1.5817508
9451.0,2024-25,38,2.345365,2,1.5119838
9453.0,2024-25,6,2.5896952,2,1.8164842
9453.0,2024-25,7,3.3579528,1,1.8724219
9453.0,2024-25,8,1.928565,5,1.7687377
9453.0,2024-25,9,3.037877,2,1.9663764
9453.0,2024-25,10,3.8946426,9,2.2342594
9453.0,2024-25,11,2.5954473,2,1.915239
9453.0,2024-25,12,3.477687,2,2.1194272
9453.0,2024-25,13,3.842946,3,2.1029346
9453.0,2024-25,14,3.6782215,2,1.9217209
9453.0,2024-25,15,3.3807175,5,2.1239467
9453.0,2024-25,16,3.7122853,2,1.798602
9453.0,2024-25,17,4.2381697,3,2.2847152
9453.0,2024-25,18,3.757066,2,1.8578404
9453.0,2024-25,19,2.7904859,1,2.3506618
9453.0,2024-25,20,2.572518,2,2.1475139
9453.0,2024-25,21,3.128532,2,1.8761367
9453.0,2024-25,22,2.4002552,1,2.1914365
9453.0,2024-25,23,2.1842034,1,1.7295228
9453.0,2024-25,24,2.2194307,2,1.6810296
9453.0,2024-25,25,2.3576663,1,1.7332057
9453.0,2024-25,26,2.0093427,1,1.612718
9453.0,2024-25,27,2.009645,2,1.6626786
9453.0,2024-25,28,2.0811248,4,1.6121022
9453.0,2024-25,29,2.5908844,2,1.3868337
9453.0,2024-25,30,2.7721527,3,1.6243346
9453.0,2024-25,31,2.9980862,3,1.7007648
9453.0,2024-25,32,2.945006,2,1.6905776
9453.0,2024-25,33,2.5261545,1,1.7752328
9453.0,2024-25,34,2.8403149,3,1.6118196
9453.0,2024-25,35,2.1927974,6,1.7189462
9453.0,2024-25,36,2.6067307,2,1.8333725
9453.0,2024-25,37,2.8700767,3,1.9375628
9453.0,2024-25,38,2.6616125,2,2.0467594
9492.0,2024-25,6,2.1160917,1,1.3543075
9492.0,2024-25,7,2.52452,1,1.6797487
9492.0,2024-25,8,1.7054744,1,1.0588273
9492.0,2024-25,9,2.2254279,7,1.6220441
9492.0,2024-25,10,1.947488,1,2.145583
9492.0,2024-25,11,2.3206642,3,2.1386898
9492.0,2024-25,12,2.2484324,3,1.8433911
9492.0,2024-25,13,2.6853688,0,2.1057057
9492.0,2024-25,14,2.4973,4,1.4631053
9492.0,2024-25,15,4.553678,2,2.6970496
9492.0,2024-25,16,2.2816436,1,1.9076637
9492.0,2024-25,17,4.5901103,1,1.7066766
9492.0,2024-25,18,3.602603,1,1.6576217
9492.0,2024-25,19,2.8451364,1,1.4513599
9492.0,2024-25,20,1.804969,2,1.467601
9501.0,2024-25,6,2.1909335,6,3.0852246
9501.0,2024-25,7,2.5589106,6,2.353618
9501.0,2024-25,8,2.9304843,1,1.6863728
9501.0,2024-25,9,3.4632545,1,2.2135973
9501.0,2024-25,10,1.3961803,1,1.4017873
9501.0,2024-25,11,2.1646369,0,1.1484858
9501.0,2024-25,12,0.018898852,0,1.0003023
9501.0,2024-25,13,2.2485933,1,1.0409359
9501.0,2024-25,14,1.5902628,1,1.3200843
9501.0,2024-25,15,2.2572136,2,2.3714447
9501.0,2024-25,16,2.2708411,1,2.620707
9501.0,2024-25,17,2.6330664,1,1.9550246
9501.0,2024-25,18,0.02929448,0,1.6629249
9501.0,2024-25,19,0.2108654,0,1.0140523
9501.0,2024-25,20,-0.028236989,0,0.5091882
9501.0,2024-25,21,-0.036593754,0,0.18156663
9501.0,2024-25,22,-0.02940362,0,0.3538423
9501.0,2024-25,23,-0.057973616,0,0.508708
9501.0,2024-25,24,1.5953022,1,0.48900366
9501.0,2024-25,25,1.9781234,1,1.3331605
9501.0,2024-25,26,2.1758554,6,1.1276882
9524.0,2024-25,6,3.45217,1,1.994594
9524.0,2024-25,7,2.223547,1,1.6689556
9524.0,2024-25,8,2.4945033,3,1.6459554
9524.0,2024-25,9,3.067901,2,1.8799057
9524.0,2024-25,10,2.7647984,3,2.16071
9524.0,2024-25,11,3.0087078,5,1.9572718
9524.0,2024-25,12,2.1837318,1,2.9029183
9524.0,2024-25,13,2.6318939,1,2.1143599
9524.0,2024-25,14,2.0972323,2,1.5152683
9524.0,2024-25,15,2.6752343,1,2.3953836
9524.0,2024-25,16,3.1055784,6,1.912642
9524.0,2024-25,17,2.2059767,9,1.406324
9524.0,2024-25,18,2.695677,11,2.0098608
9524.0,2024-25,19,4.4682903,6,2.0633721
9524.0,2024-25,20,2.3479068,6,2.1733139
9524.0,2024-25,21,2.5599022,7,2.692648
9524.0,2024-25,22,3.7677023,2,2.4205205
9524.0,2024-25,23,2.8670142,2,2.1487243
9524.0,2024-25,24,5.4235687,13,3.2725372
9524.0,2024-25,25,4.6426115,2,2.3900046
9524.0,2024-25,26,4.4039483,2,2.2314985
9524.0,2024-25,27,3.462406,3,3.0850048
9524.0,2024-25,28,3.4150898,3,1.3703761
9524.0,2024-25,29,3.3759863,16,1.5502313
9524.0,2024-25,30,5.282137,11,2.6698701
9524.0,2024-25,31,3.6704857,1,2.1973298
9524.0,2024-25,32,4.154996,1,2.1818125
9524.0,2024-25,33,2.1519508,4,2.1986506
9524.0,2024-25,34,3.018928,2,2.336346
9524.0,2024-25,35,2.9672651,2,2.6933024
9524.0,2024-25,36,3.2794783,7,2.226747
9524.0,2024-25,37,3.8265667,5,1.910515
9524.0,2024-25,38,4.1943626,2,2.644692
9554.0,2024-25,6,0.055408683,0,1.4132425
9554.0,2024-25,7,2.127097,1,1.0079626
9554.0,2024-25,8,0.008695051,0,1.2558167
9554.0,2024-25,9,0.043647528,0,1.1353854
9554.0,2024-25,10,0.037439626,0,0.8660844
9554.0,2024-25,11,0.003411918,0,0.7784815
9554.0,2024-25,12,0.0036399812,0,0.5503737
9554.0,2024-25,13,-0.006061219,0,0.5535407
9554.0,2024-25,14,-0.007256355,0,0.49182418
9554.0,2024-25,15,-0.007256355,0,0.43294042
9554.0,2024-25,16,-0.020743089,0,0.38891363
9554.0,2024-25,17,-0.020743089,0,0.3590036
9554.0,2024-25,18,-0.020743089,0,0.34591866
9554.0,2024-25,19,-0.020743089,0,0.3402797
9554.0,2024-25,20,-0.020743089,0,0.33718395
9554.0,2024-25,21,-0.020743089,0,0.33400384
9554.0,2024-25,22,-0.020743089,0,0.33400384
9554.0,2024-25,23,-0.020743089,0,0.33400384
9554.0,2024-25,24,0.7653657,1,0.33400384
9554.0,2024-25,24,0.7653657,1,0.6351741
9554.0,2024-25,24,1.280453,4,0.33400384
9554.0,2024-25,24,1.280453,4,0.6351741
9554.0,2024-25,25,1.7050692,1,1.2049968
9554.0,2024-25,26,2.2876775,1,1.4071308
9554.0,2024-25,27,1.288183,1,1.2249331
9554.0,2024-25,28,1.4738234,0,1.2334235
9554.0,2024-25,29,1.7951322,1,1.0387201
9554.0,2024-25,30,1.4489158,1,0.93258536
9554.0,2024-25,31,1.4284347,2,1.3746399
9554.0,2024-25,32,0.077535726,0,1.5019397
9554.0,2024-25,33,1.8719778,0,1.0088916
9554.0,2024-25,34,0.08726377,0,1.0176015
9554.0,2024-25,35,1.9375296,1,0.71954226
9554.0,2024-25,36,1.2961409,1,0.9001044
9630.0,2024-25,13,1.089422,1,0.46785045
9630.0,2024-25,14,1.2839025,1,0.7615931
9630.0,2024-25,15,1.2532408,1,1.3137776
9630.0,2024-25,16,1.4788004,1,1.3973135
9630.0,2024-25,17,0.020515118,0,1.5232903
9630.0,2024-25,18,1.3163301,1,1.0513372
9630.0,2024-25,19,1.3871945,1,1.0679432
9630.0,2024-25,20,1.5910815,1,1.2516607
9630.0,2024-25,21,1.9065847,2,1.46502
9630.0,2024-25,22,2.5652778,1,1.9824597
9630.0,2024-25,23,0.13375889,0,1.9901793
9630.0,2024-25,24,2.5938153,4,1.1243994
9630.0,2024-25,25,2.4385085,9,1.3112742
9630.0,2024-25,26,3.3305902,2,1.2931548
9630.0,2024-25,27,2.6499667,2,1.7903628
9630.0,2024-25,28,2.3463933,2,1.9864807
9630.0,2024-25,29,3.1047149,2,2.6479342
9630.0,2024-25,30,3.1107519,3,1.8213605
9630.0,2024-25,31,2.935037,5,1.8526567
9630.0,2024-25,32,4.344442,3,2.6542344
9630.0,2024-25,33,3.0683289,2,1.8166735
9630.0,2024-25,34,3.2305312,1,2.384671
9630.0,2024-25,35,2.8237338,0,2.2152448
9630.0,2024-25,36,3.0596633,3,1.9193982
9630.0,2024-25,37,2.4834237,1,1.9837861
9630.0,2024-25,38,2.6941524,2,1.814411
9662.0,2024-25,6,3.476307,8,1.2139019
9662.0,2024-25,7,3.2309701,1,1.0542523
9662.0,2024-25,8,3.0447335,3,1.174086
9662.0,2024-25,9,2.9689605,2,1.4610316
9662.0,2024-25,10,0.20454645,0,2.0562985
9662.0,2024-25,11,-0.06606593,0,1.3358368
9662.0,2024-25,12,2.3297427,1,0.63899857
9662.0,2024-25,13,2.8995392,1,0.9325938
9662.0,2024-25,14,2.0357773,1,1.5359384
9662.0,2024-25,15,2.1533597,12,1.7829126
9662.0,2024-25,16,2.3394759,2,1.580755
9662.0,2024-25,17,1.9875915,6,1.6600925
9662.0,2024-25,18,4.42124,3,2.3188417
9662.0,2024-25,19,2.5410218,6,1.7412654
9662.0,2024-25,20,5.0655503,3,2.4459264
9662.0,2024-25,21,3.5596516,2,2.4480414
9662.0,2024-25,22,3.5164628,4,2.952065
9662.0,2024-25,23,5.2059174,21,2.7596352
9662.0,2024-25,24,3.4083796,2,2.1643472
9662.0,2024-25,25,6.209105,7,2.0643804
9662.0,2024-25,26,5.5886955,2,4.090361
9662.0,2024-25,27,3.6499882,2,2.3202887
9662.0,2024-25,28,4.5928664,1,5.262666
9662.0,2024-25,29,3.9224148,1,2.2398837
9662.0,2024-25,30,5.065445,2,1.6333133
9662.0,2024-25,31,4.887794,2,1.4674171
9662.0,2024-25,32,3.3437977,3,1.5982718
9662.0,2024-25,33,3.0701838,2,3.5144362
9662.0,2024-25,34,3.7523315,2,2.9305534
9662.0,2024-25,35,3.2251909,1,1.7456416
9667.0,2024-25,6,2.5641541,2,1.7461797
9667.0,2024-25,7,-0.26464963,0,3.0618823
9667.0,2024-25,8,2.3781312,2,1.8312544
9667.0,2024-25,9,3.0041966,0,2.2907884
9667.0,2024-25,10,2.1016061,2,1.9302213
9667.0,2024-25,11,2.329629,2,2.28949
9667.0,2024-25,12,-0.1360727,0,2.3945286
9667.0,2024-25,13,0.115909785,0,1.7592366
9667.0,2024-25,14,-0.03299667,0,1.0685657
9667.0,2024-25,15,0.058425356,0,0.8044498
9667.0,2024-25,16,1.4920603,1,0.85278785
9667.0,2024-25,17,1.7001102,2,1.2593623
9667.0,2024-25,18,1.8166949,2,1.94849
9667.0,2024-25,19,2.2146258,1,1.8047363
9667.0,2024-25,20,0.37834832,0,1.5028592
9667.0,2024-25,21,1.6505196,2,1.0043608
9667.0,2024-25,22,1.3817732,1,1.4086096
9667.0,2024-25,23,-0.016623633,0,1.4606045
9667.0,2024-25,24,2.0965402,1,1.038372
9667.0,2024-25,25,0.04714549,0,1.1851027
9667.0,2024-25,26,0.05324096,0,0.98118716
9667.0,2024-25,27,0.16048092,0,0.8790979
9667.0,2024-25,28,0.060315933,0,0.83269054
9667.0,2024-25,29,0.060315933,0,0.5821114
9667.0,2024-25,30,0.9858412,1,0.5058124
9667.0,2024-25,31,1.8055044,2,1.1026918
9667.0,2024-25,32,1.7268054,3,1.3098826
9667.0,2024-25,33,1.850545,6,1.3608512
9667.0,2024-25,33,1.850545,6,1.275458
9667.0,2024-25,33,2.1515338,2,1.3608512
9667.0,2024-25,33,2.1515338,2,1.275458
9667.0,2024-25,34,0.4464931,0,2.0275013
9667.0,2024-25,35,2.5603065,1,1.3652971
9667.0,2024-25,36,2.329939,3,1.4189975
9667.0,2024-25,37,1.6125958,3,1.3963563
9667.0,2024-25,38,2.0767667,3,1.3841399
9680.0,2024-25,6,1.8573691,2,1.845385
9680.0,2024-25,7,2.0500426,4,1.6811593
9680.0,2024-25,8,2.568815,2,1.8415177
9680.0,2024-25,9,3.6321743,5,1.7948753
9680.0,2024-25,10,2.6759222,9,1.9848692
9680.0,2024-25,11,2.7084572,5,1.9417864
9680.0,2024-25,12,2.650006,3,3.0581906
9680.0,2024-25,13,3.717967,1,2.2467797
9680.0,2024-25,14,2.877685,2,1.8408767
9680.0,2024-25,15,0.5417084,0,2.2279415
9680.0,2024-25,16,2.2737842,0,1.4226416
9680.0,2024-25,17,3.6189995,2,2.1601062
9680.0,2024-25,18,3.1174493,3,1.6249319
9680.0,2024-25,19,1.960637,2,1.741342
9680.0,2024-25,20,2.1976311,1,2.07012
9680.0,2024-25,21,1.9061183,2,1.7340719
9680.0,2024-25,22,1.9985863,3,1.6961995
9680.0,2024-25,23,2.250967,1,1.6725067
9680.0,2024-25,24,2.3756468,0,1.7039214
9680.0,2024-25,25,1.8725083,3,1.4569808
9680.0,2024-25,26,1.8724785,3,1.6249474
9680.0,2024-25,27,1.9220133,2,1.5565085
9680.0,2024-25,28,2.9343133,2,1.7209939
9680.0,2024-25,29,2.152171,0,1.5554312
9680.0,2024-25,30,2.222896,1,1.5659889
9680.0,2024-25,31,2.3009248,1,1.5758542
9680.0,2024-25,32,1.6690278,2,1.4228438
9680.0,2024-25,33,1.9488803,1,1.6077248
9681.0,2024-25,6,1.0444385,0,0.4134862
9681.0,2024-25,7,-0.014215816,0,0.3698751
9681.0,2024-25,8,1.0036547,0,0.44063717
9681.0,2024-25,9,1.3590906,0,0.44716716
9681.0,2024-25,10,-0.014637177,0,0.34600636
9681.0,2024-25,11,-0.020743089,0,0.19442606
9681.0,2024-25,12,-0.020743089,0,0.24836092
9681.0,2024-25,13,0.54772323,0,0.17766115
9681.0,2024-25,14,-0.020743089,0,0.3191941
9681.0,2024-25,15,0.4967351,0,0.3957082
9681.0,2024-25,16,-0.020743089,0,0.4432819
9681.0,2024-25,17,0.5535502,0,0.33963412
9681.0,2024-25,18,-0.020743089,0,0.26019052
9681.0,2024-25,19,-0.020743089,0,0.30860543
9681.0,2024-25,20,-0.020743089,0,0.179871
9681.0,2024-25,21,-0.020743089,0,0.26544723
9681.0,2024-25,22,-0.020743089,0,0.21459477
9681.0,2024-25,23,-0.020743089,0,0.33400384
9681.0,2024-25,24,-0.020743089,0,0.33400384
9681.0,2024-25,25,-0.020743089,0,0.33400384
9681.0,2024-25,26,-0.020743089,0,0.33400384
9681.0,2024-25,27,-0.020743089,0,0.33400384
9681.0,2024-25,28,0.8080822,0,0.33400384
9681.0,2024-25,29,0.5090593,0,0.3835935
9681.0,2024-25,30,-0.020743089,0,0.49378353
9681.0,2024-25,31,-0.020743089,0,0.37819743
9681.0,2024-25,32,0.3334128,0,0.2502906
9681.0,2024-25,33,-0.020743089,0,0.22041264
9681.0,2024-25,34,-0.020743089,0,0.25461602
9681.0,2024-25,35,0.45725963,0,0.3218095
9739.0,2024-25,6,-0.046139497,0,0.6643031
9739.0,2024-25,7,-0.072678335,0,0.5849515
9739.0,2024-25,8,-0.084151484,0,0.49885154
9739.0,2024-25,9,-0.04067532,0,0.38121438
9739.0,2024-25,10,-0.048617285,0,0.2779058
9739.0,2024-25,11,-0.021703145,0,0.3931477
9739.0,2024-25,12,1.2265033,1,0.3829803
9739.0,2024-25,13,0.02331882,0,0.45378488
9739.0,2024-25,14,1.0847574,1,0.46783364
9739.0,2024-25,15,-0.008996067,0,0.61115485
9739.0,2024-25,16,-0.030566478,0,0.6497458
9739.0,2024-25,17,-0.030566478,0,0.669401
9739.0,2024-25,18,-0.005323305,0,0.3667785
9739.0,2024-25,19,-0.005323305,0,0.2691131
9739.0,2024-25,20,-0.014637177,0,0.3526947
9739.0,2024-25,21,-0.014637177,0,0.3526947
9739.0,2024-25,22,1.0363476,6,0.35302266
9739.0,2024-25,23,0.06007864,0,1.4616235
9739.0,2024-25,24,0.06007864,0,1.1405253
9739.0,2024-25,25,2.2611878,1,1.029176
9739.0,2024-25,26,0.1240315,0,1.1698684
9739.0,2024-25,27,1.6187994,1,0.99092543
9739.0,2024-25,28,0.1445301,0,1.0331112
9739.0,2024-25,29,1.5587525,1,0.8531072
9739.0,2024-25,30,2.150235,1,1.0398175
9739.0,2024-25,31,1.5136012,1,1.0850855
9739.0,2024-25,32,0.04027065,0,1.4200034
9739.0,2024-25,33,0.06079949,0,0.9804026
9739.0,2024-25,34,1.8446783,1,0.53776103
9739.0,2024-25,35,0.02642326,0,0.76808476
9739.0,2024-25,36,0.096994735,0,0.75682247
9739.0,2024-25,37,0.023857921,0,0.7933862
9739.0,2024-25,38,1.2448937,1,0.68804103
9749.0,2024-25,27,0.02143208,0,1.6167539
9749.0,2024-25,28,1.5702808,1,1.3705845
9749.0,2024-25,29,0.035165384,0,1.5208063
9749.0,2024-25,30,1.2590352,6,1.1901205
9749.0,2024-25,31,1.97976,10,2.1561837
9749.0,2024-25,32,3.0321388,6,2.307918
9749.0,2024-25,33,3.9580424,1,1.8586134
9749.0,2024-25,33,3.9580424,1,1.3823475
9749.0,2024-25,33,2.6902363,1,1.8586134
9749.0,2024-25,33,2.6902363,1,1.3823475
9749.0,2024-25,34,0.06885213,0,2.153742
9749.0,2024-25,35,2.0135198,1,1.8860283
9749.0,2024-25,36,-0.39966634,0,1.4248663
9749.0,2024-25,37,1.9913119,1,1.6534997
9749.0,2024-25,38,2.0845385,1,1.2237673
9752.0,2024-25,7,0.27279812,0,1.31379
9752.0,2024-25,8,0.19740984,0,0.97061664
9752.0,2024-25,9,2.5957475,1,0.5417735
9752.0,2024-25,10,1.2657021,2,0.75728095
9752.0,2024-25,11,2.176638,3,1.9365597
9752.0,2024-25,12,3.325681,3,2.5511384
9752.0,2024-25,13,2.8869088,2,1.6376302
9752.0,2024-25,14,3.283603,1,1.957839
9752.0,2024-25,15,-0.098410346,0,1.4106029
9752.0,2024-25,16,1.4074453,1,0.7115517
9752.0,2024-25,17,1.7418209,1,1.0370097
9752.0,2024-25,18,1.767202,1,1.3218776
9752.0,2024-25,19,2.1016145,1,1.812003
9752.0,2024-25,20,1.9900528,1,2.2816243
9752.0,2024-25,21,2.5574963,1,2.110581
9752.0,2024-25,22,2.2680964,3,1.7216364
9752.0,2024-25,23,2.657506,2,1.6781117
9752.0,2024-25,24,2.7843866,3,1.6746074
9752.0,2024-25,24,2.7843866,3,1.7924496
9752.0,2024-25,24,1.7261759,1,1.6746074
9752.0,2024-25,24,1.7261759,1,1.7924496
9752.0,2024-25,25,3.669474,2,1.6102213
9752.0,2024-25,26,3.9168453,1,2.0075567
9752.0,2024-25,27,2.2901769,2,1.4888226
9752.0,2024-25,28,2.598825,5,1.4103625
9752.0,2024-25,29,2.8358192,1,2.1922867
9780.0,2024-25,30,2.1759045,1,1.5033585
9780.0,2024-25,31,2.5472794,6,2.0546718
9780.0,2024-25,32,1.9071202,9,0.96877587
9780.0,2024-25,33,3.2547417,2,1.1306976
9780.0,2024-25,34,3.2248924,2,2.303711
9780.0,2024-25,35,4.2329884,4,2.2259955
9780.0,2024-25,36,3.3172507,2,2.468744
9780.0,2024-25,37,2.8101778,1,1.9402562
9780.0,2024-25,38,3.6294143,5,2.8990116
9788.0,2024-25,6,3.580451,2,2.3989673
9788.0,2024-25,7,3.3751154,1,2.381576
9788.0,2024-25,8,3.8674822,1,1.9391373
9788.0,2024-25,9,2.662767,1,1.4432389
9788.0,2024-25,10,3.5840073,2,1.6171447
9788.0,2024-25,11,2.558792,1,1.1833582
9788.0,2024-25,12,1.9375694,10,1.1647242
9788.0,2024-25,13,3.2395213,3,1.747345
9788.0,2024-25,14,3.199878,1,3.6554697
9788.0,2024-25,15,0.529611,0,2.1000013
9788.0,2024-25,16,2.938156,2,1.728776
9788.0,2024-25,17,3.3290412,17,1.2966636
9788.0,2024-25,18,8.808494,0,1.8692986
9788.0,2024-25,19,1.5105484,0,1.3560183
9788.0,2024-25,20,-0.16612945,0,1.5578519
9788.0,2024-25,21,3.4457016,2,1.3036275
9788.0,2024-25,22,2.7769268,2,1.7596928
9788.0,2024-25,23,5.8917265,13,1.9928902
9788.0,2024-25,24,2.467727,3,3.3158288
9788.0,2024-25,24,2.467727,3,4.295233
9788.0,2024-25,24,3.7416487,2,3.3158288
9788.0,2024-25,24,3.7416487,2,4.295233
9788.0,2024-25,25,4.4986258,2,2.2769928
9788.0,2024-25,25,4.4986258,2,1.745327
9788.0,2024-25,25,3.8108792,2,2.2769928
9788.0,2024-25,25,3.8108792,2,1.745327
9788.0,2024-25,26,3.3843012,13,2.7680528
9788.0,2024-25,27,5.7723117,11,2.372778
9788.0,2024-25,28,7.123096,1,2.5022414
9788.0,2024-25,29,0.3656679,0,1.9862833
9788.0,2024-25,30,2.7122035,3,1.5213298
9788.0,2024-25,31,2.3470418,1,2.3734927
9788.0,2024-25,32,2.8656406,1,2.4881277
9788.0,2024-25,33,2.8687394,3,1.825709
9788.0,2024-25,34,3.1230829,9,3.00623
9788.0,2024-25,35,2.9065318,1,2.2172348
9788.0,2024-25,36,3.320816,5,1.9789635
9788.0,2024-25,37,4.478593,7,1.583311
9788.0,2024-25,38,4.2183814,2,1.7747191
9802.0,2024-25,30,2.438498,2,1.5301023
9802.0,2024-25,31,-0.08818249,0,1.504194
9802.0,2024-25,32,2.15178,4,1.1866533
9802.0,2024-25,33,1.7509049,3,1.8938705
9802.0,2024-25,34,0.06636636,0,1.4847907
9802.0,2024-25,35,2.765673,1,1.3042307
9802.0,2024-25,36,0.14249848,0,1.1528333
9802.0,2024-25,37,1.3539494,6,1.15929
9802.0,2024-25,38,1.7756314,3,1.1865311
10004.0,2024-25,6,1.0512974,1,0.72160983
10004.0,2024-25,7,0.04271663,0,1.0218123
10004.0,2024-25,8,1.2601887,1,0.8023553
10004.0,2024-25,9,1.8101906,4,1.3931515
10004.0,2024-25,10,2.0286155,2,1.7182422
10004.0,2024-25,11,2.056699,2,1.7602693
10004.0,2024-25,12,2.1839583,0,1.5176185
10004.0,2024-25,13,1.8259084,3,1.2122644
10004.0,2024-25,14,0.03133053,0,1.6617165
10004.0,2024-25,15,1.8326086,0,1.1843579
10004.0,2024-25,16,-0.055127114,0,1.3179597
10004.0,2024-25,17,0.14923358,0,1.0941763
10004.0,2024-25,18,0.13852994,0,0.83883905
10004.0,2024-25,19,0.0391252,0,0.73955435
10004.0,2024-25,20,0.055897925,0,0.55170023
10004.0,2024-25,21,1.0071992,0,0.60682726
10004.0,2024-25,22,0.10244018,0,1.303068
10004.0,2024-25,23,0.10244018,0,0.9430417
10004.0,2024-25,24,0.10244018,0,0.75246483
10004.0,2024-25,25,0.011846503,0,0.57028997
10004.0,2024-25,26,0.011846503,0,0.3399243
10004.0,2024-25,27,-0.016564088,0,0.36338168
10004.0,2024-25,28,-0.016564088,0,0.35534918
10004.0,2024-25,29,0.6585424,1,0.3473992
10004.0,2024-25,30,-0.0013988661,0,0.6044093
10004.0,2024-25,31,-0.0013988661,0,0.5428661
10004.0,2024-25,32,-0.0013988661,0,0.4551692
10004.0,2024-25,33,-0.0034879018,0,0.35654902
10004.0,2024-25,34,1.0055838,3,0.23232752
10004.0,2024-25,35,1.5489281,3,1.3143632
10004.0,2024-25,36,1.9703733,2,1.6191949
10004.0,2024-25,37,1.9352576,1,1.6256098
10004.0,2024-25,38,1.883632,1,1.1608614
10053.0,2024-25,19,1.3631272,1,0.7162209
10053.0,2024-25,20,1.7535826,1,1.0756222
10053.0,2024-25,21,-0.07688509,0,1.3180927
10053.0,2024-25,22,-0.076864496,0,1.088345
10053.0,2024-25,23,-0.13954647,0,0.8917488
10053.0,2024-25,24,-0.055143755,0,0.67736846
10053.0,2024-25,25,-0.071166456,0,0.5836821
10053.0,2024-25,26,1.3076648,1,0.39284784
10053.0,2024-25,27,1.6864746,1,1.089989
10053.0,2024-25,28,0.12611243,0,1.1251117
10053.0,2024-25,29,0.03371048,0,0.9042102
10053.0,2024-25,30,1.5107148,1,0.7033537
10126.0,2024-25,7,-0.008136221,0,0.40595526
10126.0,2024-25,8,-0.02848614,0,0.37890825
10126.0,2024-25,9,-0.013170335,0,0.3613841
10126.0,2024-25,10,-0.009195712,0,0.35403746
10126.0,2024-25,11,-0.020743089,0,0.34988305
10126.0,2024-25,12,-0.020743089,0,0.34729072
10126.0,2024-25,13,-0.020743089,0,0.34353906
10126.0,2024-25,14,0.3906663,1,0.33965293
10126.0,2024-25,15,0.0146111725,0,0.6639708
10126.0,2024-25,16,0.0146111725,0,0.75535655
10126.0,2024-25,17,0.0146111725,0,0.694784
10126.0,2024-25,18,0.00921613,0,0.6062686
10126.0,2024-25,19,1.2471555,1,0.40325087
10126.0,2024-25,20,1.9345984,1,0.98952794
10126.0,2024-25,21,1.2955977,1,0.9354044
10126.0,2024-25,22,1.9714533,6,0.7080681
10126.0,2024-25,23,-0.109274745,0,0.59792715
10126.0,2024-25,24,1.0846416,1,0.7895024
10126.0,2024-25,25,1.5537862,6,1.0577117
10126.0,2024-25,26,1.3671789,1,0.97851306
10126.0,2024-25,27,1.6566582,1,1.475413
10126.0,2024-25,28,0.20325398,0,2.592772
10126.0,2024-25,29,0.5453004,0,2.3918564
10126.0,2024-25,30,1.7595136,1,1.3691311
10126.0,2024-25,31,0.026783863,0,0.8857945
10126.0,2024-25,32,1.572165,6,0.8231679
10126.0,2024-25,33,2.7525978,2,1.816401
10126.0,2024-25,34,0.12585968,0,1.6533874
10126.0,2024-25,35,3.597311,1,1.5536345
10126.0,2024-25,36,3.553115,1,1.0259578
10166.0,2024-25,6,-0.013528668,0,0.627596
10166.0,2024-25,7,-0.014642744,0,0.4588943
10166.0,2024-25,8,0.010068563,0,0.45056438
10166.0,2024-25,9,-0.01618945,0,0.39165837
10166.0,2024-25,10,1.1931454,1,0.37926596
10166.0,2024-25,11,1.3646733,1,1.1883872
10166.0,2024-25,12,1.4142854,2,1.0827236
10166.0,2024-25,13,0.044055115,0,1.1844442
10166.0,2024-25,14,1.823159,6,0.88465923
10166.0,2024-25,15,1.9174774,2,0.9803955
10166.0,2024-25,16,2.0079765,2,1.3479291
10166.0,2024-25,17,-0.11941087,0,1.8957349
10166.0,2024-25,18,-0.044966422,0,1.3405757
10166.0,2024-25,19,0.004701918,0,0.91251373
10166.0,2024-25,20,0.07436897,0,0.6995273
10166.0,2024-25,21,1.511018,1,0.7570084
10166.0,2024-25,22,2.1107662,0,1.52546
10166.0,2024-25,23,0.13628124,0,1.6026828
10166.0,2024-25,24,0.14178143,0,1.1308445
10166.0,2024-25,25,-0.029235613,0,0.7176395
10166.0,2024-25,26,-0.031355057,0,0.3157367
10166.0,2024-25,27,0.027064981,0,0.4342369
10166.0,2024-25,28,-0.020023465,0,0.46295303
10166.0,2024-25,29,2.1309752,1,0.43227586
10166.0,2024-25,30,0.010378221,0,0.67404383
10166.0,2024-25,31,0.0146111725,0,0.6160831
10166.0,2024-25,32,1.0703093,2,0.50899655
10166.0,2024-25,33,0.20689549,0,1.7247192
10166.0,2024-25,34,2.0213802,0,1.2117275
10166.0,2024-25,35,2.3543873,3,1.2824522
10166.0,2024-25,36,2.2634304,2,1.3735665
10166.0,2024-25,37,2.6367822,7,1.4626962
10166.0,2024-25,38,2.9107451,2,1.7607254
10184.0,2024-25,6,0.0030504374,0,0.61835235
10184.0,2024-25,7,-0.0044296947,0,0.6753411
10184.0,2024-25,8,1.2067502,1,0.6647667
10184.0,2024-25,9,0.009394287,0,0.80947703
10184.0,2024-25,10,1.092526,1,0.6243689
10184.0,2024-25,11,0.0146111725,0,0.8731453
10184.0,2024-25,12,0.0146111725,0,0.7090867
10184.0,2024-25,13,1.1725136,1,0.38466316
10184.0,2024-25,14,0.9713111,2,0.68541545
10184.0,2024-25,15,1.9799778,1,1.8102971
10184.0,2024-25,16,2.0727444,3,1.636783
10184.0,2024-25,17,2.0868301,2,1.8325914
10184.0,2024-25,18,2.2058132,2,1.935619
10184.0,2024-25,19,1.9876354,2,1.7998594
10184.0,2024-25,20,2.265966,2,1.62992
10184.0,2024-25,21,1.7379652,2,1.5787488
10184.0,2024-25,22,1.7402183,0,1.6843524
10184.0,2024-25,23,1.8258352,2,1.5602869
10184.0,2024-25,24,2.5116274,3,1.5998799
10184.0,2024-25,25,2.1502712,1,1.5972089
10184.0,2024-25,26,2.4405932,2,1.5732147
10184.0,2024-25,27,1.942736,2,1.5580356
10184.0,2024-25,28,0.26334935,0,1.7755027
10184.0,2024-25,29,1.8169262,2,1.4163343
10184.0,2024-25,30,0.059277628,0,1.516812
10184.0,2024-25,31,1.5433598,1,1.341709
10184.0,2024-25,32,1.6568218,2,1.3618374
10184.0,2024-25,33,0.008588528,0,1.4893953
10184.0,2024-25,34,1.6572268,1,1.1749797
10184.0,2024-25,35,1.8016323,2,1.5129949
10184.0,2024-25,36,1.7931665,2,1.6747414
10184.0,2024-25,37,1.7705473,1,1.8227878
10184.0,2024-25,38,2.1218944,2,1.7257842
10301.0,2024-25,8,-0.05035069,0,0.88039505
10301.0,2024-25,9,1.1171937,2,0.81834555
10301.0,2024-25,10,1.6783065,0,1.3447168
10301.0,2024-25,11,1.6272439,2,1.418561
10301.0,2024-25,12,2.0039916,2,1.8132681
10301.0,2024-25,13,1.9598893,1,1.648765
10301.0,2024-25,14,2.1433434,2,1.6995119
10301.0,2024-25,15,2.2693982,1,1.5386235
10301.0,2024-25,16,1.5295771,2,1.096465
10301.0,2024-25,17,1.8686891,2,1.418655
10301.0,2024-25,18,1.3832054,2,1.6133868
10301.0,2024-25,19,2.2748637,3,1.9012085
10301.0,2024-25,20,1.8292887,2,1.8604269
10301.0,2024-25,21,2.0461648,2,1.4962424
10301.0,2024-25,22,2.3343978,2,1.6036979
10301.0,2024-25,23,0.13599022,0,1.5225967
10301.0,2024-25,24,1.7817773,2,1.1425922
10301.0,2024-25,25,1.80623,2,1.4935974
10301.0,2024-25,26,2.1258845,1,1.5653576
10301.0,2024-25,27,1.8396635,2,1.4394666
10301.0,2024-25,28,1.8944445,2,1.4500052
10301.0,2024-25,29,2.3520682,9,1.7255381
10301.0,2024-25,30,2.134064,2,1.726338
10301.0,2024-25,31,2.4279473,2,1.9633304
10301.0,2024-25,32,2.907178,2,1.5950768
10301.0,2024-25,33,2.7494962,2,1.7680997
10301.0,2024-25,34,0.14072329,0,1.8789301
10301.0,2024-25,35,1.7177154,1,1.1497844
10301.0,2024-25,36,2.2075715,1,1.3824202
10301.0,2024-25,37,1.797283,2,1.6094166
10301.0,2024-25,38,2.035926,5,1.9083464
10327.0,2024-25,6,1.0306089,0,0.044979304
10327.0,2024-25,7,0.94658846,0,0.45212418
10327.0,2024-25,8,0.8598462,0,0.3869678
10327.0,2024-25,9,0.81130725,0,0.35198706
10327.0,2024-25,10,0.5931013,0,0.36439842
10327.0,2024-25,11,0.68975645,0,0.27289602
10327.0,2024-25,12,0.4481675,0,0.20342895
10327.0,2024-25,13,0.5126717,0,0.22446252
10327.0,2024-25,14,0.7288602,0,0.24356574
10327.0,2024-25,15,0.47144738,0,0.23859353
10327.0,2024-25,16,0.5931013,0,0.18036859
10327.0,2024-25,17,0.49655417,0,0.15139674
10327.0,2024-25,18,0.51435924,0,0.16704445
10327.0,2024-25,19,0.42350903,0,0.22238328
10327.0,2024-25,20,0.5265463,0,0.25442868
10327.0,2024-25,21,0.462551,0,0.23445132
10327.0,2024-25,22,0.4640875,0,0.31492144
10327.0,2024-25,23,0.40762419,0,0.32862967
10327.0,2024-25,24,0.52207774,0,0.3291304
10327.0,2024-25,25,0.39016047,0,0.25363562
10327.0,2024-25,26,0.42693007,0,0.30157185
10327.0,2024-25,27,0.40517974,0,0.36072245
10327.0,2024-25,28,0.7288822,0,0.30939382
10327.0,2024-25,29,1.3446933,0,0.24222928
10327.0,2024-25,30,0.5082804,0,0.14444661
10327.0,2024-25,31,1.2473881,0,0.18430349
10327.0,2024-25,32,0.5629473,0,0.17818491
10327.0,2024-25,33,0.40270668,0,0.20138678
10327.0,2024-25,34,1.3936515,0,0.23962428
10327.0,2024-25,35,0.3660351,0,0.16843636
10327.0,2024-25,36,0.5329308,0,0.23753706
10327.0,2024-25,37,0.46553236,0,0.23680419
10327.0,2024-25,38,0.502962,0,0.28762323
10348.0,2024-25,6,2.899462,6,1.929469
10348.0,2024-25,7,4.2545104,2,2.197942
10348.0,2024-25,8,2.6595314,2,1.8516549
10348.0,2024-25,9,0.17963214,0,2.3345113
10348.0,2024-25,10,2.4949086,3,1.5436276
10348.0,2024-25,11,2.6876984,1,2.2857003
10348.0,2024-25,12,3.4161146,9,1.6504563
10348.0,2024-25,13,3.2969892,2,1.743734
10348.0,2024-25,14,3.9409196,2,2.4936194
10348.0,2024-25,15,3.5670485,2,2.1185176
10348.0,2024-25,16,4.3888407,2,2.6011455
10348.0,2024-25,17,3.885636,1,2.8324838
10348.0,2024-25,18,2.3927968,2,1.627272
10348.0,2024-25,19,2.8644495,9,1.7937025
10348.0,2024-25,20,0.10000757,0,1.9353766
10348.0,2024-25,21,2.9970834,2,1.4739285
10348.0,2024-25,22,2.7323365,2,2.299343
10348.0,2024-25,23,2.3423622,2,2.0183916
10348.0,2024-25,24,3.3060288,2,1.9589057
10348.0,2024-25,25,2.3895657,4,2.0382988
10348.0,2024-25,26,2.6194053,9,2.518309
10348.0,2024-25,27,3.5283198,2,1.9409341
10348.0,2024-25,28,2.8489382,1,2.2664614
10348.0,2024-25,29,4.3314133,2,2.3234787
10348.0,2024-25,30,0.17487586,0,1.7496418
10348.0,2024-25,31,0.019928886,0,1.5801798
10348.0,2024-25,32,0.07240848,0,1.4346892
10348.0,2024-25,33,0.02263942,0,1.223108
10348.0,2024-25,34,0.098677106,0,1.1197515
10348.0,2024-25,35,0.8662786,5,1.0005411
10348.0,2024-25,36,2.001946,2,2.2325115
10348.0,2024-25,37,3.3866327,2,2.0007293
10348.0,2024-25,38,3.1947079,2,1.8502407
10408.0,2024-25,6,4.363265,2,2.8942354
10408.0,2024-25,7,2.7653258,1,2.4317093
10408.0,2024-25,8,4.278432,1,3.8276947
10408.0,2024-25,9,3.0775082,5,3.6409373
10408.0,2024-25,10,3.3609889,1,2.6325011
10408.0,2024-25,11,3.1335266,3,2.4586468
10408.0,2024-25,12,3.5130706,1,2.9623253
10408.0,2024-25,13,3.2499843,6,3.358503
10408.0,2024-25,14,3.0721283,1,2.1314418
10408.0,2024-25,15,-0.048894487,0,2.14143
10408.0,2024-25,16,2.6963732,1,1.4083314
10408.0,2024-25,17,2.4761372,13,1.5306716
10408.0,2024-25,18,0.24732752,0,2.1513011
10408.0,2024-25,19,4.057359,9,1.6364145
10408.0,2024-25,20,5.178205,1,2.6656852
10408.0,2024-25,21,3.0467265,1,1.5785571
10408.0,2024-25,22,3.3421001,3,1.7117937
10408.0,2024-25,23,5.5915313,3,2.1468399
10408.0,2024-25,24,2.486128,3,1.7115084
10408.0,2024-25,24,2.486128,3,2.0145426
10408.0,2024-25,24,3.8689375,2,1.7115084
10408.0,2024-25,24,3.8689375,2,2.0145426
10408.0,2024-25,25,5.2055736,12,1.8630451
10408.0,2024-25,25,5.2055736,12,1.8339145
10408.0,2024-25,25,2.799622,1,1.8630451
10408.0,2024-25,25,2.799622,1,1.8339145
10408.0,2024-25,26,2.491877,3,2.1449668
10408.0,2024-25,27,3.9223843,8,3.6042979
10408.0,2024-25,28,5.708074,6,2.8104875
10408.0,2024-25,29,0.026649855,0,3.019948
10408.0,2024-25,30,5.6120806,9,2.2303147
10408.0,2024-25,31,5.243057,6,1.445255
10408.0,2024-25,32,2.9394426,9,1.7126163
10408.0,2024-25,33,7.152659,3,2.0114548
10408.0,2024-25,34,5.7552977,7,3.8474598
10408.0,2024-25,35,1.8256388,0,3.7694101
10408.0,2024-25,36,4.1091247,8,3.3287036
10408.0,2024-25,37,4.8321104,1,2.7475142
10408.0,2024-25,38,5.0208173,2,2.7091434
10527.0,2024-25,7,2.5699706,2,1.596258
10527.0,2024-25,8,2.327444,3,1.9272299
10527.0,2024-25,9,3.3524098,3,2.3967397
10527.0,2024-25,10,0.075670086,0,2.70295
10527.0,2024-25,11,2.9516578,1,1.6571602
10527.0,2024-25,12,2.3634703,-2,2.0288897
10527.0,2024-25,13,0.012892115,0,1.4987235
10527.0,2024-25,14,2.5618138,9,1.2431298
10527.0,2024-25,15,1.7035898,0,1.4449672
10527.0,2024-25,16,2.1296828,2,1.4637649
10527.0,2024-25,17,3.0814674,2,1.7854882
10527.0,2024-25,18,2.5371413,3,1.570639
10527.0,2024-25,19,2.7033753,1,1.8849219
10527.0,2024-25,20,1.7744147,2,1.6245279
10527.0,2024-25,21,2.5119312,3,1.7369474
10527.0,2024-25,22,2.4529688,1,1.5754389
10527.0,2024-25,23,2.0554419,1,1.8163239
10527.0,2024-25,24,0.50601906,0,1.7998141
10527.0,2024-25,25,2.1722322,3,1.2683653
10527.0,2024-25,26,1.4517486,3,1.7321086
10527.0,2024-25,27,2.7838745,2,1.6601549
10527.0,2024-25,28,1.922784,2,1.5237411
10527.0,2024-25,29,2.0551782,1,1.2208647
10527.0,2024-25,30,2.4824684,1,1.3636621
10527.0,2024-25,31,1.0315895,2,1.1403055
10527.0,2024-25,32,3.3273692,2,1.9425176
10527.0,2024-25,33,2.7746663,2,1.7224551
10527.0,2024-25,34,2.5523267,10,1.436139
10527.0,2024-25,35,3.069938,2,1.5879943
10527.0,2024-25,36,2.945466,3,1.6426919
10527.0,2024-25,37,2.7839105,2,2.0068731
10527.0,2024-25,38,2.385293,2,2.248741
10552.0,2024-25,6,3.7619934,2,2.176504
10552.0,2024-25,7,2.4781253,3,2.0907536
10552.0,2024-25,8,3.804004,10,2.2724876
10552.0,2024-25,9,4.5622954,2,2.0455725
10552.0,2024-25,10,5.171991,2,2.468382
10552.0,2024-25,11,3.881207,6,2.5355244
10552.0,2024-25,12,3.775501,2,2.5397873
10552.0,2024-25,13,3.8152752,1,2.7568614
10552.0,2024-25,14,2.3561363,1,2.2096581
10552.0,2024-25,15,3.943745,4,2.2271383
10552.0,2024-25,16,-0.007418939,0,2.3490634
10552.0,2024-25,17,2.1545503,1,2.9696898
10552.0,2024-25,18,4.0739574,1,3.106492
10552.0,2024-25,19,2.8689983,1,2.6788392
10552.0,2024-25,20,1.9719695,1,1.4614586
10552.0,2024-25,21,2.3667586,3,1.3080412
10552.0,2024-25,22,3.8156712,1,1.3964987
10552.0,2024-25,23,3.0639079,3,1.7513639
10552.0,2024-25,24,3.1506553,2,1.7676978
10552.0,2024-25,25,2.830264,2,2.030243
10552.0,2024-25,26,3.244808,1,2.2356136
10552.0,2024-25,27,4.9780946,1,2.6506743
10552.0,2024-25,28,3.371325,5,1.427987
10552.0,2024-25,29,3.564363,8,2.145557
10552.0,2024-25,30,2.8375509,1,2.3317883
10552.0,2024-25,31,3.856673,3,3.763018
10552.0,2024-25,32,4.1153727,6,2.4464633
10552.0,2024-25,33,4.138224,2,2.333444
10552.0,2024-25,34,2.6631262,2,2.035854
10552.0,2024-25,35,4.55458,12,3.4034014
10552.0,2024-25,36,5.104655,1,2.568102
10552.0,2024-25,37,4.6136265,1,2.1067872
10586.0,2024-25,6,2.7831168,1,1.7491814
10586.0,2024-25,7,2.1576917,1,2.2920349
10586.0,2024-25,8,3.1525307,1,3.0970464
10586.0,2024-25,9,2.0660284,1,2.0275056
10586.0,2024-25,10,3.1459303,0,2.0247772
10586.0,2024-25,11,3.778597,1,1.6848916
10586.0,2024-25,12,2.6845129,2,1.8377728
10586.0,2024-25,13,2.5666566,1,2.5247858
10586.0,2024-25,14,0.096896365,0,2.5229926
10586.0,2024-25,15,2.206908,2,1.6234213
10586.0,2024-25,16,2.7828414,2,1.7458457
10586.0,2024-25,17,2.409865,1,1.9844931
10586.0,2024-25,18,2.5863771,1,1.4409759
10586.0,2024-25,19,2.3049464,8,1.3032751
10586.0,2024-25,20,3.2727387,2,1.5324033
10586.0,2024-25,21,2.5996938,5,1.7118629
10586.0,2024-25,22,-0.08009267,0,2.1192055
10586.0,2024-25,23,-0.08766967,0,1.7236799
10586.0,2024-25,24,-0.05151566,0,1.2474475
10586.0,2024-25,25,1.6282177,1,1.2013913
10586.0,2024-25,26,2.2188048,2,1.6131247
10586.0,2024-25,27,2.0208225,1,2.3251977
10586.0,2024-25,28,1.7509346,2,1.9855666
10586.0,2024-25,29,2.183329,5,2.0208857
10586.0,2024-25,30,2.1838188,1,2.4511673
10586.0,2024-25,31,2.6049201,2,1.9413917
10586.0,2024-25,32,2.6443753,1,2.5039222
10586.0,2024-25,33,1.7675582,1,1.7861122
10586.0,2024-25,34,2.2419991,1,1.527905
10586.0,2024-25,35,2.0622098,1,1.4971136
10586.0,2024-25,36,1.8541757,3,1.499201
10586.0,2024-25,37,1.7241079,2,1.7927336
10697.0,2024-25,6,1.6133018,3,1.3580469
10697.0,2024-25,7,2.8189847,3,1.2815763
10697.0,2024-25,8,3.303677,2,1.6431369
10697.0,2024-25,9,1.9210006,2,1.6245142
10697.0,2024-25,10,2.5604122,2,1.7945327
10697.0,2024-25,11,2.1602852,3,1.704944
10697.0,2024-25,12,1.906466,5,1.7522339
10697.0,2024-25,13,3.0742524,2,1.9148505
10697.0,2024-25,14,2.434158,1,1.892567
10697.0,2024-25,15,0.18153499,0,1.6764251
10697.0,2024-25,16,2.442005,2,1.2140299
10697.0,2024-25,17,2.4551473,2,1.6422542
10697.0,2024-25,18,2.2079222,2,1.5782756
10697.0,2024-25,19,1.6390846,4,1.4626454
10697.0,2024-25,20,2.8361058,2,1.3015326
10697.0,2024-25,21,2.2629776,2,2.05171
10697.0,2024-25,22,2.5718455,3,1.9127097
10697.0,2024-25,23,4.022986,3,2.63563
10697.0,2024-25,24,2.8548465,2,1.6711333
10697.0,2024-25,24,2.8548465,2,1.997441
10697.0,2024-25,24,3.1598907,2,1.6711333
10697.0,2024-25,24,3.1598907,2,1.997441
10697.0,2024-25,25,2.6634266,2,1.689376
10697.0,2024-25,25,2.6634266,2,1.4712718
10697.0,2024-25,25,1.803517,2,1.689376
10697.0,2024-25,25,1.803517,2,1.4712718
10697.0,2024-25,26,1.8286474,3,1.6490204
10697.0,2024-25,27,2.0250056,3,1.768109
10697.0,2024-25,28,2.4151506,2,1.9013201
10697.0,2024-25,29,0.09994593,0,1.6918973
10697.0,2024-25,30,2.1305594,3,1.5359627
10697.0,2024-25,31,2.4507573,5,1.7469972
10697.0,2024-25,32,2.4397774,2,1.4984301
10697.0,2024-25,33,2.1383665,3,1.7262977
10697.0,2024-25,34,2.5162404,5,1.5376217
10697.0,2024-25,35,0.30511877,0,1.8456148
10697.0,2024-25,36,2.7547631,2,1.580044
10697.0,2024-25,37,2.5072386,2,1.9623591
10697.0,2024-25,38,2.3188787,-1,1.4033227
10741.0,2024-25,6,6.198019,4,2.2099397
10741.0,2024-25,7,7.1675725,2,2.215372
10741.0,2024-25,8,4.325024,3,2.5863929
10741.0,2024-25,9,4.7087235,3,1.9904858
10741.0,2024-25,10,4.948251,2,2.2475255
10741.0,2024-25,11,3.581356,1,2.348946
10741.0,2024-25,12,3.3908856,2,3.228682
10741.0,2024-25,13,3.4715862,5,3.111154
10741.0,2024-25,14,3.2757716,6,2.3992217
10741.0,2024-25,15,3.3440855,2,2.5402982
10741.0,2024-25,16,-0.39164078,0,2.716542
10741.0,2024-25,17,-0.86106056,0,1.9377378
10741.0,2024-25,18,0.05438668,0,1.2881515
10741.0,2024-25,19,-0.41844097,0,0.7466959
10741.0,2024-25,20,-0.14102593,0,0.66473037
10741.0,2024-25,21,-0.019165432,0,0.83785045
10741.0,2024-25,22,0.13849828,0,0.79125
10741.0,2024-25,23,1.426363,7,0.7595702
10741.0,2024-25,24,2.6028714,1,1.3574997
10741.0,2024-25,25,3.4287648,5,1.5210806
10741.0,2024-25,26,3.4719284,2,1.539216
10741.0,2024-25,27,2.6222658,1,2.0607085
10741.0,2024-25,28,2.7519386,7,2.2418888
10741.0,2024-25,29,3.190546,1,1.9522411
10741.0,2024-25,30,0.31892735,0,2.5473666
10741.0,2024-25,31,0.7001434,0,2.0055227
10741.0,2024-25,32,2.3735688,1,1.3616611
10741.0,2024-25,33,1.5478361,1,1.041396
10741.0,2024-25,34,2.3311718,1,1.8112963
10741.0,2024-25,35,1.7839427,5,2.0266123
10741.0,2024-25,36,2.4084585,2,3.0346181
10741.0,2024-25,37,2.3818836,1,2.7563844
10741.0,2024-25,38,3.4118078,4,3.2285507
10744.0,2024-25,6,2.553066,2,1.4374409
10744.0,2024-25,7,2.4338498,2,1.570459
10744.0,2024-25,8,2.0970209,6,1.5660363
10744.0,2024-25,9,2.7143898,2,1.4895618
10744.0,2024-25,10,2.968304,2,1.8766743
10744.0,2024-25,11,2.2890837,1,1.629124
10744.0,2024-25,12,0.18079938,0,1.6783713
10744.0,2024-25,13,2.3640666,2,1.3264917
10744.0,2024-25,14,2.4757884,3,1.6909865
10744.0,2024-25,15,2.648483,2,1.857143
10744.0,2024-25,16,2.6156375,3,1.5197679
10744.0,2024-25,17,3.246435,7,1.5383128
10744.0,2024-25,18,3.159422,3,1.7023867
10744.0,2024-25,19,2.4091616,1,2.1182635
10744.0,2024-25,20,3.238014,3,2.1593046
10744.0,2024-25,21,2.8278382,4,2.0437322
10744.0,2024-25,22,2.8515775,1,2.026176
10744.0,2024-25,23,4.2763596,3,2.4693072
10744.0,2024-25,24,3.32331,1,1.9831105
10744.0,2024-25,25,3.5746627,13,1.9484438
10744.0,2024-25,26,3.0593781,1,2.3577042
10744.0,2024-25,27,3.7543747,1,1.6105869
10744.0,2024-25,28,3.2041817,2,1.6482123
10744.0,2024-25,29,3.5538812,2,2.1047149
10744.0,2024-25,30,3.8790822,1,1.9953061
10760.0,2024-25,6,3.3218772,11,2.361691
10760.0,2024-25,7,3.4596992,7,2.8801978
10760.0,2024-25,8,4.7708254,2,2.7668355
10760.0,2024-25,9,5.4754105,1,2.438653
10760.0,2024-25,10,5.2658544,8,2.5350697
10760.0,2024-25,11,6.275523,2,2.539402
10760.0,2024-25,12,2.9496315,6,2.4686263
10760.0,2024-25,13,5.7097178,10,3.2371788
10760.0,2024-25,14,4.5547523,2,3.62471
10760.0,2024-25,15,4.6214914,4,2.0952806
10760.0,2024-25,16,4.433421,0,2.1408722
10760.0,2024-25,17,3.590028,4,1.9606963
10760.0,2024-25,18,3.5061045,2,2.2299473
10760.0,2024-25,19,3.7839296,9,2.2863193
10760.0,2024-25,20,3.0959876,2,2.101314
10760.0,2024-25,21,1.9313362,1,2.5025792
10760.0,2024-25,22,0.20359889,0,2.919906
10760.0,2024-25,23,-0.06733312,0,2.3854458
10760.0,2024-25,24,0.1112105,0,1.4259549
10760.0,2024-25,25,2.0598567,1,0.68733007
10760.0,2024-25,26,2.774959,14,1.3546754
10760.0,2024-25,27,3.5406578,2,1.7335936
10760.0,2024-25,28,3.800827,1,1.565035
10760.0,2024-25,29,2.9578416,1,1.552019
10760.0,2024-25,30,2.3214886,0,1.7127852
10760.0,2024-25,31,2.7500167,18,1.6274711
10760.0,2024-25,32,2.7970016,5,2.3130603
10760.0,2024-25,33,3.5344698,1,3.021903
10760.0,2024-25,34,2.9649417,2,1.6942743
10760.0,2024-25,35,0.29135814,0,2.2121556
10760.0,2024-25,36,-0.032402728,0,2.052053
10760.0,2024-25,37,1.7898644,1,1.1837548
10760.0,2024-25,38,1.9390732,2,1.2003878
10766.0,2024-25,6,2.0860052,1,0.9040706
10766.0,2024-25,7,1.1991068,2,1.3340937
10766.0,2024-25,8,2.3375454,9,2.3502638
10766.0,2024-25,9,2.5744162,1,2.0844219
10766.0,2024-25,10,3.0271156,1,2.433465
10766.0,2024-25,11,4.599602,2,1.8760842
10766.0,2024-25,12,2.5265114,1,2.1731122
10766.0,2024-25,13,2.2744336,1,2.0837002
10766.0,2024-25,14,2.6799703,8,2.0626674
10766.0,2024-25,15,2.9289663,1,2.1781874
10766.0,2024-25,16,4.0011234,2,2.4002426
10766.0,2024-25,17,2.8178673,1,2.880732
10766.0,2024-25,18,2.645395,1,2.1533597
10766.0,2024-25,19,2.3465316,1,1.5772716
10766.0,2024-25,20,2.6818855,2,1.6717488
10766.0,2024-25,21,2.7812636,3,1.8741628
10766.0,2024-25,22,2.6407952,1,2.000895
10766.0,2024-25,23,2.288419,2,1.7178557
10766.0,2024-25,24,2.730392,10,1.8582343
10766.0,2024-25,25,2.748252,3,1.7681884
10766.0,2024-25,26,2.2931004,2,2.1272998
10766.0,2024-25,27,2.460339,2,1.9609941
10766.0,2024-25,28,2.7111034,1,2.0410438
10766.0,2024-25,29,2.7630477,2,1.8735853
10766.0,2024-25,30,2.5413697,1,2.026811
10766.0,2024-25,31,2.4239643,2,1.8361546
10766.0,2024-25,32,2.964399,0,1.8165376
10766.0,2024-25,33,1.8149858,0,1.3647575
10766.0,2024-25,34,1.6988437,0,1.1600871
10766.0,2024-25,35,1.6047693,0,1.2473861
10766.0,2024-25,36,1.336712,1,1.0461359
10766.0,2024-25,37,1.3459715,1,1.4067048
10766.0,2024-25,38,1.7981219,0,1.5390371
10806.0,2024-25,6,3.130273,2,1.9874017
10806.0,2024-25,7,5.15845,5,2.4297779
10806.0,2024-25,8,3.8047178,1,2.7952096
10806.0,2024-25,9,4.8955655,2,2.6672072
10806.0,2024-25,10,3.584579,2,2.06879
10806.0,2024-25,11,5.2216225,2,2.149025
10806.0,2024-25,12,3.4983757,9,2.829731
10806.0,2024-25,13,5.3298655,10,3.7270904
10806.0,2024-25,14,3.8981123,2,2.6476893
10806.0,2024-25,15,4.8053045,2,2.6126719
10806.0,2024-25,16,5.1067057,2,2.7018123
10806.0,2024-25,17,4.628849,2,3.8131883
10806.0,2024-25,18,5.805274,3,2.9764326
10806.0,2024-25,19,3.6547608,1,2.1262379
10806.0,2024-25,20,3.3581972,1,2.2559266
10806.0,2024-25,21,2.7796054,10,1.8953978
10806.0,2024-25,22,3.1279182,12,2.2923956
10806.0,2024-25,23,5.731782,2,2.3116052
10806.0,2024-25,24,3.9725478,1,1.9055219
10806.0,2024-25,25,3.3779492,10,2.407229
10806.0,2024-25,26,2.69368,8,2.5764062
10806.0,2024-25,27,2.8769634,2,2.1219578
10806.0,2024-25,28,2.6927364,2,1.7932767
10806.0,2024-25,29,2.9886076,1,2.5385969
10806.0,2024-25,30,4.989622,2,2.6935093
10806.0,2024-25,31,2.8829784,2,1.7682683
10806.0,2024-25,32,-0.1957833,0,1.8357509
10806.0,2024-25,33,3.297367,6,1.4867314
10806.0,2024-25,34,3.630108,6,1.7117783
10806.0,2024-25,35,0.42383552,0,1.7442406
10806.0,2024-25,36,3.7614975,1,1.3053586
10806.0,2024-25,37,2.4602077,6,1.4555035
10806.0,2024-25,38,3.915779,4,1.7315737
10809.0,2024-25,6,2.674778,1,2.4016852
10809.0,2024-25,7,2.8302078,5,2.0427918
10809.0,2024-25,8,3.4380782,2,2.204369
10809.0,2024-25,9,4.503332,5,2.131489
10809.0,2024-25,10,2.8644693,3,2.4817688
10809.0,2024-25,11,3.658762,2,2.1964161
10809.0,2024-25,12,3.412144,3,3.2542756
10809.0,2024-25,13,3.587043,1,2.7621784
10809.0,2024-25,14,2.8214374,2,2.153714
10809.0,2024-25,15,3.224958,1,2.1670496
10809.0,2024-25,16,2.624411,2,1.7594482
10809.0,2024-25,17,3.068305,2,2.0702395
10809.0,2024-25,18,2.90538,3,1.7169486
10809.0,2024-25,19,2.5732186,2,2.3436327
10809.0,2024-25,20,5.317772,8,1.9590741
10809.0,2024-25,21,4.3846364,5,2.0332944
10809.0,2024-25,22,3.0660653,2,2.312401
10809.0,2024-25,23,2.5650146,1,1.8621693
10809.0,2024-25,24,2.6677096,2,2.2083812
10809.0,2024-25,25,2.8465905,3,2.0198255
10809.0,2024-25,26,2.5018423,3,2.468942
10809.0,2024-25,27,3.621506,2,2.1064541
10809.0,2024-25,28,4.254785,2,2.0560305
10809.0,2024-25,29,2.5452666,2,1.8987749
10809.0,2024-25,30,2.3970659,1,2.074921
10809.0,2024-25,31,2.9912841,3,2.0307174
10809.0,2024-25,32,2.2385778,2,2.0252917
10809.0,2024-25,33,2.8612568,5,1.9443322
10809.0,2024-25,34,2.424537,0,2.2614284
10809.0,2024-25,35,2.58625,2,1.9892391
10809.0,2024-25,36,1.945329,3,1.9758927
10809.0,2024-25,37,2.4304998,1,1.8899783
10809.0,2024-25,38,2.1596754,2,1.6927513
10822.0,2024-25,7,-0.025154054,0,0.43653628
10822.0,2024-25,8,-0.09507812,0,0.40317696
10822.0,2024-25,9,-0.01765608,0,0.60583985
10822.0,2024-25,10,-0.008695382,0,0.7337372
10822.0,2024-25,11,-0.03339569,0,0.6491002
10822.0,2024-25,12,-0.003172947,0,0.5876157
10822.0,2024-25,13,-0.020743089,0,0.5245526
10822.0,2024-25,14,-0.020743089,0,0.46073708
10822.0,2024-25,15,-0.020743089,0,0.4031588
10822.0,2024-25,16,-0.020743089,0,0.35960835
10822.0,2024-25,17,-0.020743089,0,0.34049007
10822.0,2024-25,18,-0.020743089,0,0.33400384
10822.0,2024-25,19,-0.020743089,0,0.33400384
10822.0,2024-25,20,-0.020743089,0,0.33400384
10822.0,2024-25,21,-0.020743089,0,0.33400384
10822.0,2024-25,22,-0.020743089,0,0.33400384
10822.0,2024-25,23,-0.020743089,0,0.33400384
10822.0,2024-25,24,-0.020743089,0,0.33400384
10822.0,2024-25,25,0.58967584,1,0.33400384
10822.0,2024-25,26,1.3036171,1,0.6252902
10822.0,2024-25,27,1.1678194,2,0.96159744
10822.0,2024-25,28,2.1220474,2,1.677811
10822.0,2024-25,29,2.205985,1,1.8120329
10822.0,2024-25,30,2.2668567,2,1.7266623
10822.0,2024-25,31,2.3747382,1,1.5642629
10822.0,2024-25,32,0.079509385,0,1.2062685
10822.0,2024-25,33,2.3440795,2,0.7699979
10822.0,2024-25,34,2.2775767,1,1.5382711
10822.0,2024-25,35,3.3177414,10,1.5056616
10822.0,2024-25,36,2.7088718,2,1.5395688
10822.0,2024-25,37,2.1897597,2,1.9766167
10822.0,2024-25,38,2.780887,1,2.2857225
10845.0,2024-25,6,2.8464093,1,1.7748978
10845.0,2024-25,7,1.9234817,2,1.5548636
10845.0,2024-25,8,2.8237453,2,1.8771919
10845.0,2024-25,9,2.8030646,1,2.1870968
10845.0,2024-25,10,3.4033616,3,1.9272028
10845.0,2024-25,11,0.17482632,0,1.7356733
10845.0,2024-25,12,2.2564769,2,1.2461444
10845.0,2024-25,13,2.2991753,6,1.9648293
10845.0,2024-25,14,0.22574519,0,1.6010958
10845.0,2024-25,15,2.1757827,1,1.478117
10845.0,2024-25,16,2.650542,2,1.8444449
10845.0,2024-25,17,1.8507195,2,1.899242
10845.0,2024-25,18,2.487886,2,1.7524425
10845.0,2024-25,19,0.28762293,0,1.6238078
10845.0,2024-25,20,0.25335363,0,1.4820746
10845.0,2024-25,21,1.738996,0,1.2400855
10845.0,2024-25,22,1.2861489,0,1.3805543
10845.0,2024-25,23,0.051270444,0,1.2514282
10845.0,2024-25,24,0.11143032,0,0.9219577
10845.0,2024-25,25,0.06759082,0,0.74711657
10845.0,2024-25,26,0.012501121,0,0.5522137
10845.0,2024-25,27,1.0767889,2,0.4042273
10845.0,2024-25,28,0.034135245,0,1.4279999
10845.0,2024-25,29,1.8350984,1,1.0864596
10845.0,2024-25,30,2.2861784,2,1.0284282
10845.0,2024-25,31,0.034992456,0,1.2858058
10845.0,2024-25,32,0.034992456,0,1.0167855
10845.0,2024-25,33,1.7761873,2,0.9549239
10845.0,2024-25,34,1.8890302,2,1.3448104
10845.0,2024-25,35,1.6763176,2,1.5216678
10845.0,2024-25,36,2.079535,2,1.5132362
10845.0,2024-25,37,1.7777272,1,1.6216224
10845.0,2024-25,38,2.015787,2,1.5619782
10866.0,2024-25,6,3.1063316,1,2.762928
10866.0,2024-25,7,2.646194,1,1.1838393
10866.0,2024-25,8,3.8207169,1,0.7919148
10866.0,2024-25,9,0.21036807,0,1.325694
10866.0,2024-25,10,0.31030002,0,1.429703
10866.0,2024-25,11,0.14261942,0,1.3656023
10866.0,2024-25,12,0.15610725,0,0.21673587
10866.0,2024-25,13,0.059150964,0,0.27444482
10866.0,2024-25,14,0.007002678,0,0.7525512
10866.0,2024-25,15,-0.026301345,0,0.68344384
10866.0,2024-25,16,-0.007256355,0,0.6238791
10866.0,2024-25,17,-0.020743089,0,0.5590547
10866.0,2024-25,18,-0.020743089,0,0.48308456
10866.0,2024-25,19,-0.020743089,0,0.41408372
10866.0,2024-25,20,-0.020743089,0,0.36785096
10866.0,2024-25,21,-0.020743089,0,0.33764598
10866.0,2024-25,22,-0.020743089,0,0.33400384
10866.0,2024-25,23,-0.020743089,0,0.33400384
10866.0,2024-25,24,-0.020743089,0,0.33400384
10866.0,2024-25,25,0.9814923,1,0.33400384
10866.0,2024-25,26,0.0146111725,0,0.5766267
10866.0,2024-25,27,1.1960998,1,0.48463732
10866.0,2024-25,28,1.775712,1,0.7796382
10866.0,2024-25,29,1.2792784,1,0.83615005
11000.0,2024-25,7,2.2245634,1,0.8559189
11000.0,2024-25,8,2.1288266,1,0.7893518
11000.0,2024-25,9,3.2502322,6,1.296214
11000.0,2024-25,10,1.9028169,2,1.881812
11000.0,2024-25,11,3.4554417,2,1.8832583
11000.0,2024-25,12,0.9047797,0,2.3120143
11000.0,2024-25,13,3.0018857,0,1.5449909
11000.0,2024-25,14,3.143399,1,1.5896263
11000.0,2024-25,15,1.5854174,7,1.3101504
11000.0,2024-25,16,3.6481645,2,2.0019035
11000.0,2024-25,17,0.5690723,0,2.2219157
11000.0,2024-25,18,0.39384505,0,1.9792339
11000.0,2024-25,19,-0.056984283,0,1.0045623
11000.0,2024-25,20,-0.04785652,0,0.45198524
11000.0,2024-25,21,1.437092,2,0.55531454
11000.0,2024-25,22,2.0463965,2,1.9498228
11000.0,2024-25,23,2.17967,5,1.7956363
11000.0,2024-25,24,2.9623528,2,1.4043164
11000.0,2024-25,25,2.8312023,1,1.843841
11000.0,2024-25,26,-0.0761257,0,1.8908467
11000.0,2024-25,27,2.3121238,3,1.2742523
11000.0,2024-25,28,1.7898132,2,2.0463467
11000.0,2024-25,29,0.028735917,0,1.5718895
11000.0,2024-25,30,2.0327487,3,1.1884543
11000.0,2024-25,31,1.8470566,3,1.5171901
11000.0,2024-25,32,0.092271544,0,1.6191524
11000.0,2024-25,33,1.7565411,8,1.3695323
11000.0,2024-25,33,1.7565411,8,2.052689
11000.0,2024-25,33,2.3595934,8,1.3695323
11000.0,2024-25,33,2.3595934,8,2.052689
11000.0,2024-25,34,0.3230252,0,1.9043732
11000.0,2024-25,35,3.665161,3,1.2427378
11000.0,2024-25,36,0.3109311,0,1.7832869
11000.0,2024-25,37,2.7326221,5,1.471073
11000.0,2024-25,38,2.297983,6,1.6573204
11003.0,2024-25,6,2.461935,1,2.0596397
11003.0,2024-25,7,1.989596,2,1.6702306
11003.0,2024-25,8,2.7572477,3,2.1514459
11003.0,2024-25,9,2.7742376,8,1.8353184
11003.0,2024-25,10,2.986433,3,1.6752958
11003.0,2024-25,11,2.7082162,1,2.2705488
11003.0,2024-25,12,2.1877465,1,1.9794574
11003.0,2024-25,13,2.7599728,3,1.9465245
11003.0,2024-25,14,2.5273423,1,1.8832749
11003.0,2024-25,15,2.935793,2,1.8085276
11003.0,2024-25,16,3.181363,2,1.9723834
11003.0,2024-25,17,2.350296,1,2.0327218
11003.0,2024-25,18,2.3355525,2,2.0356998
11003.0,2024-25,19,0.20472802,0,2.1487677
11003.0,2024-25,20,2.0092778,1,1.7046852
11003.0,2024-25,21,1.7667398,1,1.6558264
11003.0,2024-25,22,1.7878958,1,1.9462124
11003.0,2024-25,23,1.6584718,1,1.5160148
11003.0,2024-25,24,0.05477195,0,1.59469
11003.0,2024-25,25,0.028365733,0,1.1667941
11003.0,2024-25,26,1.6658993,5,0.87618524
11003.0,2024-25,27,1.1501925,1,1.0735587
11003.0,2024-25,28,2.2509012,0,1.2976191
11003.0,2024-25,29,2.2353745,1,1.315433
11003.0,2024-25,30,2.5626085,6,1.3105534
11003.0,2024-25,31,2.1585062,2,1.3645962
11003.0,2024-25,32,3.1981926,1,1.98253
11003.0,2024-25,33,3.2690759,0,1.6160213
11003.0,2024-25,34,2.9065878,2,1.6636163
11003.0,2024-25,35,1.9474154,0,2.115167
11003.0,2024-25,36,1.7025639,1,1.7588451
11003.0,2024-25,37,2.259677,1,1.5337156
11003.0,2024-25,38,1.732986,1,1.484399
11058.0,2024-25,7,1.7687486,1,0.80551326
11058.0,2024-25,8,1.6805408,1,0.9476602
11058.0,2024-25,9,2.5584548,1,1.5866743
11058.0,2024-25,10,0.037937775,0,1.6600081
11058.0,2024-25,11,0.03151661,0,1.1200368
11058.0,2024-25,12,0.0033197228,0,0.7342045
11058.0,2024-25,13,-0.0053899847,0,0.47064942
11058.0,2024-25,14,0.017947625,0,0.5006652
11058.0,2024-25,15,-0.014016334,0,0.49045795
11058.0,2024-25,16,1.1039562,1,0.45501727
11058.0,2024-25,17,1.8924758,1,1.7148178
11058.0,2024-25,18,2.356408,3,1.432127
11058.0,2024-25,19,2.0954552,1,1.4098457
11058.0,2024-25,20,0.039384246,0,1.5902177
11058.0,2024-25,21,0.1486008,0,1.0997603
11058.0,2024-25,22,1.7724055,1,0.6133297
11058.0,2024-25,23,1.3030751,3,0.9146596
11058.0,2024-25,24,3.0495193,2,2.0910654
11058.0,2024-25,25,2.0928032,1,2.7346234
11058.0,2024-25,26,0.39694798,0,2.603328
11058.0,2024-25,27,0.07063788,0,1.8755436
11058.0,2024-25,28,1.4083366,2,0.7266603
11058.0,2024-25,29,2.9661043,2,1.195635
11058.0,2024-25,30,2.1270945,5,1.7231694
11058.0,2024-25,31,3.4493084,1,1.7897743
11058.0,2024-25,32,2.39562,13,1.7560495
11058.0,2024-25,33,2.8667462,1,2.392705
11058.0,2024-25,34,3.0540318,2,2.0517235
11058.0,2024-25,35,2.6761382,9,2.8224902
11058.0,2024-25,36,3.045782,2,2.6348746
11058.0,2024-25,37,3.459019,2,1.8787715
11094.0,2024-25,6,1.816228,0,0.23159918
11094.0,2024-25,7,1.6896787,1,0.073931426
11094.0,2024-25,8,1.9321861,0,0.8986944
11094.0,2024-25,9,2.3305025,0,0.679349
11094.0,2024-25,10,1.8880847,0,0.48800236
11094.0,2024-25,11,1.070067,0,0.3602429
11094.0,2024-25,12,1.3119692,0,0.2120648
11094.0,2024-25,13,0.973321,0,0.30276206
11094.0,2024-25,14,0.62434685,1,0.2864439
11094.0,2024-25,15,1.8008095,0,1.1646241
11094.0,2024-25,16,1.5885544,1,0.9229628
11094.0,2024-25,17,1.5737569,0,0.99807096
11094.0,2024-25,18,1.4432553,1,0.73719645
11094.0,2024-25,19,1.7878431,1,1.0231965
11094.0,2024-25,20,1.2287228,0,1.0843687
11094.0,2024-25,21,1.8261803,1,0.9270284
11094.0,2024-25,22,2.2973387,1,1.6573728
11094.0,2024-25,23,1.9808103,0,1.5133998
11094.0,2024-25,24,2.004375,0,1.3750793
11094.0,2024-25,25,1.8615144,0,0.7195678
11094.0,2024-25,26,1.1397965,0,0.277465
11094.0,2024-25,27,1.7251137,0,0.37593728
11094.0,2024-25,28,1.0370845,0,0.44849613
11094.0,2024-25,29,1.4757851,0,0.5456522
11094.0,2024-25,30,0.82705927,0,0.5703871
11094.0,2024-25,31,0.5063955,0,0.48367435
11094.0,2024-25,32,0.4760276,0,0.37811795
11094.0,2024-25,33,0.5252772,0,0.2685827
11094.0,2024-25,34,0.4578113,0,0.22195658
11094.0,2024-25,35,0.38378736,0,0.21587308
11094.0,2024-25,36,0.50418454,0,0.24236877
11094.0,2024-25,37,0.4542855,0,0.24163605
11094.0,2024-25,38,0.4041233,0,0.28877777
11132.0,2024-25,9,1.407863,1,0.6452842
11132.0,2024-25,10,1.1283041,1,0.91929746
11132.0,2024-25,11,-0.10738757,0,1.0426499
11132.0,2024-25,12,1.5352246,6,1.1601255
11132.0,2024-25,13,2.6488304,1,1.0669777
11132.0,2024-25,14,0.27825034,0,1.2513096
11132.0,2024-25,15,2.106456,1,0.99430096
11132.0,2024-25,16,1.3945706,1,1.0936886
11132.0,2024-25,17,1.5593598,1,0.97671455
11132.0,2024-25,18,0.0517641,0,1.1062822
11132.0,2024-25,19,1.4997807,2,1.0099522
11132.0,2024-25,20,2.7367005,6,1.4106078
11132.0,2024-25,21,0.029481152,0,1.2865025
11132.0,2024-25,22,0.037693128,0,0.8495278
11132.0,2024-25,23,1.6199672,1,0.7537348
11132.0,2024-25,24,1.6384553,6,0.9936201
11132.0,2024-25,25,2.0005658,9,1.14794
11132.0,2024-25,26,2.9538302,2,2.5519733
11132.0,2024-25,27,2.8259437,3,2.0421844
11132.0,2024-25,28,3.5877721,1,3.0252695
11132.0,2024-25,29,3.737903,1,2.1589174
11132.0,2024-25,30,2.709364,6,1.2826759
11132.0,2024-25,31,2.5633633,1,2.0320225
11132.0,2024-25,32,3.5167158,3,1.80191
11132.0,2024-25,33,3.6543088,6,2.0233154
11132.0,2024-25,33,3.6543088,6,2.381178
11132.0,2024-25,33,3.000864,1,2.0233154
11132.0,2024-25,33,3.000864,1,2.381178
11132.0,2024-25,34,-0.17173964,0,2.1363094
11132.0,2024-25,35,2.0813553,1,1.581677
11132.0,2024-25,36,0.02883146,0,1.3626486
11132.0,2024-25,37,-0.039253168,0,1.0171404
11132.0,2024-25,38,1.8076748,2,0.7140974
11164.0,2024-25,22,1.1242053e-05,0,0.3004052
11164.0,2024-25,23,-0.019591255,0,0.39997452
11164.0,2024-25,24,-0.010035845,0,0.3727501
11164.0,2024-25,25,-0.006061219,0,0.36205307
11164.0,2024-25,26,-0.020743089,0,0.3561325
11164.0,2024-25,27,-0.020743089,0,0.35215515
11164.0,2024-25,28,-0.020743089,0,0.34698468
11164.0,2024-25,29,-0.020743089,0,0.34188867
11164.0,2024-25,30,-0.020743089,0,0.33750206
11164.0,2024-25,31,-0.020743089,0,0.33400384
11164.0,2024-25,32,-0.020743089,0,0.33400384
11164.0,2024-25,33,-0.020743089,0,0.33400384
11164.0,2024-25,34,-0.020743089,0,0.33400384
11164.0,2024-25,35,-0.020743089,0,0.33400384
11164.0,2024-25,36,0.6347415,1,0.33400384
11174.0,2024-25,6,2.2793705,1,1.684573
11174.0,2024-25,7,2.0798333,2,1.5005288
11174.0,2024-25,8,-0.044536103,0,1.5142947
11174.0,2024-25,9,0.002366697,0,1.031724
11174.0,2024-25,10,-0.062152285,0,0.85220194
11174.0,2024-25,11,-0.0055961586,0,0.78612864
11174.0,2024-25,12,0.013477085,0,0.7694119
11174.0,2024-25,13,1.3640921,2,0.690149
11174.0,2024-25,14,-0.019529147,0,1.8504928
11174.0,2024-25,15,1.8412981,2,1.3469762
11174.0,2024-25,16,2.0115252,2,1.7886989
11174.0,2024-25,17,1.9380282,2,1.6648873
11174.0,2024-25,18,3.163328,2,1.9526286
11174.0,2024-25,19,2.626733,1,1.3893855
11174.0,2024-25,20,2.1110466,2,1.7524351
11174.0,2024-25,21,2.8942108,1,1.6513792
11174.0,2024-25,22,3.0515592,2,1.3145853
11174.0,2024-25,23,2.5146973,1,1.2998706
11174.0,2024-25,24,2.2163916,2,1.3478779
11174.0,2024-25,25,0.07714554,0,1.8418022
11174.0,2024-25,26,0.016862385,0,1.4703223
11174.0,2024-25,27,0.03334315,0,0.97703147
11174.0,2024-25,28,0.011625394,0,0.7905967
11174.0,2024-25,29,-0.053984247,0,0.6701044
11174.0,2024-25,30,-0.023519129,0,0.65936697
11174.0,2024-25,31,-0.023519129,0,0.5837781
11174.0,2024-25,32,1.200631,1,0.5251005
11174.0,2024-25,33,1.1765887,1,0.9928401
11174.0,2024-25,34,1.7344334,2,1.2025281
11174.0,2024-25,35,1.954198,2,1.4187893
11174.0,2024-25,36,2.1584103,2,1.4835231
11174.0,2024-25,37,1.7234563,1,1.568071
11174.0,2024-25,38,1.7058257,1,1.5079663
11269.0,2024-25,6,2.8109717,2,1.5440389
11269.0,2024-25,7,3.0553813,2,2.1436372
11269.0,2024-25,8,2.711905,2,1.9009618
11269.0,2024-25,9,0.47123286,0,2.0841866
11269.0,2024-25,10,2.7021108,2,1.6171871
11269.0,2024-25,11,2.687813,1,1.9894274
11269.0,2024-25,12,0.24617974,0,1.6399695
11269.0,2024-25,13,0.09483587,0,1.4249474
11269.0,2024-25,14,0.014404617,0,1.1514357
11269.0,2024-25,15,-0.0023101007,0,0.8938062
11269.0,2024-25,16,-0.023875033,0,0.724344
11269.0,2024-25,17,-0.030576954,0,0.7083001
11269.0,2024-25,18,-0.030576954,0,0.614522
11269.0,2024-25,19,-0.050836757,0,0.5192486
11269.0,2024-25,20,-0.020743089,0,0.46948576
11269.0,2024-25,21,-0.020743089,0,0.42430228
11269.0,2024-25,22,-0.020743089,0,0.38404608
11269.0,2024-25,23,0.674314,1,0.36033812
11269.0,2024-25,24,1.1261833,0,0.634604
11269.0,2024-25,25,1.9070169,3,1.1289684
11269.0,2024-25,26,1.6355591,10,1.4827847
11269.0,2024-25,27,2.3470337,1,1.8103848
11269.0,2024-25,28,2.6025443,2,1.4701465
11269.0,2024-25,29,2.3625157,5,1.8794221
11269.0,2024-25,30,2.6901877,1,2.2984874
11269.0,2024-25,31,2.343102,2,1.7044017
11269.0,2024-25,32,3.0903506,2,2.6713424
11269.0,2024-25,33,3.5257678,5,2.215302
11269.0,2024-25,34,3.6712122,4,2.2582507
11269.0,2024-25,35,3.2755146,3,2.3958
11269.0,2024-25,36,3.2499647,1,2.0790844
11269.0,2024-25,37,2.8315816,6,2.190412
11269.0,2024-25,38,3.1468396,15,1.2072996
11297.0,2024-25,6,-0.045406796,0,0.4095524
11297.0,2024-25,7,-0.054896,0,0.5880191
11297.0,2024-25,8,-0.03958019,0,0.48443913
11297.0,2024-25,9,-0.03955958,0,0.4422209
11297.0,2024-25,10,-0.020743089,0,0.41896105
11297.0,2024-25,11,-0.020743089,0,0.40047342
11297.0,2024-25,12,-0.020743089,0,0.37867934
11297.0,2024-25,13,-0.020743089,0,0.35907584
11297.0,2024-25,14,-0.020743089,0,0.3438819
11297.0,2024-25,15,-0.020743089,0,0.33400384
11297.0,2024-25,16,-0.020743089,0,0.33400384
11297.0,2024-25,17,-0.020743089,0,0.33400384
11297.0,2024-25,18,-0.020743089,0,0.33400384
11297.0,2024-25,19,-0.020743089,0,0.33400384
11297.0,2024-25,20,-0.020743089,0,0.33400384
11297.0,2024-25,21,-0.020743089,0,0.33400384
11297.0,2024-25,22,-0.020743089,0,0.33400384
11297.0,2024-25,23,-0.020743089,0,0.33400384
11297.0,2024-25,24,0.8645317,1,0.33400384
11297.0,2024-25,25,1.1769007,13,0.81053376
11297.0,2024-25,26,3.4009616,1,1.8142983
11297.0,2024-25,27,2.3085434,1,1.6369773
11297.0,2024-25,28,3.4141698,0,2.15159
11297.0,2024-25,29,2.8031156,2,1.7026808
11297.0,2024-25,30,2.637548,2,1.3724033
11297.0,2024-25,31,3.1397252,0,1.9953047
11297.0,2024-25,32,3.7314475,1,1.5472022
11297.0,2024-25,33,3.6341026,1,2.1136107
11297.0,2024-25,34,1.7968346,1,1.6939164
11297.0,2024-25,35,2.1593258,4,2.1610494
11297.0,2024-25,36,1.8601233,5,2.5701823
11297.0,2024-25,37,4.3023453,1,2.7648435
11297.0,2024-25,38,2.8910863,10,2.122351
11305.0,2024-25,7,1.286349,1,0.7605964
11305.0,2024-25,8,-0.006404279,0,1.3226227
11305.0,2024-25,9,1.56819,1,1.3479961
11305.0,2024-25,10,2.1150012,1,1.6013135
11305.0,2024-25,11,1.8994657,1,1.5763271
11310.0,2024-25,12,-0.117675416,0,1.4104091
11310.0,2024-25,13,0.029154489,0,1.1988579
11310.0,2024-25,14,1.4922253,1,0.91257894
11310.0,2024-25,15,-0.07605946,0,0.9543736
11310.0,2024-25,16,1.2450469,1,0.81228286
11310.0,2024-25,17,1.735958,2,1.150995
11310.0,2024-25,18,2.0764682,3,1.5192043
11310.0,2024-25,19,2.0294042,1,1.548532
11310.0,2024-25,20,2.2144616,1,1.4136277
11310.0,2024-25,21,0.12543908,0,1.8999844
11310.0,2024-25,22,0.14181983,0,1.2454171
11310.0,2024-25,23,2.6405857,1,0.7307368
11310.0,2024-25,24,0.06662399,0,1.1789278
11310.0,2024-25,25,0.08640933,0,1.0290275
11310.0,2024-25,26,2.226803,4,0.9785923
11310.0,2024-25,27,0.38363323,0,1.516373
11310.0,2024-25,28,0.32640293,0,1.0850295
11310.0,2024-25,29,1.7637163,1,0.9641938
11310.0,2024-25,30,1.684533,2,1.0701102
11310.0,2024-25,31,1.710975,1,1.3525783
11310.0,2024-25,32,2.16353,1,1.6166741
11310.0,2024-25,33,0.12682563,0,1.3163923
11310.0,2024-25,34,2.0303535,7,0.97647846
11310.0,2024-25,35,2.9910254,1,0.84832966
11310.0,2024-25,36,2.038384,6,0.7941425
11310.0,2024-25,37,4.5330863,6,0.91445124
11310.0,2024-25,38,4.1251693,2,1.2296561
11317.0,2024-25,6,1.1506646,0,0.46081448
11317.0,2024-25,7,0.8380906,0,0.34506235
11317.0,2024-25,8,0.96831393,0,0.28302446
11317.0,2024-25,9,1.2332082,0,0.21593721
11317.0,2024-25,10,0.5265463,0,0.18369213
11317.0,2024-25,11,0.47031465,0,0.19739929
11317.0,2024-25,12,0.32745776,0,0.22952025
11317.0,2024-25,13,0.46548468,0,0.43175775
11317.0,2024-25,14,0.40003696,0,0.31676397
11317.0,2024-25,15,0.557225,0,0.2624746
11317.0,2024-25,16,0.529463,0,0.21687068
11317.0,2024-25,17,0.4038392,0,0.17736629
11317.0,2024-25,18,0.46541268,0,0.24744248
11317.0,2024-25,19,0.7733445,0,0.22545321
11317.0,2024-25,20,0.6051225,0,0.22661777
11317.0,2024-25,21,0.8791916,0,0.19899148
11317.0,2024-25,22,0.65643805,0,0.28802273
11317.0,2024-25,23,0.42898571,0,0.2745329
11317.0,2024-25,24,0.5265463,3,0.3012411
11317.0,2024-25,25,1.469554,2,1.4753138
11317.0,2024-25,26,1.6886904,0,1.5054446
11317.0,2024-25,27,1.9119631,1,1.0656663
11317.0,2024-25,28,2.0553596,0,0.98617613
11317.0,2024-25,29,1.4414471,1,0.69531226
11317.0,2024-25,30,1.6043575,1,0.8688129
11317.0,2024-25,31,1.4656943,0,0.91357446
11317.0,2024-25,32,1.6519976,0,0.77909946
11317.0,2024-25,33,1.5375907,1,0.60261667
11317.0,2024-25,34,1.4806646,0,0.5654664
11317.0,2024-25,35,1.3694298,0,0.6545172
11317.0,2024-25,36,1.3940074,0,0.53021556
11317.0,2024-25,37,1.1681504,1,0.3503983
11317.0,2024-25,38,1.2738156,0,0.48128635
11356.0,2024-25,6,2.331153,1,2.36651
11356.0,2024-25,7,1.6891063,2,2.0389318
11356.0,2024-25,8,2.0499945,1,1.6804184
11356.0,2024-25,9,2.4822161,1,1.3439118
11356.0,2024-25,10,2.0880513,1,1.1663058
11356.0,2024-25,11,1.7320915,4,1.15823
11356.0,2024-25,12,2.2035077,12,1.6374589
11356.0,2024-25,13,2.7741377,9,1.8057753
11356.0,2024-25,14,3.4767978,5,2.2579057
11356.0,2024-25,15,4.120572,9,4.476496
11356.0,2024-25,16,3.4882426,5,3.2660832
11356.0,2024-25,17,5.1861086,3,3.2232466
11356.0,2024-25,18,3.1737738,2,2.9790027
11356.0,2024-25,19,5.6085396,1,2.5763571
11356.0,2024-25,20,4.916278,1,3.1476674
11356.0,2024-25,21,3.9249313,2,2.5489342
11356.0,2024-25,22,-0.42217678,0,2.9568505
11356.0,2024-25,23,3.0702124,2,2.8591847
11356.0,2024-25,24,3.1506972,4,2.7940924
11356.0,2024-25,25,3.2019875,1,1.902573
11356.0,2024-25,26,3.0105577,7,2.2748072
11356.0,2024-25,27,4.1752977,3,3.1370337
11356.0,2024-25,28,6.849528,6,2.3722427
11356.0,2024-25,29,2.2839592,2,2.5248585
11356.0,2024-25,30,3.3099594,11,2.1826515
11356.0,2024-25,31,4.976316,2,2.5226183
11356.0,2024-25,32,5.9115725,2,2.7516642
11356.0,2024-25,33,4.962123,5,4.206271
11356.0,2024-25,34,6.0663733,6,3.7119904
11356.0,2024-25,35,4.445381,9,2.4365177
11356.0,2024-25,36,3.3807895,1,2.6835387
11356.0,2024-25,37,4.1297913,3,2.4234858
11356.0,2024-25,38,4.0550857,3,2.5399022
11357.0,2024-25,7,3.54171,10,3.7763472
11357.0,2024-25,8,3.6152427,2,3.0388901
11357.0,2024-25,9,4.688713,1,3.984133
11357.0,2024-25,10,4.2160645,2,5.2492967
11357.0,2024-25,11,3.4693537,1,3.6241074
11357.0,2024-25,12,3.1675658,3,2.8765962
11357.0,2024-25,13,4.2541456,3,5.001287
11357.0,2024-25,14,4.3155975,13,2.5112255
11357.0,2024-25,15,4.766912,1,2.3122692
11357.0,2024-25,16,5.712499,6,1.8515486
11357.0,2024-25,17,5.776771,1,1.90231
11357.0,2024-25,18,-0.19998196,0,2.7332723
11357.0,2024-25,19,4.2996535,2,2.5105011
11357.0,2024-25,20,3.7963068,1,2.9214725
11357.0,2024-25,21,3.5631418,2,2.545123
11357.0,2024-25,22,5.183539,7,2.636736
11357.0,2024-25,23,2.2305675,9,4.290301
11357.0,2024-25,24,5.4062877,2,4.5170913
11357.0,2024-25,25,3.8830574,1,2.4774122
11357.0,2024-25,26,0.35995346,0,1.9383122
11357.0,2024-25,27,-0.34298778,0,1.0782207
11357.0,2024-25,28,-0.44961673,0,0.6741243
11357.0,2024-25,29,-0.16522656,0,0.5230176
11357.0,2024-25,30,2.010682,1,0.6258806
11357.0,2024-25,31,2.1001189,1,1.1190242
11357.0,2024-25,32,2.4095578,5,1.6246859
11357.0,2024-25,33,2.3342655,1,2.2824044
11357.0,2024-25,34,2.7608595,3,1.8529041
11357.0,2024-25,35,1.760848,2,2.3575096
11357.0,2024-25,36,2.2818758,1,2.145672
11357.0,2024-25,37,3.9547806,3,1.8186071
11357.0,2024-25,38,3.177752,3,2.033325
11362.0,2024-25,6,1.671241,4,1.5036474
11362.0,2024-25,7,3.1384683,11,1.8395107
11362.0,2024-25,8,3.628298,6,1.3615481
11362.0,2024-25,9,4.940752,2,2.0932043
11362.0,2024-25,10,4.1950345,1,2.0817642
11362.0,2024-25,11,3.579753,1,3.0720973
11362.0,2024-25,12,0.2700127,0,2.7135048
11362.0,2024-25,13,3.3815076,8,1.7472328
11362.0,2024-25,14,5.713971,3,2.2537508
11362.0,2024-25,15,0.8033686,0,1.7352182
11362.0,2024-25,16,3.645779,1,2.493433
11362.0,2024-25,17,2.79184,1,2.3426504
11362.0,2024-25,18,1.3627988,1,1.4784714
11362.0,2024-25,19,2.190278,2,1.6652793
11362.0,2024-25,20,2.1797724,1,2.1212494
11362.0,2024-25,21,2.4505262,2,1.8941112
11362.0,2024-25,22,2.1827905,1,1.8446041
11362.0,2024-25,23,1.952262,0,1.9813465
11362.0,2024-25,24,0.006533679,0,1.7812818
11362.0,2024-25,25,1.3994815,1,0.89705837
11362.0,2024-25,26,1.4346819,0,1.0995167
11362.0,2024-25,27,2.441564,2,1.5926005
11362.0,2024-25,28,2.0198975,1,2.1853092
11362.0,2024-25,29,2.982565,1,1.8929839
11362.0,2024-25,30,1.9305352,1,1.4075454
11362.0,2024-25,31,1.9158536,1,1.5163045
11362.0,2024-25,32,-0.023970565,0,1.5184687
11362.0,2024-25,33,1.4801807,1,1.0359378
11362.0,2024-25,34,1.9143199,1,1.3003575
11362.0,2024-25,35,0.33639014,0,1.4532932
11362.0,2024-25,36,2.2498105,7,1.0541893
11362.0,2024-25,37,-0.043056674,0,1.2237519
11362.0,2024-25,38,1.8351139,1,1.1093953
11363.0,2024-25,6,6.533746,7,2.9592628
11363.0,2024-25,7,6.488713,2,1.8353308
11363.0,2024-25,8,6.455136,2,4.8581133
11363.0,2024-25,9,5.531167,1,5.5929856
11363.0,2024-25,10,4.661851,10,5.0362535
11363.0,2024-25,11,3.7341166,2,2.3315768
11363.0,2024-25,12,4.6048527,1,3.4716287
11363.0,2024-25,13,-0.48353,0,2.688976
11363.0,2024-25,14,3.8578894,3,3.2534268
11363.0,2024-25,15,4.5081263,2,3.1258163
11363.0,2024-25,16,4.870385,3,3.5579338
11363.0,2024-25,17,3.4702356,8,2.1964948
11363.0,2024-25,18,4.292751,3,2.318009
11363.0,2024-25,19,2.4163077,5,2.063653
11363.0,2024-25,20,5.089031,3,2.479527
11363.0,2024-25,21,4.200729,12,1.9429668
11363.0,2024-25,22,3.6668797,5,3.3506188
11363.0,2024-25,23,5.7491293,9,3.3451629
11363.0,2024-25,24,6.1362786,2,3.0064533
11363.0,2024-25,25,3.8757606,4,2.5597982
11363.0,2024-25,26,5.963594,2,2.377079
11363.0,2024-25,27,3.651579,1,1.9238416
11363.0,2024-25,28,4.1892195,1,2.5767856
11363.0,2024-25,29,4.4013376,1,2.814385
11363.0,2024-25,30,6.282133,2,3.1443613
11363.0,2024-25,31,5.5499005,6,2.1508496
11363.0,2024-25,32,3.1873927,10,3.452398
11363.0,2024-25,33,3.5502136,3,2.9016852
11363.0,2024-25,34,4.8908143,9,3.3582113
11363.0,2024-25,35,3.383329,4,2.756815
11363.0,2024-25,36,3.6593668,2,2.718033
11363.0,2024-25,37,3.7358115,2,2.0942428
11363.0,2024-25,38,3.3171222,16,2.6242516
11383.0,2024-25,6,2.1519992,1,1.1821207
11383.0,2024-25,7,0.03268395,0,1.1453598
11383.0,2024-25,8,1.367501,0,1.0324463
11383.0,2024-25,9,0.040589195,0,1.1928872
11383.0,2024-25,10,0.4483676,0,1.0307493
11383.0,2024-25,11,0.4538678,0,0.7773612
11383.0,2024-25,12,0.0061364532,0,0.62201905
11383.0,2024-25,13,0.00022606784,0,0.33335543
11383.0,2024-25,14,1.5414172,1,0.46162754
11383.0,2024-25,15,1.3647771,1,0.7254981
11383.0,2024-25,16,0.02779662,0,0.6642848
11383.0,2024-25,17,0.0146111725,0,0.6671166
11383.0,2024-25,18,0.0146111725,0,0.5864124
11383.0,2024-25,19,0.00921613,0,0.53218406
11383.0,2024-25,20,0.00921613,0,0.5781298
11383.0,2024-25,21,-0.006061219,0,0.35257822
11383.0,2024-25,22,-0.006061219,0,0.34654966
11383.0,2024-25,23,-0.006061219,0,0.34654966
11383.0,2024-25,24,-0.020743089,0,0.3469054
11383.0,2024-25,25,-0.020743089,0,0.34589955
11383.0,2024-25,26,-0.020743089,0,0.34277353
11383.0,2024-25,27,-0.020743089,0,0.3389722
11383.0,2024-25,28,-0.020743089,0,0.33530438
11383.0,2024-25,29,0.29479966,0,0.33400384
11383.0,2024-25,30,-0.020743089,0,0.4490499
11383.0,2024-25,31,0.50995827,0,0.3926907
11383.0,2024-25,32,-0.020743089,0,0.38441288
11383.0,2024-25,33,-0.020743089,0,0.27771342
11383.0,2024-25,34,-0.020743089,0,0.16847655
11383.0,2024-25,35,0.3887614,0,0.27186418
11383.0,2024-25,36,-0.020743089,0,0.39979106
11383.0,2024-25,37,-0.020743089,0,0.48272544
11383.0,2024-25,38,0.6523264,0,0.38599944
11385.0,2024-25,6,2.3829687,1,2.1801565
11385.0,2024-25,7,0.00074865203,0,1.7980825
11385.0,2024-25,8,1.6308625,2,1.0997603
11385.0,2024-25,9,1.6589109,2,1.4587339
11385.0,2024-25,10,2.0372336,2,1.7293483
11385.0,2024-25,11,2.9514296,0,1.5761629
11385.0,2024-25,12,2.2946835,3,1.5094343
11385.0,2024-25,13,2.5235248,2,1.7324833
11385.0,2024-25,14,-0.0013162615,0,2.053183
11385.0,2024-25,15,2.1603613,3,1.5263588
11385.0,2024-25,16,1.9631103,2,1.5449787
11385.0,2024-25,17,1.9238663,1,1.5224563
11385.0,2024-25,18,3.2212577,1,1.5521923
11385.0,2024-25,19,2.1973183,1,1.604745
11385.0,2024-25,20,1.945199,2,1.3905224
11385.0,2024-25,21,2.2910924,3,1.6278654
11385.0,2024-25,22,2.2993338,2,1.6564964
11385.0,2024-25,23,2.434096,2,2.125904
11385.0,2024-25,24,0.4793626,0,1.6694468
11385.0,2024-25,25,2.6252499,1,1.1934056
11385.0,2024-25,26,3.727371,3,1.0069274
11385.0,2024-25,27,2.5591233,1,1.7973677
11385.0,2024-25,28,2.10665,5,1.3604051
11385.0,2024-25,29,2.0111945,1,1.11019
11385.0,2024-25,30,2.3448687,2,1.2392222
11385.0,2024-25,31,1.8204366,1,1.7504312
11385.0,2024-25,32,3.5433984,2,1.9722675
11385.0,2024-25,33,3.1804376,1,1.764166
11385.0,2024-25,34,2.7115297,7,1.9337255
11385.0,2024-25,35,2.8476493,1,1.2401716
11385.0,2024-25,36,2.0019953,3,1.5434276
11385.0,2024-25,37,2.6957033,9,2.1650887
11385.0,2024-25,38,2.4250934,1,2.012322
11386.0,2024-25,22,-0.006388056,0,0.8523722
11386.0,2024-25,23,1.4188827,1,0.76616746
11386.0,2024-25,24,1.2423527,1,0.8432059
11386.0,2024-25,25,1.1816248,1,0.9730184
11386.0,2024-25,26,2.1256979,8,1.7817012
11386.0,2024-25,27,2.061493,1,1.695154
11386.0,2024-25,28,0.037817944,0,1.8115499
11386.0,2024-25,29,0.03004061,0,1.2325875
11386.0,2024-25,30,1.6615474,1,0.78213125
11386.0,2024-25,31,1.524048,1,0.94846976
11386.0,2024-25,32,2.1616116,1,1.8512417
11386.0,2024-25,33,0.05756249,0,1.8782085
11386.0,2024-25,34,2.0058248,1,1.2978369
11386.0,2024-25,35,0.040607464,0,1.1654713
11386.0,2024-25,36,1.4911633,1,1.0844353
11386.0,2024-25,37,1.3164922,1,1.2591213
11592.0,2024-25,6,0.48980388,0,0.30798438
11592.0,2024-25,7,0.5592319,0,0.3609636
11592.0,2024-25,8,0.71829134,0,0.26955312
11592.0,2024-25,9,0.51740974,0,0.16173652
11592.0,2024-25,10,0.33169535,0,0.1298754
11592.0,2024-25,11,0.5214334,0,0.22886154
11592.0,2024-25,12,0.43360275,0,0.26554465
11592.0,2024-25,13,0.42693007,0,0.2571019
11592.0,2024-25,14,0.3906663,0,0.25805306
11592.0,2024-25,15,0.3334128,0,0.24026413
11592.0,2024-25,16,0.4577796,0,0.32045737
11592.0,2024-25,17,0.42693007,0,0.25735995
11592.0,2024-25,18,0.6460421,0,0.22589058
11592.0,2024-25,19,0.72793615,0,0.22457229
11592.0,2024-25,20,0.5134575,0,0.19458687
11592.0,2024-25,21,0.47697285,0,0.19554885
11592.0,2024-25,22,0.7429653,1,0.16988465
11592.0,2024-25,23,1.5571643,0,0.33177418
11592.0,2024-25,24,0.9372254,0,0.34444553
11592.0,2024-25,25,1.3470153,1,0.38038647
11592.0,2024-25,26,1.0989279,0,0.5553451
11592.0,2024-25,27,1.3858799,0,0.6857683
11592.0,2024-25,28,0.95127964,0,0.65454775
11592.0,2024-25,29,1.1419429,0,0.44487014
11592.0,2024-25,30,1.4458634,3,0.34875056
11592.0,2024-25,31,2.511306,3,1.6288489
11592.0,2024-25,32,2.27173,8,1.8257698
11592.0,2024-25,33,3.704483,11,2.1519287
11592.0,2024-25,33,3.704483,11,2.21104
11592.0,2024-25,33,3.419802,2,2.1519287
11592.0,2024-25,33,3.419802,2,2.21104
11592.0,2024-25,34,1.1010019,0,2.6901355
11592.0,2024-25,35,3.824009,1,1.51564
11592.0,2024-25,36,3.5928087,1,1.1478493
11592.0,2024-25,37,2.7320101,0,1.4583448
11592.0,2024-25,38,2.1865242,0,1.4395806
11618.0,2024-25,6,-0.037638996,0,0.27682468
11618.0,2024-25,7,-0.030580396,0,0.5125186
11618.0,2024-25,8,-0.0152646005,0,0.45906663
11618.0,2024-25,9,-0.015244009,0,0.42622828
11618.0,2024-25,10,-0.020743089,0,0.4066859
11618.0,2024-25,11,-0.020743089,0,0.392259
11618.0,2024-25,12,-0.020743089,0,0.37427965
11618.0,2024-25,13,-0.020743089,0,0.35720885
11618.0,2024-25,14,-0.020743089,0,0.34335908
11618.0,2024-25,15,0.4215362,0,0.33400384
11618.0,2024-25,16,0.07075286,0,0.57249296
11618.0,2024-25,17,0.07075286,0,0.45830363
11618.0,2024-25,18,0.07075286,0,0.3671106
11618.0,2024-25,19,0.021960324,0,0.3052184
11618.0,2024-25,20,0.021960324,0,0.25303286
11618.0,2024-25,21,-0.0043815305,0,0.3362401
11618.0,2024-25,22,-0.0043815305,0,0.3362401
11618.0,2024-25,23,-0.0043815305,0,0.3362401
11618.0,2024-25,24,-0.020743089,0,0.3362401
11618.0,2024-25,25,-0.020743089,0,0.33629468
11618.0,2024-25,26,-0.020743089,0,0.3360862
11618.0,2024-25,27,-0.020743089,0,0.3357042
11618.0,2024-25,28,-0.020743089,0,0.33508873
11618.0,2024-25,29,-0.020743089,0,0.33400384
11618.0,2024-25,30,-0.020743089,0,0.33400384
11618.0,2024-25,31,0.509915,0,0.33400384
11618.0,2024-25,32,0.5865546,0,0.41656077
11618.0,2024-25,33,0.7187214,0,0.43526328
11618.0,2024-25,34,0.4932008,0,0.45275235
11618.0,2024-25,35,0.7075528,0,0.40148616
11618.0,2024-25,36,0.4802826,0,0.2703122
11710.0,2024-25,6,0.023345275,0,1.4431697
11710.0,2024-25,7,0.22263056,0,1.083665
11710.0,2024-25,8,-0.0128140915,0,0.09645657
11710.0,2024-25,9,0.07334674,0,0.19402564
11710.0,2024-25,10,1.2403802,1,0.30030805
11710.0,2024-25,11,1.1820481,2,1.380751
11710.0,2024-25,12,1.4893792,1,2.1590564
11710.0,2024-25,13,2.1330132,1,1.8734208
11710.0,2024-25,14,2.0720005,2,1.2899435
11710.0,2024-25,15,0.13270268,0,1.6930958
11710.0,2024-25,16,2.5655951,1,1.4546193
11710.0,2024-25,17,0.049660686,0,1.0711929
11710.0,2024-25,18,1.9675496,1,0.72301346
11710.0,2024-25,19,1.937085,6,1.017149
11710.0,2024-25,20,1.606788,2,1.4058176
11710.0,2024-25,21,2.227761,3,1.8615056
11710.0,2024-25,22,-0.011017112,0,1.7737864
11710.0,2024-25,23,-0.068323076,0,1.269459
11710.0,2024-25,24,1.6000754,1,0.61099917
11710.0,2024-25,25,2.2155566,1,0.858364
11710.0,2024-25,26,2.3666475,1,1.365787
11710.0,2024-25,27,0.32921866,0,2.430595
11710.0,2024-25,28,1.952664,1,1.6497821
11710.0,2024-25,29,1.4266634,1,1.1289026
11710.0,2024-25,30,1.3730541,2,0.9668666
11710.0,2024-25,31,1.6358306,1,1.0914949
11710.0,2024-25,32,2.8684928,5,2.1142197
11710.0,2024-25,33,3.7982736,1,1.9636401
11710.0,2024-25,34,3.0743446,2,1.9919827
11710.0,2024-25,35,2.4858592,3,1.6295426
11710.0,2024-25,36,2.27494,4,2.0035686
11710.0,2024-25,37,3.0224583,2,3.0222435
11710.0,2024-25,38,3.2437563,1,3.0502434
11719.0,2024-25,8,0.028139602,0,1.3893026
11719.0,2024-25,9,1.6292404,1,1.1508231
11735.0,2024-25,6,3.060719,1,1.57714
11735.0,2024-25,7,4.6636634,0,2.776373
11735.0,2024-25,8,3.3639326,1,1.4561379
11735.0,2024-25,9,5.7113237,6,1.7883415
11735.0,2024-25,10,3.784976,0,1.7014474
11735.0,2024-25,11,4.698436,3,1.3698602
11735.0,2024-25,12,4.54119,2,1.99482
11735.0,2024-25,13,2.5297282,1,1.3839012
11735.0,2024-25,14,3.6780355,1,1.572411
11735.0,2024-25,15,1.9209683,2,1.8487383
11735.0,2024-25,16,4.337746,1,1.7633508
11735.0,2024-25,17,2.1340213,1,1.4896268
11735.0,2024-25,18,2.3339677,3,2.210985
11735.0,2024-25,19,3.1362116,14,1.8171982
11735.0,2024-25,20,4.896905,13,1.952329
11735.0,2024-25,21,3.9102085,5,2.8170474
11735.0,2024-25,22,4.858802,0,2.642042
11735.0,2024-25,23,3.3654647,0,2.3160741
11735.0,2024-25,24,2.161111,5,1.8230582
11735.0,2024-25,25,3.7719953,6,1.9448661
11735.0,2024-25,26,3.7165258,2,1.4364834
11735.0,2024-25,27,4.06162,3,1.7612554
11735.0,2024-25,28,2.6746805,3,3.45581
11735.0,2024-25,29,3.8030062,0,2.3010619
11735.0,2024-25,30,4.2763815,9,1.4901615
11735.0,2024-25,31,3.793671,0,1.4890712
11735.0,2024-25,32,4.167223,1,1.8216465
11735.0,2024-25,33,2.556425,3,1.0909294
11735.0,2024-25,33,2.556425,3,1.4527954
11735.0,2024-25,33,2.989571,0,1.0909294
11735.0,2024-25,33,2.989571,0,1.4527954
11735.0,2024-25,34,0.100266434,0,1.2186078
11735.0,2024-25,35,3.0681973,0,1.411745
11735.0,2024-25,36,1.7937894,1,0.7223095
11735.0,2024-25,37,1.971207,0,0.9074002
11735.0,2024-25,38,1.4131064,1,1.2102951
11766.0,2024-25,9,0.05495549,0,0.90324986
11766.0,2024-25,10,1.4589889,1,0.9184006
11766.0,2024-25,11,1.755783,3,1.3243556
11766.0,2024-25,12,1.7418473,1,1.4250263
11766.0,2024-25,13,1.8972694,1,1.3470755
11766.0,2024-25,14,1.6322995,1,1.2635623
11766.0,2024-25,15,1.9448243,2,1.4345157
11766.0,2024-25,16,1.6376655,2,1.3407604
11766.0,2024-25,17,1.9425764,0,1.580964
11766.0,2024-25,18,2.4789646,1,1.598994
11766.0,2024-25,19,0.096320525,0,1.3084704
11766.0,2024-25,20,2.0539112,2,0.9037172
11766.0,2024-25,21,1.9191022,-1,1.4295347
11766.0,2024-25,22,2.1855772,1,1.3902899
11766.0,2024-25,23,2.5998275,2,1.3700877
11766.0,2024-25,24,2.154279,1,1.3750311
11766.0,2024-25,25,0.27918312,0,1.785529
11766.0,2024-25,26,2.247411,8,1.3945953
11766.0,2024-25,27,3.3397279,2,1.573218
11766.0,2024-25,28,0.823993,0,1.8010175
11766.0,2024-25,29,2.7381403,3,1.4099004
11766.0,2024-25,30,1.9037519,1,1.3246222
11766.0,2024-25,31,2.23612,3,1.4497883
11766.0,2024-25,32,2.4836247,1,1.546103
11766.0,2024-25,33,2.6655216,1,1.5631477
11766.0,2024-25,34,2.2082937,4,1.44608
11766.0,2024-25,35,2.1888046,4,1.7268227
11766.0,2024-25,36,2.9781833,1,2.2810752
11766.0,2024-25,37,3.0451655,0,1.8069218
11772.0,2024-25,6,1.7734314,0,1.5430099
11772.0,2024-25,7,2.0418527,1,1.2113987
11772.0,2024-25,8,2.2399096,1,1.0297593
11772.0,2024-25,9,1.5746781,0,0.86188406
11772.0,2024-25,10,1.5741673,1,0.74927294
11772.0,2024-25,11,1.4680563,1,0.47115958
11772.0,2024-25,12,2.3101172,1,0.92841154
11772.0,2024-25,13,1.6032301,1,1.2178501
11772.0,2024-25,14,1.5393567,2,1.3628958
11772.0,2024-25,15,2.1146038,2,1.7586237
11772.0,2024-25,16,2.2583916,2,2.281839
11772.0,2024-25,17,2.8095074,0,1.9865178
11772.0,2024-25,18,2.2253385,0,1.24495
11772.0,2024-25,19,1.493246,2,0.9563426
11772.0,2024-25,20,1.6599108,1,1.7392067
11772.0,2024-25,21,2.215434,1,1.5726515
11772.0,2024-25,22,1.7983327,2,1.4595271
11772.0,2024-25,23,1.9755667,1,1.5825684
11772.0,2024-25,24,1.8790349,0,1.7101808
11772.0,2024-25,25,1.7219491,1,1.1912034
11772.0,2024-25,26,1.5173773,1,1.3527545
11772.0,2024-25,27,2.02475,1,1.7503606
11772.0,2024-25,28,2.709627,0,1.792984
11772.0,2024-25,29,2.2628624,1,1.1778674
11772.0,2024-25,30,1.9553626,2,1.1055005
11772.0,2024-25,31,2.0908978,3,1.5198154
11772.0,2024-25,32,1.6800752,0,1.7130607
11772.0,2024-25,33,2.1940935,2,1.6019342
11772.0,2024-25,34,1.9974688,2,1.6079284
11772.0,2024-25,35,1.8565092,2,1.7387043
11772.0,2024-25,36,1.784058,2,1.6104199
11772.0,2024-25,37,1.8079242,2,1.5212556
11772.0,2024-25,38,1.7824792,2,1.5028809
11815.0,2024-25,6,2.3710537,1,1.9376093
11815.0,2024-25,7,0.026229389,0,2.3897974
11815.0,2024-25,8,0.26322418,0,1.5394037
11815.0,2024-25,9,0.08647266,0,1.0562593
11815.0,2024-25,10,-0.0086461585,0,0.6535728
11815.0,2024-25,11,1.7502544,1,0.7093593
11815.0,2024-25,12,0.033303596,0,1.4720503
11815.0,2024-25,13,1.4878074,1,1.1242857
11815.0,2024-25,14,1.4696181,1,1.2371185
11815.0,2024-25,15,1.327062,1,1.4316381
11903.0,2024-25,35,-0.08469885,0,0.49062216
11903.0,2024-25,36,-0.0440568,0,0.47825074
11903.0,2024-25,37,1.0133224,1,0.30386364
11926.0,2024-25,7,1.9796069,1,0.7257172
11926.0,2024-25,8,1.6387634,1,1.0247544
11926.0,2024-25,9,1.6530168,2,1.4070491
11926.0,2024-25,10,1.7350856,-2,1.8116751
11926.0,2024-25,11,0.07487382,0,1.4063196
11926.0,2024-25,12,0.04372859,0,0.9212952
11926.0,2024-25,13,1.7963085,1,0.66617715
11926.0,2024-25,14,1.9531341,1,1.2651417
11926.0,2024-25,15,1.9256544,2,1.8464069
11926.0,2024-25,16,1.6268392,2,1.5961039
11926.0,2024-25,17,1.9333885,2,1.5522387
11926.0,2024-25,18,2.6913817,1,1.7301918
11926.0,2024-25,19,2.0275946,1,1.4662974
11926.0,2024-25,20,1.8647488,2,1.5639422
11926.0,2024-25,21,2.1958444,2,1.9127395
11926.0,2024-25,22,2.1167998,1,1.7429992
11926.0,2024-25,23,1.8572965,4,1.5509528
11926.0,2024-25,24,0.13601235,0,1.9106678
11926.0,2024-25,25,1.9694321,2,1.3888906
11926.0,2024-25,26,1.6825905,3,1.9101301
11926.0,2024-25,27,1.985738,3,1.8467399
11926.0,2024-25,28,1.9861605,2,1.5027432
11926.0,2024-25,29,0.23847358,0,1.6615793
11926.0,2024-25,30,1.9439446,1,1.1385567
11926.0,2024-25,31,2.1779275,1,1.3594804
11926.0,2024-25,32,0.02337236,0,1.5844193
11926.0,2024-25,33,-0.0069388133,0,1.2571683
11926.0,2024-25,34,0.0047263447,0,1.0578407
11926.0,2024-25,35,-0.0070497785,0,0.752064
11926.0,2024-25,36,1.0251949,1,0.56918293
11926.0,2024-25,37,1.5101129,0,1.0402424
11926.0,2024-25,38,1.1366622,2,1.1749552
12027.0,2024-25,6,3.500366,1,2.4627364
12027.0,2024-25,7,3.7244365,7,2.2320945
12027.0,2024-25,8,1.9854357,4,1.9488155
12027.0,2024-25,9,-0.4150636,0,2.4722333
12027.0,2024-25,10,-0.26517734,0,2.3042367
12027.0,2024-25,11,-0.26900792,0,1.7823485
12027.0,2024-25,12,-0.29497492,0,1.0981511
12027.0,2024-25,13,-0.1399863,0,1.1312498
12027.0,2024-25,14,2.3343768,2,1.1131297
12027.0,2024-25,15,3.3609185,7,1.9775574
12027.0,2024-25,16,2.6541574,3,2.082198
12027.0,2024-25,17,3.796012,9,2.3440676
12027.0,2024-25,18,5.6810894,3,2.3958116
12027.0,2024-25,19,2.7565794,2,3.2251916
12027.0,2024-25,20,3.6619184,2,2.2784429
12027.0,2024-25,21,3.9177446,2,2.5831442
12027.0,2024-25,22,4.813023,2,1.9079062
12027.0,2024-25,23,2.6291966,2,1.5967199
12027.0,2024-25,24,2.8318377,2,2.4041078
12027.0,2024-25,25,4.6130657,2,2.4377995
12027.0,2024-25,26,2.8376374,3,1.8403416
12027.0,2024-25,27,2.9132495,6,2.2873483
12027.0,2024-25,28,3.6335742,2,2.4601333
12027.0,2024-25,29,2.6251273,2,2.0558658
12027.0,2024-25,30,0.14125992,0,2.7813292
12027.0,2024-25,31,3.217447,4,2.3774016
12027.0,2024-25,32,2.1310642,2,1.9377004
12027.0,2024-25,33,4.523012,3,2.0644493
12027.0,2024-25,34,3.1992075,7,2.005249
12027.0,2024-25,35,4.684006,1,2.966945
12027.0,2024-25,36,3.9652388,6,2.432833
12027.0,2024-25,37,4.8468385,2,2.9349523
12027.0,2024-25,38,2.6989183,7,1.8139354
12149.0,2024-25,6,2.2901878,1,1.6795326
12149.0,2024-25,7,1.8945467,1,1.454819
12149.0,2024-25,8,1.6717267,3,1.3496132
12149.0,2024-25,9,0.008853322,0,1.5658504
12149.0,2024-25,10,-0.055625793,0,1.0639882
12149.0,2024-25,11,-0.11182813,0,0.8015171
12149.0,2024-25,12,-0.05204808,0,0.5736911
12149.0,2024-25,13,-0.0400804,0,0.6202575
12149.0,2024-25,14,-0.03205266,0,0.5954893
12149.0,2024-25,15,-0.03296271,0,0.55837697
12149.0,2024-25,16,-0.014301419,0,0.5301715
12149.0,2024-25,17,-0.020743089,0,0.5013604
12149.0,2024-25,18,-0.020743089,0,0.46843952
12149.0,2024-25,19,-0.020743089,0,0.42296988
12149.0,2024-25,20,-0.020743089,0,0.38316613
12149.0,2024-25,21,-0.020743089,0,0.35108322
12149.0,2024-25,22,-0.020743089,0,0.33400384
12149.0,2024-25,23,-0.020743089,0,0.33400384
12149.0,2024-25,24,-0.020743089,0,0.33400384
12149.0,2024-25,25,0.9814923,1,0.33400384
12149.0,2024-25,26,1.9150531,0,0.9129957
12149.0,2024-25,27,1.7430024,2,0.8346909
12149.0,2024-25,28,1.7903993,1,1.3418901
12149.0,2024-25,29,0.20461708,0,1.358228
12149.0,2024-25,30,2.4279208,1,0.8096421
12149.0,2024-25,31,2.4100785,2,1.5478498
12149.0,2024-25,32,2.249757,3,1.6508789
12149.0,2024-25,33,2.3744254,0,1.3816653
12149.0,2024-25,34,2.3865175,3,1.4449748
12149.0,2024-25,35,2.2270646,1,1.4385756
12149.0,2024-25,36,2.3153255,0,1.5408437
12149.0,2024-25,37,-0.0702938,0,1.2626697
12149.0,2024-25,38,1.9806873,1,0.901608
12152.0,2024-25,35,-0.005266526,0,1.0692059
12152.0,2024-25,36,-0.008196414,0,1.0016687
12152.0,2024-25,37,1.642061,1,0.51532245
12152.0,2024-25,38,1.8526564,1,1.6307408
12272.0,2024-25,10,-0.029743072,0,0.8045168
12272.0,2024-25,11,-0.041240517,0,0.7641563
12272.0,2024-25,12,-0.0074098445,0,0.66114336
12272.0,2024-25,13,-0.014998785,0,0.5582768
12272.0,2024-25,14,-0.014998785,0,0.38763183
12272.0,2024-25,15,-0.021298008,0,0.34998828
12272.0,2024-25,16,1.1698285,3,0.34792095
12272.0,2024-25,17,1.527405,1,1.546913
12272.0,2024-25,18,1.8375547,3,1.3614663
12272.0,2024-25,19,2.1792276,1,1.3548504
12272.0,2024-25,20,0.12191101,0,1.1627499
12272.0,2024-25,21,1.9110553,1,0.712366
12272.0,2024-25,22,1.8007793,2,1.2683476
12272.0,2024-25,23,1.6068026,-2,1.4197279
12272.0,2024-25,24,2.69477,7,1.2328961
12272.0,2024-25,25,1.7979935,3,1.4618134
12272.0,2024-25,26,2.2355978,-2,1.6273607
12272.0,2024-25,27,0.3605627,0,1.1789291
12272.0,2024-25,28,3.2092333,1,1.076735
12272.0,2024-25,29,2.0918176,3,1.1777523
12272.0,2024-25,30,1.915029,2,1.8042058
12272.0,2024-25,31,1.6919119,2,1.7341809
12272.0,2024-25,32,2.0894573,1,1.5389494
12272.0,2024-25,33,1.6284951,1,1.4752845
12272.0,2024-25,33,1.6284951,1,1.2534376
12272.0,2024-25,33,1.8772309,2,1.4752845
12272.0,2024-25,33,1.8772309,2,1.2534376
12272.0,2024-25,34,-0.06047782,0,1.5612625
12272.0,2024-25,35,1.8802514,2,1.1817658
12272.0,2024-25,36,1.7360982,1,1.5858537
12272.0,2024-25,37,2.115151,3,1.3519574
12272.0,2024-25,38,2.2831407,1,1.6044391
12409.0,2024-25,6,2.3301897,2,1.5399727
12409.0,2024-25,7,2.5796447,1,1.4633387
12409.0,2024-25,8,-0.08642799,0,1.4498241
12409.0,2024-25,9,2.2369397,3,0.9563167
12409.0,2024-25,10,0.15991035,0,1.9664198
12409.0,2024-25,11,0.016777031,0,1.4817243
12409.0,2024-25,12,0.19697884,0,1.2751006
12409.0,2024-25,13,0.049501766,0,1.1813838
12409.0,2024-25,14,0.049501766,0,0.8597546
12409.0,2024-25,15,-0.016564088,0,0.7132628
12409.0,2024-25,16,-0.019438913,0,0.66110796
12409.0,2024-25,17,-0.019438913,0,0.58193636
12409.0,2024-25,18,-0.020743089,0,0.5027303
12409.0,2024-25,19,-0.020743089,0,0.44468367
12409.0,2024-25,20,-0.020743089,0,0.38741517
12409.0,2024-25,21,-0.020743089,0,0.36401153
12409.0,2024-25,22,-0.020743089,0,0.34827
12409.0,2024-25,23,-0.020743089,0,0.33400384
12409.0,2024-25,24,0.39857814,1,0.33400384
12409.0,2024-25,25,2.1490664,1,1.0263134
12409.0,2024-25,26,1.6079593,1,1.1122905
12409.0,2024-25,27,1.6963673,2,0.98816204
12409.0,2024-25,28,2.1110866,2,1.7895876
12409.0,2024-25,29,-0.5281879,0,1.5724102
12409.0,2024-25,30,3.262756,1,1.1163335
12409.0,2024-25,31,2.5968993,2,1.1339209
12409.0,2024-25,32,1.5933143,5,1.3783346
12409.0,2024-25,32,1.5933143,5,1.5721774
12409.0,2024-25,32,2.1887794,1,1.3783346
12409.0,2024-25,32,2.1887794,1,1.5721774
12409.0,2024-25,33,2.2922335,3,2.258048
12409.0,2024-25,33,2.2922335,3,2.035803
12409.0,2024-25,33,2.3143597,5,2.258048
12409.0,2024-25,33,2.3143597,5,2.035803
12409.0,2024-25,34,-0.03699257,0,2.4703033
12409.0,2024-25,35,2.322056,3,1.7084055
12410.0,2024-25,6,0.44130194,0,0.25463927
12410.0,2024-25,7,0.67733,0,0.24018292
12410.0,2024-25,8,0.37889487,0,0.37203854
12410.0,2024-25,9,0.7127617,0,0.30020648
12410.0,2024-25,10,0.57092416,0,0.21422377
12410.0,2024-25,11,0.4715058,0,0.16112113
12410.0,2024-25,12,1.207868,0,0.1719759
12410.0,2024-25,13,0.4668697,0,0.19576633
12410.0,2024-25,14,0.51176614,1,0.18557793
12410.0,2024-25,15,1.0141332,0,0.3200967
12410.0,2024-25,16,0.9456133,0,0.43501568
12410.0,2024-25,17,1.4552679,3,0.63454044
12410.0,2024-25,18,1.5459878,0,1.3296665
12410.0,2024-25,19,1.7166632,1,1.0933423
12410.0,2024-25,20,2.0301056,0,1.0221627
12410.0,2024-25,21,1.2414569,1,0.81952226
12410.0,2024-25,22,2.5762823,1,0.7925976
12410.0,2024-25,23,2.7549055,0,1.3161167
12410.0,2024-25,24,2.187861,0,1.1031568
12410.0,2024-25,25,1.8999853,0,0.97594714
12410.0,2024-25,26,2.4909184,0,0.6171228
12410.0,2024-25,27,2.1258628,0,0.3061656
12410.0,2024-25,28,1.708901,0,0.551744
12410.0,2024-25,29,1.8667796,0,0.4740066
12410.0,2024-25,30,0.9808378,0,0.28279278
12410.0,2024-25,31,0.42740566,0,0.2834591
12410.0,2024-25,32,0.4855106,0,0.3744688
12410.0,2024-25,33,0.54656804,0,0.42181742
12410.0,2024-25,34,0.73317593,0,0.2763903
12410.0,2024-25,35,0.46054912,0,0.13517016
12410.0,2024-25,36,0.6347415,1,0.1806371
12410.0,2024-25,37,1.385962,1,0.5815502
12410.0,2024-25,38,1.5026158,1,1.0571215
12412.0,2024-25,6,4.252782,7,2.4065933
12412.0,2024-25,7,3.9938483,3,2.3436131
12412.0,2024-25,8,2.4838486,6,2.0706089
12412.0,2024-25,9,3.7743392,1,2.8161268
12412.0,2024-25,10,2.5308855,9,1.549836
12412.0,2024-25,11,2.8681862,1,2.8597856
12412.0,2024-25,12,5.065966,2,2.5001276
12412.0,2024-25,13,2.0216243,2,1.8693684
12412.0,2024-25,14,3.8978746,8,2.3586793
12412.0,2024-25,15,3.789812,2,1.85931
12412.0,2024-25,16,4.3568406,2,2.3590178
12412.0,2024-25,17,4.4773006,14,2.216535
12412.0,2024-25,18,4.3338118,2,2.6270318
12412.0,2024-25,19,4.2588315,11,2.2704797
12412.0,2024-25,20,-0.12700178,0,2.8451023
12412.0,2024-25,21,2.614521,6,2.5201476
12412.0,2024-25,22,2.9357626,1,2.7669818
12412.0,2024-25,23,3.7212405,1,2.2437027
12412.0,2024-25,24,3.0239058,1,1.5891856
12412.0,2024-25,25,3.806992,2,2.169326
12412.0,2024-25,25,3.806992,2,3.1493084
12412.0,2024-25,25,3.4597325,2,2.169326
12412.0,2024-25,25,3.4597325,2,3.1493084
12412.0,2024-25,26,4.934453,2,2.5170362
12412.0,2024-25,27,3.1078134,7,1.6931094
12412.0,2024-25,28,3.7329962,3,2.4496472
12412.0,2024-25,29,0.9223612,0,2.3303146
12412.0,2024-25,30,3.1020901,10,1.5361537
12412.0,2024-25,31,3.9535038,9,1.9298787
12412.0,2024-25,32,4.4716024,6,1.821925
12412.0,2024-25,33,3.5205119,6,2.672115
12412.0,2024-25,33,3.5205119,6,2.087589
12412.0,2024-25,33,3.2597408,1,2.672115
12412.0,2024-25,33,3.2597408,1,2.087589
12412.0,2024-25,34,-0.45876113,0,2.491632
12412.0,2024-25,35,2.4556773,3,1.914309
12412.0,2024-25,36,3.5825224,6,3.4371612
12412.0,2024-25,37,4.276313,6,2.2084424
12412.0,2024-25,38,3.3002434,1,2.4530635
12461.0,2024-25,8,-0.062272307,0,0.82550174
12461.0,2024-25,9,-0.0395609,0,0.53708434
12461.0,2024-25,10,-0.031200632,0,0.44843006
12461.0,2024-25,11,-0.031180039,0,0.41488945
12461.0,2024-25,12,-0.020743089,0,0.39691502
12461.0,2024-25,13,-0.020743089,0,0.38414818
12461.0,2024-25,14,-0.020743089,0,0.369207
12461.0,2024-25,15,-0.020743089,0,0.35529372
12461.0,2024-25,16,-0.020743089,0,0.34351498
12461.0,2024-25,17,-0.020743089,0,0.33400384
12461.0,2024-25,18,-0.020743089,0,0.33400384
12461.0,2024-25,19,-0.020743089,0,0.33400384
12461.0,2024-25,20,-0.020743089,0,0.33400384
12461.0,2024-25,21,0.7912636,1,0.33400384
12461.0,2024-25,22,1.4710383,1,0.7765057
12461.0,2024-25,23,1.4473991,1,1.0803381
12461.0,2024-25,24,0.05037147,0,1.2415669
12461.0,2024-25,25,0.10230938,0,0.82623446
12461.0,2024-25,26,0.07228708,0,0.45486808
12461.0,2024-25,27,-0.011202315,0,0.32155016
12461.0,2024-25,28,0.88915884,1,0.30578494
12461.0,2024-25,29,1.5178785,1,0.99320424
12573.0,2024-25,27,1.6567689,4,0.5309677
12573.0,2024-25,28,2.0926564,1,1.2609776
12573.0,2024-25,29,1.7423793,1,1.2640901
12573.0,2024-25,30,0.073177755,0,1.2311873
12573.0,2024-25,31,0.005811701,0,0.8987496
12573.0,2024-25,32,0.076610364,0,0.49915302
12573.0,2024-25,33,1.3061303,6,0.38607854
12573.0,2024-25,34,1.560623,1,0.9653097
12573.0,2024-25,35,-0.24341224,0,1.1145308
12573.0,2024-25,36,-0.14238639,0,0.9904392
12573.0,2024-25,37,1.2413402,3,0.81791174
12603.0,2024-25,10,0.016070314,0,0.9569297
12603.0,2024-25,11,-0.024300776,0,0.82454216
12603.0,2024-25,12,0.009193454,0,0.70925474
12603.0,2024-25,13,0.058492213,0,0.69359165
12603.0,2024-25,14,0.058207124,0,0.44670713
12603.0,2024-25,15,-0.044243604,0,0.40453935
12603.0,2024-25,16,0.156885,0,0.3920911
12603.0,2024-25,17,0.156885,0,0.3814054
12603.0,2024-25,18,-0.020743089,0,0.37140405
12603.0,2024-25,19,-0.020743089,0,0.36468783
12603.0,2024-25,20,-0.020743089,0,0.35588607
12603.0,2024-25,21,-0.020743089,0,0.34779203
12603.0,2024-25,22,0.77906525,7,0.34119642
12603.0,2024-25,23,4.4163394,1,1.2661234
12603.0,2024-25,24,3.1309934,1,1.0556686
12603.0,2024-25,25,0.24431324,0,1.3658563
12603.0,2024-25,26,0.30235976,0,0.97517
12603.0,2024-25,27,0.40223455,0,0.5720161
12603.0,2024-25,28,0.01613762,0,0.32781887
12603.0,2024-25,29,0.0059609036,0,0.37605062
12603.0,2024-25,30,0.01002502,0,0.56358844
12603.0,2024-25,31,-0.012336645,0,0.56358844
12603.0,2024-25,32,-0.012336645,0,0.55826974
12603.0,2024-25,33,-0.020743089,0,0.5229071
12603.0,2024-25,34,-0.020743089,0,0.47531682
12603.0,2024-25,35,0.71278965,1,0.41598356
12603.0,2024-25,36,1.2858231,2,0.6566135
12603.0,2024-25,37,1.8219224,2,1.5702852
12633.0,2024-25,10,-0.06135498,0,0.67975813
12633.0,2024-25,11,1.2278562,1,0.68574554
12633.0,2024-25,12,-0.06533384,0,0.7545929
12633.0,2024-25,13,0.0075172964,0,0.62330896
12633.0,2024-25,14,-0.016418053,0,0.6159661
12633.0,2024-25,15,0.0075801327,0,0.6539531
12633.0,2024-25,16,0.00921613,0,0.68254745
12633.0,2024-25,17,0.9567581,1,0.36057085
12633.0,2024-25,18,0.0146111725,0,0.6790381
12633.0,2024-25,19,0.0146111725,0,0.756756
12633.0,2024-25,20,0.0146111725,0,0.68992496
12633.0,2024-25,21,0.00921613,0,0.5983856
12633.0,2024-25,22,0.00921613,0,0.38765848
12633.0,2024-25,23,-0.006061219,0,0.34228268
12633.0,2024-25,24,-0.006061219,0,0.3406038
12633.0,2024-25,25,-0.006061219,0,0.33927593
12633.0,2024-25,26,0.7291697,1,0.33927593
12633.0,2024-25,27,0.014666399,0,1.0177444
12633.0,2024-25,28,0.014666399,0,0.9366743
12633.0,2024-25,29,1.7183421,1,0.78419054
12633.0,2024-25,30,-0.036890533,0,0.908225
12633.0,2024-25,31,-0.036890533,0,0.68076414
12633.0,2024-25,32,0.024884187,0,0.4688751
12633.0,2024-25,33,1.3775966,1,0.38137585
12633.0,2024-25,34,1.2534873,1,0.57168835
12633.0,2024-25,35,0.026351212,0,1.0786632
12633.0,2024-25,36,1.1428233,1,0.7988011
12747.0,2024-25,6,1.2556537,1,0.87318456
12747.0,2024-25,7,0.0072328188,0,1.0375211
12747.0,2024-25,8,0.008745647,0,0.9225418
12747.0,2024-25,9,0.012720271,0,0.77044785
12747.0,2024-25,10,0.023679767,0,0.749997
12747.0,2024-25,11,0.9649753,1,0.49423474
12747.0,2024-25,12,0.0146111725,0,0.8034729
12747.0,2024-25,13,0.0146111725,0,0.75737095
12747.0,2024-25,14,0.0146111725,0,0.6588268
12747.0,2024-25,15,0.00921613,0,0.59315425
12747.0,2024-25,16,0.00921613,0,0.48383945
12747.0,2024-25,17,-0.006061219,0,0.34838235
12747.0,2024-25,18,-0.006061219,0,0.3431551
12747.0,2024-25,19,-0.006061219,0,0.3409858
12747.0,2024-25,20,-0.020743089,0,0.33927593
12747.0,2024-25,21,-0.020743089,0,0.3396072
12747.0,2024-25,22,0.52418333,1,0.33856204
12747.0,2024-25,23,0.06806572,0,0.8160628
12747.0,2024-25,24,0.06806572,0,0.6925757
12747.0,2024-25,25,1.433467,1,0.5773234
12747.0,2024-25,26,0.015208667,0,0.78036416
12747.0,2024-25,27,0.015208667,0,0.5299793
12747.0,2024-25,28,0.009394287,0,0.4452824
12747.0,2024-25,29,-0.0029664303,0,0.37328118
12747.0,2024-25,30,-0.0029664303,0,0.2903761
12747.0,2024-25,31,-0.006061219,0,0.35891843
12747.0,2024-25,32,-0.006061219,0,0.35869473
12747.0,2024-25,33,0.83613867,1,0.35507256
12747.0,2024-25,34,1.0081412,1,0.70593804
12747.0,2024-25,35,0.0146111725,0,1.0906533
12747.0,2024-25,36,0.0146111725,0,0.81549346
12747.0,2024-25,37,1.351736,1,0.58201236
12747.0,2024-25,38,1.1416248,1,0.5883663
12748.0,2024-25,6,2.7952065,1,1.5280474
12748.0,2024-25,7,3.785443,2,2.0116098
12748.0,2024-25,8,2.8321178,2,2.0781226
12748.0,2024-25,9,0.40734223,0,1.9751011
12748.0,2024-25,10,2.5961776,8,1.6408869
12748.0,2024-25,11,2.1588361,2,1.8484957
12748.0,2024-25,12,2.4301205,2,2.2015345
12748.0,2024-25,13,2.4760303,2,1.9071139
12748.0,2024-25,14,2.6265342,2,1.8428853
12748.0,2024-25,15,2.4273815,2,1.96284
12748.0,2024-25,16,2.1690261,2,1.9184813
12748.0,2024-25,17,2.188469,1,1.6801758
12748.0,2024-25,18,0.3595549,0,1.7278446
12748.0,2024-25,19,2.1862316,2,1.2203405
12748.0,2024-25,20,1.7890468,1,1.6271348
12748.0,2024-25,21,2.2566476,1,1.5578935
12748.0,2024-25,22,2.3325298,2,1.5872802
12748.0,2024-25,23,2.0823414,2,1.7305405
12748.0,2024-25,24,1.8710064,2,1.8490559
12748.0,2024-25,25,0.05989914,0,1.6893026
12748.0,2024-25,26,2.0471432,1,1.3213266
12748.0,2024-25,27,1.6975868,-1,1.170452
12748.0,2024-25,28,0.024319747,0,1.1480038
12748.0,2024-25,29,0.02157638,0,0.92247874
12748.0,2024-25,30,1.6585455,2,0.7062673
12748.0,2024-25,31,2.2540805,2,1.2005404
12748.0,2024-25,32,1.890023,1,1.5651611
12748.0,2024-25,33,2.077714,2,1.3519729
12748.0,2024-25,34,2.1617894,2,1.4438137
12748.0,2024-25,35,2.150136,1,1.4247417
12748.0,2024-25,36,1.9314893,2,1.4220622
12748.0,2024-25,37,1.9265085,2,1.5574505
12748.0,2024-25,38,2.2925954,2,1.376112
12749.0,2024-25,6,1.6221222,1,1.513091
12749.0,2024-25,7,2.32478,2,1.2106848
12749.0,2024-25,8,2.3994691,2,1.2313937
12749.0,2024-25,9,1.8686966,1,1.1936492
12749.0,2024-25,10,1.8534987,1,1.4919645
12749.0,2024-25,11,0.040259086,0,1.5026044
12749.0,2024-25,12,1.7783389,5,1.0213078
12749.0,2024-25,13,1.9474221,1,1.8887081
12749.0,2024-25,14,2.086094,2,1.8507705
12749.0,2024-25,15,2.0738485,1,1.8487244
12749.0,2024-25,16,1.8062053,2,1.1911005
12749.0,2024-25,17,2.2024195,2,1.3979441
12749.0,2024-25,18,0.0324886,0,1.7123806
12749.0,2024-25,19,2.4137902,3,1.4088672
12749.0,2024-25,20,1.7088248,1,1.9422718
12749.0,2024-25,21,1.9945346,2,1.6728362
12749.0,2024-25,22,0.10635003,0,1.6431478
12749.0,2024-25,23,1.8655145,1,1.3651215
12750.0,2024-25,6,-0.010398428,0,1.0993816
12750.0,2024-25,7,1.6964451,1,0.77606153
12750.0,2024-25,8,1.6043432,1,0.8425071
12750.0,2024-25,9,1.7410586,5,1.2196157
12750.0,2024-25,10,2.5957577,2,1.5398719
12750.0,2024-25,11,-0.07898928,0,1.6588969
12750.0,2024-25,12,2.5778916,1,1.28379
12750.0,2024-25,13,2.2544155,2,1.114487
12750.0,2024-25,14,2.3861918,1,1.4024825
12750.0,2024-25,15,2.4634027,7,1.285969
12750.0,2024-25,16,2.5560863,5,1.4597793
12750.0,2024-25,17,2.8183448,2,1.8766721
12750.0,2024-25,18,0.16446535,0,1.6540293
12750.0,2024-25,19,0.08917911,0,1.2275139
12750.0,2024-25,20,-0.08256103,0,0.8269933
12750.0,2024-25,21,-0.0010564413,0,0.8426411
12750.0,2024-25,22,0.13529176,0,0.5908097
12750.0,2024-25,23,0.02140855,0,0.81940174
12750.0,2024-25,24,0.009795797,0,0.7872341
12750.0,2024-25,25,-0.02289829,0,0.73105866
12750.0,2024-25,26,-0.020743089,0,0.64830214
12750.0,2024-25,27,-0.020743089,0,0.5559175
12750.0,2024-25,28,-0.020743089,0,0.46037906
12750.0,2024-25,29,-0.020743089,0,0.38636744
12750.0,2024-25,30,-0.020743089,0,0.3518857
12750.0,2024-25,31,0.73774934,1,0.33400384
12750.0,2024-25,32,0.0146111725,0,0.6974178
12750.0,2024-25,33,1.0370948,1,0.6064963
12750.0,2024-25,34,1.028998,1,0.9100694
12750.0,2024-25,35,1.2842515,1,1.2995838
12750.0,2024-25,36,1.8965241,1,1.72726
12750.0,2024-25,37,1.7361665,1,1.2915894
12750.0,2024-25,38,2.2014296,2,0.92882234
12752.0,2024-25,6,2.24628,1,1.4527377
12752.0,2024-25,7,3.8054326,1,1.191921
12752.0,2024-25,8,1.9515476,1,1.8572637
12752.0,2024-25,9,1.770056,7,1.3648361
12752.0,2024-25,10,2.6362147,3,1.2069361
12752.0,2024-25,11,2.159053,9,1.7553458
12752.0,2024-25,12,4.316112,2,2.0428853
12752.0,2024-25,13,2.5529277,2,1.5975295
12752.0,2024-25,14,3.337138,0,1.5652698
12752.0,2024-25,15,2.2887979,2,1.3779172
12752.0,2024-25,16,2.5838828,0,1.6732243
12752.0,2024-25,17,2.8882382,2,2.151624
12752.0,2024-25,18,1.9606967,2,2.0609229
12752.0,2024-25,19,2.7031045,1,2.4553282
12752.0,2024-25,20,2.1840954,7,1.9796017
12752.0,2024-25,21,2.6430807,0,2.3504052
12752.0,2024-25,22,2.1992724,0,1.6496377
12752.0,2024-25,23,2.004711,0,1.3545825
12752.0,2024-25,24,2.4525578,0,1.4529132
12752.0,2024-25,25,1.3792652,0,0.73179173
12752.0,2024-25,26,1.5793967,0,1.086978
12752.0,2024-25,27,1.7565827,1,0.7903525
12752.0,2024-25,28,1.2622577,0,1.1432793
12752.0,2024-25,29,1.2635857,0,1.4552398
12752.0,2024-25,30,1.0040715,0,0.92064273
12752.0,2024-25,31,1.2063757,0,0.7832689
12752.0,2024-25,32,0.94996065,0,0.28283754
12752.0,2024-25,33,0.83613867,0,0.2995349
12752.0,2024-25,34,0.9431213,0,0.29733232
12752.0,2024-25,35,0.77143234,0,0.25507525
12752.0,2024-25,36,0.44677624,0,0.25303766
12752.0,2024-25,37,0.7022149,0,0.22887331
12752.0,2024-25,38,0.5063955,1,0.1994693
12754.0,2024-25,6,1.4938283,1,0.93376994
12754.0,2024-25,7,1.7555436,1,1.0622387
12754.0,2024-25,8,1.8010437,0,1.0720259
12754.0,2024-25,9,-0.16427235,0,1.01055
12754.0,2024-25,10,-0.11805578,0,0.8462765
12754.0,2024-25,11,-0.00018911064,0,0.69808
12754.0,2024-25,12,1.2789071,1,0.56122243
12754.0,2024-25,13,1.5420858,1,0.77470464
12754.0,2024-25,14,1.8995916,1,1.3285643
12754.0,2024-25,15,1.8275512,2,1.3411402
12754.0,2024-25,16,3.893838,6,1.6570746
12754.0,2024-25,17,3.1082873,1,1.663118
12754.0,2024-25,18,2.3971088,1,1.472037
12754.0,2024-25,19,2.2193336,1,1.9698799
12754.0,2024-25,20,1.8131646,1,1.6158835
12754.0,2024-25,21,2.0723083,1,2.1111023
12754.0,2024-25,22,2.2490733,1,1.5122446
12754.0,2024-25,23,0.080177784,0,1.0809288
12754.0,2024-25,24,2.3123257,1,0.7650899
12754.0,2024-25,25,1.4039239,1,1.013144
12754.0,2024-25,26,1.5615813,1,1.4685706
12754.0,2024-25,27,2.1926079,1,1.7906995
12754.0,2024-25,28,1.6208473,1,1.4957951
12754.0,2024-25,29,2.1446881,1,1.3505253
12754.0,2024-25,30,1.438646,1,1.0471985
12754.0,2024-25,31,1.6530974,1,1.2697619
12754.0,2024-25,32,1.4317982,1,1.3690588
12754.0,2024-25,33,1.4016061,1,1.5034755
12754.0,2024-25,34,2.28182,2,1.6954244
12754.0,2024-25,35,1.9257452,2,1.9436198
12754.0,2024-25,36,1.9440291,1,1.9882938
12754.0,2024-25,37,1.7928329,1,1.4785408
12754.0,2024-25,38,1.9956461,1,1.2109884
12756.0,2024-25,6,0.08056297,0,0.97838676
12756.0,2024-25,7,-0.009783042,0,0.84166765
12756.0,2024-25,8,0.01389612,0,0.6613122
12756.0,2024-25,9,0.8831674,1,0.52130014
12756.0,2024-25,10,0.008886271,0,0.7281436
12756.0,2024-25,11,1.3657598,1,0.8258001
12756.0,2024-25,12,1.036992,2,1.0424793
12756.0,2024-25,13,2.3157492,1,1.3248758
12756.0,2024-25,14,2.0875497,1,1.2287792
12756.0,2024-25,15,1.8522644,1,1.2639451
12756.0,2024-25,16,0.05988203,0,1.1210283
12756.0,2024-25,17,1.4073231,8,0.59093446
12756.0,2024-25,18,2.29401,1,1.3004838
12756.0,2024-25,19,2.3191428,1,1.393907
12756.0,2024-25,20,2.4708984,2,1.3663996
12756.0,2024-25,21,1.9848781,2,1.5708019
12756.0,2024-25,22,2.509733,1,1.7826713
12756.0,2024-25,23,2.9162297,1,1.9949156
12756.0,2024-25,24,2.904131,1,1.5455753
12756.0,2024-25,25,0.24976194,0,1.2894669
12756.0,2024-25,26,-0.05669206,0,0.68390805
12756.0,2024-25,27,0.0014453975,0,0.43493223
12756.0,2024-25,28,0.007909489,0,0.35114777
12756.0,2024-25,29,0.020811476,0,0.494264
12756.0,2024-25,30,-0.014016334,0,0.6638985
12756.0,2024-25,31,1.2145402,1,0.6139525
12756.0,2024-25,32,1.9321411,1,1.4794635
12756.0,2024-25,33,1.337027,1,1.3409213
12756.0,2024-25,34,1.8310173,6,1.2467635
12756.0,2024-25,35,1.6579986,1,1.2192504
12756.0,2024-25,36,1.8303856,1,1.7030553
12756.0,2024-25,37,1.9155562,2,1.8399293
12756.0,2024-25,38,2.3373713,1,2.0697997
12757.0,2024-25,7,-0.0043139015,0,0.4079213
12757.0,2024-25,8,-0.019591255,0,0.3655237
12757.0,2024-25,9,-0.010035845,0,0.35325
12757.0,2024-25,10,-0.006061219,0,0.348123
12757.0,2024-25,11,-0.020743089,0,0.34521577
12757.0,2024-25,12,-0.020743089,0,0.34347242
12757.0,2024-25,13,-0.020743089,0,0.3407996
12757.0,2024-25,14,0.521667,0,0.33802542
12757.0,2024-25,15,0.07075286,0,0.38780183
12757.0,2024-25,16,0.07075286,0,0.36135438
12757.0,2024-25,17,0.07075286,0,0.3096185
12757.0,2024-25,18,0.021960324,0,0.26267564
12757.0,2024-25,19,0.021960324,0,0.21952978
12757.0,2024-25,20,0.70875293,1,0.3340762
12758.0,2024-25,6,1.5833502,1,1.4139848
12758.0,2024-25,7,1.8008826,1,1.8208795
12758.0,2024-25,8,1.7847534,1,1.5421047
12758.0,2024-25,9,2.1524694,1,1.5803522
12758.0,2024-25,10,1.7080222,1,1.4175426
12758.0,2024-25,11,0.072559185,0,1.451137
12758.0,2024-25,12,1.3122573,1,1.0553544
12758.0,2024-25,13,1.9681892,0,1.0411432
12758.0,2024-25,14,2.0741885,2,1.0479628
12758.0,2024-25,15,1.9417456,3,1.2466638
12758.0,2024-25,16,2.4182894,1,1.6742698
12758.0,2024-25,17,2.0008028,9,1.3711623
12758.0,2024-25,18,0.12474648,0,1.5682017
12758.0,2024-25,19,-0.2330714,0,1.4437517
12758.0,2024-25,20,0.5301399,0,1.1052921
12758.0,2024-25,21,0.017295787,0,0.9070979
12758.0,2024-25,22,-0.03409272,0,0.80482984
12758.0,2024-25,23,0.1787137,0,0.6883982
12758.0,2024-25,24,-0.056030404,0,0.66964555
12758.0,2024-25,25,-0.0547879,0,0.6457806
12758.0,2024-25,26,0.72006136,1,0.5986265
12758.0,2024-25,27,1.7550921,0,1.1908554
12758.0,2024-25,28,1.3416057,1,1.0147712
12758.0,2024-25,29,1.2650996,0,0.8101429
12758.0,2024-25,30,1.2391307,1,0.56557184
12758.0,2024-25,31,1.2094679,1,0.27195543
12758.0,2024-25,32,-0.054877516,0,0.8236521
12758.0,2024-25,33,1.6663721,6,0.6377137
12758.0,2024-25,34,2.371941,2,1.2182505
12758.0,2024-25,35,3.0594811,3,1.8183855
12758.0,2024-25,36,3.2734504,5,1.5247463
12758.0,2024-25,37,3.0301661,2,2.4056559
12758.0,2024-25,38,2.5396845,2,2.5777311
12759.0,2024-25,6,2.336349,1,1.3110256
12759.0,2024-25,7,3.3124087,7,1.5856873
12759.0,2024-25,8,-0.083519116,0,1.9541203
12759.0,2024-25,9,-0.07261504,0,2.1988661
12759.0,2024-25,10,-0.13049544,0,1.5500983
12759.0,2024-25,11,0.044417657,0,1.117257
12759.0,2024-25,12,0.09833458,0,1.013099
12759.0,2024-25,13,1.7741431,1,0.73692584
12759.0,2024-25,14,1.6404029,1,0.22919011
12759.0,2024-25,15,1.5989163,6,0.287225
12759.0,2024-25,16,1.5953609,2,0.4818094
12759.0,2024-25,17,1.8534981,1,1.0198112
12759.0,2024-25,18,2.4253938,1,1.492325
12759.0,2024-25,19,2.1587942,1,1.5699102
12759.0,2024-25,20,1.7421747,0,1.5892555
12759.0,2024-25,21,2.268169,1,1.6214951
12759.0,2024-25,22,2.3402302,12,1.2604154
12759.0,2024-25,23,3.8958173,0,1.7357668
12759.0,2024-25,24,3.0361362,2,1.2450278
12759.0,2024-25,25,6.127875,15,2.0472498
12759.0,2024-25,26,4.1667576,6,1.5616778
12759.0,2024-25,27,4.5154524,2,1.9374957
12759.0,2024-25,28,3.8652053,2,1.9474363
12759.0,2024-25,29,3.495804,2,2.2830417
12759.0,2024-25,30,0.6825844,0,2.8498755
12759.0,2024-25,31,3.3690202,5,1.6987907
12759.0,2024-25,32,6.0072227,2,1.6018876
12759.0,2024-25,33,4.8259616,2,1.8722492
12759.0,2024-25,34,3.8222337,1,2.8669271
12759.0,2024-25,35,2.7612913,9,2.6560502
12759.0,2024-25,36,2.4650395,3,1.772849
12759.0,2024-25,37,3.1751218,2,1.6564776
12759.0,2024-25,38,3.2392554,2,2.2601304
12766.0,2024-25,6,1.7978793,2,1.5387348
12766.0,2024-25,7,1.8410798,2,1.7912605
12766.0,2024-25,8,1.7876276,1,1.6509496
12766.0,2024-25,9,1.9207375,2,1.7022518
12766.0,2024-25,10,2.388801,10,1.7187189
12766.0,2024-25,11,2.5809572,3,1.6793543
12766.0,2024-25,12,2.333292,12,2.0742376
12766.0,2024-25,13,2.4792743,2,2.0288615
12766.0,2024-25,14,2.1319067,2,2.1208966
12766.0,2024-25,15,3.3244333,1,2.1677952
12766.0,2024-25,16,3.5958683,0,2.4176285
12766.0,2024-25,17,2.4964385,3,1.3496126
12766.0,2024-25,18,3.691225,2,1.8135294
12766.0,2024-25,19,2.4109037,2,1.5690907
12766.0,2024-25,20,2.8109312,2,2.1291323
12766.0,2024-25,21,2.7624428,2,2.1198668
12766.0,2024-25,22,2.7681987,4,2.046025
12766.0,2024-25,23,3.6525345,-1,2.4106603
12766.0,2024-25,24,3.4085257,0,1.7933627
12766.0,2024-25,25,2.391958,2,1.2898327
12766.0,2024-25,26,2.2360387,0,1.8501693
12766.0,2024-25,27,2.631569,7,1.6965617
12766.0,2024-25,28,3.1529171,2,1.8967556
12766.0,2024-25,29,3.6989093,2,1.8509408
12766.0,2024-25,30,3.1037235,2,1.9743404
12766.0,2024-25,31,2.837908,2,2.0704455
12766.0,2024-25,32,3.3700244,2,2.065811
12766.0,2024-25,33,2.619811,3,1.9020562
12766.0,2024-25,34,3.0542107,3,1.9312147
12766.0,2024-25,35,3.1598358,2,1.879793
12766.0,2024-25,36,2.6075852,1,1.9734179
12766.0,2024-25,37,2.1121879,1,1.7411617
12766.0,2024-25,38,2.1670868,1,1.7402385
12774.0,2024-25,10,1.210123,1,0.3447652
12774.0,2024-25,11,0.032559797,0,0.59670675
12774.0,2024-25,12,1.2903786,1,0.6087099
12774.0,2024-25,13,1.497498,1,0.7816422
12774.0,2024-25,14,-0.004693881,0,0.97415465
12774.0,2024-25,15,-0.004693881,0,0.89844614
12774.0,2024-25,16,0.0021382621,0,0.8051063
12774.0,2024-25,17,-0.0495394,0,0.6345812
12774.0,2024-25,18,-0.045214258,0,0.6031043
12774.0,2024-25,19,0.980092,1,0.36412874
12774.0,2024-25,20,0.0053932737,0,1.067603
12774.0,2024-25,21,1.3954158,1,0.90088147
12774.0,2024-25,22,0.07305579,0,1.1534276
12774.0,2024-25,23,1.1601431,1,0.94132257
12774.0,2024-25,24,1.2909319,1,0.6244004
12774.0,2024-25,25,0.07476719,0,1.0877967
12774.0,2024-25,26,0.07476719,0,1.1428105
12774.0,2024-25,27,1.8121192,1,0.9958146
12880.0,2024-25,29,1.7862887,1,1.2777762
12911.0,2024-25,6,2.0303483,1,1.6172854
12911.0,2024-25,7,2.1234322,1,1.0633796
12911.0,2024-25,8,3.4520593,4,1.5256939
12911.0,2024-25,9,2.447375,2,1.8066816
12911.0,2024-25,10,2.9770026,2,1.8190519
12911.0,2024-25,11,2.5936615,2,2.129425
12912.0,2024-25,6,1.3917139,1,0.42676958
12912.0,2024-25,7,-0.053740785,0,1.7933149
12912.0,2024-25,8,-0.069229,0,1.1496227
12912.0,2024-25,9,0.0014591494,0,0.823835
12912.0,2024-25,10,0.0048515275,0,0.3275715
12912.0,2024-25,11,0.018333796,0,0.3066509
12912.0,2024-25,12,0.8950599,1,0.4611174
12912.0,2024-25,13,1.4515105,1,0.91948795
12912.0,2024-25,14,1.302562,1,1.1614093
12912.0,2024-25,15,1.2715032,1,1.4789668
12912.0,2024-25,16,1.4412519,2,1.5783604
12912.0,2024-25,17,2.0952444,0,1.9528128
12912.0,2024-25,18,1.6135036,1,1.5148569
12912.0,2024-25,19,-0.00643446,0,1.435493
12912.0,2024-25,20,1.3759307,2,1.0146667
12912.0,2024-25,21,1.4844043,2,1.350798
12912.0,2024-25,22,1.6625388,1,1.4950674
12912.0,2024-25,23,1.9970292,2,1.6402818
12912.0,2024-25,24,2.1634016,1,1.5505513
12912.0,2024-25,25,2.117444,6,1.5094327
12912.0,2024-25,26,2.7859674,2,1.6691431
12912.0,2024-25,27,2.2935817,2,1.7884897
12912.0,2024-25,28,2.6246967,4,2.095511
12912.0,2024-25,29,2.2490387,1,2.0464005
12912.0,2024-25,30,2.3730524,2,2.1838558
12912.0,2024-25,31,3.318812,3,2.099078
12912.0,2024-25,32,2.998239,1,2.2356417
12912.0,2024-25,33,3.6944833,1,1.899172
12912.0,2024-25,34,2.4612672,2,1.1799376
12948.0,2024-25,7,1.6803848,5,1.6478729
12948.0,2024-25,8,2.9541566,1,2.3259149
12948.0,2024-25,9,2.148986,2,2.1153364
12948.0,2024-25,10,2.8387094,2,2.3903072
12948.0,2024-25,11,2.3581448,2,2.0728362
12948.0,2024-25,12,2.2208495,7,2.184083
12948.0,2024-25,13,3.1612525,2,1.9692242
12948.0,2024-25,14,3.6042807,2,2.1096394
12948.0,2024-25,15,2.6338658,2,2.5040178
12948.0,2024-25,16,3.419663,1,2.2552824
12948.0,2024-25,17,2.8698227,3,1.8142147
12948.0,2024-25,18,3.2249517,2,2.6502404
12948.0,2024-25,19,3.6578453,1,2.910204
12948.0,2024-25,20,0.5398661,0,2.059427
12948.0,2024-25,21,3.2890115,2,1.5366327
12948.0,2024-25,22,2.7751913,7,2.2887661
12948.0,2024-25,23,2.5369086,1,1.8756081
12948.0,2024-25,24,3.9461486,2,2.1818721
12948.0,2024-25,25,2.62883,2,1.8186346
12948.0,2024-25,26,2.969634,2,1.8227452
12948.0,2024-25,27,2.9093037,2,1.9405109
12948.0,2024-25,28,2.346473,2,2.4064434
12948.0,2024-25,29,3.5965078,1,2.3861697
12948.0,2024-25,30,2.810528,8,1.6343127
12948.0,2024-25,31,2.4075246,9,2.2101781
12948.0,2024-25,32,3.983375,1,2.3383036
12948.0,2024-25,33,2.4001203,2,1.8413774
12948.0,2024-25,34,3.2551606,2,2.3151946
12948.0,2024-25,35,3.242197,1,2.0592866
12948.0,2024-25,36,3.2994163,3,1.5341648
12948.0,2024-25,37,2.9149995,2,1.8412966
12948.0,2024-25,38,3.2925928,6,1.7119583
13019.0,2024-25,8,3.5727339,2,1.850299
13019.0,2024-25,9,2.414419,1,1.5875554
13019.0,2024-25,10,2.5925183,1,1.9169878
13019.0,2024-25,11,1.9940016,1,1.7866501
13019.0,2024-25,12,2.1022093,1,2.0419047
13019.0,2024-25,13,2.0245528,1,2.0628035
13019.0,2024-25,14,2.169113,2,2.650875
13019.0,2024-25,15,2.6463974,1,1.778701
13019.0,2024-25,16,2.2620637,4,1.486942
13019.0,2024-25,17,0.014543008,0,1.7970489
13019.0,2024-25,18,1.3263181,1,1.6268531
13019.0,2024-25,19,0.085540734,0,2.0412033
13019.0,2024-25,20,1.5330166,1,1.374467
13019.0,2024-25,21,1.783015,1,1.194958
13019.0,2024-25,22,1.9282571,2,1.2013512
13019.0,2024-25,23,0.011479769,0,1.4410025
13019.0,2024-25,24,2.467963,1,1.1335218
13019.0,2024-25,25,1.5775948,1,0.9199608
13019.0,2024-25,26,1.8073193,4,1.3706925
13019.0,2024-25,27,1.7763796,2,1.6996948
13019.0,2024-25,28,2.1886897,3,2.0162117
13019.0,2024-25,29,3.8519166,4,1.7733835
13019.0,2024-25,30,2.4879615,1,1.7653351
13019.0,2024-25,31,0.10881922,0,1.7572134
13019.0,2024-25,32,1.9035482,2,1.0239834
13019.0,2024-25,33,2.2603793,1,1.5835162
13019.0,2024-25,34,2.3842995,1,1.5203804
13019.0,2024-25,35,1.8806065,1,1.3611969
13019.0,2024-25,36,2.0276744,1,1.3864746
13019.0,2024-25,37,1.919104,2,1.3870536
13019.0,2024-25,38,2.1593816,1,1.8778031
13020.0,2024-25,8,1.775868,2,0.85110426
13020.0,2024-25,9,1.5292578,1,1.1874675
13020.0,2024-25,10,1.9120361,1,1.2266463
13020.0,2024-25,11,2.177443,1,1.1647474
13020.0,2024-25,12,1.6976824,2,1.1698474
13020.0,2024-25,13,0.07766389,0,1.271595
13020.0,2024-25,14,2.118505,14,0.9901099
13020.0,2024-25,15,2.592374,2,1.357047
13020.0,2024-25,16,2.9473395,2,1.950145
13020.0,2024-25,17,2.5681317,1,1.8673093
13020.0,2024-25,18,2.1429873,2,1.4804691
13020.0,2024-25,19,2.501216,1,1.598195
13020.0,2024-25,20,2.0446997,2,1.873763
13020.0,2024-25,21,2.7363374,2,1.7532989
13020.0,2024-25,22,2.801289,2,1.6202136
13020.0,2024-25,23,2.332166,9,1.5501783
13020.0,2024-25,24,2.6619165,2,1.6372572
13020.0,2024-25,25,2.4631164,1,2.1802256
13020.0,2024-25,26,3.0415804,2,1.8608259
13020.0,2024-25,27,2.7022414,2,1.7542657
13020.0,2024-25,28,3.0689058,2,1.6184899
13020.0,2024-25,29,3.2693725,1,1.7327985
13020.0,2024-25,30,2.7956018,1,1.6427583
13020.0,2024-25,31,2.7493505,2,1.5216295
13020.0,2024-25,32,2.4509778,5,1.8563064
13020.0,2024-25,33,2.8706954,2,2.1314356
13020.0,2024-25,34,2.7215657,2,2.1325743
13020.0,2024-25,35,4.343723,6,1.8981481
13020.0,2024-25,36,3.7564023,5,2.2478535
13020.0,2024-25,37,3.9119604,3,2.2458816
13021.0,2024-25,8,2.2815263,1,0.9149138
13021.0,2024-25,9,1.9138895,1,1.1239623
13021.0,2024-25,10,1.9472216,1,0.9477303
13021.0,2024-25,11,1.7115414,1,0.9484904
13021.0,2024-25,12,1.6265271,1,1.2989601
13021.0,2024-25,13,2.2248402,1,1.6111155
13021.0,2024-25,14,1.5501441,1,1.1551541
13021.0,2024-25,15,0.1307601,0,1.5213089
13021.0,2024-25,16,-0.006793632,0,0.65705156
13021.0,2024-25,17,0.014991087,0,0.28096196
13021.0,2024-25,18,1.3108516,1,0.18226478
13021.0,2024-25,19,1.3861068,3,0.8480277
13021.0,2024-25,20,-0.0203996,0,2.1573274
13021.0,2024-25,21,-0.02462704,0,1.4282222
13021.0,2024-25,22,2.3543944,1,1.0574943
13021.0,2024-25,23,1.3483067,0,0.9745579
13021.0,2024-25,24,0.018994005,0,1.2304157
13021.0,2024-25,25,0.06026432,0,1.0217441
13021.0,2024-25,26,0.18921539,0,0.72337705
13021.0,2024-25,27,0.028418401,0,0.46330196
13021.0,2024-25,28,0.035823196,0,0.39641494
13021.0,2024-25,29,0.0042331833,0,0.44131857
13021.0,2024-25,30,1.4135913,1,0.4202478
13021.0,2024-25,31,1.0876846,1,0.8201261
13021.0,2024-25,32,-0.031482924,0,1.1060929
13021.0,2024-25,33,1.3307954,1,0.87363166
13021.0,2024-25,34,1.2775004,1,0.98792887
13021.0,2024-25,35,1.2874951,1,1.1104536
13022.0,2024-25,8,2.2640436,1,1.3668655
13022.0,2024-25,9,1.7664506,1,1.3339983
13022.0,2024-25,10,2.177215,0,1.2825621
13022.0,2024-25,11,1.7281041,0,1.0634822
13022.0,2024-25,12,1.1283398,2,0.77456015
13022.0,2024-25,13,1.8978043,2,0.9440856
13022.0,2024-25,14,1.9701463,2,1.3413643
13022.0,2024-25,15,2.483169,2,1.4717847
13022.0,2024-25,16,2.1472485,1,1.4052244
13022.0,2024-25,17,1.6179888,3,1.1779383
13022.0,2024-25,18,2.0588288,3,1.4510909
13022.0,2024-25,19,1.9843053,2,1.5156786
13022.0,2024-25,20,2.3165128,0,1.5064838
13022.0,2024-25,21,1.8995332,2,1.1886874
13022.0,2024-25,22,2.1002316,1,1.4217137
13022.0,2024-25,23,2.0218909,2,1.5326153
13022.0,2024-25,24,2.0347152,3,1.7742075
13022.0,2024-25,25,2.2296042,2,1.6284332
13022.0,2024-25,26,2.2627347,3,1.6711463
13022.0,2024-25,27,2.1001546,2,1.9030415
13022.0,2024-25,28,2.0272913,2,1.8182231
13022.0,2024-25,29,2.1244001,2,1.5782124
13022.0,2024-25,30,2.3064265,2,1.5130152
13022.0,2024-25,31,2.6626084,1,1.6650847
13022.0,2024-25,32,2.235247,2,1.5752753
13022.0,2024-25,33,2.635307,2,1.7721683
13022.0,2024-25,34,2.4185832,3,1.5808891
13022.0,2024-25,35,2.0484512,2,1.5665612
13022.0,2024-25,36,2.4410114,2,1.5473151
13022.0,2024-25,37,2.081414,1,1.7669746
13022.0,2024-25,38,2.0038948,2,1.4968041
13026.0,2024-25,12,0.0007871923,0,0.5313363
13026.0,2024-25,13,0.0007871923,0,0.5924429
13026.0,2024-25,14,0.010636545,0,0.48769337
13026.0,2024-25,15,0.00921613,0,0.38066113
13026.0,2024-25,16,0.00921613,0,0.25492156
13026.0,2024-25,17,-0.006061219,0,0.35203844
13026.0,2024-25,18,-0.006061219,0,0.34852448
13026.0,2024-25,19,1.1485531,1,0.34549117
13026.0,2024-25,20,1.0491765,1,1.0166893
13026.0,2024-25,21,-0.009469418,0,1.4468364
13026.0,2024-25,22,1.4879366,1,1.0047704
13026.0,2024-25,23,-0.0015472556,0,1.0747797
13026.0,2024-25,24,1.2460369,1,0.6643999
13026.0,2024-25,25,1.3678958,1,0.8383932
13026.0,2024-25,26,0.027181419,0,0.9767084
13026.0,2024-25,27,0.027181419,0,0.7517698
13026.0,2024-25,28,-0.06030989,0,0.46705157
13026.0,2024-25,29,-0.09342756,0,0.14136794
13026.0,2024-25,30,1.1570907,1,0.34280634
13026.0,2024-25,31,1.872433,1,0.9446112
13026.0,2024-25,32,1.3020118,1,1.1306355
13026.0,2024-25,33,2.1327634,1,1.3532393
13026.0,2024-25,34,-0.01645244,0,1.1958007
13026.0,2024-25,35,0.0072552394,0,0.938428
13026.0,2024-25,36,0.008775477,0,0.70203316
13026.0,2024-25,37,1.9453273,1,0.5323016
13038.0,2024-25,16,1.8082377,1,1.3916866
13038.0,2024-25,17,1.224753,1,1.6615965
13038.0,2024-25,18,1.6379125,1,1.7167844
13038.0,2024-25,19,0.046939358,0,2.3221118
13038.0,2024-25,20,0.053832605,0,1.3883079
13038.0,2024-25,21,1.6172653,1,0.67730683
13038.0,2024-25,22,1.4918585,1,0.8321713
13038.0,2024-25,23,0.06586901,0,1.3331378
13038.0,2024-25,24,1.419807,1,1.1582651
13038.0,2024-25,25,1.7237644,1,1.1753696
13038.0,2024-25,26,1.6760659,1,1.0794933
13038.0,2024-25,27,0.046182424,0,1.1671247
13038.0,2024-25,28,1.8304993,1,0.927208
13038.0,2024-25,29,0.020123232,0,0.64913434
13038.0,2024-25,30,1.6480274,1,0.6344788
13038.0,2024-25,31,1.14449,1,0.6975812
13038.0,2024-25,32,1.1851722,1,1.1415789
13038.0,2024-25,32,1.1851722,1,1.161378
13038.0,2024-25,32,1.4264019,1,1.1415789
13038.0,2024-25,32,1.4264019,1,1.161378
13038.0,2024-25,33,1.5290475,1,1.3224343
13038.0,2024-25,33,1.5290475,1,1.0561084
13038.0,2024-25,33,1.5453366,1,1.3224343
13038.0,2024-25,33,1.5453366,1,1.0561084
13038.0,2024-25,34,0.099801525,0,1.467014
13038.0,2024-25,35,0.137652,0,0.83790725
13038.0,2024-25,36,2.738003,1,0.74379706
13038.0,2024-25,37,1.792189,4,0.8876598
13038.0,2024-25,38,1.5738491,1,1.1891509
13092.0,2024-25,9,2.0445712,1,1.6396536
13092.0,2024-25,10,2.0335505,0,1.696047
13092.0,2024-25,11,1.8254261,0,1.0359728
13092.0,2024-25,12,1.5227308,0,0.7314739
13092.0,2024-25,13,1.2294261,1,0.7009765
13092.0,2024-25,14,1.62709,0,0.7854353
13092.0,2024-25,15,1.9374787,0,0.7287682
13092.0,2024-25,16,1.6575841,0,0.580941
13092.0,2024-25,17,1.1961392,1,0.45505792
13092.0,2024-25,18,1.1863781,0,0.6421881
13092.0,2024-25,19,1.103189,1,0.5357451
13092.0,2024-25,20,1.3694133,1,0.88914585
13092.0,2024-25,21,1.3697463,0,1.1551359
13092.0,2024-25,22,1.4936392,0,1.170035
13092.0,2024-25,23,1.1694009,0,0.84446377
13092.0,2024-25,24,1.1825856,0,0.6867697
13092.0,2024-25,25,0.81682664,0,0.52859443
13092.0,2024-25,26,0.91623384,0,0.36605597
13092.0,2024-25,27,0.85064405,0,0.4234327
13092.0,2024-25,28,1.1404624,0,0.35369796
13092.0,2024-25,29,1.3446933,0,0.28216577
13092.0,2024-25,30,0.5082804,0,0.17638376
13092.0,2024-25,31,1.2473881,0,0.20516533
13092.0,2024-25,32,0.5629473,0,0.19017711
13092.0,2024-25,33,0.40270668,0,0.20505595
13092.0,2024-25,34,1.3936515,1,0.23962428
13092.0,2024-25,35,0.7815418,0,0.5249329
13092.0,2024-25,36,1.0620344,0,0.7137593
13092.0,2024-25,37,0.9249564,0,0.640252
13092.0,2024-25,38,0.9699742,0,0.60233897
13206.0,2024-25,8,0.42488986,0,0.30727887
13206.0,2024-25,9,1.1689487,0,0.34230664
13206.0,2024-25,10,0.40256464,0,0.19305
13206.0,2024-25,11,0.5229401,8,0.22604531
13206.0,2024-25,12,1.1444237,1,1.3937103
13206.0,2024-25,13,2.984428,1,1.8238488
13206.0,2024-25,14,2.6362479,0,1.7384619
13206.0,2024-25,15,2.2527366,1,2.2446015
13206.0,2024-25,16,3.1660202,0,2.0115008
13206.0,2024-25,17,2.6017106,0,1.0292243
13206.0,2024-25,18,2.3512442,3,0.6424003
13206.0,2024-25,19,2.1712053,1,1.3108826
13206.0,2024-25,20,1.9297888,1,2.3030376
13206.0,2024-25,21,2.8058562,6,1.4353302
13206.0,2024-25,22,2.6370316,0,1.911991
13206.0,2024-25,23,2.4108157,1,1.7984658
13206.0,2024-25,24,1.790543,1,1.3065209
13206.0,2024-25,25,2.5051157,1,2.2641754
13206.0,2024-25,26,2.533275,0,1.5059918
13206.0,2024-25,27,1.9928685,0,1.1858281
13206.0,2024-25,28,1.2780395,0,0.71128803
13206.0,2024-25,29,1.3089243,0,0.92414314
13206.0,2024-25,30,1.6545242,1,1.1599349
13206.0,2024-25,31,1.0912348,2,1.0413824
13206.0,2024-25,32,1.7297257,5,2.140953
13206.0,2024-25,33,1.6278192,2,1.6254128
13206.0,2024-25,34,2.3535016,2,2.0028236
13206.0,2024-25,35,2.8218415,2,1.9810402
13206.0,2024-25,36,2.3310215,1,2.0237272
13206.0,2024-25,37,2.770337,4,2.0511487
13206.0,2024-25,38,3.7789161,6,2.2370517
13242.0,2024-25,24,0.0007871923,0,0.649958
13242.0,2024-25,25,0.0007871923,0,0.72560227
13242.0,2024-25,26,0.0052415063,0,0.63131905
13242.0,2024-25,27,0.00921613,0,0.40987727
13242.0,2024-25,28,-0.006061219,0,0.3521855
13242.0,2024-25,29,-0.006061219,0,0.34931642
13242.0,2024-25,30,-0.006061219,0,0.3461564
13242.0,2024-25,31,0.6920218,1,0.34328675
13242.0,2024-25,32,0.026057264,0,0.6285444
13242.0,2024-25,33,0.026057264,0,0.5508308
13242.0,2024-25,34,0.026057264,0,0.46536592
13242.0,2024-25,35,0.013541267,0,0.37973675
13242.0,2024-25,36,0.013541267,0,0.2770769
13242.0,2024-25,37,-0.006061219,0,0.34406456
13242.0,2024-25,38,1.247188,1,0.34406456
13364.0,2024-25,27,2.0767944,2,1.3287368
13364.0,2024-25,28,3.764465,1,1.3456401
13364.0,2024-25,29,2.5282018,2,1.2354988
13364.0,2024-25,30,2.6214037,2,1.5510198
13364.0,2024-25,31,1.9073813,2,1.3845655
13364.0,2024-25,32,2.6558857,1,1.6126736
13364.0,2024-25,33,1.9166589,1,1.1845458
13364.0,2024-25,34,1.7977265,1,1.0730591
13364.0,2024-25,35,1.8037901,1,1.2860729
13364.0,2024-25,36,1.7114799,1,0.894835
13364.0,2024-25,37,1.4613642,1,1.2980031
13364.0,2024-25,38,1.8056637,11,1.7571164
13387.0,2024-25,28,1.7121187,1,0.9213512
13387.0,2024-25,29,0.019641986,0,1.17645
13387.0,2024-25,30,0.016894186,0,1.4845203
13387.0,2024-25,31,-0.0028502974,0,1.114876
13387.0,2024-25,32,0.9017838,1,0.83246255
13387.0,2024-25,33,1.3886756,1,0.9534354
13387.0,2024-25,34,-0.0013782766,0,1.3090644
13387.0,2024-25,35,-0.0013782766,0,0.8891882
13387.0,2024-25,36,1.3752278,1,0.5755517
13387.0,2024-25,37,1.4299096,9,0.5604228
13387.0,2024-25,38,1.939867,1,1.3820077
13579.0,2024-25,36,1.28397,1,1.0138482
13579.0,2024-25,37,1.854129,1,1.2786497
13579.0,2024-25,38,1.8051766,1,1.2216623
13585.0,2024-25,37,1.4385188,1,0.5130219
13585.0,2024-25,38,1.0491011,1,0.75891775
