{
  "position": "FWD",
  "weight_xgb": 0.7547608613967896,
  "weight_lstm": 0.25131845474243164,
  "intercept": 0.16857481002807617,
  "alpha": 10.0,
  "model_type": "ridge",
  "mae": 1.8622750043869019,
  "rmse": 2.8301387804059046,
  "dominant_model": "xgb",
  "trust_ratio": 3.0032050609588623
}