{
  "position": "MID",
  "weight_xgb": 0.846125602722168,
  "weight_lstm": 0.1967698484659195,
  "intercept": 0.03364133834838867,
  "alpha": 10.0,
  "model_type": "ridge",
  "mae": 1.3948019742965698,
  "rmse": 2.3727481606938245,
  "dominant_model": "xgb",
  "trust_ratio": 4.300077438354492
}