epoch,train_loss,val_mae,val_rmse
1,9.397025788756805,1.797620177268982,2.686993218479039
2,7.838922983185259,1.8354295492172241,2.671941655983936
3,7.757946020573455,1.6426583528518677,2.6803922477174
4,7.744612182673961,1.7538470029830933,2.6713069735829755
5,7.674299586102896,1.7857880592346191,2.6796133848567534
6,7.629383341603653,1.7809009552001953,2.6759546376875347
7,7.601621184922403,1.8401968479156494,2.6928429831233367
8,7.583329646800704,1.8104369640350342,2.6850335979668287
9,7.5588667493896295,1.8906751871109009,2.7146745148747033
